model_vlm,model_lm,vlm_sim_avg_diff,lm_sim_avg_diff,t,p
allenai/Molmo-7B-D-0924,Qwen/Qwen2-7B,0.056016969469003045,0.056016969469003045,nan,nan
meta-llama/Llama-3.2-11B-Vision,meta-llama/Llama-3.1-8B,0.04082836374721449,0.04069483023161318,1.3369955514416512,0.18232901240652813
llava-hf/llava-1.5-7b-hf,lmsys/vicuna-7b-v1.5,0.02718040086841464,0.027033096194023477,1.090148503360619,0.2766020366797702
llava-hf/llava-onevision-qwen2-7b-ov-hf,Qwen/Qwen2-7B-Instruct,0.056197540799431685,0.0558606962318215,0.8206449326454948,0.412559330806043
llava-hf/llava-v1.6-mistral-7b-hf,mistralai/Mistral-7B-Instruct-v0.2,0.03573315739302653,0.03551105325860208,1.187514773730794,0.23604932535928713
meta-llama/Llama-3.2-11B-Vision-Instruct,meta-llama/Llama-3.1-8B-Instruct,0.04082836374721449,0.040828714190654966,-0.09503764696430432,0.9243541372076292
Qwen/Qwen2.5-VL-7B-Instruct,Qwen/Qwen2.5-7B-Instruct,0.029953156260476597,0.04323196330443497,-7.513680476840701,8.10409222905636e-13
