parent,child,premise,conclusion,label
drink,parfait,drinks are daxable,parfaits are daxable,no
school supply,llama,school supplies are daxable,llamas are daxable,no
dessert,berry,desserts are daxable,berries are daxable,no
office supply,rubber band,office supplies are daxable,rubber bands are daxable,yes
accessory,tapestry,accessories are daxable,tapestries are daxable,no
auto part,watermelon,auto parts are daxable,watermelons are daxable,no
container,ferry,containers are daxable,ferries are daxable,no
weapon,whip,weapons are daxable,whips are daxable,yes
water vehicle,camper,water vehicles are daxable,campers are daxable,no
animal,dolphin,animals are daxable,dolphins are daxable,yes
footwear,plaster cast,footwear is daxable,plaster casts are daxable,no
mammal,polar bear,mammals are daxable,polar bears are daxable,yes
animal,toilet paper,animals are daxable,toilet paper is daxable,no
food,mousse,food is daxable,mousse is daxable,yes
insect,snake,insects are daxable,snakes are daxable,no
home decor,mirror,home decor is daxable,mirrors are daxable,yes
food,brownie,food is daxable,brownies are daxable,yes
tool,gravy,tools are daxable,gravy is daxable,no
sea animal,stingray,sea animals are daxable,stingrays are daxable,yes
food,cockroach,food is daxable,cockroaches are daxable,no
plant,flower,plants are daxable,flowers are daxable,yes
food,burrito,food is daxable,burritos are daxable,yes
food,coffee bean,food is daxable,coffee beans are daxable,yes
container,bookshelf,containers are daxable,bookshelves are daxable,no
electronic device,jackhammer,electronic devices are daxable,jackhammers are daxable,yes
tool,rolling pin,tools are daxable,rolling pins are daxable,yes
toy,kite,toys are daxable,kites are daxable,yes
vehicle,bus,vehicles are daxable,buses are daxable,yes
plant,celery,plants are daxable,celeries are daxable,no
electronic device,valve,electronic devices are daxable,valves are daxable,no
accessory,glove,accessories are daxable,gloves are daxable,yes
food,hopscotch,food is daxable,hopscotches are daxable,no
sea animal,fish,sea animals are daxable,fish are daxable,yes
garden tool,lawnmower,garden tools are daxable,lawnmowers are daxable,yes
mammal,toucan,mammals are daxable,toucans are daxable,no
office supply,nail file,office supplies are daxable,nail files are daxable,no
clothing,hat,clothing is daxable,hats are daxable,yes
vehicle,sunroof,vehicles are daxable,sunroofs are daxable,no
jewelry,cornbread,jewelry is daxable,cornbread is daxable,no
plant,okra,plants are daxable,okra is daxable,no
vehicle,skateboard,vehicles are daxable,skateboards are daxable,yes
clothing,raisin,clothing is daxable,raisins are daxable,no
food,honeypot,food is daxable,honeypots are daxable,no
toy,balloon,toys are daxable,balloons are daxable,yes
vehicle,gondola,vehicles are daxable,gondolas are daxable,yes
tool,tank,tools are daxable,tanks are daxable,yes
breakfast,safety pin,breakfasts are daxable,safety pins are daxable,no
vehicle,van,vehicles are daxable,vans are daxable,yes
clothing,sweater,clothing is daxable,sweaters are daxable,yes
tool,elephant,tools are daxable,elephants are daxable,no
mammal,pug,mammals are daxable,pugs are daxable,yes
clothing,bag,clothing is daxable,bags are daxable,no
animal,maggot,animals are daxable,maggots are daxable,yes
weapon,star fruit,weapons are daxable,star fruits are daxable,no
dessert,fruitcake,desserts are daxable,fruitcakes are daxable,yes
game,yo-yo,games are daxable,yo-yos are daxable,yes
animal,polar bear,animals are daxable,polar bears are daxable,yes
fruit,fountain pen,fruits are daxable,fountain pens are daxable,no
container,taxi,containers are daxable,taxis are daxable,no
clothing,artichoke,clothing is daxable,artichokes are daxable,no
tool,peg,tools are daxable,pegs are daxable,yes
food,tie,food is daxable,ties are daxable,no
seafood,seaweed,seafood is daxable,seaweeds are daxable,yes
container,teapot,containers are daxable,teapots are daxable,yes
food,wedding cake,food is daxable,wedding cakes are daxable,yes
food,burner,food is daxable,burners are daxable,no
container,train,containers are daxable,trains are daxable,no
food,bread,food is daxable,bread is daxable,yes
mammal,pheasant,mammals are daxable,pheasants are daxable,no
food,punch,food is daxable,fruit punches are daxable,no
food,breadstick,food is daxable,breadsticks are daxable,yes
tool,life jacket,tools are daxable,life jackets are daxable,no
food,dumpling,food is daxable,dumplings are daxable,yes
footwear,jeans,footwear is daxable,jeans are daxable,no
home decor,coat rack,home decor is daxable,coat racks are daxable,no
animal,apple tree,animals are daxable,apple trees are daxable,no
container,police car,containers are daxable,police cars are daxable,no
home decor,slug,home decor is daxable,slugs are daxable,no
electronic device,videogame,electronic devices are daxable,videogames are daxable,no
mammal,wasp,mammals are daxable,wasps are daxable,no
seafood,iron,seafood is daxable,irons are daxable,no
home decor,dresser,home decor is daxable,dressers are daxable,no
animal,cougar,animals are daxable,cougars are daxable,yes
food,velcro,food is daxable,velcros are daxable,no
jewelry,corsage,jewelry is daxable,corsages are daxable,no
outerwear,cake mix,outerwear is daxable,cake mixes are daxable,no
mammal,boar,mammals are daxable,boars are daxable,yes
vehicle,school bus,vehicles are daxable,school buses are daxable,yes
medical equipment,plaster cast,medical equipment is daxable,plaster casts are daxable,yes
musical instrument,recorder,musical instruments are daxable,recorders are daxable,yes
clothing,blazer,clothing is daxable,blazers are daxable,yes
toy,highlighter,toys are daxable,highlighters are daxable,no
food,bottle,food is daxable,bottles are daxable,no
weapon,parfait,weapons are daxable,parfaits are daxable,no
condiment,latte,condiments are daxable,lattes are daxable,no
livestock,rat,livestocks are daxable,rats are daxable,no
home decor,cornucopia,home decor is daxable,cornucopias are daxable,yes
food,grapevine,food is daxable,grapevines are daxable,no
container,footbath,containers are daxable,footbaths are daxable,yes
tool,bell,tools are daxable,bells are daxable,no
fastener,lock,fasteners are daxable,locks are daxable,yes
vehicle,peanut,vehicles are daxable,peanuts are daxable,no
animal,iguana,animals are daxable,iguanas are daxable,yes
vegetable,guacamole,vegetables are daxable,guacamole is daxable,no
animal,makeup,animals are daxable,makeup is daxable,no
food,sunflower,food is daxable,sunflowers are daxable,no
fruit,grapefruit,fruits are daxable,grapefruits are daxable,yes
condiment,jam,condiments are daxable,jams are daxable,yes
garden tool,axe,garden tools are daxable,axes are daxable,yes
container,hot-water bottle,containers are daxable,hot-water bottles are daxable,yes
animal,rooster,animals are daxable,roosters are daxable,yes
auto part,license plate,auto parts are daxable,license plates are daxable,yes
insect,praying mantis,insects are daxable,praying mantises are daxable,yes
breakfast,roll,breakfasts are daxable,rolls are daxable,yes
electronic device,steering wheel,electronic devices are daxable,steering wheels are daxable,no
school supply,file,school supplies are daxable,files are daxable,no
container,dough,containers are daxable,dough is daxable,no
dessert,creme brulee,desserts are daxable,creme brulee is daxable,yes
tool,penlight,tools are daxable,penlights are daxable,yes
food,urn,food is daxable,urns are daxable,no
tool,alligator,tools are daxable,alligators are daxable,no
breakfast,omelet,breakfasts are daxable,omelets are daxable,yes
furniture,aardvark,furniture is daxable,aardvarks are daxable,no
fruit,apple,fruits are daxable,apples are daxable,yes
livestock,rooster,livestocks are daxable,roosters are daxable,yes
food,rack,food is daxable,racks are daxable,no
accessory,hedgehog,accessories are daxable,hedgehogs are daxable,no
food,honey,food is daxable,honey is daxable,yes
food,wine,food is daxable,wines are daxable,no
animal,rose,animals are daxable,roses are daxable,no
animal,dragonfly,animals are daxable,dragonflies are daxable,yes
animal,possum,animals are daxable,possums are daxable,yes
clothing,peanut,clothing is daxable,peanuts are daxable,no
animal,puffin,animals are daxable,puffins are daxable,yes
container,octopus,containers are daxable,an octopus is daxable,no
outerwear,raincoat,outerwear is daxable,raincoats are daxable,yes
garden tool,screwdriver,garden tools are daxable,screwdrivers are daxable,no
insect,snail,insects are daxable,snails are daxable,no
container,car door,containers are daxable,car doors are daxable,no
food,coral,food is daxable,corals are daxable,no
home decor,kitten,home decor is daxable,kittens are daxable,no
tool,chicken,tools are daxable,a chicken is daxable,no
clothing,jeans,clothing is daxable,jeans are daxable,yes
clothing,purse,clothing is daxable,purses are daxable,no
electronic device,metal detector,electronic devices are daxable,metal detectors are daxable,yes
food,sandwich,food is daxable,sandwiches are daxable,yes
condiment,cream cheese,condiments are daxable,cream cheese is daxable,yes
mammal,anteater,mammals are daxable,anteaters are daxable,yes
container,snowplow,containers are daxable,snowplows are daxable,no
fruit,cherry,fruits are daxable,cherries are daxable,yes
outerwear,cape,outerwear is daxable,capes are daxable,yes
candy,gumdrop,candy is daxable,gumdrops are daxable,yes
furniture,papaya,furniture is daxable,papayas are daxable,no
electronic device,water filter,electronic devices are daxable,water filters are daxable,no
tool,grater,tools are daxable,graters are daxable,yes
breakfast,staple,breakfasts are daxable,staples are daxable,no
toy,marble,toys are daxable,marbles are daxable,yes
tool,orange,tools are daxable,oranges are daxable,no
weapon,chihuahua,weapons are daxable,chihuahuas are daxable,no
plant,palm tree,plants are daxable,palm trees are daxable,yes
plant,arugula,plants are daxable,arugula is daxable,yes
accessory,belt,accessories are daxable,belts are daxable,yes
toy,parsley,toys are daxable,parsley is daxable,no
food,pasta,food is daxable,pasta is daxable,yes
food,lamb chop,food is daxable,lamb chops are daxable,yes
school supply,paperclip,school supplies are daxable,paperclips are daxable,yes
mammal,otter,mammals are daxable,otters are daxable,yes
sea animal,tape recorder,sea animals are daxable,tape recorders are daxable,no
container,mustard,containers are daxable,mustard is daxable,no
accessory,pantsuit,accessories are daxable,pantsuits are daxable,no
vegetable,firetruck,vegetables are daxable,firetrucks are daxable,no
sea animal,manatee,sea animals are daxable,manatees are daxable,yes
fruit,jalapeno,fruits are daxable,jalapenoes are daxable,no
bird,ostrich,birds are daxable,ostriches are daxable,yes
animal,hedge,animals are daxable,hedges are daxable,no
food,clover,food is daxable,clovers are daxable,no
fastener,button,fasteners are daxable,buttons are daxable,yes
candy,washing machine,candy is daxable,washing machines are daxable,no
food,scallion,food is daxable,scallions are daxable,yes
mammal,chick,mammals are daxable,chicks are daxable,no
medical equipment,cranberry,medical equipment is daxable,cranberries are daxable,no
dessert,face mask,desserts are daxable,face masks are daxable,no
container,ravioli,containers are daxable,ravioli is daxable,no
animal,bus,animals are daxable,buses are daxable,no
animal,unicycle,animals are daxable,unicycles are daxable,no
food,whisk,food is daxable,whisks are daxable,no
tool,razor blade,tools are daxable,razor blades are daxable,no
vegetable,fig,vegetables are daxable,figs are daxable,no
accessory,watch,accessories are daxable,watches are daxable,yes
electronic device,mouse,electronic devices are daxable,mice are daxable,yes
electronic device,dashboard,electronic devices are daxable,dashboards are daxable,no
food,lamp,food is daxable,lamps are daxable,no
food,pickle,food is daxable,pickles are daxable,yes
clothing,scarf,clothing is daxable,scarves are daxable,yes
food,shirt,food is daxable,shirts are daxable,no
bird,warthog,birds are daxable,warthogs are daxable,no
seafood,casserole,seafood is daxable,casseroles are daxable,no
women's clothing,cranberry,women's clothes are daxable,cranberries are daxable,no
fruit,squash,fruits are daxable,squash is daxable,no
fruit,bomb,fruits are daxable,bombs are daxable,no
vehicle,pepperoni,vehicles are daxable,pepperonis are daxable,no
mammal,praying mantis,mammals are daxable,praying mantises are daxable,no
dessert,camcorder,desserts are daxable,camcorders are daxable,no
fruit,defibrillator,fruits are daxable,defibrillators are daxable,no
auto part,camper,auto parts are daxable,campers are daxable,no
furniture,shelf,furniture is daxable,shelves are daxable,yes
water vehicle,submarine,water vehicles are daxable,submarines are daxable,yes
animal,yak,animals are daxable,yaks are daxable,yes
food,casserole,food is daxable,casseroles are daxable,yes
container,aircraft carrier,containers are daxable,aircraft carriers are daxable,no
clothing,popcorn,clothing is daxable,popcorn is daxable,no
food,raisin,food is daxable,raisins are daxable,yes
condiment,ravioli,condiments are daxable,ravioli is daxable,no
weapon,mallet,weapons are daxable,mallets are daxable,no
bird,duck,birds are daxable,ducks are daxable,yes
toy,noisemaker,toys are daxable,noisemakers are daxable,yes
tool,nail file,tools are daxable,nail files are daxable,yes
food,eel,food is daxable,eels are daxable,yes
clothing,tuxedo,clothing is daxable,tuxedoes are daxable,yes
animal,fishbowl,animals are daxable,fishbowls are daxable,no
home decor,roll,home decor is daxable,rolls are daxable,no
mammal,freezer,mammals are daxable,freezers are daxable,no
home decor,bonsai,home decor is daxable,bonsai are daxable,yes
container,coop,containers are daxable,coops are daxable,yes
clothing,sandal,clothing is daxable,sandals are daxable,yes
vehicle,kayak,vehicles are daxable,kayaks are daxable,yes
sea animal,catfish,sea animals are daxable,catfish are daxable,yes
livestock,alpaca,livestocks are daxable,alpacas are daxable,no
animal,gourd,animals are daxable,gourds are daxable,no
footwear,sandal,footwear is daxable,sandals are daxable,yes
fruit,berry,fruits are daxable,berries are daxable,yes
electronic device,oven,electronic devices are daxable,ovens are daxable,no
container,shortbread,containers are daxable,shortbread is daxable,no
kitchen tool,yak,kitchen tools are daxable,yaks are daxable,no
dessert,enchilada,desserts are daxable,enchiladas are daxable,no
accessory,eye patch,accessories are daxable,eye patches are daxable,yes
mammal,manatee,mammals are daxable,manatees are daxable,yes
school supply,paper,school supplies are daxable,paper is daxable,yes
kitchen tool,tongs,kitchen tools are daxable,tongs are daxable,yes
food,mold,food is daxable,molds are daxable,no
candy,licorice,candy is daxable,licorice is daxable,yes
animal,starfish,animals are daxable,starfish are daxable,yes
mammal,parrot,mammals are daxable,parrots are daxable,no
electronic device,scallion,electronic devices are daxable,scallions are daxable,no
animal,doghouse,animals are daxable,doghouses are daxable,no
dessert,banana split,desserts are daxable,banana splits are daxable,yes
food,pie,food is daxable,pies are daxable,yes
weapon,brass knuckles,weapons are daxable,brass knuckles are daxable,yes
container,bucket,containers are daxable,buckets are daxable,yes
tool,cheesecake,tools are daxable,cheesecake is daxable,no
accessory,lanyard,accessories are daxable,lanyards are daxable,yes
food,spam,food is daxable,spam is daxable,yes
vegetable,patty,vegetables are daxable,patties are daxable,no
toy,teddy bear,toys are daxable,teddy bears are daxable,yes
container,swimming pool,containers are daxable,swimming pools are daxable,yes
animal,crutch,animals are daxable,crutches are daxable,no
food,hash,food is daxable,hash browns are daxable,yes
mammal,sloth,mammals are daxable,sloths are daxable,yes
condiment,ladder,condiments are daxable,ladders are daxable,no
game,album,games are daxable,albums are daxable,no
musical instrument,tuba,musical instruments are daxable,tubas are daxable,yes
musical instrument,violin,musical instruments are daxable,violins are daxable,yes
animal,kiwi,animals are daxable,kiwis are daxable,no
women's clothing,veil,women's clothes are daxable,veils are daxable,yes
tool,can opener,tools are daxable,can openers are daxable,yes
food,strainer,food is daxable,strainers are daxable,no
mammal,badger,mammals are daxable,badgers are daxable,yes
furniture,blackberry,furniture is daxable,blackberries are daxable,no
electronic device,gourd,electronic devices are daxable,gourds are daxable,no
clothing,french fries,clothing is daxable,french fries are daxable,no
auto part,windshield wiper,auto parts are daxable,windshield wipers are daxable,yes
toiletry,curling iron,toiletries are daxable,curling irons are daxable,yes
electronic device,toaster oven,electronic devices are daxable,toaster ovens are daxable,yes
tool,dumpster,tools are daxable,dumpsters are daxable,no
breakfast,gyro,breakfasts are daxable,gyros are daxable,no
food,eggbeater,food is daxable,eggbeaters are daxable,no
food,curry,food is daxable,curry is daxable,yes
toy,skateboard,toys are daxable,skateboards are daxable,yes
toiletry,plunger,toiletries are daxable,plungers are daxable,no
clothing,garlic,clothing is daxable,a garlic is daxable,no
home decor,weather vane,home decor is daxable,weather vanes are daxable,yes
headwear,bandana,headwear is daxable,bandanas are daxable,yes
container,catfish,containers are daxable,catfish are daxable,no
accessory,tie,accessories are daxable,ties are daxable,yes
vegetable,jalapeno,vegetables are daxable,jalapenoes are daxable,yes
sea animal,eel,sea animals are daxable,eels are daxable,yes
weapon,dagger,weapons are daxable,daggers are daxable,yes
animal,tuba,animals are daxable,tubas are daxable,no
container,basil,containers are daxable,basil is daxable,no
food,hairpin,food is daxable,hairpins are daxable,no
kitchen equipment,refrigerator,kitchen equipment is daxable,refrigerators are daxable,yes
animal,leech,animals are daxable,leeches are daxable,yes
food,cantaloupe,food is daxable,cantaloupes are daxable,yes
dessert,taffy,desserts are daxable,taffy is daxable,no
outerwear,apron,outerwear is daxable,aprons are daxable,yes
container,pretzel,containers are daxable,pretzels are daxable,no
animal,gopher,animals are daxable,gophers are daxable,yes
vehicle,airbag,vehicles are daxable,airbags are daxable,no
headwear,pizza,headwear is daxable,pizzas are daxable,no
water vehicle,yacht,water vehicles are daxable,yachts are daxable,yes
insect,mosquito,insects are daxable,mosquitoes are daxable,yes
toiletry,deodorant,toiletries are daxable,deodorants are daxable,yes
women's clothing,headscarf,women's clothes are daxable,headscarves are daxable,yes
fruit,watermelon,fruits are daxable,watermelons are daxable,yes
vehicle,bow,vehicles are daxable,a bow is daxable,no
musical instrument,gavel,musical instruments are daxable,gavels are daxable,no
clothing,bassinet,clothing is daxable,bassinets are daxable,no
food,barrette,food is daxable,barrettes are daxable,no
mammal,light switch,mammals are daxable,light switches are daxable,no
container,toolbox,containers are daxable,toolboxes are daxable,yes
animal,stove,animals are daxable,stoves are daxable,no
weapon,sword,weapons are daxable,swords are daxable,yes
mammal,mouse,mammals are daxable,mice are daxable,yes
toy,hula hoop,toys are daxable,hula hoops are daxable,yes
seafood,swordfish,seafood is daxable,swordfish are daxable,yes
condiment,copier,condiments are daxable,copiers are daxable,no
footwear,rollerskate,footwear is daxable,rollerskates are daxable,yes
food,rope,food is daxable,ropes are daxable,no
weapon,knife,weapons are daxable,knives are daxable,yes
animal,bolt,animals are daxable,bolts are daxable,no
food,cornbread,food is daxable,cornbread is daxable,yes
food,coconut,food is daxable,coconuts are daxable,yes
food,microwave,food is daxable,microwaves are daxable,no
tool,sweeper,tools are daxable,sweepers are daxable,yes
mammal,beaver,mammals are daxable,beavers are daxable,yes
plant,cactus,plants are daxable,a cactus is daxable,yes
kitchen tool,fork,kitchen tools are daxable,forks are daxable,no
accessory,veil,accessories are daxable,veils are daxable,no
musical instrument,kazoo,musical instruments are daxable,kazoos are daxable,yes
condiment,marmalade,condiments are daxable,marmalade is daxable,yes
candy,marshmallow,candy is daxable,marshmallows are daxable,yes
auto part,pedal,auto parts are daxable,pedals are daxable,yes
vegetable,sweet potato,vegetables are daxable,sweet potatoes are daxable,yes
animal,ivy,animals are daxable,ivy is daxable,no
food,goldfish,food is daxable,goldfish are daxable,no
accessory,headscarf,accessories are daxable,headscarves are daxable,no
food,pepper,food is daxable,peppers are daxable,yes
kitchen equipment,donkey,kitchen equipment is daxable,donkeys are daxable,no
animal,chihuahua,animals are daxable,chihuahuas are daxable,yes
food,coaster,food is daxable,coasters are daxable,no
accessory,tuxedo,accessories are daxable,tuxedoes are daxable,no
home decor,loveseat,home decor is daxable,loveseats are daxable,no
drink,water bottle,drinks are daxable,water bottles are daxable,no
accessory,insole,accessories are daxable,insoles are daxable,yes
food,quesadilla,food is daxable,quesadillas are daxable,yes
food,popsicle,food is daxable,popsicles are daxable,yes
protective clothing,undershirt,protective clothing is daxable,undershirts are daxable,no
water vehicle,calzone,water vehicles are daxable,calzones are daxable,no
weapon,wire cutters,weapons are daxable,wire cutters are daxable,no
animal,lawnmower,animals are daxable,lawnmowers are daxable,no
food,maple syrup,food is daxable,maple syrup is daxable,yes
bird,seagull,birds are daxable,seagulls are daxable,yes
electronic device,whale,electronic devices are daxable,whales are daxable,no
home decor,figurine,home decor is daxable,figurines are daxable,yes
tool,charger,tools are daxable,chargers are daxable,yes
food,sauerkraut,food is daxable,sauerkraut is daxable,yes
medical equipment,brace,medical equipment is daxable,braces are daxable,yes
animal,bamboo,animals are daxable,bamboos are daxable,no
plant,grapevine,plants are daxable,grapevines are daxable,yes
mammal,cockatoo,mammals are daxable,cockatoos are daxable,no
fruit,avocado,fruits are daxable,avocados are daxable,yes
auto part,handbrake,auto parts are daxable,handbrakes are daxable,yes
water vehicle,hovercraft,water vehicles are daxable,hovercrafts are daxable,yes
home decor,skunk,home decor is daxable,skunks are daxable,no
vegetable,kale,vegetables are daxable,kale is daxable,yes
musical instrument,squirrel,musical instruments are daxable,squirrels are daxable,no
headwear,star fruit,headwear is daxable,star fruits are daxable,no
food,tuba,food is daxable,tubas are daxable,no
office supply,letter opener,office supplies are daxable,letter openers are daxable,no
home decor,globe,home decor is daxable,globes are daxable,yes
clothing,cherry,clothing is daxable,cherries are daxable,no
livestock,yak,livestocks are daxable,yaks are daxable,no
animal,pinecone,animals are daxable,pinecones are daxable,no
weapon,chickpea,weapons are daxable,chickpeas are daxable,no
medical equipment,hedgehog,medical equipment is daxable,hedgehogs are daxable,no
seafood,air pump,seafood is daxable,air pumps are daxable,no
clothing,suspenders,clothing is daxable,suspenders are daxable,yes
container,wine cooler,containers are daxable,wine coolers are daxable,yes
animal,marijuana,animals are daxable,marijuana is daxable,no
furniture,crate,furniture is daxable,crates are daxable,no
candy,peppermint,candy is daxable,peppermints are daxable,yes
food,cream cheese,food is daxable,cream cheese is daxable,yes
seafood,jellyfish,seafood is daxable,jellyfish are daxable,yes
tool,spatula,tools are daxable,spatulas are daxable,yes
jewelry,locket,jewelry is daxable,lockets are daxable,yes
food,garlic,food is daxable,a garlic is daxable,yes
auto part,potpie,auto parts are daxable,potpies are daxable,no
weapon,cheesecake,weapons are daxable,cheesecake is daxable,no
food,soup,food is daxable,soups are daxable,yes
drink,eggnog,drinks are daxable,eggnog is daxable,yes
food,slot machine,food is daxable,slot machines are daxable,no
jewelry,necklace,jewelry is daxable,necklaces are daxable,yes
food,tweezers,food is daxable,tweezers are daxable,no
food,first-aid kit,food is daxable,first-aid kits are daxable,no
food,pillbox,food is daxable,pillboxes are daxable,no
fastener,pin,fasteners are daxable,pins are daxable,yes
dessert,scissors,desserts are daxable,scissors are daxable,no
container,test tube,containers are daxable,test tubes are daxable,yes
accessory,vest,accessories are daxable,vests are daxable,no
animal,ostrich,animals are daxable,ostriches are daxable,yes
animal,jellyfish,animals are daxable,jellyfish are daxable,yes
electronic device,computer,electronic devices are daxable,computers are daxable,yes
clothing,beanie,clothing is daxable,beanies are daxable,yes
food,juicer,food is daxable,juicers are daxable,no
container,beaker,containers are daxable,beakers are daxable,yes
tool,burrito,tools are daxable,burritos are daxable,no
weapon,dynamite,weapons are daxable,dynamites are daxable,yes
container,measuring cup,containers are daxable,measuring cups are daxable,yes
food,leek,food is daxable,leeks are daxable,yes
animal,otter,animals are daxable,otters are daxable,yes
animal,envelope,animals are daxable,envelopes are daxable,no
furniture,recliner,furniture is daxable,recliners are daxable,yes
mammal,ostrich,mammals are daxable,ostriches are daxable,no
plant,bonsai,plants are daxable,bonsai are daxable,yes
vehicle,trolley,vehicles are daxable,trolleys are daxable,yes
animal,computer screen,animals are daxable,computer screens are daxable,no
container,oyster,containers are daxable,oysters are daxable,no
medical equipment,swab,medical equipment is daxable,swabs are daxable,yes
electronic device,screen,electronic devices are daxable,screens are daxable,yes
tool,keg,tools are daxable,kegs are daxable,no
mammal,cheetah,mammals are daxable,cheetahs are daxable,yes
container,roof rack,containers are daxable,roof racks are daxable,no
food,omelet,food is daxable,omelets are daxable,yes
mammal,cow,mammals are daxable,cows are daxable,yes
clothing,rollerblade,clothing is daxable,rollerblades are daxable,no
clothing,blouse,clothing is daxable,blouses are daxable,yes
home decor,harp,home decor is daxable,harps are daxable,no
food,flower,food is daxable,flowers are daxable,no
plant,asparagus,plants are daxable,asparagus is daxable,yes
condiment,pesto,condiments are daxable,pesto is daxable,yes
animal,glasses,animals are daxable,glasses are daxable,no
toiletry,perfume,toiletries are daxable,perfumes are daxable,yes
water vehicle,peanut butter,water vehicles are daxable,peanut butter is daxable,no
toy,ball,toys are daxable,balls are daxable,yes
vehicle,flan,vehicles are daxable,a flan is daxable,no
tool,mop,tools are daxable,mops are daxable,yes
clothing,polo shirt,clothing is daxable,polo shirts are daxable,yes
animal,peach,animals are daxable,peaches are daxable,no
bird,chicken,birds are daxable,a chicken is daxable,yes
animal,poinsettia,animals are daxable,poinsettias are daxable,no
breakfast,stuffing,breakfasts are daxable,stuffing is daxable,no
clothing,duffel bag,clothing is daxable,duffel bags are daxable,no
breakfast,ham,breakfasts are daxable,hams are daxable,yes
food,meatloaf,food is daxable,a meatloaf is daxable,yes
animal,lizard,animals are daxable,lizards are daxable,yes
dessert,mousse,desserts are daxable,mousse is daxable,yes
clothing,diaper,clothing is daxable,diapers are daxable,yes
food,pocketknife,food is daxable,pocketknives are daxable,no
container,panther,containers are daxable,panthers are daxable,no
fastener,gasket,fasteners are daxable,gaskets are daxable,yes
breakfast,cream cheese,breakfasts are daxable,cream cheese is daxable,yes
clothing,chaps,clothing is daxable,chapsticks are daxable,yes
electronic device,spinach,electronic devices are daxable,spinach is daxable,no
food,radio,food is daxable,radios are daxable,no
home decor,wallpaper,home decor is daxable,wallpapers are daxable,yes
home decor,throne,home decor is daxable,thrones are daxable,no
food,sling,food is daxable,slings are daxable,no
weapon,shortbread,weapons are daxable,shortbread is daxable,no
footwear,nacho,footwear is daxable,nachos are daxable,no
garden tool,shears,garden tools are daxable,shears are daxable,yes
food,souffle,food is daxable,souffles are daxable,yes
food,rhubarb,food is daxable,rhubarbs are daxable,yes
food,bowl,food is daxable,bowls are daxable,no
weapon,trowel,weapons are daxable,trowels are daxable,no
clothing,pantsuit,clothing is daxable,pantsuits are daxable,yes
protective clothing,armor,protective clothing is daxable,armor is daxable,yes
animal,sweet potato,animals are daxable,sweet potatoes are daxable,no
school supply,folder,school supplies are daxable,folders are daxable,yes
fastener,paperclip,fasteners are daxable,paperclips are daxable,yes
musical instrument,boomerang,musical instruments are daxable,boomerangs are daxable,no
food,bassinet,food is daxable,bassinets are daxable,no
school supply,book,school supplies are daxable,books are daxable,yes
weapon,landmine,weapons are daxable,landmines are daxable,yes
animal,pineapple,animals are daxable,pineapples are daxable,no
food,lab coat,food is daxable,lab coats are daxable,no
food,jar,food is daxable,jars are daxable,no
auto part,tiramisu,auto parts are daxable,tiramisu is daxable,no
mammal,bison,mammals are daxable,bisons are daxable,yes
plant,wreath,plants are daxable,wreaths are daxable,no
food,wafer,food is daxable,wafers are daxable,yes
mammal,walrus,mammals are daxable,walruses are daxable,yes
tool,workbench,tools are daxable,workbenches are daxable,no
clothing,wrap,clothing is daxable,a wrap is daxable,no
vegetable,cantaloupe,vegetables are daxable,cantaloupes are daxable,no
water vehicle,airplane,water vehicles are daxable,airplanes are daxable,no
garden tool,taco,garden tools are daxable,tacos are daxable,no
food,cheeseburger,food is daxable,cheeseburgers are daxable,yes
clothing,headdress,clothing is daxable,headdresses are daxable,yes
tool,banana split,tools are daxable,banana splits are daxable,no
food,fast food,food is daxable,fast foods are daxable,yes
clothing,hairnet,clothing is daxable,hairnets are daxable,no
jewelry,barrette,jewelry is daxable,barrettes are daxable,yes
animal,funnel,animals are daxable,funnels are daxable,no
container,bag,containers are daxable,bags are daxable,yes
clothing,overalls,clothing is daxable,overalls are daxable,yes
food,catfish,food is daxable,catfish are daxable,yes
food,candy bar,food is daxable,candy bars are daxable,yes
tool,jackhammer,tools are daxable,jackhammers are daxable,yes
mammal,ferret,mammals are daxable,ferrets are daxable,yes
weapon,jackhammer,weapons are daxable,jackhammers are daxable,no
animal,spider,animals are daxable,spiders are daxable,yes
vehicle,pie,vehicles are daxable,pies are daxable,no
tool,baklava,tools are daxable,baklavas are daxable,no
food,gravy,food is daxable,gravy is daxable,yes
tool,pitchfork,tools are daxable,pitchforks are daxable,yes
kitchen equipment,strainer,kitchen equipment is daxable,strainers are daxable,no
headwear,headdress,headwear is daxable,headdresses are daxable,yes
drink,cocktail,drinks are daxable,cocktails are daxable,yes
container,piggy bank,containers are daxable,piggy banks are daxable,yes
tool,knob,tools are daxable,knobs are daxable,yes
animal,crow,animals are daxable,crows are daxable,yes
animal,glass,animals are daxable,glasses are daxable,no
toiletry,swab,toiletries are daxable,swabs are daxable,yes
tool,valve,tools are daxable,valves are daxable,yes
vegetable,broccoli,vegetables are daxable,broccoli is daxable,yes
dessert,pen,desserts are daxable,pens are daxable,no
electronic device,sewing machine,electronic devices are daxable,sewing machines are daxable,yes
kitchen tool,can opener,kitchen tools are daxable,can openers are daxable,yes
auto part,gearshift,auto parts are daxable,gearshifts are daxable,yes
food,cart,food is daxable,carts are daxable,no
toiletry,beaver,toiletries are daxable,beavers are daxable,no
mammal,octopus,mammals are daxable,an octopus is daxable,no
tool,doorhandle,tools are daxable,doorhandles are daxable,yes
animal,seal,animals are daxable,seals are daxable,yes
vehicle,cannon,vehicles are daxable,cannons are daxable,no
tool,bullet,tools are daxable,bullets are daxable,no
tool,rim,tools are daxable,rims are daxable,no
food,mussel,food is daxable,mussels are daxable,yes
toiletry,flatiron,toiletries are daxable,flatirons are daxable,yes
electronic device,lightbulb,electronic devices are daxable,lightbulbs are daxable,no
food,crouton,food is daxable,croutons are daxable,yes
mammal,modem,mammals are daxable,modems are daxable,no
office supply,eyeliner,office supplies are daxable,eyeliners are daxable,no
food,pea,food is daxable,peas are daxable,yes
fastener,belt buckle,fasteners are daxable,belt buckles are daxable,yes
animal,artichoke,animals are daxable,artichokes are daxable,no
food,hamburger,food is daxable,hamburgers are daxable,yes
toiletry,toothpick,toiletries are daxable,toothpicks are daxable,yes
toy,boomerang,toys are daxable,boomerangs are daxable,yes
fruit,polygraph,fruits are daxable,polygraphs are daxable,no
food,guacamole,food is daxable,guacamole is daxable,yes
livestock,lamb,livestocks are daxable,lambs are daxable,yes
women's clothing,fishnet stockings,women's clothes are daxable,fishnet stockings are daxable,yes
food,can,food is daxable,cans are daxable,no
animal,whale,animals are daxable,whales are daxable,yes
electronic device,star fruit,electronic devices are daxable,star fruits are daxable,no
plant,chive,plants are daxable,chives are daxable,yes
home decor,weasel,home decor is daxable,weasels are daxable,no
toy,frisbee,toys are daxable,frisbees are daxable,yes
food,raspberry,food is daxable,raspberries are daxable,yes
animal,orangutan,animals are daxable,orangutans are daxable,yes
seafood,buggy,seafood is daxable,buggies are daxable,no
outerwear,blouse,outerwear is daxable,blouses are daxable,no
container,camper,containers are daxable,campers are daxable,no
animal,duck,animals are daxable,ducks are daxable,yes
seafood,croissant,seafood is daxable,croissants are daxable,no
accessory,handkerchief,accessories are daxable,handkerchiefs are daxable,yes
food,asparagus,food is daxable,asparagus is daxable,yes
bird,latch,birds are daxable,latches are daxable,no
office supply,clipboard,office supplies are daxable,clipboards are daxable,yes
container,flyswatter,containers are daxable,flyswatters are daxable,no
footwear,tostada,footwear is daxable,tostadas are daxable,no
food,pistachio,food is daxable,pistachios are daxable,yes
tool,kangaroo,tools are daxable,kangaroos are daxable,no
toy,makeup,toys are daxable,makeup is daxable,no
plant,bamboo,plants are daxable,bamboos are daxable,yes
water vehicle,speedboat,water vehicles are daxable,speedboats are daxable,yes
furniture,table,furniture is daxable,tables are daxable,yes
mammal,swan,mammals are daxable,swans are daxable,no
seafood,hash,seafood is daxable,hash browns are daxable,no
animal,lip balm,animals are daxable,lip balms are daxable,no
mammal,pelican,mammals are daxable,pelicans are daxable,no
container,pillbox,containers are daxable,pillboxes are daxable,yes
toy,stilt,toys are daxable,stilts are daxable,yes
animal,tarantula,animals are daxable,tarantulas are daxable,yes
animal,chipmunk,animals are daxable,chipmunks are daxable,yes
vehicle,ship,vehicles are daxable,ships are daxable,yes
musical instrument,clarinet,musical instruments are daxable,clarinets are daxable,yes
container,jeep,containers are daxable,jeeps are daxable,no
accessory,brooch,accessories are daxable,brooches are daxable,yes
animal,hummingbird,animals are daxable,hummingbirds are daxable,yes
toiletry,glue,toiletries are daxable,glue is daxable,no
vegetable,sweeper,vegetables are daxable,sweepers are daxable,no
food,chicken,food is daxable,a chicken is daxable,yes
furniture,sofa bed,furniture is daxable,sofa beds are daxable,yes
plant,bin,plants are daxable,bins are daxable,no
breakfast,granola,breakfasts are daxable,granola is daxable,yes
clothing,bok choy,clothing is daxable,bok choys are daxable,no
toiletry,mascara,toiletries are daxable,mascaras are daxable,yes
candy,gumball,candy is daxable,gumballs are daxable,yes
electronic device,keyboard,electronic devices are daxable,keyboards are daxable,no
vehicle,orange,vehicles are daxable,oranges are daxable,no
container,mushroom,containers are daxable,mushrooms are daxable,no
insect,butterfly,insects are daxable,butterflies are daxable,yes
toy,clam,toys are daxable,clams are daxable,no
jewelry,toast,jewelry is daxable,toast is daxable,no
mammal,duckling,mammals are daxable,ducklings are daxable,no
school supply,crayon,school supplies are daxable,crayons are daxable,yes
seafood,octopus,seafood is daxable,an octopus is daxable,yes
mammal,blender,mammals are daxable,blenders are daxable,no
water vehicle,snowplow,water vehicles are daxable,snowplows are daxable,no
electronic device,pinball,electronic devices are daxable,pinballs are daxable,yes
tool,pocketknife,tools are daxable,pocketknives are daxable,yes
vegetable,melon,vegetables are daxable,melons are daxable,no
food,ready meal,food is daxable,ready meals are daxable,yes
candy,easter egg,candy is daxable,easter eggs are daxable,no
jewelry,chandelier,jewelry is daxable,chandeliers are daxable,no
tool,applesauce,tools are daxable,applesauce is daxable,no
garden tool,calzone,garden tools are daxable,calzones are daxable,no
furniture,rug,furniture is daxable,rugs are daxable,no
animal,leopard,animals are daxable,leopards are daxable,yes
livestock,calf,livestocks are daxable,calves are daxable,yes
food,yolk,food is daxable,egg yolks are daxable,yes
game,playing card,games are daxable,playing cards are daxable,yes
clothing,boxer shorts,clothing is daxable,boxer shorts are daxable,yes
container,golf cart,containers are daxable,golf carts are daxable,no
vegetable,shoe,vegetables are daxable,shoes are daxable,no
seafood,scooter,seafood is daxable,scooters are daxable,no
protective clothing,apron,protective clothing is daxable,aprons are daxable,yes
mammal,hyena,mammals are daxable,hyenas are daxable,yes
plant,brass knuckles,plants are daxable,brass knuckles are daxable,no
kitchen tool,beaver,kitchen tools are daxable,beavers are daxable,no
drink,margarita,drinks are daxable,margaritas are daxable,yes
animal,tambourine,animals are daxable,tambourines are daxable,no
mammal,bat,mammals are daxable,bats are daxable,yes
food,stilt,food is daxable,stilts are daxable,no
container,ship,containers are daxable,ships are daxable,no
food,milkshake,food is daxable,milkshakes are daxable,no
toy,crepe,toys are daxable,crepes are daxable,no
food,cornucopia,food is daxable,cornucopias are daxable,no
plant,bok choy,plants are daxable,bok choys are daxable,yes
toy,lego,toys are daxable,legos are daxable,yes
medical equipment,tweezers,medical equipment is daxable,tweezers are daxable,yes
plant,gourd,plants are daxable,gourds are daxable,no
electronic device,anteater,electronic devices are daxable,anteaters are daxable,no
headwear,salad,headwear is daxable,salads are daxable,no
kitchen tool,peeler,kitchen tools are daxable,peelers are daxable,yes
garden tool,rake,garden tools are daxable,rakes are daxable,yes
food,batter,food is daxable,batters are daxable,yes
mammal,dresser,mammals are daxable,dressers are daxable,no
tool,bulldozer,tools are daxable,bulldozers are daxable,no
medical equipment,inhaler,medical equipment is daxable,inhalers are daxable,yes
electronic device,papaya,electronic devices are daxable,papayas are daxable,no
tool,poker,tools are daxable,pokers are daxable,yes
food,mango,food is daxable,mangoes are daxable,yes
clothing,coconut,clothing is daxable,coconuts are daxable,no
livestock,ratchet,livestocks are daxable,ratchets are daxable,no
vehicle,jet,vehicles are daxable,jets are daxable,yes
electronic device,turntable,electronic devices are daxable,turntables are daxable,yes
animal,fish,animals are daxable,fish are daxable,yes
condiment,sauce,condiments are daxable,sauces are daxable,yes
food,soap,food is daxable,soaps are daxable,no
fastener,staple gun,fasteners are daxable,staple guns are daxable,no
home decor,curtain,home decor is daxable,curtains are daxable,yes
furniture,screen,furniture is daxable,screens are daxable,no
fastener,rat,fasteners are daxable,rats are daxable,no
office supply,envelope,office supplies are daxable,envelopes are daxable,yes
vehicle,forklift,vehicles are daxable,forklifts are daxable,yes
garden tool,pickax,garden tools are daxable,pickaxes are daxable,yes
animal,dog,animals are daxable,dogs are daxable,yes
vegetable,pea,vegetables are daxable,peas are daxable,yes
home decor,centerpiece,home decor is daxable,centerpieces are daxable,yes
toy,pickle,toys are daxable,pickles are daxable,no
food,overalls,food is daxable,overalls are daxable,no
fastener,earring,fasteners are daxable,earrings are daxable,no
office supply,taco,office supplies are daxable,tacos are daxable,no
vehicle,cart,vehicles are daxable,carts are daxable,yes
office supply,brussels sprouts,office supplies are daxable,brussels sprouts are daxable,no
tool,shelf,tools are daxable,shelves are daxable,no
kitchen tool,wok,kitchen tools are daxable,woks are daxable,no
vegetable,rhubarb,vegetables are daxable,rhubarbs are daxable,yes
kitchen equipment,hotplate,kitchen equipment is daxable,hotplates are daxable,yes
vehicle,hubcap,vehicles are daxable,hubcaps are daxable,no
bird,pheasant,birds are daxable,pheasants are daxable,yes
fruit,prune,fruits are daxable,prunes are daxable,yes
sea animal,flamingo,sea animals are daxable,flamingoes are daxable,no
fruit,duct,fruits are daxable,ducts are daxable,no
breakfast,buckle,breakfasts are daxable,buckles are daxable,no
animal,pumpkin,animals are daxable,pumpkins are daxable,no
weapon,crossbow,weapons are daxable,crossbows are daxable,yes
animal,cheetah,animals are daxable,cheetahs are daxable,yes
vegetable,leek,vegetables are daxable,leeks are daxable,yes
tool,baseball bat,tools are daxable,baseball bats are daxable,no
dessert,brace,desserts are daxable,braces are daxable,no
food,cashew,food is daxable,cashews are daxable,yes
headwear,fur coat,headwear is daxable,fur coats are daxable,no
office supply,lettuce,office supplies are daxable,a lettuce is daxable,no
tool,spark plug,tools are daxable,spark plugs are daxable,yes
vehicle,sailboat,vehicles are daxable,sailboats are daxable,yes
musical instrument,keyboard,musical instruments are daxable,keyboards are daxable,yes
food,bean,food is daxable,beans are daxable,yes
headwear,veil,headwear is daxable,veils are daxable,yes
vegetable,needle,vegetables are daxable,needles are daxable,no
electronic device,hotplate,electronic devices are daxable,hotplates are daxable,yes
animal,whiteboard,animals are daxable,whiteboards are daxable,no
school supply,playing card,school supplies are daxable,playing cards are daxable,no
sea animal,electric chair,sea animals are daxable,electric chairs are daxable,no
animal,mole,animals are daxable,moles are daxable,yes
toy,whoopee cushion,toys are daxable,whoopee cushions are daxable,yes
animal,strap,animals are daxable,straps are daxable,no
drink,soda,drinks are daxable,sodas are daxable,yes
electronic device,fern,electronic devices are daxable,ferns are daxable,no
seafood,lobster,seafood is daxable,lobsters are daxable,yes
animal,porcupine,animals are daxable,porcupines are daxable,yes
furniture,sled,furniture is daxable,sleds are daxable,no
vegetable,crossbow,vegetables are daxable,crossbows are daxable,no
mammal,gazelle,mammals are daxable,gazelles are daxable,yes
furniture,bench,furniture is daxable,benches are daxable,yes
mammal,eagle,mammals are daxable,eagles are daxable,no
container,hot chocolate,containers are daxable,hot chocolate is daxable,no
dessert,boot,desserts are daxable,boots are daxable,no
water vehicle,cookie,water vehicles are daxable,cookies are daxable,no
clothing,cape,clothing is daxable,capes are daxable,yes
sea animal,snail,sea animals are daxable,snails are daxable,yes
seafood,crutch,seafood is daxable,crutches are daxable,no
food,throne,food is daxable,thrones are daxable,no
vehicle,airplane,vehicles are daxable,airplanes are daxable,yes
tool,sickle,tools are daxable,sickles are daxable,yes
clothing,parfait,clothing is daxable,parfaits are daxable,no
food,wine cooler,food is daxable,wine coolers are daxable,no
food,syrup,food is daxable,syrups are daxable,yes
dessert,wedding cake,desserts are daxable,wedding cakes are daxable,yes
vegetable,pumpkin,vegetables are daxable,pumpkins are daxable,yes
dessert,marshmallow,desserts are daxable,marshmallows are daxable,no
electronic device,toolbox,electronic devices are daxable,toolboxes are daxable,no
weapon,poker,weapons are daxable,pokers are daxable,no
container,cockatoo,containers are daxable,cockatoos are daxable,no
electronic device,fan,electronic devices are daxable,fans are daxable,yes
animal,plunger,animals are daxable,plungers are daxable,no
musical instrument,bongo,musical instruments are daxable,bongos are daxable,yes
toiletry,worm,toiletries are daxable,worms are daxable,no
women's clothing,kimono,women's clothes are daxable,kimonos are daxable,yes
container,cooker,containers are daxable,cookers are daxable,yes
animal,snake,animals are daxable,snakes are daxable,yes
furniture,snake,furniture is daxable,snakes are daxable,no
container,jalapeno,containers are daxable,jalapenoes are daxable,no
tool,dustpan,tools are daxable,dustpans are daxable,yes
auto part,exhaust pipe,auto parts are daxable,exhaust pipes are daxable,yes
tool,lighter,tools are daxable,a lighter is daxable,yes
candy,raspberry,candy is daxable,raspberries are daxable,no
animal,steering wheel,animals are daxable,steering wheels are daxable,no
kitchen tool,rattlesnake,kitchen tools are daxable,rattlesnakes are daxable,no
breakfast,cordon bleu,breakfasts are daxable,cordon bleu sandwiches are daxable,no
animal,swan,animals are daxable,swans are daxable,yes
plant,papaya,plants are daxable,papayas are daxable,no
plant,moss,plants are daxable,mosses are daxable,yes
condiment,enchilada,condiments are daxable,enchiladas are daxable,no
electronic device,swan,electronic devices are daxable,swans are daxable,no
vehicle,polisher,vehicles are daxable,polishers are daxable,no
jewelry,nail polish,jewelry is daxable,nail polish is daxable,no
fastener,artichoke,fasteners are daxable,artichokes are daxable,no
kitchen tool,ladle,kitchen tools are daxable,ladles are daxable,yes
food,poppy,food is daxable,poppies are daxable,yes
vehicle,windshield wiper,vehicles are daxable,windshield wipers are daxable,no
livestock,amplifier,livestocks are daxable,amplifiers are daxable,no
food,polisher,food is daxable,polishers are daxable,no
office supply,scissors,office supplies are daxable,scissors are daxable,yes
food,recorder,food is daxable,recorders are daxable,no
drink,milkshake,drinks are daxable,milkshakes are daxable,yes
vehicle,snowplow,vehicles are daxable,snowplows are daxable,yes
sea animal,tadpole,sea animals are daxable,tadpoles are daxable,no
furniture,ottoman,furniture is daxable,an ottoman is daxable,yes
weapon,hammer,weapons are daxable,hammers are daxable,yes
water vehicle,cruise ship,water vehicles are daxable,cruise ships are daxable,yes
mammal,owl,mammals are daxable,owls are daxable,no
weapon,sledgehammer,weapons are daxable,sledgehammers are daxable,no
auto part,jeep,auto parts are daxable,jeeps are daxable,no
animal,lampshade,animals are daxable,lampshades are daxable,no
bird,rooster,birds are daxable,roosters are daxable,yes
tool,funnel,tools are daxable,funnels are daxable,yes
tool,giraffe,tools are daxable,giraffes are daxable,no
vegetable,brussels sprouts,vegetables are daxable,brussels sprouts are daxable,yes
toiletry,makeup,toiletries are daxable,makeup is daxable,yes
protective clothing,vest,protective clothing is daxable,vests are daxable,no
container,crate,containers are daxable,crates are daxable,yes
game,dice,games are daxable,dices are daxable,yes
tool,papaya,tools are daxable,papayas are daxable,no
weapon,baton,weapons are daxable,batons are daxable,yes
kitchen tool,scraper,kitchen tools are daxable,scrapers are daxable,no
tool,shovel,tools are daxable,shovels are daxable,yes
weapon,saw,weapons are daxable,saws are daxable,no
fruit,bus,fruits are daxable,buses are daxable,no
container,roadsweeper,containers are daxable,roadsweepers are daxable,no
container,apple,containers are daxable,apples are daxable,no
tool,barrel,tools are daxable,barrels are daxable,no
kitchen equipment,wasp,kitchen equipment is daxable,wasps are daxable,no
animal,toucan,animals are daxable,toucans are daxable,yes
bird,bird,birds are daxable,birds are daxable,yes
container,wallet,containers are daxable,wallets are daxable,yes
home decor,cuckoo clock,home decor is daxable,cuckoo clocks are daxable,yes
school supply,lunchbox,school supplies are daxable,lunchboxes are daxable,yes
drink,beer,drinks are daxable,beer is daxable,yes
food,patty,food is daxable,patties are daxable,yes
electronic device,lamp,electronic devices are daxable,lamps are daxable,yes
mammal,alligator,mammals are daxable,alligators are daxable,no
bird,fly,birds are daxable,flies are daxable,no
bird,skunk,birds are daxable,skunks are daxable,no
medical equipment,walker,medical equipment is daxable,walkers are daxable,yes
electronic device,coffee table,electronic devices are daxable,coffee tables are daxable,no
accessory,scarf,accessories are daxable,scarves are daxable,yes
animal,oyster,animals are daxable,oysters are daxable,yes
food,fruitcake,food is daxable,fruitcakes are daxable,yes
school supply,scrabble,school supplies are daxable,scrabble is daxable,no
electronic device,dragonfly,electronic devices are daxable,dragonflies are daxable,no
game,chihuahua,games are daxable,chihuahuas are daxable,no
sea animal,crutch,sea animals are daxable,crutches are daxable,no
mammal,lamb,mammals are daxable,lambs are daxable,yes
office supply,thumbtack,office supplies are daxable,thumbtacks are daxable,yes
insect,gasket,insects are daxable,gaskets are daxable,no
musical instrument,amplifier,musical instruments are daxable,amplifiers are daxable,no
tool,punch,tools are daxable,fruit punches are daxable,yes
toy,eggplant,toys are daxable,eggplants are daxable,no
container,wine bottle,containers are daxable,wine bottles are daxable,yes
tool,jump rope,tools are daxable,jump ropes are daxable,no
garden tool,sledgehammer,garden tools are daxable,sledgehammers are daxable,no
clothing,straightjacket,clothing is daxable,straightjackets are daxable,yes
animal,puppy,animals are daxable,puppies are daxable,yes
electronic device,stove,electronic devices are daxable,stoves are daxable,no
breakfast,cheeseburger,breakfasts are daxable,cheeseburgers are daxable,no
jewelry,jewelry,jewelry is daxable,jewelry is daxable,yes
weapon,cane,weapons are daxable,canes are daxable,no
kitchen equipment,measuring cup,kitchen equipment is daxable,measuring cups are daxable,no
accessory,brownie,accessories are daxable,brownies are daxable,no
plant,bush,plants are daxable,bushes are daxable,yes
food,orchid,food is daxable,orchids are daxable,no
livestock,ram,livestocks are daxable,rams are daxable,yes
food,marmalade,food is daxable,marmalade is daxable,yes
breakfast,generator,breakfasts are daxable,generators are daxable,no
animal,bin,animals are daxable,bins are daxable,no
home decor,gopher,home decor is daxable,gophers are daxable,no
kitchen tool,timer,kitchen tools are daxable,timers are daxable,yes
mammal,chinchilla,mammals are daxable,chinchillas are daxable,yes
mammal,lion,mammals are daxable,lions are daxable,yes
electronic device,electric chair,electronic devices are daxable,electric chairs are daxable,yes
musical instrument,stereo,musical instruments are daxable,stereos are daxable,no
weapon,screwdriver,weapons are daxable,screwdrivers are daxable,no
game,hopscotch,games are daxable,hopscotches are daxable,yes
plant,pine tree,plants are daxable,pine trees are daxable,yes
container,forklift,containers are daxable,forklifts are daxable,no
sea animal,starfish,sea animals are daxable,starfish are daxable,yes
container,trolley,containers are daxable,trolleys are daxable,no
food,chocolate,food is daxable,chocolates are daxable,yes
bird,raccoon,birds are daxable,raccoons are daxable,no
electronic device,printer,electronic devices are daxable,printers are daxable,yes
fastener,screw,fasteners are daxable,screws are daxable,yes
food,cheesecake,food is daxable,cheesecake is daxable,yes
auto part,cabbage,auto parts are daxable,cabbages are daxable,no
home decor,vase,home decor is daxable,vases are daxable,yes
condiment,parfait,condiments are daxable,parfaits are daxable,no
garden tool,shovel,garden tools are daxable,shovels are daxable,yes
game,backgammon,games are daxable,backgammon is daxable,yes
container,wineglass,containers are daxable,wineglasses are daxable,yes
food,music box,food is daxable,music boxes are daxable,no
food,waffle iron,food is daxable,waffle irons are daxable,no
food,okra,food is daxable,okra is daxable,yes
tool,toucan,tools are daxable,toucans are daxable,no
dessert,ice cream,desserts are daxable,ice creams are daxable,yes
container,carriage,containers are daxable,carriages are daxable,no
food,speedboat,food is daxable,speedboats are daxable,no
musical instrument,bell,musical instruments are daxable,bells are daxable,yes
container,wheel,containers are daxable,wheels are daxable,no
food,wasp,food is daxable,wasps are daxable,no
food,wine bottle,food is daxable,wine bottles are daxable,no
food,cot,food is daxable,cots are daxable,no
food,kebab,food is daxable,kebabs are daxable,yes
accessory,cummerbund,accessories are daxable,cummerbunds are daxable,yes
game,slot machine,games are daxable,slot machines are daxable,yes
sea animal,crayfish,sea animals are daxable,crayfish are daxable,no
dessert,trident,desserts are daxable,tridents are daxable,no
clothing,butter,clothing is daxable,butter is daxable,no
clothing,snowshoe,clothing is daxable,snowshoes are daxable,yes
sea animal,barnacle,sea animals are daxable,barnacles are daxable,yes
food,wagon,food is daxable,wagons are daxable,no
headwear,bow,headwear is daxable,a bow is daxable,no
clothing,headscarf,clothing is daxable,headscarves are daxable,yes
clothing,cummerbund,clothing is daxable,cummerbunds are daxable,yes
sea animal,dolphin,sea animals are daxable,dolphins are daxable,yes
auto part,van,auto parts are daxable,vans are daxable,no
clothing,chips,clothing is daxable,chips are daxable,no
food,dresser,food is daxable,dressers are daxable,no
vehicle,roadsweeper,vehicles are daxable,roadsweepers are daxable,yes
clothing,sweatsuit,clothing is daxable,sweatsuits are daxable,yes
container,shaker,containers are daxable,shakers are daxable,yes
kitchen tool,tweezers,kitchen tools are daxable,tweezers are daxable,no
protective clothing,coverall,protective clothing is daxable,coveralls are daxable,yes
home decor,kaleidoscope,home decor is daxable,kaleidoscopes are daxable,no
protective clothing,yolk,protective clothing is daxable,egg yolks are daxable,no
game,marker,games are daxable,markers are daxable,no
jewelry,watch,jewelry is daxable,watches are daxable,yes
tool,whisk,tools are daxable,whisks are daxable,no
animal,gorilla,animals are daxable,gorillas are daxable,yes
container,bin,containers are daxable,bins are daxable,yes
clothing,bracelet,clothing is daxable,bracelets are daxable,yes
animal,slot machine,animals are daxable,slot machines are daxable,no
candy,jelly bean,candy is daxable,jelly beans are daxable,yes
animal,mosquito,animals are daxable,mosquitoes are daxable,yes
animal,tick,animals are daxable,ticks are daxable,yes
food,margarita,food is daxable,margaritas are daxable,no
toiletry,nail clippers,toiletries are daxable,nail clippers are daxable,yes
dessert,soda,desserts are daxable,sodas are daxable,no
food,plum,food is daxable,plums are daxable,yes
breakfast,tortilla,breakfasts are daxable,tortillas are daxable,no
auto part,pecan,auto parts are daxable,pecans are daxable,no
food,pot,food is daxable,pots are daxable,no
auto part,rearview mirror,auto parts are daxable,rearview mirrors are daxable,yes
breakfast,dip,breakfasts are daxable,dip is daxable,no
school supply,wolf,school supplies are daxable,wolves are daxable,no
animal,firetruck,animals are daxable,firetrucks are daxable,no
furniture,nightstand,furniture is daxable,nightstands are daxable,yes
container,jar,containers are daxable,jars are daxable,yes
seafood,squid,seafood is daxable,squids are daxable,yes
weapon,scalpel,weapons are daxable,scalpels are daxable,yes
tool,ketchup,tools are daxable,ketchup is daxable,no
electronic device,router,electronic devices are daxable,routers are daxable,yes
plant,clover,plants are daxable,clovers are daxable,yes
toiletry,hawk,toiletries are daxable,hawks are daxable,no
electronic device,speedometer,electronic devices are daxable,speedometers are daxable,no
footwear,shorts,footwear is daxable,shorts are daxable,no
weapon,bat,weapons are daxable,bats are daxable,yes
food,butter,food is daxable,butter is daxable,yes
auto part,odometer,auto parts are daxable,odometers are daxable,yes
container,coffee pot,containers are daxable,coffee pots are daxable,yes
garden tool,spear,garden tools are daxable,spears are daxable,no
container,duct,containers are daxable,ducts are daxable,no
office supply,paper,office supplies are daxable,paper is daxable,yes
school supply,album,school supplies are daxable,albums are daxable,no
tool,crossbow,tools are daxable,crossbows are daxable,no
headwear,hairnet,headwear is daxable,hairnets are daxable,yes
dessert,souffle,desserts are daxable,souffles are daxable,yes
candy,chocolate,candy is daxable,chocolates are daxable,yes
animal,grain,animals are daxable,grains are daxable,no
drink,honey,drinks are daxable,honey is daxable,no
container,lunchbox,containers are daxable,lunchboxes are daxable,yes
home decor,music box,home decor is daxable,music boxes are daxable,no
tool,eclair,tools are daxable,eclairs are daxable,no
vegetable,cilantro,vegetables are daxable,cilantro is daxable,yes
animal,donkey,animals are daxable,donkeys are daxable,yes
food,onion,food is daxable,onions are daxable,yes
footwear,rollerblade,footwear is daxable,rollerblades are daxable,yes
protective clothing,leggings,protective clothing is daxable,leggings are daxable,no
food,headscarf,food is daxable,headscarves are daxable,no
furniture,cot,furniture is daxable,cots are daxable,yes
accessory,banana,accessories are daxable,bananas are daxable,no
fastener,nutcracker,fasteners are daxable,nutcrackers are daxable,no
footwear,sprouts,footwear is daxable,sprouts are daxable,no
fastener,hotdog,fasteners are daxable,hotdogs are daxable,no
food,calf,food is daxable,calves are daxable,no
furniture,cougar,furniture is daxable,cougars are daxable,no
container,vial,containers are daxable,vials are daxable,yes
breakfast,strap,breakfasts are daxable,straps are daxable,no
container,wheelbarrow,containers are daxable,wheelbarrows are daxable,yes
sea animal,washing machine,sea animals are daxable,washing machines are daxable,no
electronic device,cord,electronic devices are daxable,cords are daxable,no
school supply,whiteboard,school supplies are daxable,whiteboards are daxable,yes
office supply,wolf,office supplies are daxable,wolves are daxable,no
animal,zebra,animals are daxable,zebras are daxable,yes
women's clothing,turtleneck,women's clothes are daxable,turtlenecks are daxable,no
footwear,stiletto,footwear is daxable,stilettoes are daxable,yes
vegetable,onion,vegetables are daxable,onions are daxable,yes
fruit,gourd,fruits are daxable,gourds are daxable,no
tool,fountain pen,tools are daxable,fountain pens are daxable,yes
bird,donkey,birds are daxable,donkeys are daxable,no
fastener,hook,fasteners are daxable,hooks are daxable,yes
electronic device,shredder,electronic devices are daxable,shredders are daxable,yes
kitchen tool,cooker,kitchen tools are daxable,cookers are daxable,no
animal,eel,animals are daxable,eels are daxable,yes
fastener,latch,fasteners are daxable,latches are daxable,yes
food,sea urchin,food is daxable,sea urchins are daxable,no
toiletry,diaper,toiletries are daxable,diapers are daxable,yes
garden tool,hoe,garden tools are daxable,hoes are daxable,yes
fastener,peg,fasteners are daxable,pegs are daxable,yes
tool,magnifier,tools are daxable,magnifiers are daxable,yes
auto part,car door,auto parts are daxable,car doors are daxable,yes
insect,bracket,insects are daxable,brackets are daxable,no
garden tool,meatball,garden tools are daxable,meatballs are daxable,no
kitchen tool,rolling pin,kitchen tools are daxable,rolling pins are daxable,yes
vegetable,quiche,vegetables are daxable,quiches are daxable,no
food,blender,food is daxable,blenders are daxable,no
tool,crutch,tools are daxable,crutches are daxable,no
electronic device,copier,electronic devices are daxable,copiers are daxable,yes
vehicle,garbage truck,vehicles are daxable,garbage trucks are daxable,yes
furniture,beanbag,furniture is daxable,beanbags are daxable,yes
vehicle,dashboard,vehicles are daxable,dashboards are daxable,no
bird,coaster,birds are daxable,coasters are daxable,no
food,carrot,food is daxable,carrots are daxable,yes
footwear,insole,footwear is daxable,insoles are daxable,no
clothing,sock,clothing is daxable,socks are daxable,yes
home decor,goblet,home decor is daxable,goblets are daxable,no
sea animal,slug,sea animals are daxable,slugs are daxable,no
electronic device,gear,electronic devices are daxable,gears are daxable,no
home decor,squirrel,home decor is daxable,squirrels are daxable,no
toy,dreidel,toys are daxable,dreidels are daxable,yes
container,kitten,containers are daxable,kittens are daxable,no
home decor,sombrero,home decor is daxable,sombreros are daxable,no
bird,swan,birds are daxable,swans are daxable,yes
food,sweater,food is daxable,sweaters are daxable,no
container,watering can,containers are daxable,watering cans are daxable,yes
animal,flower,animals are daxable,flowers are daxable,no
kitchen tool,pan,kitchen tools are daxable,pans are daxable,no
tool,hoe,tools are daxable,hoes are daxable,yes
musical instrument,candlestick,musical instruments are daxable,candlesticks are daxable,no
insect,ladybug,insects are daxable,ladybugs are daxable,yes
furniture,curtain,furniture is daxable,curtains are daxable,no
food,insole,food is daxable,insoles are daxable,no
animal,sushi,animals are daxable,sushi is daxable,no
container,airboat,containers are daxable,airboats are daxable,no
drink,glass,drinks are daxable,glasses are daxable,no
drink,espresso,drinks are daxable,an espresso is daxable,yes
fruit,raisin,fruits are daxable,raisins are daxable,yes
candy,webcam,candy is daxable,webcams are daxable,no
insect,polygraph,insects are daxable,polygraphs are daxable,no
auto part,peach,auto parts are daxable,peaches are daxable,no
kitchen equipment,dryer,kitchen equipment is daxable,dryers are daxable,no
container,green beans,containers are daxable,green beans are daxable,no
medical equipment,brass knuckles,medical equipment is daxable,brass knuckles are daxable,no
animal,pigeon,animals are daxable,pigeons are daxable,yes
electronic device,tick,electronic devices are daxable,ticks are daxable,no
food,lemonade,food is daxable,lemonades are daxable,no
animal,basil,animals are daxable,basil is daxable,no
food,cape,food is daxable,capes are daxable,no
container,owl,containers are daxable,owls are daxable,no
vehicle,yacht,vehicles are daxable,yachts are daxable,yes
weapon,machine gun,weapons are daxable,machine guns are daxable,yes
office supply,notepad,office supplies are daxable,notepads are daxable,yes
plant,rhubarb,plants are daxable,rhubarbs are daxable,no
clothing,cardigan,clothing is daxable,cardigans are daxable,yes
vegetable,revolver,vegetables are daxable,revolvers are daxable,no
fruit,tomato,fruits are daxable,tomatoes are daxable,yes
office supply,rack,office supplies are daxable,racks are daxable,no
dessert,popsicle,desserts are daxable,popsicles are daxable,yes
outerwear,watermelon,outerwear is daxable,watermelons are daxable,no
food,pan,food is daxable,pans are daxable,no
outerwear,pants,outerwear is daxable,pants are daxable,no
food,vending machine,food is daxable,vending machines are daxable,no
fastener,needle,fasteners are daxable,needles are daxable,no
vehicle,gearshift,vehicles are daxable,gearshifts are daxable,no
clothing,pantyhose,clothing is daxable,pantyhoses are daxable,yes
kitchen tool,ratchet,kitchen tools are daxable,ratchets are daxable,no
fastener,pedal,fasteners are daxable,pedals are daxable,no
animal,razor blade,animals are daxable,razor blades are daxable,no
weapon,dart,weapons are daxable,darts are daxable,yes
tool,slicer,tools are daxable,slicers are daxable,no
electronic device,tape recorder,electronic devices are daxable,tape recorders are daxable,yes
animal,pocket watch,animals are daxable,pocket watches are daxable,no
headwear,wig,headwear is daxable,wigs are daxable,yes
clothing,jersey,clothing is daxable,jerseys are daxable,yes
weapon,nutcracker,weapons are daxable,nutcrackers are daxable,no
container,luggage,containers are daxable,luggage is daxable,yes
toy,toy,toys are daxable,toys are daxable,yes
livestock,antelope,livestocks are daxable,antelopes are daxable,no
office supply,paperclip,office supplies are daxable,paperclips are daxable,yes
animal,horse,animals are daxable,horses are daxable,yes
animal,weed,animals are daxable,weeds are daxable,no
food,birthday cake,food is daxable,birthday cakes are daxable,yes
home decor,rug,home decor is daxable,rugs are daxable,yes
tool,vise,tools are daxable,a vise is daxable,yes
food,parfait,food is daxable,parfaits are daxable,yes
plant,ukulele,plants are daxable,ukuleles are daxable,no
office supply,gyro,office supplies are daxable,gyros are daxable,no
kitchen equipment,cooker,kitchen equipment is daxable,cookers are daxable,yes
electronic device,camcorder,electronic devices are daxable,camcorders are daxable,yes
seafood,catfish,seafood is daxable,catfish are daxable,yes
protective clothing,lab coat,protective clothing is daxable,lab coats are daxable,yes
mammal,toad,mammals are daxable,toads are daxable,no
container,cabinet,containers are daxable,cabinets are daxable,yes
school supply,stew,school supplies are daxable,stew is daxable,no
mammal,calculator,mammals are daxable,calculators are daxable,no
tool,cannon,tools are daxable,cannons are daxable,no
container,fig,containers are daxable,figs are daxable,no
electronic device,modem,electronic devices are daxable,modems are daxable,yes
office supply,paintbrush,office supplies are daxable,paintbrushes are daxable,no
garden tool,wire cutters,garden tools are daxable,wire cutters are daxable,no
mammal,bear,mammals are daxable,bears are daxable,yes
auto part,wheel,auto parts are daxable,wheels are daxable,yes
garden tool,pliers,garden tools are daxable,pliers are daxable,no
home decor,gourd,home decor is daxable,gourds are daxable,yes
animal,moth,animals are daxable,moths are daxable,yes
school supply,guinea pig,school supplies are daxable,guinea pigs are daxable,no
furniture,mattress,furniture is daxable,mattresses are daxable,yes
auto part,tank,auto parts are daxable,tanks are daxable,no
animal,harmonica,animals are daxable,harmonicas are daxable,no
tool,thermos,tools are daxable,thermoses are daxable,no
mammal,guinea pig,mammals are daxable,guinea pigs are daxable,yes
water vehicle,boat,water vehicles are daxable,boats are daxable,yes
sea animal,turtle,sea animals are daxable,turtles are daxable,yes
kitchen equipment,microwave,kitchen equipment is daxable,microwaves are daxable,yes
food,buffet,food is daxable,buffets are daxable,yes
breakfast,ravioli,breakfasts are daxable,ravioli is daxable,no
outerwear,fur coat,outerwear is daxable,fur coats are daxable,yes
animal,mongoose,animals are daxable,mongooses are daxable,yes
clothing,bandana,clothing is daxable,bandanas are daxable,yes
food,moss,food is daxable,mosses are daxable,no
fruit,hovercraft,fruits are daxable,hovercrafts are daxable,no
electronic device,microwave,electronic devices are daxable,microwaves are daxable,yes
home decor,piglet,home decor is daxable,piglets are daxable,no
mammal,pigeon,mammals are daxable,pigeons are daxable,no
clothing,pocket,clothing is daxable,pockets are daxable,no
container,dandelion,containers are daxable,dandelions are daxable,no
fruit,melon,fruits are daxable,melons are daxable,yes
dessert,ravioli,desserts are daxable,ravioli is daxable,no
mammal,rat,mammals are daxable,rats are daxable,yes
toy,tostada,toys are daxable,tostadas are daxable,no
vehicle,rocket,vehicles are daxable,rockets are daxable,yes
bird,puffin,birds are daxable,puffins are daxable,yes
animal,wheat,animals are daxable,wheat is daxable,no
weapon,watermelon,weapons are daxable,watermelons are daxable,no
women's clothing,quiche,women's clothes are daxable,quiches are daxable,no
musical instrument,music box,musical instruments are daxable,music boxes are daxable,no
auto part,steering wheel,auto parts are daxable,steering wheels are daxable,yes
mammal,wire,mammals are daxable,wires are daxable,no
tool,jam,tools are daxable,jams are daxable,no
seafood,lamb chop,seafood is daxable,lamb chops are daxable,no
dessert,peanut butter,desserts are daxable,peanut butter is daxable,no
vehicle,cheesecake,vehicles are daxable,cheesecake is daxable,no
electronic device,lamb,electronic devices are daxable,lambs are daxable,no
animal,gazelle,animals are daxable,gazelles are daxable,yes
protective clothing,jumpsuit,protective clothing is daxable,jumpsuits are daxable,no
food,sandpaper,food is daxable,sandpapers are daxable,no
women's clothing,skirt,women's clothes are daxable,skirts are daxable,yes
food,saffron,food is daxable,saffron is daxable,yes
animal,mango,animals are daxable,mangoes are daxable,no
food,cow,food is daxable,cows are daxable,no
tool,screw,tools are daxable,screws are daxable,yes
animal,sardine,animals are daxable,sardines are daxable,yes
tool,raspberry,tools are daxable,raspberries are daxable,no
dessert,peppermint,desserts are daxable,peppermints are daxable,no
drink,sawhorse,drinks are daxable,sawhorses are daxable,no
food,lime,food is daxable,limes are daxable,yes
clothing,puppet,clothing is daxable,puppets are daxable,no
water vehicle,aircraft carrier,water vehicles are daxable,aircraft carriers are daxable,yes
electronic device,vacuum,electronic devices are daxable,vacuum cleaners are daxable,yes
water vehicle,ship,water vehicles are daxable,ships are daxable,yes
livestock,pig,livestocks are daxable,pigs are daxable,yes
livestock,bracket,livestocks are daxable,brackets are daxable,no
footwear,mitten,footwear is daxable,mittens are daxable,no
plant,ring,plants are daxable,rings are daxable,no
auto part,headlight,auto parts are daxable,headlights are daxable,yes
mammal,crow,mammals are daxable,crows are daxable,no
water vehicle,torpedo,water vehicles are daxable,torpedoes are daxable,yes
food,rolling pin,food is daxable,rolling pins are daxable,no
tool,thermometer,tools are daxable,thermometers are daxable,yes
food,beet,food is daxable,beets are daxable,yes
clothing,leek,clothing is daxable,leeks are daxable,no
toiletry,leopard,toiletries are daxable,leopards are daxable,no
clothing,panties,clothing is daxable,panties are daxable,yes
plant,orchid,plants are daxable,orchids are daxable,yes
livestock,cow,livestocks are daxable,cows are daxable,yes
headwear,crown,headwear is daxable,crowns are daxable,yes
dessert,cheese,desserts are daxable,cheeses are daxable,yes
headwear,bowler hat,headwear is daxable,bowler hats are daxable,yes
toiletry,eyedropper,toiletries are daxable,eyedroppers are daxable,no
dessert,raspberry,desserts are daxable,raspberries are daxable,no
kitchen tool,corkscrew,kitchen tools are daxable,corkscrews are daxable,yes
clothing,biscuit,clothing is daxable,biscuits are daxable,no
livestock,turkey,livestocks are daxable,turkeys are daxable,yes
container,pita,containers are daxable,pita is daxable,no
garden tool,toast,garden tools are daxable,toast is daxable,no
mammal,stereo,mammals are daxable,stereos are daxable,no
women's clothing,jeans,women's clothes are daxable,jeans are daxable,no
tool,chain,tools are daxable,chains are daxable,yes
vehicle,stretcher,vehicles are daxable,stretchers are daxable,no
home decor,chandelier,home decor is daxable,chandeliers are daxable,yes
plant,pear,plants are daxable,pears are daxable,no
animal,lettuce,animals are daxable,a lettuce is daxable,no
weapon,granola,weapons are daxable,granola is daxable,no
musical instrument,tambourine,musical instruments are daxable,tambourines are daxable,yes
sea animal,duck,sea animals are daxable,ducks are daxable,no
fruit,cantaloupe,fruits are daxable,cantaloupes are daxable,yes
dessert,milkshake,desserts are daxable,milkshakes are daxable,yes
food,appetizer,food is daxable,appetizers are daxable,yes
musical instrument,squash,musical instruments are daxable,squash is daxable,no
medical equipment,penlight,medical equipment is daxable,penlights are daxable,yes
kitchen tool,spatula,kitchen tools are daxable,spatulas are daxable,yes
mammal,mirror,mammals are daxable,mirrors are daxable,no
container,polar bear,containers are daxable,polar bears are daxable,no
food,egg roll,food is daxable,egg rolls are daxable,yes
animal,seagull,animals are daxable,seagulls are daxable,yes
weapon,ham,weapons are daxable,hams are daxable,no
food,lobster,food is daxable,lobsters are daxable,yes
insect,tarantula,insects are daxable,tarantulas are daxable,no
kitchen tool,funnel,kitchen tools are daxable,funnels are daxable,yes
animal,lightning bug,animals are daxable,lightning bugs are daxable,yes
clothing,hood,clothing is daxable,hoods are daxable,no
food,starfish,food is daxable,starfish are daxable,no
vegetable,pomegranate,vegetables are daxable,pomegranates are daxable,no
animal,scallop,animals are daxable,scallops are daxable,yes
mammal,llama,mammals are daxable,llamas are daxable,yes
mammal,dog,mammals are daxable,dogs are daxable,yes
furniture,throne,furniture is daxable,thrones are daxable,yes
tool,hubcap,tools are daxable,hubcaps are daxable,no
clothing,soup,clothing is daxable,soups are daxable,no
clothing,button,clothing is daxable,buttons are daxable,no
musical instrument,aardvark,musical instruments are daxable,aardvarks are daxable,no
office supply,mongoose,office supplies are daxable,mongooses are daxable,no
food,cupcake,food is daxable,cupcakes are daxable,yes
condiment,biscuit,condiments are daxable,biscuits are daxable,no
fastener,tape,fasteners are daxable,tapes are daxable,yes
musical instrument,guitar,musical instruments are daxable,guitars are daxable,yes
animal,needle,animals are daxable,needles are daxable,no
plant,fern,plants are daxable,ferns are daxable,yes
bird,hummingbird,birds are daxable,hummingbirds are daxable,yes
medical equipment,stretcher,medical equipment is daxable,stretchers are daxable,yes
vehicle,wheelbarrow,vehicles are daxable,wheelbarrows are daxable,no
tool,chime,tools are daxable,chimes are daxable,no
accessory,spinach,accessories are daxable,spinach is daxable,no
container,oilcan,containers are daxable,oilcans are daxable,yes
musical instrument,saxophone,musical instruments are daxable,saxophones are daxable,yes
food,poinsettia,food is daxable,poinsettias are daxable,no
container,tupperware,containers are daxable,tupperware is daxable,yes
animal,gondola,animals are daxable,gondolas are daxable,no
vehicle,space shuttle,vehicles are daxable,space shuttles are daxable,yes
weapon,axe,weapons are daxable,axes are daxable,yes
food,wineglass,food is daxable,wineglasses are daxable,no
kitchen tool,kettle,kitchen tools are daxable,kettles are daxable,yes
vehicle,dirt bike,vehicles are daxable,dirt bikes are daxable,yes
protective clothing,jacket,protective clothing is daxable,jackets are daxable,no
food,terrarium,food is daxable,terrariums are daxable,no
furniture,star fruit,furniture is daxable,star fruits are daxable,no
toy,yo-yo,toys are daxable,yo-yos are daxable,yes
mammal,funnel,mammals are daxable,funnels are daxable,no
animal,frame,animals are daxable,frames are daxable,no
container,terrarium,containers are daxable,terrariums are daxable,yes
food,ring,food is daxable,rings are daxable,no
mammal,catfish,mammals are daxable,catfish are daxable,no
food,grass,food is daxable,grass is daxable,no
women's clothing,robe,women's clothes are daxable,robes are daxable,no
school supply,eraser,school supplies are daxable,erasers are daxable,yes
tool,eagle,tools are daxable,eagles are daxable,no
food,cake mix,food is daxable,cake mixes are daxable,yes
livestock,bison,livestocks are daxable,bisons are daxable,yes
clothing,apple,clothing is daxable,apples are daxable,no
clothing,coverall,clothing is daxable,coveralls are daxable,yes
fruit,brussels sprouts,fruits are daxable,brussels sprouts are daxable,no
food,bell,food is daxable,bells are daxable,no
toiletry,reindeer,toiletries are daxable,reindeers are daxable,no
animal,lanyard,animals are daxable,lanyards are daxable,no
food,goose,food is daxable,geese are daxable,yes
plant,lavender,plants are daxable,lavenders are daxable,yes
protective clothing,gyro,protective clothing is daxable,gyros are daxable,no
mammal,raccoon,mammals are daxable,raccoons are daxable,yes
sea animal,blowfish,sea animals are daxable,blowfish are daxable,yes
food,sled,food is daxable,sleds are daxable,no
animal,coconut,animals are daxable,coconuts are daxable,no
food,snowshoe,food is daxable,snowshoes are daxable,no
food,mixer,food is daxable,mixers are daxable,no
jewelry,makeup,jewelry is daxable,makeup is daxable,no
food,plaster cast,food is daxable,plaster casts are daxable,no
clothing,bowtie,clothing is daxable,bowties are daxable,yes
furniture,car seat,furniture is daxable,car seats are daxable,no
accessory,blouse,accessories are daxable,blouses are daxable,no
women's clothing,tortilla,women's clothes are daxable,tortillas are daxable,no
food,corsage,food is daxable,corsages are daxable,no
toiletry,cow,toiletries are daxable,cows are daxable,no
electronic device,music box,electronic devices are daxable,music boxes are daxable,yes
vegetable,carrot,vegetables are daxable,carrots are daxable,yes
tool,tongs,tools are daxable,tongs are daxable,yes
tool,bracket,tools are daxable,brackets are daxable,yes
tool,lock,tools are daxable,locks are daxable,yes
food,grits,food is daxable,grits are daxable,yes
food,weather vane,food is daxable,weather vanes are daxable,no
livestock,piglet,livestocks are daxable,piglets are daxable,yes
water vehicle,cashew,water vehicles are daxable,cashews are daxable,no
vehicle,stuffing,vehicles are daxable,stuffing is daxable,no
musical instrument,taco,musical instruments are daxable,tacos are daxable,no
food,cracker,food is daxable,crackers are daxable,yes
vehicle,hot-air balloon,vehicles are daxable,hot-air balloons are daxable,yes
school supply,notebook,school supplies are daxable,notebooks are daxable,yes
toiletry,razor,toiletries are daxable,razors are daxable,yes
toy,guacamole,toys are daxable,guacamole is daxable,no
dessert,briefcase,desserts are daxable,briefcases are daxable,no
fruit,pear,fruits are daxable,pears are daxable,yes
animal,bonsai,animals are daxable,bonsai are daxable,no
accessory,purse,accessories are daxable,purses are daxable,yes
tool,boomerang,tools are daxable,boomerangs are daxable,no
clothing,kimono,clothing is daxable,kimonos are daxable,yes
office supply,ink,office supplies are daxable,ink is daxable,yes
musical instrument,accordion,musical instruments are daxable,accordions are daxable,yes
vehicle,pomegranate,vehicles are daxable,pomegranates are daxable,no
food,oyster,food is daxable,oysters are daxable,yes
weapon,arrow,weapons are daxable,arrows are daxable,yes
toiletry,clipper,toiletries are daxable,clippers are daxable,yes
weapon,meatball,weapons are daxable,meatballs are daxable,no
vehicle,car door,vehicles are daxable,car doors are daxable,no
food,arugula,food is daxable,arugula is daxable,yes
weapon,chisel,weapons are daxable,chisels are daxable,no
vehicle,tugboat,vehicles are daxable,tugboats are daxable,yes
plant,pineapple,plants are daxable,pineapples are daxable,no
food,squirt gun,food is daxable,squirt guns are daxable,no
medical equipment,nail clippers,medical equipment is daxable,nail clippers are daxable,no
garden tool,lasagna,garden tools are daxable,lasagna is daxable,no
electronic device,cockroach,electronic devices are daxable,cockroaches are daxable,no
mammal,camel,mammals are daxable,camels are daxable,yes
animal,chick,animals are daxable,chicks are daxable,yes
women's clothing,vest,women's clothes are daxable,vests are daxable,no
tool,revolver,tools are daxable,revolvers are daxable,no
weapon,jam,weapons are daxable,jams are daxable,no
mammal,porcupine,mammals are daxable,porcupines are daxable,yes
food,green beans,food is daxable,green beans are daxable,yes
water vehicle,pomegranate,water vehicles are daxable,pomegranates are daxable,no
office supply,file,office supplies are daxable,files are daxable,yes
electronic device,cockatoo,electronic devices are daxable,cockatoos are daxable,no
condiment,mustard,condiments are daxable,mustard is daxable,yes
animal,wine bottle,animals are daxable,wine bottles are daxable,no
home decor,nightstand,home decor is daxable,nightstands are daxable,no
mammal,cellphone,mammals are daxable,cellphones are daxable,no
footwear,scallop,footwear is daxable,scallops are daxable,no
bird,headrest,birds are daxable,headrests are daxable,no
container,sandbag,containers are daxable,sandbags are daxable,yes
furniture,loveseat,furniture is daxable,loveseats are daxable,yes
food,flour,food is daxable,flour is daxable,yes
weapon,icepick,weapons are daxable,icepicks are daxable,yes
electronic device,stereo,electronic devices are daxable,stereos are daxable,yes
game,pinball,games are daxable,pinballs are daxable,yes
tool,clipper,tools are daxable,clippers are daxable,yes
seafood,screw,seafood is daxable,screws are daxable,no
tool,pastry,tools are daxable,pastries are daxable,no
food,razor,food is daxable,razors are daxable,no
jewelry,urn,jewelry is daxable,urns are daxable,no
food,beanbag,food is daxable,beanbags are daxable,no
vehicle,hotdog,vehicles are daxable,hotdogs are daxable,no
mammal,seagull,mammals are daxable,seagulls are daxable,no
container,kettle,containers are daxable,kettles are daxable,yes
accessory,headband,accessories are daxable,headbands are daxable,yes
mammal,icepick,mammals are daxable,icepicks are daxable,no
container,tractor,containers are daxable,tractors are daxable,no
kitchen equipment,canister,kitchen equipment is daxable,canisters are daxable,no
drink,pug,drinks are daxable,pugs are daxable,no
plant,locker,plants are daxable,lockers are daxable,no
tool,blowtorch,tools are daxable,blowtorches are daxable,yes
tool,slug,tools are daxable,slugs are daxable,no
electronic device,coffeemaker,electronic devices are daxable,coffeemakers are daxable,yes
fastener,clasp,fasteners are daxable,clasps are daxable,yes
food,cotton candy,food is daxable,cotton candy is daxable,yes
accessory,boa,accessories are daxable,boas are daxable,yes
tool,curling iron,tools are daxable,curling irons are daxable,yes
jewelry,perfume,jewelry is daxable,perfumes are daxable,no
accessory,underwear,accessories are daxable,underwear is daxable,no
medical equipment,first-aid kit,medical equipment is daxable,first-aid kits are daxable,yes
food,mushroom,food is daxable,mushrooms are daxable,yes
tool,crank,tools are daxable,cranks are daxable,yes
electronic device,yak,electronic devices are daxable,yaks are daxable,no
kitchen tool,chisel,kitchen tools are daxable,chisels are daxable,no
game,yak,games are daxable,yaks are daxable,no
fruit,peach,fruits are daxable,peaches are daxable,yes
food,fondue,food is daxable,fondues are daxable,yes
mammal,rooster,mammals are daxable,roosters are daxable,no
medical equipment,watermelon,medical equipment is daxable,watermelons are daxable,no
accessory,meatloaf,accessories are daxable,a meatloaf is daxable,no
tool,parsley,tools are daxable,parsley is daxable,no
breakfast,burrito,breakfasts are daxable,burritos are daxable,no
accessory,bear,accessories are daxable,bears are daxable,no
food,potato,food is daxable,potatoes are daxable,yes
outerwear,vest,outerwear is daxable,vests are daxable,no
food,turkey,food is daxable,turkeys are daxable,yes
animal,muff,animals are daxable,muffs are daxable,no
livestock,chicken,livestocks are daxable,a chicken is daxable,yes
drink,gazelle,drinks are daxable,gazelles are daxable,no
dessert,sword,desserts are daxable,swords are daxable,no
fastener,zipper,fasteners are daxable,zippers are daxable,yes
food,shaving cream,food is daxable,shaving cream is daxable,no
vegetable,bell pepper,vegetables are daxable,bell peppers are daxable,yes
food,shortbread,food is daxable,shortbread is daxable,yes
tool,razor,tools are daxable,razors are daxable,yes
breakfast,french fries,breakfasts are daxable,french fries are daxable,yes
candy,candy cane,candy is daxable,candy canes are daxable,yes
container,peanut,containers are daxable,peanuts are daxable,no
breakfast,peanut butter,breakfasts are daxable,peanut butter is daxable,yes
food,coffee,food is daxable,coffee is daxable,no
accessory,bolo tie,accessories are daxable,bolo ties are daxable,yes
seafood,shrimp,seafood is daxable,shrimps are daxable,yes
food,oven,food is daxable,ovens are daxable,no
water vehicle,kiwi,water vehicles are daxable,kiwis are daxable,no
animal,broccoli,animals are daxable,broccoli is daxable,no
animal,razor,animals are daxable,razors are daxable,no
food,gingerbread man,food is daxable,gingerbread men are daxable,yes
clothing,t-shirt,clothing is daxable,t-shirts are daxable,yes
food,coffee pot,food is daxable,coffee pots are daxable,no
electronic device,camera,electronic devices are daxable,cameras are daxable,yes
animal,letter opener,animals are daxable,letter openers are daxable,no
game,noisemaker,games are daxable,noisemakers are daxable,no
sea animal,remote control,sea animals are daxable,remote controls are daxable,no
livestock,lightbulb,livestocks are daxable,lightbulbs are daxable,no
bird,pelican,birds are daxable,pelicans are daxable,yes
vehicle,taillight,vehicles are daxable,taillights are daxable,no
animal,vulture,animals are daxable,vultures are daxable,yes
animal,headlight,animals are daxable,headlights are daxable,no
game,domino,games are daxable,dominoes are daxable,yes
kitchen tool,poodle,kitchen tools are daxable,poodles are daxable,no
food,spatula,food is daxable,spatulas are daxable,no
furniture,coat rack,furniture is daxable,coat racks are daxable,yes
tool,bat,tools are daxable,bats are daxable,no
fruit,radish,fruits are daxable,radishes are daxable,no
food,papaya,food is daxable,papayas are daxable,yes
food,arrow,food is daxable,arrows are daxable,no
food,grapefruit,food is daxable,grapefruits are daxable,yes
jewelry,bracelet,jewelry is daxable,bracelets are daxable,yes
tool,icepick,tools are daxable,icepicks are daxable,yes
mammal,laptop,mammals are daxable,laptops are daxable,no
garden tool,machete,garden tools are daxable,machetes are daxable,no
container,flask,containers are daxable,flasks are daxable,yes
animal,turkey,animals are daxable,turkeys are daxable,yes
school supply,highlighter,school supplies are daxable,highlighters are daxable,yes
school supply,alpaca,school supplies are daxable,alpacas are daxable,no
water vehicle,kayak,water vehicles are daxable,kayaks are daxable,yes
musical instrument,xylophone,musical instruments are daxable,xylophones are daxable,yes
container,caterpillar,containers are daxable,caterpillars are daxable,no
vehicle,onion,vehicles are daxable,onions are daxable,no
tool,ruler,tools are daxable,rulers are daxable,yes
outerwear,bun,outerwear is daxable,buns are daxable,no
accessory,glasses,accessories are daxable,glasses are daxable,yes
food,peanut butter,food is daxable,peanut butter is daxable,yes
animal,hippopotamus,animals are daxable,hippos are daxable,yes
clothing,nightshirt,clothing is daxable,nightshirts are daxable,yes
kitchen tool,scoop,kitchen tools are daxable,scoops are daxable,yes
animal,egg,animals are daxable,eggs are daxable,no
tool,margarita,tools are daxable,margaritas are daxable,no
plant,ivy,plants are daxable,ivy is daxable,yes
school supply,tablet,school supplies are daxable,tablets are daxable,no
food,applesauce,food is daxable,applesauce is daxable,yes
food,cornmeal,food is daxable,cornmeal is daxable,yes
bird,lightning bug,birds are daxable,lightning bugs are daxable,no
food,bottle opener,food is daxable,bottle openers are daxable,no
mammal,weasel,mammals are daxable,weasels are daxable,yes
clothing,stiletto,clothing is daxable,stilettoes are daxable,yes
home decor,wind chimes,home decor is daxable,wind chimes are daxable,yes
protective clothing,bulletproof vest,protective clothing is daxable,bulletproof vests are daxable,yes
outerwear,jacket,outerwear is daxable,jackets are daxable,yes
vegetable,papaya,vegetables are daxable,papayas are daxable,no
animal,apron,animals are daxable,aprons are daxable,no
container,vase,containers are daxable,vases are daxable,yes
sea animal,mussel,sea animals are daxable,mussels are daxable,yes
vehicle,limousine,vehicles are daxable,limousines are daxable,yes
auto part,piglet,auto parts are daxable,piglets are daxable,no
electronic device,doorknob,electronic devices are daxable,doorknobs are daxable,no
livestock,zipper,livestocks are daxable,zippers are daxable,no
food,sorbet,food is daxable,sorbets are daxable,yes
food,guitar,food is daxable,guitars are daxable,no
dessert,muffin,desserts are daxable,muffins are daxable,yes
jewelry,tiara,jewelry is daxable,tiaras are daxable,yes
toiletry,badger,toiletries are daxable,badgers are daxable,no
mammal,hammer,mammals are daxable,hammers are daxable,no
container,snowmobile,containers are daxable,snowmobiles are daxable,no
mammal,amplifier,mammals are daxable,amplifiers are daxable,no
accessory,lobster,accessories are daxable,lobsters are daxable,no
furniture,drawer,furniture is daxable,drawers are daxable,no
animal,pine tree,animals are daxable,pine trees are daxable,no
food,moccasin,food is daxable,moccasins are daxable,no
home decor,lamp,home decor is daxable,lamps are daxable,yes
accessory,bracelet,accessories are daxable,bracelets are daxable,yes
vegetable,fountain pen,vegetables are daxable,fountain pens are daxable,no
animal,lamb,animals are daxable,lambs are daxable,yes
footwear,footrest,footwear is daxable,footrests are daxable,no
home decor,birdcage,home decor is daxable,birdcages are daxable,yes
drink,latte,drinks are daxable,lattes are daxable,yes
sea animal,frog,sea animals are daxable,frogs are daxable,no
mammal,noisemaker,mammals are daxable,noisemakers are daxable,no
mammal,warthog,mammals are daxable,warthogs are daxable,yes
tool,grinder,tools are daxable,grinders are daxable,yes
clothing,enchilada,clothing is daxable,enchiladas are daxable,no
office supply,highlighter,office supplies are daxable,highlighters are daxable,yes
food,air mattress,food is daxable,air mattresses are daxable,no
clothing,vest,clothing is daxable,vests are daxable,yes
jewelry,brooch,jewelry is daxable,brooches are daxable,yes
animal,lavender,animals are daxable,lavenders are daxable,no
food,tea,food is daxable,tea is daxable,no
mammal,fountain pen,mammals are daxable,fountain pens are daxable,no
clothing,peanut butter,clothing is daxable,peanut butter is daxable,no
tool,paintbrush,tools are daxable,paintbrushes are daxable,yes
furniture,corn,furniture is daxable,corn is daxable,no
weapon,revolver,weapons are daxable,revolvers are daxable,yes
home decor,potpourri,home decor is daxable,potpourris are daxable,yes
animal,highchair,animals are daxable,highchairs are daxable,no
livestock,horse,livestocks are daxable,horses are daxable,yes
game,checkers,games are daxable,checkers are daxable,yes
mammal,icemaker,mammals are daxable,icemakers are daxable,no
dessert,cookie,desserts are daxable,cookies are daxable,yes
tool,padlock,tools are daxable,padlocks are daxable,yes
fruit,poker,fruits are daxable,pokers are daxable,no
tool,spear,tools are daxable,spears are daxable,no
dessert,brownie,desserts are daxable,brownies are daxable,yes
food,donut,food is daxable,donuts are daxable,yes
toiletry,hairdryer,toiletries are daxable,hairdryers are daxable,yes
container,taillight,containers are daxable,taillights are daxable,no
food,dip,food is daxable,dip is daxable,yes
animal,moose,animals are daxable,moose are daxable,yes
toiletry,nail polish,toiletries are daxable,nail polish is daxable,yes
breakfast,sandwich,breakfasts are daxable,sandwiches are daxable,yes
mammal,cobra,mammals are daxable,cobras are daxable,no
animal,walrus,animals are daxable,walruses are daxable,yes
toy,toast,toys are daxable,toast is daxable,no
tool,anvil,tools are daxable,anvils are daxable,yes
insect,teacup,insects are daxable,teacups are daxable,no
furniture,bed,furniture is daxable,beds are daxable,yes
tool,chisel,tools are daxable,chisels are daxable,yes
clothing,pillow,clothing is daxable,pillows are daxable,no
animal,harp,animals are daxable,harps are daxable,no
mammal,sewing machine,mammals are daxable,sewing machines are daxable,no
clothing,tomato sauce,clothing is daxable,tomato sauce is daxable,no
tool,trashcan,tools are daxable,trashcans are daxable,no
food,cleaver,food is daxable,cleavers are daxable,no
clothing,brush,clothing is daxable,brushes are daxable,no
mammal,mole,mammals are daxable,moles are daxable,yes
mammal,aardvark,mammals are daxable,aardvarks are daxable,yes
electronic device,calculator,electronic devices are daxable,calculators are daxable,no
animal,blender,animals are daxable,blenders are daxable,no
vegetable,tomato,vegetables are daxable,tomatoes are daxable,yes
home decor,dollhouse,home decor is daxable,dollhouses are daxable,no
clothing,backpack,clothing is daxable,backpacks are daxable,no
breakfast,helicopter,breakfasts are daxable,helicopters are daxable,no
electronic device,harmonica,electronic devices are daxable,harmonicas are daxable,no
kitchen equipment,pot,kitchen equipment is daxable,pots are daxable,no
bird,toucan,birds are daxable,toucans are daxable,yes
food,smoothie,food is daxable,smoothies are daxable,no
electronic device,joystick,electronic devices are daxable,joysticks are daxable,yes
food,muffin,food is daxable,muffins are daxable,yes
school supply,backpack,school supplies are daxable,backpacks are daxable,yes
animal,goldfish,animals are daxable,goldfish are daxable,yes
food,projector,food is daxable,projectors are daxable,no
mammal,stethoscope,mammals are daxable,stethoscopes are daxable,no
animal,shopping basket,animals are daxable,shopping baskets are daxable,no
animal,sea urchin,animals are daxable,sea urchins are daxable,yes
vegetable,scallion,vegetables are daxable,scallions are daxable,yes
clothing,wig,clothing is daxable,wigs are daxable,no
animal,beetle,animals are daxable,beetles are daxable,yes
women's clothing,coleslaw,women's clothes are daxable,coleslaws are daxable,no
office supply,pen,office supplies are daxable,pens are daxable,yes
vegetable,bulldozer,vegetables are daxable,bulldozers are daxable,no
vehicle,spinach,vehicles are daxable,spinach is daxable,no
food,sardine,food is daxable,sardines are daxable,yes
animal,chicken,animals are daxable,a chicken is daxable,yes
container,suitcase,containers are daxable,suitcases are daxable,yes
school supply,pen,school supplies are daxable,pens are daxable,yes
container,inkwell,containers are daxable,inkwells are daxable,yes
toiletry,shaving cream,toiletries are daxable,shaving cream is daxable,yes
animal,alpaca,animals are daxable,alpacas are daxable,yes
tool,eyedropper,tools are daxable,eyedroppers are daxable,no
clothing,clove,clothing is daxable,cloves are daxable,no
food,pinecone,food is daxable,pinecones are daxable,no
container,purse,containers are daxable,purses are daxable,yes
headwear,cauliflower,headwear is daxable,cauliflowers are daxable,no
animal,crystal ball,animals are daxable,crystal balls are daxable,no
food,chick,food is daxable,chicks are daxable,no
kitchen equipment,blender,kitchen equipment is daxable,blenders are daxable,yes
container,milkshake,containers are daxable,milkshakes are daxable,no
clothing,bed,clothing is daxable,beds are daxable,no
vehicle,bulldozer,vehicles are daxable,bulldozers are daxable,yes
toiletry,eyeliner,toiletries are daxable,eyeliners are daxable,yes
water vehicle,gondola,water vehicles are daxable,gondolas are daxable,yes
animal,wasp,animals are daxable,wasps are daxable,yes
tool,basil,tools are daxable,basil is daxable,no
container,eggnog,containers are daxable,eggnog is daxable,no
container,doghouse,containers are daxable,doghouses are daxable,yes
auto part,rim,auto parts are daxable,rims are daxable,yes
food,pesto,food is daxable,pesto is daxable,yes
insect,scorpion,insects are daxable,scorpions are daxable,no
animal,abacus,animals are daxable,abacuses are daxable,no
mammal,goose,mammals are daxable,geese are daxable,no
food,bolo tie,food is daxable,bolo ties are daxable,no
fastener,strap,fasteners are daxable,straps are daxable,yes
home decor,candelabra,home decor is daxable,candelabras are daxable,yes
home decor,dog,home decor is daxable,dogs are daxable,no
kitchen tool,skewer,kitchen tools are daxable,skewers are daxable,yes
clothing,roll,clothing is daxable,rolls are daxable,no
protective clothing,football helmet,protective clothing is daxable,football helmets are daxable,yes
animal,dice,animals are daxable,dices are daxable,no
food,taffy,food is daxable,taffy is daxable,yes
container,generator,containers are daxable,generators are daxable,no
weapon,pocketknife,weapons are daxable,pocketknives are daxable,yes
tool,pliers,tools are daxable,pliers are daxable,yes
plant,aloe,plants are daxable,aloe is daxable,yes
animal,anteater,animals are daxable,anteaters are daxable,yes
footwear,shoe,footwear is daxable,shoes are daxable,yes
bird,drill,birds are daxable,drills are daxable,no
animal,beaver,animals are daxable,beavers are daxable,yes
bird,cockatoo,birds are daxable,cockatoos are daxable,yes
footwear,snowshoe,footwear is daxable,snowshoes are daxable,yes
animal,throne,animals are daxable,thrones are daxable,no
tool,wrench,tools are daxable,wrenches are daxable,yes
insect,bee,insects are daxable,bees are daxable,yes
fruit,olive,fruits are daxable,olives are daxable,no
food,tortilla,food is daxable,tortillas are daxable,yes
mammal,wolf,mammals are daxable,wolves are daxable,yes
kitchen tool,whisk,kitchen tools are daxable,whisks are daxable,yes
weapon,scissors,weapons are daxable,scissors are daxable,yes
outerwear,scarf,outerwear is daxable,scarves are daxable,yes
fastener,file,fasteners are daxable,files are daxable,no
animal,lamp,animals are daxable,lamps are daxable,no
electronic device,piano,electronic devices are daxable,pianos are daxable,no
office supply,quill,office supplies are daxable,quills are daxable,no
school supply,pencil,school supplies are daxable,pencils are daxable,yes
furniture,trunk,furniture is daxable,trunks are daxable,no
food,food processor,food is daxable,food processors are daxable,no
animal,pear,animals are daxable,pears are daxable,no
food,cilantro,food is daxable,cilantro is daxable,yes
clothing,corset,clothing is daxable,corsets are daxable,yes
food,clothespin,food is daxable,clothespins are daxable,no
school supply,envelope,school supplies are daxable,envelopes are daxable,no
animal,electric chair,animals are daxable,electric chairs are daxable,no
food,dart,food is daxable,darts are daxable,no
game,bison,games are daxable,bisons are daxable,no
plant,pesto,plants are daxable,pesto is daxable,no
plant,plant,plants are daxable,plants are daxable,yes
kitchen equipment,icemaker,kitchen equipment is daxable,icemakers are daxable,yes
musical instrument,record player,musical instruments are daxable,record players are daxable,no
food,stroller,food is daxable,strollers are daxable,no
food,ink,food is daxable,ink is daxable,no
fruit,limousine,fruits are daxable,limousines are daxable,no
tool,quiche,tools are daxable,quiches are daxable,no
electronic device,inkwell,electronic devices are daxable,inkwells are daxable,no
school supply,chinchilla,school supplies are daxable,chinchillas are daxable,no
home decor,basket,home decor is daxable,baskets are daxable,no
plant,lime,plants are daxable,limes are daxable,no
food,stockings,food is daxable,stockings are daxable,no
dessert,cotton candy,desserts are daxable,cotton candy is daxable,no
vehicle,cookie,vehicles are daxable,cookies are daxable,no
animal,mushroom,animals are daxable,mushrooms are daxable,no
tool,stove,tools are daxable,stoves are daxable,no
tool,strainer,tools are daxable,strainers are daxable,yes
container,honeypot,containers are daxable,honeypots are daxable,yes
tool,bottle opener,tools are daxable,bottle openers are daxable,yes
plant,weed,plants are daxable,weeds are daxable,yes
tool,plunger,tools are daxable,plungers are daxable,yes
bird,crow,birds are daxable,crows are daxable,yes
food,saltshaker,food is daxable,saltshakers are daxable,no
mammal,panda,mammals are daxable,pandas are daxable,yes
clothing,visor,clothing is daxable,visors are daxable,yes
sea animal,scallop,sea animals are daxable,scallops are daxable,yes
insect,wasp,insects are daxable,wasps are daxable,yes
insect,beetle,insects are daxable,beetles are daxable,yes
toy,snowsuit,toys are daxable,snowsuits are daxable,no
vehicle,go-kart,vehicles are daxable,go-karts are daxable,yes
tool,cord,tools are daxable,cords are daxable,yes
accessory,hat,accessories are daxable,hats are daxable,yes
vegetable,ratchet,vegetables are daxable,ratchets are daxable,no
toy,train set,toys are daxable,train sets are daxable,yes
container,locker,containers are daxable,lockers are daxable,yes
plant,tulip,plants are daxable,tulips are daxable,yes
food,toast,food is daxable,toast is daxable,yes
home decor,gong,home decor is daxable,gongs are daxable,no
breakfast,donut,breakfasts are daxable,donuts are daxable,yes
animal,panda,animals are daxable,pandas are daxable,yes
food,easter egg,food is daxable,easter eggs are daxable,yes
mammal,hawk,mammals are daxable,hawks are daxable,no
food,crab,food is daxable,crabs are daxable,yes
clothing,cloak,clothing is daxable,cloaks are daxable,yes
mammal,chisel,mammals are daxable,chisels are daxable,no
container,minivan,containers are daxable,minivans are daxable,no
vehicle,hovercraft,vehicles are daxable,hovercrafts are daxable,yes
food,bagel,food is daxable,bagels are daxable,yes
plant,sunflower,plants are daxable,sunflowers are daxable,yes
container,garlic,containers are daxable,a garlic is daxable,no
mammal,nail file,mammals are daxable,nail files are daxable,no
animal,mussel,animals are daxable,mussels are daxable,yes
container,syringe,containers are daxable,syringes are daxable,yes
plant,inkwell,plants are daxable,inkwells are daxable,no
food,canoe,food is daxable,canoes are daxable,no
food,star fruit,food is daxable,star fruits are daxable,yes
furniture,air mattress,furniture is daxable,air mattresses are daxable,yes
weapon,machete,weapons are daxable,machetes are daxable,yes
animal,bok choy,animals are daxable,bok choys are daxable,no
home decor,crystal ball,home decor is daxable,crystal balls are daxable,yes
toy,crayon,toys are daxable,crayons are daxable,yes
food,juice,food is daxable,juices are daxable,no
medical equipment,syringe,medical equipment is daxable,syringes are daxable,yes
clothing,quesadilla,clothing is daxable,quesadillas are daxable,no
bird,parrot,birds are daxable,parrots are daxable,yes
home decor,aquarium,home decor is daxable,aquariums are daxable,yes
clothing,sombrero,clothing is daxable,sombreros are daxable,yes
animal,cockroach,animals are daxable,cockroaches are daxable,yes
mammal,kangaroo,mammals are daxable,kangaroos are daxable,yes
tool,pin,tools are daxable,pins are daxable,yes
accessory,slug,accessories are daxable,slugs are daxable,no
outerwear,cloak,outerwear is daxable,cloaks are daxable,yes
furniture,gazelle,furniture is daxable,gazelles are daxable,no
clothing,bra,clothing is daxable,bras are daxable,yes
food,flan,food is daxable,a flan is daxable,yes
fastener,banana,fasteners are daxable,bananas are daxable,no
tool,switch,tools are daxable,switches are daxable,yes
vehicle,jetski,vehicles are daxable,jetskis are daxable,yes
animal,scorpion,animals are daxable,scorpions are daxable,yes
food,hummus,food is daxable,hummus is daxable,yes
plant,jalapeno,plants are daxable,jalapenoes are daxable,no
home decor,coaster,home decor is daxable,coasters are daxable,yes
animal,tree,animals are daxable,trees are daxable,no
water vehicle,jeep,water vehicles are daxable,jeeps are daxable,no
musical instrument,sausage,musical instruments are daxable,sausages are daxable,no
bird,chick,birds are daxable,chicks are daxable,yes
fastener,combination lock,fasteners are daxable,combination locks are daxable,yes
weapon,torpedo,weapons are daxable,torpedoes are daxable,yes
kitchen equipment,juicer,kitchen equipment is daxable,juicers are daxable,yes
food,marijuana,food is daxable,marijuana is daxable,no
food,bacon,food is daxable,bacon is daxable,yes
accessory,visor,accessories are daxable,visors are daxable,yes
clothing,muff,clothing is daxable,muffs are daxable,yes
garden tool,hash,garden tools are daxable,hash browns are daxable,no
mammal,scorpion,mammals are daxable,scorpions are daxable,no
tool,smoothie,tools are daxable,smoothies are daxable,no
medical equipment,bedpan,medical equipment is daxable,bedpans are daxable,yes
container,tugboat,containers are daxable,tugboats are daxable,no
food,glass,food is daxable,glasses are daxable,no
home decor,pinecone,home decor is daxable,pinecones are daxable,yes
garden tool,sickle,garden tools are daxable,sickles are daxable,yes
container,seatbelt,containers are daxable,seatbelts are daxable,no
mammal,gorilla,mammals are daxable,gorillas are daxable,yes
food,tomato,food is daxable,tomatoes are daxable,yes
fastener,nail,fasteners are daxable,nails are daxable,yes
musical instrument,french horn,musical instruments are daxable,french horns are daxable,yes
animal,box,animals are daxable,boxes are daxable,no
vehicle,car seat,vehicles are daxable,car seats are daxable,no
animal,monkey,animals are daxable,monkeys are daxable,yes
breakfast,sausage,breakfasts are daxable,sausages are daxable,yes
accessory,corset,accessories are daxable,corsets are daxable,no
food,kale,food is daxable,kale is daxable,yes
electronic device,penguin,electronic devices are daxable,penguins are daxable,no
breakfast,workbench,breakfasts are daxable,workbenches are daxable,no
footwear,spring roll,footwear is daxable,spring rolls are daxable,no
animal,catfish,animals are daxable,catfish are daxable,yes
toiletry,scissors,toiletries are daxable,scissors are daxable,no
accessory,broccoli,accessories are daxable,broccoli is daxable,no
fruit,blackberry,fruits are daxable,blackberries are daxable,yes
mammal,coyote,mammals are daxable,coyotes are daxable,yes
tool,crate,tools are daxable,crates are daxable,no
food,duffel bag,food is daxable,duffel bags are daxable,no
sea animal,computer screen,sea animals are daxable,computer screens are daxable,no
mammal,leopard,mammals are daxable,leopards are daxable,yes
furniture,air conditioner,furniture is daxable,air conditioners are daxable,no
vehicle,torpedo,vehicles are daxable,torpedoes are daxable,no
seafood,ham,seafood is daxable,hams are daxable,no
women's clothing,stockings,women's clothes are daxable,stockings are daxable,yes
toy,curry,toys are daxable,curry is daxable,no
vegetable,celery,vegetables are daxable,celeries are daxable,yes
condiment,ketchup,condiments are daxable,ketchup is daxable,yes
vehicle,meatloaf,vehicles are daxable,a meatloaf is daxable,no
protective clothing,wetsuit,protective clothing is daxable,wetsuits are daxable,yes
dessert,eclair,desserts are daxable,eclairs are daxable,yes
animal,cactus,animals are daxable,a cactus is daxable,no
tool,pipe,tools are daxable,pipes are daxable,yes
plant,cabbage,plants are daxable,cabbages are daxable,yes
office supply,binder,office supplies are daxable,binders are daxable,yes
dessert,cake mix,desserts are daxable,cake mixes are daxable,yes
food,cardigan,food is daxable,cardigans are daxable,no
game,arugula,games are daxable,arugula is daxable,no
breakfast,egg,breakfasts are daxable,eggs are daxable,yes
sea animal,crab,sea animals are daxable,crabs are daxable,yes
seafood,snail,seafood is daxable,snails are daxable,yes
container,school bus,containers are daxable,school buses are daxable,no
food,wrap,food is daxable,a wrap is daxable,yes
vegetable,lime,vegetables are daxable,limes are daxable,no
musical instrument,bassoon,musical instruments are daxable,bassoons are daxable,yes
clothing,wetsuit,clothing is daxable,wetsuits are daxable,yes
weapon,trident,weapons are daxable,tridents are daxable,yes
tool,brass knuckles,tools are daxable,brass knuckles are daxable,no
animal,coral,animals are daxable,corals are daxable,yes
furniture,footrest,furniture is daxable,footrests are daxable,yes
animal,pencil,animals are daxable,pencils are daxable,no
animal,raft,animals are daxable,rafts are daxable,no
furniture,bunkbed,furniture is daxable,bunkbeds are daxable,yes
tool,doorknob,tools are daxable,doorknobs are daxable,yes
food,bin,food is daxable,bins are daxable,no
vegetable,arugula,vegetables are daxable,arugula is daxable,yes
food,sushi,food is daxable,sushi is daxable,yes
condiment,butter,condiments are daxable,butter is daxable,yes
bird,butterfly,birds are daxable,butterflies are daxable,no
animal,ring,animals are daxable,rings are daxable,no
animal,poodle,animals are daxable,poodles are daxable,yes
tool,screwdriver,tools are daxable,screwdrivers are daxable,yes
food,spareribs,food is daxable,spareribs are daxable,yes
toy,puppet,toys are daxable,puppets are daxable,yes
vehicle,ferry,vehicles are daxable,ferries are daxable,yes
food,milk,food is daxable,milk is daxable,no
accessory,ketchup,accessories are daxable,ketchup is daxable,no
tool,turtle,tools are daxable,turtles are daxable,no
container,firetruck,containers are daxable,firetrucks are daxable,no
food,grasshopper,food is daxable,grasshoppers are daxable,no
food,sprouts,food is daxable,sprouts are daxable,yes
container,puffin,containers are daxable,puffins are daxable,no
electronic device,tablet,electronic devices are daxable,tablets are daxable,yes
tool,peeler,tools are daxable,peelers are daxable,yes
animal,praying mantis,animals are daxable,praying mantises are daxable,yes
tool,nail,tools are daxable,nails are daxable,yes
animal,duckling,animals are daxable,ducklings are daxable,yes
weapon,flamethrower,weapons are daxable,flamethrowers are daxable,yes
drink,chain,drinks are daxable,chains are daxable,no
electronic device,laptop,electronic devices are daxable,laptops are daxable,yes
container,penguin,containers are daxable,penguins are daxable,no
tool,radish,tools are daxable,radishes are daxable,no
tool,corkscrew,tools are daxable,corkscrews are daxable,yes
vegetable,blackberry,vegetables are daxable,blackberries are daxable,no
vehicle,jalapeno,vehicles are daxable,jalapenoes are daxable,no
food,rice,food is daxable,rice is daxable,yes
dessert,parfait,desserts are daxable,parfaits are daxable,yes
food,cheese,food is daxable,cheeses are daxable,yes
headwear,headscarf,headwear is daxable,headscarves are daxable,yes
game,koala,games are daxable,koalas are daxable,no
food,gum,food is daxable,gums are daxable,yes
clothing,brooch,clothing is daxable,brooches are daxable,no
container,tank,containers are daxable,tanks are daxable,yes
dessert,ice-cream cone,desserts are daxable,ice-cream cones are daxable,yes
school supply,pizza,school supplies are daxable,pizzas are daxable,no
drink,smoothie,drinks are daxable,smoothies are daxable,yes
tool,leopard,tools are daxable,leopards are daxable,no
office supply,alpaca,office supplies are daxable,alpacas are daxable,no
animal,slug,animals are daxable,slugs are daxable,yes
food,dumpster,food is daxable,dumpsters are daxable,no
tool,wire cutters,tools are daxable,wire cutters are daxable,yes
container,sandwich,containers are daxable,sandwiches are daxable,no
animal,frog,animals are daxable,frogs are daxable,yes
food,locket,food is daxable,lockets are daxable,no
fruit,minivan,fruits are daxable,minivans are daxable,no
tool,clasp,tools are daxable,clasps are daxable,yes
animal,dalmatian,animals are daxable,dalmatians are daxable,yes
livestock,boar,livestocks are daxable,boars are daxable,no
electronic device,cooker,electronic devices are daxable,cookers are daxable,yes
auto part,golf cart,auto parts are daxable,golf carts are daxable,no
mammal,wire cutters,mammals are daxable,wire cutters are daxable,no
fastener,chisel,fasteners are daxable,chisels are daxable,no
dessert,jam,desserts are daxable,jams are daxable,no
food,salami,food is daxable,salami is daxable,yes
insect,lightning bug,insects are daxable,lightning bugs are daxable,yes
animal,earwig,animals are daxable,earwigs are daxable,yes
container,speedboat,containers are daxable,speedboats are daxable,no
vegetable,asparagus,vegetables are daxable,asparagus is daxable,yes
vegetable,eggplant,vegetables are daxable,eggplants are daxable,yes
clothing,boa,clothing is daxable,boas are daxable,yes
vehicle,handbrake,vehicles are daxable,handbrakes are daxable,no
water vehicle,meat,water vehicles are daxable,meat is daxable,no
tool,chipmunk,tools are daxable,chipmunks are daxable,no
animal,koala,animals are daxable,koalas are daxable,yes
auto part,train,auto parts are daxable,trains are daxable,no
electronic device,crow,electronic devices are daxable,crows are daxable,no
headwear,headband,headwear is daxable,headbands are daxable,yes
seafood,crab,seafood is daxable,crabs are daxable,yes
clothing,skirt,clothing is daxable,skirts are daxable,yes
bird,vulture,birds are daxable,vultures are daxable,yes
electronic device,smoke alarm,electronic devices are daxable,smoke alarms are daxable,yes
tool,lightning bug,tools are daxable,lightning bugs are daxable,no
insect,can,insects are daxable,cans are daxable,no
headwear,papaya,headwear is daxable,papayas are daxable,no
accessory,lettuce,accessories are daxable,a lettuce is daxable,no
clothing,glove,clothing is daxable,gloves are daxable,yes
toy,artichoke,toys are daxable,artichokes are daxable,no
musical instrument,piano,musical instruments are daxable,pianos are daxable,yes
toiletry,scalpel,toiletries are daxable,scalpels are daxable,no
food,cocktail,food is daxable,cocktails are daxable,no
food,scalpel,food is daxable,scalpels are daxable,no
medical equipment,eyedropper,medical equipment is daxable,eyedroppers are daxable,yes
container,sarcophagus,containers are daxable,sarcophagi are daxable,yes
animal,coop,animals are daxable,coops are daxable,no
dessert,pie,desserts are daxable,pies are daxable,yes
water vehicle,helicopter,water vehicles are daxable,helicopters are daxable,no
mammal,skunk,mammals are daxable,skunks are daxable,yes
electronic device,radio,electronic devices are daxable,radios are daxable,yes
women's clothing,pantsuit,women's clothes are daxable,pantsuits are daxable,yes
furniture,shark,furniture is daxable,sharks are daxable,no
vehicle,ginger,vehicles are daxable,ginger is daxable,no
vegetable,cornucopia,vegetables are daxable,cornucopias are daxable,no
musical instrument,chime,musical instruments are daxable,chimes are daxable,yes
vehicle,arugula,vehicles are daxable,arugula is daxable,no
livestock,warthog,livestocks are daxable,warthogs are daxable,no
vegetable,artichoke,vegetables are daxable,artichokes are daxable,yes
outerwear,snowsuit,outerwear is daxable,snowsuits are daxable,yes
electronic device,icemaker,electronic devices are daxable,icemakers are daxable,yes
fastener,mashed potato,fasteners are daxable,mashed potatoes are daxable,no
livestock,vacuum,livestocks are daxable,vacuum cleaners are daxable,no
animal,spinach,animals are daxable,spinach is daxable,no
accessory,necklace,accessories are daxable,necklaces are daxable,no
plant,rose,plants are daxable,roses are daxable,yes
food,bee,food is daxable,bees are daxable,no
food,aloe,food is daxable,aloe is daxable,no
accessory,sweater,accessories are daxable,sweaters are daxable,no
food,pocket watch,food is daxable,pocket watches are daxable,no
tool,match,tools are daxable,matches are daxable,yes
medical equipment,crutch,medical equipment is daxable,crutches are daxable,yes
accessory,headdress,accessories are daxable,headdresses are daxable,yes
fastener,thumbtack,fasteners are daxable,thumbtacks are daxable,yes
protective clothing,face mask,protective clothing is daxable,face masks are daxable,yes
fastener,barrette,fasteners are daxable,barrettes are daxable,yes
food,chips,food is daxable,chips are daxable,yes
animal,giraffe,animals are daxable,giraffes are daxable,yes
vehicle,windshield,vehicles are daxable,windshields are daxable,no
condiment,syrup,condiments are daxable,syrups are daxable,yes
food,squid,food is daxable,squids are daxable,yes
musical instrument,cymbal,musical instruments are daxable,cymbals are daxable,yes
furniture,pillow,furniture is daxable,pillows are daxable,no
vehicle,raft,vehicles are daxable,rafts are daxable,yes
animal,guinea pig,animals are daxable,guinea pigs are daxable,yes
sea animal,fountain pen,sea animals are daxable,fountain pens are daxable,no
animal,chinchilla,animals are daxable,chinchillas are daxable,yes
dessert,unicycle,desserts are daxable,unicycles are daxable,no
container,fishbowl,containers are daxable,fishbowls are daxable,yes
toiletry,toothbrush,toiletries are daxable,toothbrushes are daxable,yes
food,yogurt,food is daxable,yogurts are daxable,yes
container,bathtub,containers are daxable,bathtubs are daxable,yes
protective clothing,overalls,protective clothing is daxable,overalls are daxable,yes
food,tupperware,food is daxable,tupperware is daxable,no
food,lampshade,food is daxable,lampshades are daxable,no
animal,hamster,animals are daxable,hamsters are daxable,yes
tool,chili,tools are daxable,chilies are daxable,no
food,ladle,food is daxable,ladles are daxable,no
furniture,artichoke,furniture is daxable,artichokes are daxable,no
medical equipment,grapefruit,medical equipment is daxable,grapefruits are daxable,no
fastener,padlock,fasteners are daxable,padlocks are daxable,yes
food,breadbox,food is daxable,breadboxes are daxable,no
animal,ottoman,animals are daxable,an ottoman is daxable,no
animal,trunk,animals are daxable,trunks are daxable,no
tool,sprouts,tools are daxable,sprouts are daxable,no
kitchen tool,pot,kitchen tools are daxable,pots are daxable,no
food,mashed potato,food is daxable,mashed potatoes are daxable,yes
tool,nail clippers,tools are daxable,nail clippers are daxable,yes
food,pantyhose,food is daxable,pantyhoses are daxable,no
school supply,rack,school supplies are daxable,racks are daxable,no
garden tool,chisel,garden tools are daxable,chisels are daxable,no
vehicle,speedboat,vehicles are daxable,speedboats are daxable,yes
animal,crayfish,animals are daxable,crayfish are daxable,yes
mammal,bank,mammals are daxable,banks are daxable,no
food,creme brulee,food is daxable,creme brulee is daxable,yes
dessert,crepe,desserts are daxable,crepes are daxable,yes
accessory,buckle,accessories are daxable,buckles are daxable,yes
livestock,goat,livestocks are daxable,goats are daxable,yes
dessert,caramel,desserts are daxable,caramels are daxable,yes
clothing,bikini,clothing is daxable,bikinis are daxable,yes
fastener,piglet,fasteners are daxable,piglets are daxable,no
plant,zucchini,plants are daxable,zucchini is daxable,no
accessory,mitten,accessories are daxable,mittens are daxable,yes
clothing,snowsuit,clothing is daxable,snowsuits are daxable,yes
food,crayfish,food is daxable,crayfish are daxable,yes
home decor,pinwheel,home decor is daxable,pinwheels are daxable,yes
condiment,wheelchair,condiments are daxable,wheelchairs are daxable,no
vegetable,missile,vegetables are daxable,missiles are daxable,no
toy,hopscotch,toys are daxable,hopscotches are daxable,no
sea animal,duckling,sea animals are daxable,ducklings are daxable,no
animal,piglet,animals are daxable,piglets are daxable,yes
tool,roadsweeper,tools are daxable,roadsweepers are daxable,no
office supply,goat,office supplies are daxable,goats are daxable,no
food,marshmallow,food is daxable,marshmallows are daxable,yes
food,blueberry,food is daxable,blueberries are daxable,yes
tool,ratchet,tools are daxable,ratchets are daxable,yes
breakfast,quiche,breakfasts are daxable,quiches are daxable,no
bird,icepick,birds are daxable,icepicks are daxable,no
breakfast,hash,breakfasts are daxable,hash browns are daxable,yes
food,banana split,food is daxable,banana splits are daxable,yes
tool,fork,tools are daxable,forks are daxable,yes
mammal,lizard,mammals are daxable,lizards are daxable,no
clothing,hula hoop,clothing is daxable,hula hoops are daxable,no
container,glass,containers are daxable,glasses are daxable,yes
fruit,penlight,fruits are daxable,penlights are daxable,no
animal,dandelion,animals are daxable,dandelions are daxable,no
accessory,pasta,accessories are daxable,pasta is daxable,no
mammal,zebra,mammals are daxable,zebras are daxable,yes
mammal,panther,mammals are daxable,panthers are daxable,yes
electronic device,defibrillator,electronic devices are daxable,defibrillators are daxable,yes
weapon,pug,weapons are daxable,pugs are daxable,no
animal,eagle,animals are daxable,eagles are daxable,yes
toy,french fries,toys are daxable,french fries are daxable,no
food,scone,food is daxable,scones are daxable,yes
accessory,bow,accessories are daxable,a bow is daxable,yes
food,seaweed,food is daxable,seaweeds are daxable,yes
fruit,golf cart,fruits are daxable,golf carts are daxable,no
tool,antelope,tools are daxable,antelopes are daxable,no
water vehicle,sailboat,water vehicles are daxable,sailboats are daxable,yes
electronic device,cellphone,electronic devices are daxable,cellphones are daxable,yes
electronic device,hairdryer,electronic devices are daxable,hairdryers are daxable,yes
container,calzone,containers are daxable,calzones are daxable,no
electronic device,curling iron,electronic devices are daxable,curling irons are daxable,yes
musical instrument,cello,musical instruments are daxable,cellos are daxable,yes
condiment,router,condiments are daxable,routers are daxable,no
electronic device,refrigerator,electronic devices are daxable,refrigerators are daxable,yes
food,thermometer,food is daxable,thermometers are daxable,no
protective clothing,kneepad,protective clothing is daxable,kneepads are daxable,yes
musical instrument,drum,musical instruments are daxable,drums are daxable,yes
animal,grape,animals are daxable,grapes are daxable,no
headwear,shawl,headwear is daxable,shawls are daxable,no
fruit,plum,fruits are daxable,plums are daxable,yes
animal,llama,animals are daxable,llamas are daxable,yes
bird,rabbit,birds are daxable,rabbits are daxable,no
animal,chest,animals are daxable,chests are daxable,no
drink,wineglass,drinks are daxable,wineglasses are daxable,no
condiment,maple syrup,condiments are daxable,maple syrup is daxable,yes
electronic device,crayfish,electronic devices are daxable,crayfish are daxable,no
weapon,missile,weapons are daxable,missiles are daxable,yes
women's clothing,dress,women's clothes are daxable,dresses are daxable,yes
plant,clasp,plants are daxable,clasps are daxable,no
tool,beet,tools are daxable,beets are daxable,no
fastener,seahorse,fasteners are daxable,seahorses are daxable,no
bird,television,birds are daxable,televisions are daxable,no
mammal,cat,mammals are daxable,cats are daxable,yes
medical equipment,gauze,medical equipment is daxable,gauzes are daxable,yes
vegetable,parsley,vegetables are daxable,parsley is daxable,yes
sea animal,alligator,sea animals are daxable,alligators are daxable,no
tool,blower,tools are daxable,blowers are daxable,yes
sea animal,scorpion,sea animals are daxable,scorpions are daxable,no
animal,teddy bear,animals are daxable,teddy bears are daxable,no
clothing,raincoat,clothing is daxable,raincoats are daxable,yes
candy,cranberry,candy is daxable,cranberries are daxable,no
seafood,meatball,seafood is daxable,meatballs are daxable,no
tool,brake,tools are daxable,brakes are daxable,no
jewelry,mongoose,jewelry is daxable,mongooses are daxable,no
tool,ladder,tools are daxable,ladders are daxable,yes
food,pastry,food is daxable,pastries are daxable,yes
food,mulberry,food is daxable,mulberries are daxable,yes
food,pineapple,food is daxable,pineapples are daxable,yes
accessory,arugula,accessories are daxable,arugula is daxable,no
furniture,toucan,furniture is daxable,toucans are daxable,no
animal,penguin,animals are daxable,penguins are daxable,yes
plant,train,plants are daxable,trains are daxable,no
fastener,fruitcake,fasteners are daxable,fruitcakes are daxable,no
container,limousine,containers are daxable,limousines are daxable,no
plant,grasshopper,plants are daxable,grasshoppers are daxable,no
tool,stapler,tools are daxable,staplers are daxable,no
dessert,shortbread,desserts are daxable,shortbread is daxable,yes
musical instrument,ant,musical instruments are daxable,ants are daxable,no
food,pancake,food is daxable,pancakes are daxable,yes
container,tent,containers are daxable,tents are daxable,yes
electronic device,dishwasher,electronic devices are daxable,dishwashers are daxable,yes
home decor,guinea pig,home decor is daxable,guinea pigs are daxable,no
animal,crate,animals are daxable,crates are daxable,no
women's clothing,bolo tie,women's clothes are daxable,bolo ties are daxable,no
food,latte,food is daxable,lattes are daxable,no
sea animal,locker,sea animals are daxable,lockers are daxable,no
kitchen tool,strainer,kitchen tools are daxable,strainers are daxable,yes
school supply,glue,school supplies are daxable,glue is daxable,yes
food,gear,food is daxable,gears are daxable,no
tool,whale,tools are daxable,whales are daxable,no
headwear,turban,headwear is daxable,turbans are daxable,yes
food,artichoke,food is daxable,artichokes are daxable,yes
food,peg,food is daxable,pegs are daxable,no
food,rocking horse,food is daxable,rocking horses are daxable,no
insect,frog,insects are daxable,frogs are daxable,no
electronic device,magnifier,electronic devices are daxable,magnifiers are daxable,no
headwear,visor,headwear is daxable,visors are daxable,no
musical instrument,banjo,musical instruments are daxable,banjoes are daxable,yes
breakfast,defibrillator,breakfasts are daxable,defibrillators are daxable,no
outerwear,turtleneck,outerwear is daxable,turtlenecks are daxable,no
home decor,pillow,home decor is daxable,pillows are daxable,yes
mammal,doorhandle,mammals are daxable,doorhandles are daxable,no
footwear,leggings,footwear is daxable,leggings are daxable,no
breakfast,maple syrup,breakfasts are daxable,maple syrup is daxable,yes
animal,ram,animals are daxable,rams are daxable,yes
toiletry,cardinal,toiletries are daxable,cardinals are daxable,no
school supply,clipboard,school supplies are daxable,clipboards are daxable,no
musical instrument,catfish,musical instruments are daxable,catfish are daxable,no
kitchen equipment,kettle,kitchen equipment is daxable,kettles are daxable,no
water vehicle,golf cart,water vehicles are daxable,golf carts are daxable,no
clothing,anklet,clothing is daxable,anklets are daxable,no
mammal,sheep,mammals are daxable,sheeps are daxable,yes
tool,hook,tools are daxable,hooks are daxable,yes
medical equipment,ice pack,medical equipment is daxable,ice packs are daxable,yes
musical instrument,tape recorder,musical instruments are daxable,tape recorders are daxable,no
dessert,sundae,desserts are daxable,sundaes are daxable,yes
animal,panther,animals are daxable,panthers are daxable,yes
fastener,wrench,fasteners are daxable,wrenches are daxable,no
animal,palm tree,animals are daxable,palm trees are daxable,no
clothing,slug,clothing is daxable,slugs are daxable,no
musical instrument,baton,musical instruments are daxable,batons are daxable,no
food,peanut,food is daxable,peanuts are daxable,yes
fruit,pineapple,fruits are daxable,pineapples are daxable,yes
container,motorcycle,containers are daxable,motorcycles are daxable,no
electronic device,cd player,electronic devices are daxable,cd players are daxable,yes
vehicle,pineapple,vehicles are daxable,pineapples are daxable,no
musical instrument,jukebox,musical instruments are daxable,jukeboxes are daxable,no
weapon,slingshot,weapons are daxable,slingshots are daxable,yes
clothing,tomato,clothing is daxable,tomatoes are daxable,no
home decor,crown,home decor is daxable,crowns are daxable,no
food,rose,food is daxable,roses are daxable,no
home decor,christmas tree,home decor is daxable,christmas trees are daxable,yes
food,breakfast,food is daxable,breakfasts are daxable,yes
container,hot tub,containers are daxable,hot tubs are daxable,yes
food,licorice,food is daxable,licorice is daxable,yes
water vehicle,jet,water vehicles are daxable,jets are daxable,no
bird,cardinal,birds are daxable,cardinals are daxable,yes
clothing,suit,clothing is daxable,suits are daxable,yes
electronic device,mixer,electronic devices are daxable,mixers are daxable,yes
container,shopping cart,containers are daxable,shopping carts are daxable,yes
vehicle,pizza,vehicles are daxable,pizzas are daxable,no
dessert,tiramisu,desserts are daxable,tiramisu is daxable,yes
animal,camel,animals are daxable,camels are daxable,yes
home decor,hourglass,home decor is daxable,hourglasses are daxable,yes
jewelry,blazer,jewelry is daxable,blazers are daxable,no
animal,snail,animals are daxable,snails are daxable,yes
electronic device,roof rack,electronic devices are daxable,roof racks are daxable,no
animal,bull,animals are daxable,bulls are daxable,yes
garden tool,hammer,garden tools are daxable,hammers are daxable,no
animal,steak,animals are daxable,steaks are daxable,no
food,espresso,food is daxable,an espresso is daxable,no
vehicle,rollerblade,vehicles are daxable,rollerblades are daxable,no
food,caterpillar,food is daxable,caterpillars are daxable,no
electronic device,button,electronic devices are daxable,buttons are daxable,no
vegetable,vegetable,vegetables are daxable,vegetables are daxable,yes
tool,scissors,tools are daxable,scissors are daxable,yes
seafood,gyro,seafood is daxable,gyros are daxable,no
food,octopus,food is daxable,an octopus is daxable,yes
electronic device,chainsaw,electronic devices are daxable,chainsaws are daxable,yes
insect,calculator,insects are daxable,calculators are daxable,no
headwear,football helmet,headwear is daxable,football helmets are daxable,yes
furniture,coffee table,furniture is daxable,coffee tables are daxable,yes
electronic device,food processor,electronic devices are daxable,food processors are daxable,yes
accessory,suspenders,accessories are daxable,suspenders are daxable,yes
food,potpie,food is daxable,potpies are daxable,yes
musical instrument,gyro,musical instruments are daxable,gyros are daxable,no
outerwear,ready meal,outerwear is daxable,ready meals are daxable,no
tool,bucket,tools are daxable,buckets are daxable,no
candy,berry,candy is daxable,berries are daxable,no
headwear,face mask,headwear is daxable,face masks are daxable,no
dessert,screwdriver,desserts are daxable,screwdrivers are daxable,no
bird,penguin,birds are daxable,penguins are daxable,yes
electronic device,drill,electronic devices are daxable,drills are daxable,yes
protective clothing,raincoat,protective clothing is daxable,raincoats are daxable,yes
tool,tool,tools are daxable,tools are daxable,yes
women's clothing,stiletto,women's clothes are daxable,stilettoes are daxable,yes
food,snail,food is daxable,snails are daxable,no
food,clove,food is daxable,cloves are daxable,yes
breakfast,muffin,breakfasts are daxable,muffins are daxable,yes
drink,coffee,drinks are daxable,coffee is daxable,yes
breakfast,oatmeal,breakfasts are daxable,oatmeal is daxable,yes
game,shuffleboard,games are daxable,shuffleboards are daxable,yes
weapon,berry,weapons are daxable,berries are daxable,no
food,pine tree,food is daxable,pine trees are daxable,no
furniture,bok choy,furniture is daxable,bok choys are daxable,no
tool,sorbet,tools are daxable,sorbets are daxable,no
vegetable,hummus,vegetables are daxable,hummus is daxable,no
dessert,wafer,desserts are daxable,wafers are daxable,no
bird,peacock,birds are daxable,peacocks are daxable,yes
animal,watch,animals are daxable,watches are daxable,no
weapon,chainsaw,weapons are daxable,chainsaws are daxable,yes
mammal,rhinoceros,mammals are daxable,rhinos are daxable,yes
insect,moth,insects are daxable,moths are daxable,yes
seafood,clam,seafood is daxable,clams are daxable,yes
food,cinnamon,food is daxable,cinnamon is daxable,yes
vehicle,rice,vehicles are daxable,rice is daxable,no
weapon,lemon,weapons are daxable,lemons are daxable,no
plant,corn,plants are daxable,corn is daxable,yes
animal,license plate,animals are daxable,license plates are daxable,no
food,sundae,food is daxable,sundaes are daxable,yes
school supply,goat,school supplies are daxable,goats are daxable,no
container,ballot box,containers are daxable,ballot boxes are daxable,yes
food,peach,food is daxable,peaches are daxable,yes
tool,berry,tools are daxable,berries are daxable,no
clothing,top hat,clothing is daxable,top hats are daxable,yes
outerwear,overalls,outerwear is daxable,overalls are daxable,yes
medical equipment,needle,medical equipment is daxable,needles are daxable,no
food,bell pepper,food is daxable,bell peppers are daxable,yes
food,lemon,food is daxable,lemons are daxable,yes
vehicle,berry,vehicles are daxable,berries are daxable,no
electronic device,generator,electronic devices are daxable,generators are daxable,yes
plant,wheat,plants are daxable,wheat is daxable,no
vehicle,tractor,vehicles are daxable,tractors are daxable,yes
tool,knife,tools are daxable,knives are daxable,yes
outerwear,glove,outerwear is daxable,gloves are daxable,yes
fastener,buckle,fasteners are daxable,buckles are daxable,yes
clothing,slipper,clothing is daxable,slippers are daxable,yes
animal,boar,animals are daxable,boars are daxable,yes
garden tool,watering can,garden tools are daxable,watering cans are daxable,yes
animal,birdhouse,animals are daxable,birdhouses are daxable,no
outerwear,dumpling,outerwear is daxable,dumplings are daxable,no
seafood,fish,seafood is daxable,fish are daxable,yes
food,basket,food is daxable,baskets are daxable,no
condiment,jeans,condiments are daxable,jeans are daxable,no
animal,mouse,animals are daxable,mice are daxable,yes
clothing,walnut,clothing is daxable,walnuts are daxable,no
auto part,seatbelt,auto parts are daxable,seatbelts are daxable,yes
food,brussels sprouts,food is daxable,brussels sprouts are daxable,yes
plant,chisel,plants are daxable,chisels are daxable,no
plant,iceskate,plants are daxable,iceskates are daxable,no
game,thumbtack,games are daxable,thumbtacks are daxable,no
mammal,fox,mammals are daxable,foxes are daxable,yes
clothing,robe,clothing is daxable,robes are daxable,yes
container,pocket,containers are daxable,pockets are daxable,yes
fruit,bell pepper,fruits are daxable,bell peppers are daxable,no
food,champagne,food is daxable,champagne is daxable,no
protective clothing,visor,protective clothing is daxable,visors are daxable,yes
clothing,chocolate,clothing is daxable,chocolates are daxable,no
mammal,iguana,mammals are daxable,iguanas are daxable,no
furniture,filing cabinet,furniture is daxable,filing cabinets are daxable,yes
fastener,clothespin,fasteners are daxable,clothespins are daxable,yes
home decor,jukebox,home decor is daxable,jukeboxes are daxable,no
clothing,bow,clothing is daxable,a bow is daxable,yes
office supply,guinea pig,office supplies are daxable,guinea pigs are daxable,no
vehicle,missile,vehicles are daxable,missiles are daxable,no
animal,fern,animals are daxable,ferns are daxable,no
toy,pogo stick,toys are daxable,pogo sticks are daxable,yes
drink,punch,drinks are daxable,fruit punches are daxable,yes
clothing,uniform,clothing is daxable,uniforms are daxable,yes
tool,cable,tools are daxable,cables are daxable,yes
animal,mint,animals are daxable,mint is daxable,no
vehicle,wagon,vehicles are daxable,wagons are daxable,yes
musical instrument,jalapeno,musical instruments are daxable,jalapenoes are daxable,no
animal,pony,animals are daxable,ponies are daxable,yes
kitchen equipment,dragonfly,kitchen equipment is daxable,dragonflies are daxable,no
animal,incubator,animals are daxable,incubators are daxable,no
animal,piggy bank,animals are daxable,piggy banks are daxable,no
weapon,mustard,weapons are daxable,mustard is daxable,no
food,tulip,food is daxable,tulips are daxable,no
vehicle,engine,vehicles are daxable,engines are daxable,no
vehicle,helicopter,vehicles are daxable,helicopters are daxable,yes
food,boat,food is daxable,boats are daxable,no
clothing,eye patch,clothing is daxable,eye patches are daxable,yes
animal,knob,animals are daxable,knobs are daxable,no
food,banana,food is daxable,bananas are daxable,yes
weapon,pickax,weapons are daxable,pickaxes are daxable,yes
tool,engine,tools are daxable,engines are daxable,no
vehicle,cruise ship,vehicles are daxable,cruise ships are daxable,yes
food,birdcage,food is daxable,birdcages are daxable,no
insect,slug,insects are daxable,slugs are daxable,no
tool,peacock,tools are daxable,peacocks are daxable,no
sea animal,toad,sea animals are daxable,toads are daxable,no
container,briefcase,containers are daxable,briefcases are daxable,yes
food,ginger,food is daxable,ginger is daxable,yes
animal,warthog,animals are daxable,warthogs are daxable,yes
plant,poinsettia,plants are daxable,poinsettias are daxable,yes
tool,drill,tools are daxable,drills are daxable,yes
animal,skunk,animals are daxable,skunks are daxable,yes
vehicle,banana split,vehicles are daxable,banana splits are daxable,no
auto part,hearse,auto parts are daxable,hearses are daxable,no
plant,scallion,plants are daxable,scallions are daxable,no
drink,wine,drinks are daxable,wines are daxable,yes
animal,bug,animals are daxable,bugs are daxable,yes
vehicle,license plate,vehicles are daxable,license plates are daxable,no
plant,copier,plants are daxable,copiers are daxable,no
animal,fox,animals are daxable,foxes are daxable,yes
food,pocket,food is daxable,pockets are daxable,no
toy,squirt gun,toys are daxable,squirt guns are daxable,yes
container,can,containers are daxable,cans are daxable,yes
tool,ladle,tools are daxable,ladles are daxable,yes
kitchen equipment,pan,kitchen equipment is daxable,pans are daxable,no
mammal,giraffe,mammals are daxable,giraffes are daxable,yes
bird,bee,birds are daxable,bees are daxable,no
clothing,bowler hat,clothing is daxable,bowler hats are daxable,yes
container,coffee,containers are daxable,coffee is daxable,no
toy,rattle,toys are daxable,rattles are daxable,yes
breakfast,toast,breakfasts are daxable,toast is daxable,yes
tool,axe,tools are daxable,axes are daxable,yes
auto part,airbag,auto parts are daxable,airbags are daxable,yes
tool,abacus,tools are daxable,abacuses are daxable,no
breakfast,scooter,breakfasts are daxable,scooters are daxable,no
food,candy cane,food is daxable,candy canes are daxable,yes
clothing,tent,clothing is daxable,tents are daxable,no
kitchen tool,chipmunk,kitchen tools are daxable,chipmunks are daxable,no
food,magnifying glass,food is daxable,magnifying glasses are daxable,no
animal,badger,animals are daxable,badgers are daxable,yes
clothing,pita,clothing is daxable,pita is daxable,no
dessert,grenade,desserts are daxable,grenades are daxable,no
container,raccoon,containers are daxable,raccoons are daxable,no
food,chickpea,food is daxable,chickpeas are daxable,yes
office supply,ruler,office supplies are daxable,rulers are daxable,no
footwear,stockings,footwear is daxable,stockings are daxable,yes
animal,projector,animals are daxable,projectors are daxable,no
food,waffle,food is daxable,waffles are daxable,yes
musical instrument,organ,musical instruments are daxable,organs are daxable,yes
animal,calf,animals are daxable,calves are daxable,yes
food,ice-cream cone,food is daxable,ice-cream cones are daxable,yes
mammal,zipper,mammals are daxable,zippers are daxable,no
weapon,shears,weapons are daxable,shears are daxable,no
school supply,ticktacktoe,school supplies are daxable,tick-tack-toe is daxable,no
food,sausage,food is daxable,sausages are daxable,yes
food,candy,food is daxable,candy is daxable,yes
electronic device,artichoke,electronic devices are daxable,artichokes are daxable,no
kitchen equipment,crow,kitchen equipment is daxable,crows are daxable,no
food,bookshelf,food is daxable,bookshelves are daxable,no
women's clothing,lingerie,women's clothes are daxable,lingerie is daxable,yes
toiletry,brush,toiletries are daxable,brushes are daxable,no
tool,crepe,tools are daxable,crepes are daxable,no
food,enchilada,food is daxable,enchiladas are daxable,yes
food,rabbit,food is daxable,rabbits are daxable,yes
tool,sledgehammer,tools are daxable,sledgehammers are daxable,yes
fastener,rubber band,fasteners are daxable,rubber bands are daxable,yes
office supply,stapler,office supplies are daxable,staplers are daxable,yes
clothing,stuffing,clothing is daxable,stuffing is daxable,no
container,crayfish,containers are daxable,crayfish are daxable,no
toy,stamp,toys are daxable,stamps are daxable,no
medical equipment,hot-water bottle,medical equipment is daxable,hot-water bottles are daxable,no
sea animal,pelican,sea animals are daxable,pelicans are daxable,no
school supply,ink,school supplies are daxable,ink is daxable,yes
animal,rack,animals are daxable,racks are daxable,no
vehicle,tricycle,vehicles are daxable,tricycles are daxable,yes
vegetable,stir fry,vegetables are daxable,a stir fry is daxable,no
electronic device,scanner,electronic devices are daxable,scanners are daxable,yes
livestock,bull,livestocks are daxable,bulls are daxable,yes
food,kettle,food is daxable,kettles are daxable,no
electronic device,cymbal,electronic devices are daxable,cymbals are daxable,no
toiletry,marker,toiletries are daxable,markers are daxable,no
home decor,stained glass,home decor is daxable,stained glass is daxable,yes
food,gumdrop,food is daxable,gumdrops are daxable,yes
animal,bison,animals are daxable,bisons are daxable,yes
home decor,sloth,home decor is daxable,sloths are daxable,no
mammal,squirrel,mammals are daxable,squirrels are daxable,yes
animal,tiger,animals are daxable,tigers are daxable,yes
sea animal,swordfish,sea animals are daxable,swordfish are daxable,yes
food,fur coat,food is daxable,fur coats are daxable,no
electronic device,dryer,electronic devices are daxable,dryers are daxable,yes
breakfast,cereal,breakfasts are daxable,cereals are daxable,yes
furniture,sawhorse,furniture is daxable,sawhorses are daxable,no
animal,weather vane,animals are daxable,weather vanes are daxable,no
vehicle,potato,vehicles are daxable,potatoes are daxable,no
container,helicopter,containers are daxable,helicopters are daxable,no
mammal,duck,mammals are daxable,ducks are daxable,no
furniture,chair,furniture is daxable,chairs are daxable,yes
animal,tulip,animals are daxable,tulips are daxable,no
toiletry,needle,toiletries are daxable,needles are daxable,no
food,recliner,food is daxable,recliners are daxable,no
food,kazoo,food is daxable,kazoos are daxable,no
tool,quill,tools are daxable,quills are daxable,yes
food,toaster oven,food is daxable,toaster ovens are daxable,no
seafood,quesadilla,seafood is daxable,quesadillas are daxable,no
food,squash,food is daxable,squash is daxable,yes
home decor,scarecrow,home decor is daxable,scarecrows are daxable,yes
medical equipment,stethoscope,medical equipment is daxable,stethoscopes are daxable,yes
home decor,birdbath,home decor is daxable,birdbaths are daxable,yes
tool,fishbowl,tools are daxable,fishbowls are daxable,no
seafood,eel,seafood is daxable,eels are daxable,yes
clothing,zipper,clothing is daxable,zippers are daxable,no
vegetable,cauliflower,vegetables are daxable,cauliflowers are daxable,yes
mammal,ram,mammals are daxable,rams are daxable,yes
food,pecan,food is daxable,pecans are daxable,yes
toy,gyroscope,toys are daxable,gyroscopes are daxable,yes
plant,basil,plants are daxable,basil is daxable,yes
drink,marmalade,drinks are daxable,marmalade is daxable,no
food,kiwi,food is daxable,kiwis are daxable,yes
women's clothing,pajamas,women's clothes are daxable,pajamas are daxable,no
animal,van,animals are daxable,vans are daxable,no
container,mango,containers are daxable,mangoes are daxable,no
dessert,pastry,desserts are daxable,pastries are daxable,yes
tool,watering can,tools are daxable,watering cans are daxable,yes
medical equipment,sling,medical equipment is daxable,slings are daxable,yes
fastener,staple,fasteners are daxable,staples are daxable,yes
vehicle,pretzel,vehicles are daxable,pretzels are daxable,no
mammal,smoke alarm,mammals are daxable,smoke alarms are daxable,no
container,dumpster,containers are daxable,dumpsters are daxable,yes
mammal,rabbit,mammals are daxable,rabbits are daxable,yes
sea animal,whale,sea animals are daxable,whales are daxable,yes
tool,saw,tools are daxable,saws are daxable,yes
food,chive,food is daxable,chives are daxable,yes
animal,bush,animals are daxable,bushes are daxable,no
clothing,costume,clothing is daxable,costumes are daxable,yes
food,cordon bleu,food is daxable,cordon bleu sandwiches are daxable,yes
kitchen tool,cleaver,kitchen tools are daxable,cleavers are daxable,yes
tool,trowel,tools are daxable,trowels are daxable,yes
sea animal,platypus,sea animals are daxable,platypuses are daxable,no
fastener,cufflink,fasteners are daxable,cufflinks are daxable,yes
animal,swordfish,animals are daxable,swordfish are daxable,yes
toy,dice,toys are daxable,dices are daxable,no
food,teacup,food is daxable,teacups are daxable,no
vehicle,chariot,vehicles are daxable,chariots are daxable,yes
fastener,bow,fasteners are daxable,a bow is daxable,yes
electronic device,porcupine,electronic devices are daxable,porcupines are daxable,no
tool,donut,tools are daxable,donuts are daxable,no
clothing,barrette,clothing is daxable,barrettes are daxable,no
weapon,nut,weapons are daxable,nuts are daxable,no
medical equipment,scallop,medical equipment is daxable,scallops are daxable,no
tool,rice,tools are daxable,rice is daxable,no
vehicle,carriage,vehicles are daxable,carriages are daxable,yes
container,buggy,containers are daxable,buggies are daxable,no
clothing,necklace,clothing is daxable,necklaces are daxable,no
auto part,hubcap,auto parts are daxable,hubcaps are daxable,yes
mammal,turkey,mammals are daxable,turkeys are daxable,no
sea animal,jellyfish,sea animals are daxable,jellyfish are daxable,yes
vehicle,car,vehicles are daxable,cars are daxable,yes
auto part,motorcycle,auto parts are daxable,motorcycles are daxable,no
home decor,wreath,home decor is daxable,wreaths are daxable,yes
drink,whip,drinks are daxable,whips are daxable,no
clothing,iceskate,clothing is daxable,iceskates are daxable,no
container,nightstand,containers are daxable,nightstands are daxable,yes
tool,water heater,tools are daxable,water heaters are daxable,no
insect,cockroach,insects are daxable,cockroaches are daxable,yes
fastener,tweezers,fasteners are daxable,tweezers are daxable,no
mammal,chipmunk,mammals are daxable,chipmunks are daxable,yes
garden tool,ham,garden tools are daxable,hams are daxable,no
vehicle,airboat,vehicles are daxable,airboats are daxable,yes
vegetable,wrap,vegetables are daxable,a wrap is daxable,no
dessert,rearview mirror,desserts are daxable,rearview mirrors are daxable,no
clothing,coat,clothing is daxable,coats are daxable,yes
food,bush,food is daxable,bushes are daxable,no
clothing,face mask,clothing is daxable,face masks are daxable,no
fruit,pomegranate,fruits are daxable,pomegranates are daxable,yes
tool,safety pin,tools are daxable,safety pins are daxable,no
auto part,celery,auto parts are daxable,celeries are daxable,no
clothing,shower cap,clothing is daxable,shower caps are daxable,no
vehicle,bumper,vehicles are daxable,bumpers are daxable,no
protective clothing,life jacket,protective clothing is daxable,life jackets are daxable,yes
fastener,orangutan,fasteners are daxable,orangutans are daxable,no
dessert,gumdrop,desserts are daxable,gumdrops are daxable,no
musical instrument,microphone,musical instruments are daxable,microphones are daxable,no
animal,pelican,animals are daxable,pelicans are daxable,yes
animal,shrimp,animals are daxable,shrimps are daxable,yes
food,cranberry,food is daxable,cranberries are daxable,yes
tool,crowbar,tools are daxable,crowbars are daxable,yes
container,basket,containers are daxable,baskets are daxable,yes
food,wok,food is daxable,woks are daxable,no
food,strawberry,food is daxable,strawberries are daxable,yes
sea animal,screen,sea animals are daxable,screens are daxable,no
jewelry,pocket watch,jewelry is daxable,pocket watches are daxable,yes
dessert,birthday cake,desserts are daxable,birthday cakes are daxable,yes
food,dough,food is daxable,dough is daxable,yes
mammal,gopher,mammals are daxable,gophers are daxable,yes
jewelry,crown,jewelry is daxable,crowns are daxable,yes
bird,possum,birds are daxable,possums are daxable,no
electronic device,slot machine,electronic devices are daxable,slot machines are daxable,yes
office supply,fountain pen,office supplies are daxable,fountain pens are daxable,yes
water vehicle,baklava,water vehicles are daxable,baklavas are daxable,no
animal,hedgehog,animals are daxable,hedgehogs are daxable,yes
tool,pickax,tools are daxable,pickaxes are daxable,yes
food,spoon,food is daxable,spoons are daxable,no
weapon,bomb,weapons are daxable,bombs are daxable,yes
insect,spider,insects are daxable,spiders are daxable,no
plant,blackberry,plants are daxable,blackberries are daxable,no
clothing,pumpkin,clothing is daxable,pumpkins are daxable,no
clothing,toast,clothing is daxable,toast is daxable,no
footwear,flipper,footwear is daxable,flippers are daxable,yes
electronic device,vending machine,electronic devices are daxable,vending machines are daxable,yes
tool,bookshelf,tools are daxable,bookshelves are daxable,no
vegetable,cucumber,vegetables are daxable,cucumbers are daxable,yes
clothing,gauze,clothing is daxable,gauzes are daxable,no
container,pot,containers are daxable,pots are daxable,yes
furniture,bracket,furniture is daxable,brackets are daxable,no
bird,rat,birds are daxable,rats are daxable,no
clothing,shirt,clothing is daxable,shirts are daxable,yes
clothing,sorbet,clothing is daxable,sorbets are daxable,no
furniture,closet,furniture is daxable,closets are daxable,yes
protective clothing,sweatsuit,protective clothing is daxable,sweatsuits are daxable,no
toiletry,hairbrush,toiletries are daxable,a hairbrush is daxable,yes
medical equipment,maggot,medical equipment is daxable,maggots are daxable,no
musical instrument,gong,musical instruments are daxable,gongs are daxable,yes
vehicle,steak,vehicles are daxable,steaks are daxable,no
home decor,lamb chop,home decor is daxable,lamb chops are daxable,no
insect,caterpillar,insects are daxable,caterpillars are daxable,yes
container,barrel,containers are daxable,barrels are daxable,yes
clothing,raspberry,clothing is daxable,raspberries are daxable,no
kitchen tool,eggbeater,kitchen tools are daxable,eggbeaters are daxable,yes
weapon,razor blade,weapons are daxable,razor blades are daxable,yes
vehicle,raspberry,vehicles are daxable,raspberries are daxable,no
clothing,peach,clothing is daxable,peaches are daxable,no
dessert,whipped cream,desserts are daxable,whipped cream is daxable,yes
toiletry,soap,toiletries are daxable,soaps are daxable,yes
animal,tumbleweed,animals are daxable,tumbleweeds are daxable,no
clothing,doll,clothing is daxable,dolls are daxable,no
food,jam,food is daxable,jams are daxable,yes
plant,staple,plants are daxable,staples are daxable,no
animal,cat,animals are daxable,cats are daxable,yes
plant,bean,plants are daxable,beans are daxable,no
sea animal,inkwell,sea animals are daxable,inkwells are daxable,no
food,ice cream,food is daxable,ice creams are daxable,yes
container,bank,containers are daxable,banks are daxable,yes
accessory,sombrero,accessories are daxable,sombreros are daxable,yes
animal,clover,animals are daxable,clovers are daxable,no
tool,hatchet,tools are daxable,hatchets are daxable,no
headwear,helmet,headwear is daxable,helmets are daxable,yes
mammal,bee,mammals are daxable,bees are daxable,no
protective clothing,helmet,protective clothing is daxable,helmets are daxable,yes
container,coffin,containers are daxable,coffins are daxable,yes
tool,sawhorse,tools are daxable,sawhorses are daxable,yes
toy,rocking horse,toys are daxable,rocking horses are daxable,yes
headwear,tiara,headwear is daxable,tiaras are daxable,yes
food,daisy,food is daxable,daisies are daxable,no
garden tool,pepperoni,garden tools are daxable,pepperonis are daxable,no
tool,duct,tools are daxable,ducts are daxable,yes
food,helmet,food is daxable,helmets are daxable,no
furniture,earwig,furniture is daxable,earwigs are daxable,no
mammal,deer,mammals are daxable,deers are daxable,yes
plant,green beans,plants are daxable,green beans are daxable,no
weapon,ratchet,weapons are daxable,ratchets are daxable,no
accessory,bonnet,accessories are daxable,bonnets are daxable,yes
plant,seaweed,plants are daxable,seaweeds are daxable,yes
food,notebook,food is daxable,notebooks are daxable,no
sea animal,seal,sea animals are daxable,seals are daxable,yes
mammal,poodle,mammals are daxable,poodles are daxable,yes
medical equipment,scalpel,medical equipment is daxable,scalpels are daxable,yes
food,cabbage,food is daxable,cabbages are daxable,yes
plant,broccoli,plants are daxable,broccoli is daxable,yes
game,pickle,games are daxable,pickles are daxable,no
food,grape,food is daxable,grapes are daxable,yes
home decor,lampshade,home decor is daxable,lampshades are daxable,yes
condiment,applesauce,condiments are daxable,applesauce is daxable,yes
condiment,gravy,condiments are daxable,gravy is daxable,yes
protective clothing,papaya,protective clothing is daxable,papayas are daxable,no
animal,headdress,animals are daxable,headdresses are daxable,no
tool,tadpole,tools are daxable,tadpoles are daxable,no
animal,chariot,animals are daxable,chariots are daxable,no
food,french horn,food is daxable,french horns are daxable,no
mammal,hamster,mammals are daxable,hamsters are daxable,yes
electronic device,jukebox,electronic devices are daxable,jukeboxes are daxable,yes
container,petri dish,containers are daxable,petri dishes are daxable,yes
container,windshield,containers are daxable,windshields are daxable,no
toy,pasta,toys are daxable,pasta is daxable,no
animal,squirrel,animals are daxable,squirrels are daxable,yes
bird,mixer,birds are daxable,mixers are daxable,no
game,highlighter,games are daxable,highlighters are daxable,no
breakfast,scrambled egg,breakfasts are daxable,scrambled eggs are daxable,yes
bird,zipper,birds are daxable,zippers are daxable,no
insect,grasshopper,insects are daxable,grasshoppers are daxable,yes
food,turntable,food is daxable,turntables are daxable,no
food,crepe,food is daxable,crepes are daxable,yes
seafood,calamari,seafood is daxable,calamari is daxable,yes
food,spring roll,food is daxable,spring rolls are daxable,yes
medical equipment,radish,medical equipment is daxable,radishes are daxable,no
tool,defibrillator,tools are daxable,defibrillators are daxable,no
clothing,beet,clothing is daxable,beets are daxable,no
food,maggot,food is daxable,maggots are daxable,no
food,crate,food is daxable,crates are daxable,no
vegetable,enchilada,vegetables are daxable,enchiladas are daxable,no
vegetable,stereo,vegetables are daxable,stereos are daxable,no
plant,lettuce,plants are daxable,a lettuce is daxable,yes
sea animal,fishbowl,sea animals are daxable,fishbowls are daxable,no
furniture,bookshelf,furniture is daxable,bookshelves are daxable,yes
musical instrument,harmonica,musical instruments are daxable,harmonicas are daxable,yes
breakfast,face mask,breakfasts are daxable,face masks are daxable,no
mammal,dolphin,mammals are daxable,dolphins are daxable,yes
container,pizza,containers are daxable,pizzas are daxable,no
fastener,mulberry,fasteners are daxable,mulberries are daxable,no
fruit,strawberry,fruits are daxable,strawberries are daxable,yes
tool,combination lock,tools are daxable,combination locks are daxable,yes
food,apple tree,food is daxable,apple trees are daxable,no
toy,ginger,toys are daxable,ginger is daxable,no
garden tool,scissors,garden tools are daxable,scissors are daxable,yes
kitchen tool,alpaca,kitchen tools are daxable,alpacas are daxable,no
food,fish,food is daxable,fish are daxable,yes
food,coffeemaker,food is daxable,coffeemakers are daxable,no
garden tool,pitchfork,garden tools are daxable,pitchforks are daxable,yes
food,cookie,food is daxable,cookies are daxable,yes
mammal,chihuahua,mammals are daxable,chihuahuas are daxable,yes
food,cauliflower,food is daxable,cauliflowers are daxable,yes
kitchen tool,ant,kitchen tools are daxable,ants are daxable,no
fruit,blueberry,fruits are daxable,blueberries are daxable,yes
weapon,nail,weapons are daxable,nails are daxable,no
mammal,seal,mammals are daxable,seals are daxable,yes
tool,hammer,tools are daxable,hammers are daxable,yes
electronic device,record player,electronic devices are daxable,record players are daxable,yes
outerwear,cordon bleu,outerwear is daxable,cordon bleu sandwiches are daxable,no
animal,orchid,animals are daxable,orchids are daxable,no
jewelry,anklet,jewelry is daxable,anklets are daxable,yes
water vehicle,tugboat,water vehicles are daxable,tugboats are daxable,yes
weapon,pliers,weapons are daxable,pliers are daxable,no
furniture,briefcase,furniture is daxable,briefcases are daxable,no
weapon,file,weapons are daxable,files are daxable,no
food,toothpick,food is daxable,toothpicks are daxable,no
auto part,bus,auto parts are daxable,buses are daxable,no
fruit,pea,fruits are daxable,peas are daxable,no
plant,robot,plants are daxable,robots are daxable,no
tool,baton,tools are daxable,batons are daxable,no
food,spinach,food is daxable,spinach is daxable,yes
container,wagon,containers are daxable,wagons are daxable,no
medical equipment,glasses,medical equipment is daxable,glasses are daxable,no
tool,zipper,tools are daxable,zippers are daxable,no
medical equipment,hearing aid,medical equipment is daxable,hearing aids are daxable,yes
fruit,pepper,fruits are daxable,peppers are daxable,no
food,salad,food is daxable,salads are daxable,yes
tool,hash,tools are daxable,hash browns are daxable,no
game,chessboard,games are daxable,chessboards are daxable,yes
fruit,lemon,fruits are daxable,lemons are daxable,yes
animal,bee,animals are daxable,bees are daxable,yes
food,ivy,food is daxable,ivy is daxable,no
tool,cymbal,tools are daxable,cymbals are daxable,no
clothing,plum,clothing is daxable,plums are daxable,no
electronic device,kitten,electronic devices are daxable,kittens are daxable,no
food,cactus,food is daxable,a cactus is daxable,no
vehicle,green beans,vehicles are daxable,green beans are daxable,no
game,crayon,games are daxable,crayons are daxable,no
water vehicle,quad,water vehicles are daxable,quads are daxable,no
candy,taffy,candy is daxable,taffy is daxable,yes
toiletry,lipstick,toiletries are daxable,lipsticks are daxable,yes
tool,iguana,tools are daxable,iguanas are daxable,no
furniture,lectern,furniture is daxable,lecterns are daxable,yes
water vehicle,raft,water vehicles are daxable,rafts are daxable,yes
toiletry,letter opener,toiletries are daxable,letter openers are daxable,no
container,box,containers are daxable,boxes are daxable,yes
food,lavender,food is daxable,lavenders are daxable,no
jewelry,coyote,jewelry is daxable,coyotes are daxable,no
container,pastry,containers are daxable,pastries are daxable,no
clothing,fur coat,clothing is daxable,fur coats are daxable,yes
home decor,yak,home decor is daxable,yaks are daxable,no
electronic device,combination lock,electronic devices are daxable,combination locks are daxable,no
container,garbage truck,containers are daxable,garbage trucks are daxable,no
clothing,loincloth,clothing is daxable,loincloths are daxable,yes
mammal,whale,mammals are daxable,whales are daxable,yes
musical instrument,lion,musical instruments are daxable,lions are daxable,no
animal,seaweed,animals are daxable,seaweeds are daxable,no
toy,kaleidoscope,toys are daxable,kaleidoscopes are daxable,yes
electronic device,cilantro,electronic devices are daxable,cilantro is daxable,no
clothing,blackberry,clothing is daxable,blackberries are daxable,no
accessory,cardigan,accessories are daxable,cardigans are daxable,no
vehicle,golf cart,vehicles are daxable,golf carts are daxable,yes
food,cable,food is daxable,cables are daxable,no
tool,polisher,tools are daxable,polishers are daxable,yes
animal,bat,animals are daxable,bats are daxable,yes
electronic device,water heater,electronic devices are daxable,water heaters are daxable,yes
animal,daisy,animals are daxable,daisies are daxable,no
food,lamb,food is daxable,lambs are daxable,yes
vehicle,mulberry,vehicles are daxable,mulberries are daxable,no
animal,clam,animals are daxable,clams are daxable,yes
animal,pen,animals are daxable,pens are daxable,no
vehicle,wheelchair,vehicles are daxable,wheelchairs are daxable,yes
container,saltshaker,containers are daxable,saltshakers are daxable,yes
electronic device,pineapple,electronic devices are daxable,pineapples are daxable,no
container,truck,containers are daxable,trucks are daxable,no
tool,air pump,tools are daxable,air pumps are daxable,yes
auto part,roadsweeper,auto parts are daxable,roadsweepers are daxable,no
animal,owl,animals are daxable,owls are daxable,yes
container,cup,containers are daxable,cups are daxable,yes
clothing,locket,clothing is daxable,lockets are daxable,no
tool,needle,tools are daxable,needles are daxable,yes
auto part,car seat,auto parts are daxable,car seats are daxable,yes
breakfast,robot,breakfasts are daxable,robots are daxable,no
headwear,corset,headwear is daxable,corsets are daxable,no
animal,cardinal,animals are daxable,cardinals are daxable,yes
plant,apple tree,plants are daxable,apple trees are daxable,yes
tool,coconut,tools are daxable,coconuts are daxable,no
vehicle,quad,vehicles are daxable,quads are daxable,yes
mammal,shopping cart,mammals are daxable,shopping carts are daxable,no
vegetable,bok choy,vegetables are daxable,bok choys are daxable,yes
mammal,hippopotamus,mammals are daxable,hippos are daxable,yes
medical equipment,guacamole,medical equipment is daxable,guacamole is daxable,no
fastener,weasel,fasteners are daxable,weasels are daxable,no
clothing,bonnet,clothing is daxable,bonnets are daxable,yes
fastener,crab,fasteners are daxable,crabs are daxable,no
auto part,quesadilla,auto parts are daxable,quesadillas are daxable,no
candy,clarinet,candy is daxable,clarinets are daxable,no
food,goat,food is daxable,goats are daxable,yes
food,fork,food is daxable,forks are daxable,no
weapon,cauliflower,weapons are daxable,cauliflowers are daxable,no
garden tool,hose,garden tools are daxable,hoses are daxable,yes
electronic device,goldfish,electronic devices are daxable,goldfish are daxable,no
kitchen equipment,pug,kitchen equipment is daxable,pugs are daxable,no
vegetable,pogo stick,vegetables are daxable,pogo sticks are daxable,no
kitchen equipment,anteater,kitchen equipment is daxable,anteaters are daxable,no
game,owl,games are daxable,owls are daxable,no
vehicle,firetruck,vehicles are daxable,firetrucks are daxable,yes
footwear,flip-flop,footwear is daxable,flip-flops are daxable,yes
food,orange,food is daxable,oranges are daxable,yes
food,ketchup,food is daxable,ketchup is daxable,yes
plant,tumbleweed,plants are daxable,tumbleweeds are daxable,yes
food,butterfly,food is daxable,butterflies are daxable,no
mammal,cardinal,mammals are daxable,cardinals are daxable,no
furniture,moose,furniture is daxable,moose are daxable,no
animal,ant,animals are daxable,ants are daxable,yes
food,jug,food is daxable,jugs are daxable,no
fastener,guacamole,fasteners are daxable,guacamole is daxable,no
jewelry,donkey,jewelry is daxable,donkeys are daxable,no
tool,gyroscope,tools are daxable,gyroscopes are daxable,no
kitchen equipment,centrifuge,kitchen equipment is daxable,centrifuges are daxable,no
accessory,top hat,accessories are daxable,top hats are daxable,yes
headwear,top hat,headwear is daxable,top hats are daxable,yes
musical instrument,pecan,musical instruments are daxable,pecans are daxable,no
kitchen equipment,wok,kitchen equipment is daxable,woks are daxable,no
furniture,wheelchair,furniture is daxable,wheelchairs are daxable,no
auto part,gasket,auto parts are daxable,gaskets are daxable,yes
container,birdcage,containers are daxable,birdcages are daxable,yes
dessert,smoothie,desserts are daxable,smoothies are daxable,no
medical equipment,bandage,medical equipment is daxable,bandages are daxable,yes
mammal,possum,mammals are daxable,possums are daxable,yes
seafood,shark,seafood is daxable,sharks are daxable,yes
food,mint,food is daxable,mint is daxable,yes
animal,ladybug,animals are daxable,ladybugs are daxable,yes
tool,generator,tools are daxable,generators are daxable,no
animal,sofa bed,animals are daxable,sofa beds are daxable,no
school supply,binder,school supplies are daxable,binders are daxable,yes
container,matchbox,containers are daxable,matchboxes are daxable,yes
tool,scoop,tools are daxable,scoops are daxable,yes
tool,latch,tools are daxable,latches are daxable,yes
accessory,corsage,accessories are daxable,corsages are daxable,yes
insect,tick,insects are daxable,ticks are daxable,no
food,teapot,food is daxable,teapots are daxable,no
mammal,frog,mammals are daxable,frogs are daxable,no
animal,knife,animals are daxable,knives are daxable,no
vehicle,chive,vehicles are daxable,chives are daxable,no
container,grasshopper,containers are daxable,grasshoppers are daxable,no
clothing,mascara,clothing is daxable,mascaras are daxable,no
vehicle,camper,vehicles are daxable,campers are daxable,yes
animal,elephant,animals are daxable,elephants are daxable,yes
electronic device,remote control,electronic devices are daxable,remote controls are daxable,yes
vegetable,sprouts,vegetables are daxable,sprouts are daxable,yes
tool,backscratcher,tools are daxable,backscratchers are daxable,yes
food,grain,food is daxable,grains are daxable,yes
dessert,sorbet,desserts are daxable,sorbets are daxable,yes
animal,aloe,animals are daxable,aloe is daxable,no
breakfast,enchilada,breakfasts are daxable,enchiladas are daxable,no
dessert,pudding,desserts are daxable,pudding is daxable,yes
plant,artichoke,plants are daxable,artichokes are daxable,yes
kitchen tool,measuring cup,kitchen tools are daxable,measuring cups are daxable,yes
food,hotdog,food is daxable,hotdogs are daxable,yes
kitchen tool,sifter,kitchen tools are daxable,sifters are daxable,yes
plant,grape,plants are daxable,grapes are daxable,no
vehicle,jeep,vehicles are daxable,jeeps are daxable,yes
medical equipment,curling iron,medical equipment is daxable,curling irons are daxable,no
school supply,hash,school supplies are daxable,hash browns are daxable,no
animal,shark,animals are daxable,sharks are daxable,yes
plant,cilantro,plants are daxable,cilantro is daxable,yes
animal,rabbit,animals are daxable,rabbits are daxable,yes
vegetable,lettuce,vegetables are daxable,a lettuce is daxable,yes
tool,dumpling,tools are daxable,dumplings are daxable,no
vehicle,rim,vehicles are daxable,rims are daxable,no
container,thermos,containers are daxable,thermoses are daxable,yes
container,pitcher,containers are daxable,pitchers are daxable,yes
home decor,llama,home decor is daxable,llamas are daxable,no
toiletry,goat,toiletries are daxable,goats are daxable,no
food,basil,food is daxable,basil is daxable,yes
animal,kitten,animals are daxable,kittens are daxable,yes
food,wheat,food is daxable,wheat is daxable,yes
animal,aardvark,animals are daxable,aardvarks are daxable,yes
vehicle,cranberry,vehicles are daxable,cranberries are daxable,no
tool,bison,tools are daxable,bisons are daxable,no
kitchen equipment,toaster oven,kitchen equipment is daxable,toaster ovens are daxable,yes
weapon,guacamole,weapons are daxable,guacamole is daxable,no
seafood,oyster,seafood is daxable,oysters are daxable,yes
home decor,terrarium,home decor is daxable,terrariums are daxable,yes
breakfast,egg roll,breakfasts are daxable,egg rolls are daxable,no
tool,rack,tools are daxable,racks are daxable,no
vehicle,humvee,vehicles are daxable,humvees are daxable,yes
auto part,trolley,auto parts are daxable,trolleys are daxable,no
food,stove,food is daxable,stoves are daxable,no
toy,crayfish,toys are daxable,crayfish are daxable,no
tool,metal detector,tools are daxable,metal detectors are daxable,yes
toy,playing card,toys are daxable,playing cards are daxable,no
toiletry,toilet paper,toiletries are daxable,toilet paper is daxable,yes
tool,dagger,tools are daxable,daggers are daxable,no
animal,kale,animals are daxable,kale is daxable,no
clothing,flan,clothing is daxable,a flan is daxable,no
office supply,glue,office supplies are daxable,glue is daxable,yes
tool,thumbtack,tools are daxable,thumbtacks are daxable,no
vehicle,subway,vehicles are daxable,subways are daxable,yes
candy,lollipop,candy is daxable,lollipops are daxable,yes
food,caramel,food is daxable,caramels are daxable,yes
vehicle,rickshaw,vehicles are daxable,rickshaws are daxable,yes
tool,coil,tools are daxable,coils are daxable,yes
animal,ferret,animals are daxable,ferrets are daxable,yes
tool,flyswatter,tools are daxable,flyswatters are daxable,yes
vehicle,wheel,vehicles are daxable,wheels are daxable,no
tool,pencil sharpener,tools are daxable,pencil sharpeners are daxable,yes
food,fern,food is daxable,ferns are daxable,no
animal,fur coat,animals are daxable,fur coats are daxable,no
plant,switch,plants are daxable,switches are daxable,no
food,sweatsuit,food is daxable,sweatsuits are daxable,no
tool,caterpillar,tools are daxable,caterpillars are daxable,no
toy,chili,toys are daxable,chilies are daxable,no
food,sauce,food is daxable,sauces are daxable,yes
outerwear,jumpsuit,outerwear is daxable,jumpsuits are daxable,yes
bird,nail file,birds are daxable,nail files are daxable,no
fastener,scissors,fasteners are daxable,scissors are daxable,no
office supply,punch,office supplies are daxable,fruit punches are daxable,yes
game,computer,games are daxable,computers are daxable,yes
headwear,bolo tie,headwear is daxable,bolo ties are daxable,no
protective clothing,lasagna,protective clothing is daxable,lasagna is daxable,no
office supply,marker,office supplies are daxable,markers are daxable,no
kitchen tool,trowel,kitchen tools are daxable,trowels are daxable,no
plant,kale,plants are daxable,kale is daxable,yes
kitchen tool,pepper mill,kitchen tools are daxable,pepper mills are daxable,yes
weapon,papaya,weapons are daxable,papayas are daxable,no
food,shawl,food is daxable,shawls are daxable,no
animal,seatbelt,animals are daxable,seatbelts are daxable,no
protective clothing,sprouts,protective clothing is daxable,sprouts are daxable,no
kitchen tool,nutcracker,kitchen tools are daxable,nutcrackers are daxable,yes
animal,toothbrush,animals are daxable,toothbrushes are daxable,no
electronic device,deer,electronic devices are daxable,deers are daxable,no
school supply,paintbrush,school supplies are daxable,paintbrushes are daxable,no
home decor,place mat,home decor is daxable,place mats are daxable,yes
animal,hawk,animals are daxable,hawks are daxable,yes
drink,blender,drinks are daxable,blenders are daxable,no
insect,printer,insects are daxable,printers are daxable,no
school supply,inkwell,school supplies are daxable,inkwells are daxable,yes
container,teacup,containers are daxable,teacups are daxable,yes
food,wedge,food is daxable,wedges are daxable,no
container,bulldozer,containers are daxable,bulldozers are daxable,no
food,hamster,food is daxable,hamsters are daxable,no
accessory,pocket,accessories are daxable,pockets are daxable,no
kitchen tool,alligator,kitchen tools are daxable,alligators are daxable,no
weapon,blowtorch,weapons are daxable,blowtorches are daxable,yes
dessert,baklava,desserts are daxable,baklavas are daxable,yes
fruit,coconut,fruits are daxable,coconuts are daxable,yes
weapon,wrench,weapons are daxable,wrenches are daxable,no
food,cake,food is daxable,cakes are daxable,yes
food,scrambled egg,food is daxable,scrambled eggs are daxable,yes
clothing,handkerchief,clothing is daxable,handkerchiefs are daxable,no
food,hairbrush,food is daxable,a hairbrush is daxable,no
tool,patty,tools are daxable,patties are daxable,no
vegetable,webcam,vegetables are daxable,webcams are daxable,no
clothing,flip-flop,clothing is daxable,flip-flops are daxable,yes
vehicle,ambulance,vehicles are daxable,ambulances are daxable,yes
food,biscuit,food is daxable,biscuits are daxable,yes
tool,magnifying glass,tools are daxable,magnifying glasses are daxable,yes
medical equipment,hash,medical equipment is daxable,hash browns are daxable,no
headwear,barrette,headwear is daxable,barrettes are daxable,no
office supply,notebook,office supplies are daxable,notebooks are daxable,yes
seafood,lampshade,seafood is daxable,lampshades are daxable,no
clothing,watch,clothing is daxable,watches are daxable,no
kitchen equipment,toaster,kitchen equipment is daxable,toasters are daxable,yes
animal,meat,animals are daxable,meat is daxable,no
container,aquarium,containers are daxable,aquariums are daxable,yes
container,quad,containers are daxable,quads are daxable,no
garden tool,file,garden tools are daxable,files are daxable,no
tool,spoon,tools are daxable,spoons are daxable,yes
food,hood,food is daxable,hoods are daxable,no
drink,hot chocolate,drinks are daxable,hot chocolate is daxable,yes
furniture,rack,furniture is daxable,racks are daxable,yes
container,life jacket,containers are daxable,life jackets are daxable,no
clothing,tapestry,clothing is daxable,tapestries are daxable,no
container,cage,containers are daxable,cages are daxable,yes
home decor,candlestick,home decor is daxable,candlesticks are daxable,yes
jewelry,ring,jewelry is daxable,rings are daxable,yes
mammal,orangutan,mammals are daxable,orangutans are daxable,yes
vegetable,chickpea,vegetables are daxable,chickpeas are daxable,yes
tool,staple,tools are daxable,staples are daxable,no
vegetable,kiwi,vegetables are daxable,kiwis are daxable,no
bird,light switch,birds are daxable,light switches are daxable,no
plant,star fruit,plants are daxable,star fruits are daxable,no
tool,dandelion,tools are daxable,dandelions are daxable,no
animal,organ,animals are daxable,organs are daxable,no
animal,pug,animals are daxable,pugs are daxable,yes
vehicle,tank,vehicles are daxable,tanks are daxable,no
fastener,knot,fasteners are daxable,knots are daxable,yes
women's clothing,outfit,women's clothes are daxable,outfits are daxable,no
vegetable,squash,vegetables are daxable,squash is daxable,yes
home decor,scorpion,home decor is daxable,scorpions are daxable,no
food,almond,food is daxable,almonds are daxable,yes
container,ashtray,containers are daxable,ashtrays are daxable,yes
seafood,curry,seafood is daxable,curry is daxable,no
breakfast,bagel,breakfasts are daxable,bagels are daxable,yes
kitchen equipment,food processor,kitchen equipment is daxable,food processors are daxable,yes
candy,latch,candy is daxable,latches are daxable,no
tool,ice cream,tools are daxable,ice creams are daxable,no
food,soda,food is daxable,sodas are daxable,no
animal,sledgehammer,animals are daxable,sledgehammers are daxable,no
game,patch,games are daxable,patches are daxable,no
game,chicken,games are daxable,a chicken is daxable,no
food,stew,food is daxable,stew is daxable,yes
headwear,hood,headwear is daxable,hoods are daxable,yes
food,roof rack,food is daxable,roof racks are daxable,no
weapon,tank,weapons are daxable,tanks are daxable,yes
women's clothing,bikini,women's clothes are daxable,bikinis are daxable,yes
food,slug,food is daxable,slugs are daxable,no
medical equipment,nail file,medical equipment is daxable,nail files are daxable,no
fastener,corkscrew,fasteners are daxable,corkscrews are daxable,no
food,meat,food is daxable,meat is daxable,yes
food,granola,food is daxable,granola is daxable,yes
musical instrument,cornbread,musical instruments are daxable,cornbread is daxable,no
food,icepick,food is daxable,icepicks are daxable,no
food,pear,food is daxable,pears are daxable,yes
fruit,curling iron,fruits are daxable,curling irons are daxable,no
food,swimsuit,food is daxable,swimsuits are daxable,no
school supply,printer,school supplies are daxable,printers are daxable,no
dessert,flan,desserts are daxable,a flan is daxable,yes
vegetable,computer screen,vegetables are daxable,computer screens are daxable,no
fastener,lemon,fasteners are daxable,lemons are daxable,no
auto part,roof rack,auto parts are daxable,roof racks are daxable,yes
animal,sheep,animals are daxable,sheeps are daxable,yes
furniture,highchair,furniture is daxable,highchairs are daxable,yes
fastener,safety pin,fasteners are daxable,safety pins are daxable,yes
kitchen tool,hammer,kitchen tools are daxable,hammers are daxable,no
electronic device,blower,electronic devices are daxable,blowers are daxable,yes
mammal,groundhog,mammals are daxable,groundhogs are daxable,yes
medical equipment,scissors,medical equipment is daxable,scissors are daxable,no
accessory,rhinoceros,accessories are daxable,rhinos are daxable,no
plant,salad,plants are daxable,salads are daxable,no
electronic device,fish,electronic devices are daxable,fish are daxable,no
tool,star fruit,tools are daxable,star fruits are daxable,no
food,swordfish,food is daxable,swordfish are daxable,yes
clothing,pistachio,clothing is daxable,pistachios are daxable,no
furniture,octopus,furniture is daxable,an octopus is daxable,no
vegetable,footrest,vegetables are daxable,footrests are daxable,no
clothing,clothes,clothing is daxable,clothes are daxable,yes
food,ship,food is daxable,ships are daxable,no
auto part,fruitcake,auto parts are daxable,fruitcakes are daxable,no
tool,machete,tools are daxable,machetes are daxable,no
bird,chipmunk,birds are daxable,chipmunks are daxable,no
food,drawer,food is daxable,drawers are daxable,no
furniture,meat,furniture is daxable,meat is daxable,no
food,olive,food is daxable,olives are daxable,yes
clothing,belt,clothing is daxable,belts are daxable,yes
auto part,brake,auto parts are daxable,brakes are daxable,yes
tool,windshield wiper,tools are daxable,windshield wipers are daxable,no
food,celery,food is daxable,celeries are daxable,yes
sea animal,swan,sea animals are daxable,swans are daxable,no
food,bonsai,food is daxable,bonsai are daxable,no
tool,rake,tools are daxable,rakes are daxable,yes
animal,stingray,animals are daxable,stingrays are daxable,yes
seafood,sea urchin,seafood is daxable,sea urchins are daxable,yes
outerwear,coverall,outerwear is daxable,coveralls are daxable,yes
breakfast,honey,breakfasts are daxable,honey is daxable,yes
toiletry,nail file,toiletries are daxable,nail files are daxable,yes
breakfast,jam,breakfasts are daxable,jams are daxable,yes
auto part,spark plug,auto parts are daxable,spark plugs are daxable,yes
furniture,workbench,furniture is daxable,workbenches are daxable,yes
clothing,undershirt,clothing is daxable,undershirts are daxable,yes
tool,clothespin,tools are daxable,clothespins are daxable,no
clothing,dress,clothing is daxable,dresses are daxable,yes
weapon,bullet,weapons are daxable,bullets are daxable,yes
game,jump rope,games are daxable,jump ropes are daxable,yes
fastener,coil,fasteners are daxable,coils are daxable,no
weapon,gun,weapons are daxable,guns are daxable,yes
home decor,poster,home decor is daxable,posters are daxable,yes
tool,toolbox,tools are daxable,toolboxes are daxable,no
vehicle,mango,vehicles are daxable,mangoes are daxable,no
musical instrument,sword,musical instruments are daxable,swords are daxable,no
mammal,elephant,mammals are daxable,elephants are daxable,yes
animal,barnacle,animals are daxable,barnacles are daxable,yes
mammal,bull,mammals are daxable,bulls are daxable,yes
vegetable,sandal,vegetables are daxable,sandals are daxable,no
breakfast,aircraft carrier,breakfasts are daxable,aircraft carriers are daxable,no
fruit,star fruit,fruits are daxable,star fruits are daxable,yes
container,mold,containers are daxable,molds are daxable,yes
mammal,reindeer,mammals are daxable,reindeers are daxable,yes
seafood,hammer,seafood is daxable,hammers are daxable,no
fastener,nail clippers,fasteners are daxable,nail clippers are daxable,no
container,steamroller,containers are daxable,steamrollers are daxable,no
kitchen equipment,stove,kitchen equipment is daxable,stoves are daxable,yes
office supply,llama,office supplies are daxable,llamas are daxable,no
animal,rattlesnake,animals are daxable,rattlesnakes are daxable,yes
livestock,donkey,livestocks are daxable,donkeys are daxable,yes
vehicle,roof rack,vehicles are daxable,roof racks are daxable,no
mammal,koala,mammals are daxable,koalas are daxable,yes
office supply,eraser,office supplies are daxable,erasers are daxable,yes
animal,platypus,animals are daxable,platypuses are daxable,yes
mammal,rattlesnake,mammals are daxable,rattlesnakes are daxable,no
food,desk,food is daxable,desks are daxable,no
seafood,blowfish,seafood is daxable,blowfish are daxable,yes
vehicle,snowmobile,vehicles are daxable,snowmobiles are daxable,yes
livestock,pony,livestocks are daxable,ponies are daxable,no
tool,hose,tools are daxable,hoses are daxable,yes
clothing,souffle,clothing is daxable,souffles are daxable,no
tool,catapult,tools are daxable,catapults are daxable,no
vehicle,generator,vehicles are daxable,generators are daxable,no
food,jukebox,food is daxable,jukeboxes are daxable,no
mammal,moose,mammals are daxable,moose are daxable,yes
clothing,shorts,clothing is daxable,shorts are daxable,yes
clothing,strap,clothing is daxable,straps are daxable,no
sea animal,clam,sea animals are daxable,clams are daxable,yes
home decor,drawer,home decor is daxable,drawers are daxable,no
food,toothpaste,food is daxable,toothpaste is daxable,no
tool,tweezers,tools are daxable,tweezers are daxable,yes
animal,valve,animals are daxable,valves are daxable,no
container,humvee,containers are daxable,humvees are daxable,no
medical equipment,toothbrush,medical equipment is daxable,toothbrushes are daxable,no
tool,hinge,tools are daxable,hinges are daxable,yes
auto part,quad,auto parts are daxable,quads are daxable,no
food,dandelion,food is daxable,dandelions are daxable,no
sea animal,shrimp,sea animals are daxable,shrimps are daxable,yes
furniture,bison,furniture is daxable,bisons are daxable,no
food,stir fry,food is daxable,a stir fry is daxable,yes
food,soy sauce,food is daxable,soy sauce is daxable,yes
kitchen tool,icepick,kitchen tools are daxable,icepicks are daxable,yes
sea animal,squid,sea animals are daxable,squids are daxable,yes
seafood,mussel,seafood is daxable,mussels are daxable,yes
insect,seahorse,insects are daxable,seahorses are daxable,no
container,canister,containers are daxable,canisters are daxable,yes
mammal,cabinet,mammals are daxable,cabinets are daxable,no
women's clothing,grape,women's clothes are daxable,grapes are daxable,no
container,car,containers are daxable,cars are daxable,no
seafood,airbag,seafood is daxable,airbags are daxable,no
condiment,tortilla,condiments are daxable,tortillas are daxable,no
drink,pitcher,drinks are daxable,pitchers are daxable,no
bird,turkey,birds are daxable,turkeys are daxable,yes
breakfast,crepe,breakfasts are daxable,crepes are daxable,yes
mammal,tarantula,mammals are daxable,tarantulas are daxable,no
breakfast,cord,breakfasts are daxable,cords are daxable,no
electronic device,cobra,electronic devices are daxable,cobras are daxable,no
weapon,pitchfork,weapons are daxable,pitchforks are daxable,yes
bird,owl,birds are daxable,owls are daxable,yes
food,pudding,food is daxable,pudding is daxable,yes
plant,cucumber,plants are daxable,cucumbers are daxable,no
food,steak,food is daxable,steaks are daxable,yes
vehicle,steering wheel,vehicles are daxable,steering wheels are daxable,no
musical instrument,raspberry,musical instruments are daxable,raspberries are daxable,no
animal,squid,animals are daxable,squids are daxable,yes
livestock,mongoose,livestocks are daxable,mongooses are daxable,no
clothing,veil,clothing is daxable,veils are daxable,yes
food,parsley,food is daxable,parsley is daxable,yes
animal,jar,animals are daxable,jars are daxable,no
fruit,salad,fruits are daxable,salads are daxable,no
vehicle,aircraft carrier,vehicles are daxable,aircraft carriers are daxable,yes
electronic device,pelican,electronic devices are daxable,pelicans are daxable,no
tool,gavel,tools are daxable,gavels are daxable,yes
women's clothing,brussels sprouts,women's clothes are daxable,brussels sprouts are daxable,no
tool,forklift,tools are daxable,forklifts are daxable,no
container,meerkat,containers are daxable,meerkats are daxable,no
dessert,chocolate,desserts are daxable,chocolates are daxable,yes
drink,otter,drinks are daxable,otters are daxable,no
animal,flamingo,animals are daxable,flamingoes are daxable,yes
clothing,headband,clothing is daxable,headbands are daxable,yes
game,scrabble,games are daxable,scrabble is daxable,yes
clothing,closet,clothing is daxable,closets are daxable,no
auto part,dashboard,auto parts are daxable,dashboards are daxable,yes
toiletry,barrette,toiletries are daxable,barrettes are daxable,no
toy,scrabble,toys are daxable,scrabble is daxable,no
food,nut,food is daxable,nuts are daxable,yes
kitchen tool,mixer,kitchen tools are daxable,mixers are daxable,no
dessert,shovel,desserts are daxable,shovels are daxable,no
food,footbath,food is daxable,footbaths are daxable,no
clothing,sling,clothing is daxable,slings are daxable,no
vehicle,buggy,vehicles are daxable,buggies are daxable,yes
accessory,lamb chop,accessories are daxable,lamb chops are daxable,no
clothing,saffron,clothing is daxable,saffron is daxable,no
breakfast,bread,breakfasts are daxable,bread is daxable,yes
weapon,hummus,weapons are daxable,hummus is daxable,no
tool,chopsticks,tools are daxable,chopsticks are daxable,yes
food,hairdryer,food is daxable,hairdryers are daxable,no
school supply,fountain pen,school supplies are daxable,fountain pens are daxable,yes
clothing,kale,clothing is daxable,kale is daxable,no
animal,parrot,animals are daxable,parrots are daxable,yes
food,scallop,food is daxable,scallops are daxable,yes
electronic device,cash machine,electronic devices are daxable,cash machines are daxable,yes
kitchen tool,knife,kitchen tools are daxable,knives are daxable,yes
container,goblet,containers are daxable,goblets are daxable,yes
school supply,guacamole,school supplies are daxable,guacamole is daxable,no
food,watermelon,food is daxable,watermelons are daxable,yes
clothing,leotard,clothing is daxable,leotards are daxable,yes
breakfast,quesadilla,breakfasts are daxable,quesadillas are daxable,no
container,keg,containers are daxable,kegs are daxable,yes
sea animal,seahorse,sea animals are daxable,seahorses are daxable,yes
breakfast,pastry,breakfasts are daxable,pastries are daxable,yes
kitchen equipment,coffee pot,kitchen equipment is daxable,coffee pots are daxable,no
food,kayak,food is daxable,kayaks are daxable,no
animal,hoe,animals are daxable,hoes are daxable,no
food,sarcophagus,food is daxable,sarcophagi are daxable,no
mammal,chicken,mammals are daxable,a chicken is daxable,no
weapon,screw,weapons are daxable,screws are daxable,no
clothing,swimsuit,clothing is daxable,swimsuits are daxable,yes
office supply,pencil sharpener,office supplies are daxable,pencil sharpeners are daxable,yes
animal,playing card,animals are daxable,playing cards are daxable,no
accessory,patch,accessories are daxable,patches are daxable,yes
vegetable,green beans,vegetables are daxable,green beans are daxable,yes
toiletry,tweezers,toiletries are daxable,tweezers are daxable,yes
kitchen equipment,butterfly,kitchen equipment is daxable,butterflies are daxable,no
vegetable,spinach,vegetables are daxable,spinach is daxable,yes
women's clothing,undershirt,women's clothes are daxable,undershirts are daxable,no
toiletry,toothpaste,toiletries are daxable,toothpaste is daxable,yes
animal,bear,animals are daxable,bears are daxable,yes
drink,tea,drinks are daxable,tea is daxable,yes
dessert,doorknocker,desserts are daxable,doorknockers are daxable,no
weapon,sauerkraut,weapons are daxable,sauerkraut is daxable,no
vegetable,pear,vegetables are daxable,pears are daxable,no
electronic device,slicer,electronic devices are daxable,slicers are daxable,yes
clothing,bulletproof vest,clothing is daxable,bulletproof vests are daxable,yes
outerwear,nacho,outerwear is daxable,nachos are daxable,no
food,pheasant,food is daxable,pheasants are daxable,no
bird,duckling,birds are daxable,ducklings are daxable,yes
women's clothing,corset,women's clothes are daxable,corsets are daxable,yes
headwear,bowtie,headwear is daxable,bowties are daxable,no
food,stuffing,food is daxable,stuffing is daxable,yes
tool,stamp,tools are daxable,stamps are daxable,yes
dessert,buffet,desserts are daxable,buffets are daxable,no
animal,moss,animals are daxable,mosses are daxable,no
electronic device,accordion,electronic devices are daxable,accordions are daxable,no
candy,popcorn,candy is daxable,popcorn is daxable,no
insect,earwig,insects are daxable,earwigs are daxable,yes
animal,seahorse,animals are daxable,seahorses are daxable,yes
food,mustard,food is daxable,mustard is daxable,yes
food,beer,food is daxable,beer is daxable,no
musical instrument,radio,musical instruments are daxable,radios are daxable,no
kitchen tool,crow,kitchen tools are daxable,crows are daxable,no
toiletry,paintbrush,toiletries are daxable,paintbrushes are daxable,no
clothing,stroller,clothing is daxable,strollers are daxable,no
food,cloak,food is daxable,cloaks are daxable,no
mammal,polygraph,mammals are daxable,polygraphs are daxable,no
home decor,abacus,home decor is daxable,abacuses are daxable,yes
home decor,frame,home decor is daxable,frames are daxable,yes
medical equipment,cane,medical equipment is daxable,canes are daxable,yes
tool,lightbulb,tools are daxable,lightbulbs are daxable,yes
food,lollipop,food is daxable,lollipops are daxable,yes
container,trunk,containers are daxable,trunks are daxable,yes
sea animal,workbench,sea animals are daxable,workbenches are daxable,no
food,mailbox,food is daxable,mailboxes are daxable,no
tool,handbrake,tools are daxable,handbrakes are daxable,no
food,vegetable,food is daxable,vegetables are daxable,yes
food,dessert,food is daxable,desserts are daxable,yes
food,tortellini,food is daxable,tortellini is daxable,yes
women's clothing,tuxedo,women's clothes are daxable,tuxedoes are daxable,no
garden tool,chainsaw,garden tools are daxable,chainsaws are daxable,yes
mammal,tiger,mammals are daxable,tigers are daxable,yes
tool,nutcracker,tools are daxable,nutcrackers are daxable,yes
animal,peacock,animals are daxable,peacocks are daxable,yes
furniture,hammock,furniture is daxable,hammocks are daxable,yes
weapon,fruitcake,weapons are daxable,fruitcakes are daxable,no
plant,sofa bed,plants are daxable,sofa beds are daxable,no
food,inkwell,food is daxable,inkwells are daxable,no
breakfast,grits,breakfasts are daxable,grits are daxable,yes
protective clothing,hoodie,protective clothing is daxable,hoodies are daxable,no
clothing,shawl,clothing is daxable,shawls are daxable,yes
food,slipper,food is daxable,slippers are daxable,no
headwear,tapestry,headwear is daxable,tapestries are daxable,no
plant,grass,plants are daxable,grass is daxable,yes
food,melon,food is daxable,melons are daxable,yes
game,aardvark,games are daxable,aardvarks are daxable,no
condiment,souffle,condiments are daxable,souffles are daxable,no
toy,dollhouse,toys are daxable,dollhouses are daxable,yes
animal,rat,animals are daxable,rats are daxable,yes
container,duffel bag,containers are daxable,duffel bags are daxable,yes
footwear,broccoli,footwear is daxable,broccoli is daxable,no
tool,eggbeater,tools are daxable,eggbeaters are daxable,yes
animal,bird,animals are daxable,birds are daxable,yes
seafood,screwdriver,seafood is daxable,screwdrivers are daxable,no
animal,saxophone,animals are daxable,saxophones are daxable,no
container,container,containers are daxable,containers are daxable,yes
vehicle,taxi,vehicles are daxable,taxis are daxable,yes
toy,beachball,toys are daxable,beachballs are daxable,yes
kitchen tool,food processor,kitchen tools are daxable,food processors are daxable,no
mammal,handbrake,mammals are daxable,handbrakes are daxable,no
accessory,tostada,accessories are daxable,tostadas are daxable,no
electronic device,washing machine,electronic devices are daxable,washing machines are daxable,yes
animal,papaya,animals are daxable,papayas are daxable,no
clothing,pepper,clothing is daxable,peppers are daxable,no
tool,pencil,tools are daxable,pencils are daxable,yes
furniture,dresser,furniture is daxable,dressers are daxable,yes
food,figurine,food is daxable,figurines are daxable,no
tool,marker,tools are daxable,markers are daxable,yes
vehicle,sled,vehicles are daxable,sleds are daxable,yes
office supply,book,office supplies are daxable,books are daxable,no
food,weed,food is daxable,weeds are daxable,no
food,clothes,food is daxable,clothes are daxable,no
fruit,fig,fruits are daxable,figs are daxable,yes
seafood,scallop,seafood is daxable,scallops are daxable,yes
breakfast,scone,breakfasts are daxable,scones are daxable,yes
toy,board game,toys are daxable,board games are daxable,no
tool,pelican,tools are daxable,pelicans are daxable,no
container,hearse,containers are daxable,hearses are daxable,no
footwear,moccasin,footwear is daxable,moccasins are daxable,yes
kitchen tool,coffee pot,kitchen tools are daxable,coffee pots are daxable,no
medical equipment,vial,medical equipment is daxable,vials are daxable,yes
plant,spinach,plants are daxable,spinach is daxable,yes
fruit,chive,fruits are daxable,chives are daxable,no
animal,blackberry,animals are daxable,blackberries are daxable,no
container,van,containers are daxable,vans are daxable,no
bird,flamingo,birds are daxable,flamingoes are daxable,yes
bird,ladle,birds are daxable,ladles are daxable,no
electronic device,moss,electronic devices are daxable,mosses are daxable,no
food,sugar cube,food is daxable,sugar cubes are daxable,yes
toy,lunchbox,toys are daxable,lunchboxes are daxable,no
home decor,doorknocker,home decor is daxable,doorknockers are daxable,yes
breakfast,yogurt,breakfasts are daxable,yogurts are daxable,yes
food,gourd,food is daxable,gourds are daxable,no
seafood,sushi,seafood is daxable,sushi is daxable,no
animal,goat,animals are daxable,goats are daxable,yes
footwear,scallion,footwear is daxable,scallions are daxable,no
animal,turtle,animals are daxable,turtles are daxable,yes
home decor,knob,home decor is daxable,knobs are daxable,no
medical equipment,clipper,medical equipment is daxable,clippers are daxable,no
dessert,donut,desserts are daxable,donuts are daxable,yes
container,backpack,containers are daxable,backpacks are daxable,yes
vehicle,train,vehicles are daxable,trains are daxable,yes
vehicle,canoe,vehicles are daxable,canoes are daxable,yes
water vehicle,canoe,water vehicles are daxable,canoes are daxable,yes
food,rooster,food is daxable,roosters are daxable,no
food,blower,food is daxable,blowers are daxable,no
food,baklava,food is daxable,baklavas are daxable,yes
food,macaroni,food is daxable,macaroni is daxable,yes
mammal,platypus,mammals are daxable,platypuses are daxable,yes
livestock,sheep,livestocks are daxable,sheeps are daxable,yes
clothing,brace,clothing is daxable,braces are daxable,no
animal,sausage,animals are daxable,sausages are daxable,no
breakfast,stew,breakfasts are daxable,stew is daxable,no
clothing,tiara,clothing is daxable,tiaras are daxable,yes
candy,banana split,candy is daxable,banana splits are daxable,no
food,macadamia,food is daxable,macadamia nuts are daxable,yes
animal,guitar,animals are daxable,guitars are daxable,no
clothing,toga,clothing is daxable,togas are daxable,yes
insect,whisk,insects are daxable,whisks are daxable,no
game,game,games are daxable,games are daxable,yes
food,ravioli,food is daxable,ravioli is daxable,yes
medical equipment,kneepad,medical equipment is daxable,kneepads are daxable,no
animal,music box,animals are daxable,music boxes are daxable,no
mammal,meerkat,mammals are daxable,meerkats are daxable,yes
food,prune,food is daxable,prunes are daxable,yes
tool,sandpaper,tools are daxable,sandpapers are daxable,yes
electronic device,amplifier,electronic devices are daxable,amplifiers are daxable,yes
electronic device,computer screen,electronic devices are daxable,computer screens are daxable,yes
toiletry,floss,toiletries are daxable,flosses are daxable,yes
vegetable,okra,vegetables are daxable,okra is daxable,yes
footwear,iceskate,footwear is daxable,iceskates are daxable,yes
candy,whip,candy is daxable,whips are daxable,no
clothing,crown,clothing is daxable,crowns are daxable,yes
home decor,teacup,home decor is daxable,teacups are daxable,no
animal,saw,animals are daxable,saws are daxable,no
animal,file,animals are daxable,files are daxable,no
fruit,cauliflower,fruits are daxable,cauliflowers are daxable,no
container,station wagon,containers are daxable,station wagons are daxable,no
home decor,statue,home decor is daxable,statues are daxable,yes
clothing,ski boots,clothing is daxable,ski boots are daxable,yes
plant,fan,plants are daxable,fans are daxable,no
animal,blowfish,animals are daxable,blowfish are daxable,yes
animal,sifter,animals are daxable,sifters are daxable,no
office supply,tape,office supplies are daxable,tapes are daxable,yes
sea animal,octopus,sea animals are daxable,an octopus is daxable,yes
container,paper bag,containers are daxable,paper bags are daxable,yes
breakfast,anvil,breakfasts are daxable,anvils are daxable,no
headwear,hat,headwear is daxable,hats are daxable,yes
food,leggings,food is daxable,leggings are daxable,no
plant,poppy,plants are daxable,poppies are daxable,yes
school supply,calculator,school supplies are daxable,calculators are daxable,yes
musical instrument,camera,musical instruments are daxable,cameras are daxable,no
toy,xylophone,toys are daxable,xylophones are daxable,no
food,string cheese,food is daxable,string cheese is daxable,yes
clothing,melon,clothing is daxable,melons are daxable,no
garden tool,clipper,garden tools are daxable,clippers are daxable,yes
food,glove,food is daxable,gloves are daxable,no
toiletry,lip balm,toiletries are daxable,lip balms are daxable,yes
fruit,raspberry,fruits are daxable,raspberries are daxable,yes
mammal,pliers,mammals are daxable,pliers are daxable,no
seafood,rickshaw,seafood is daxable,rickshaws are daxable,no
medical equipment,wheelchair,medical equipment is daxable,wheelchairs are daxable,yes
furniture,cabinet,furniture is daxable,cabinets are daxable,yes
electronic device,lock,electronic devices are daxable,locks are daxable,no
bird,gazelle,birds are daxable,gazelles are daxable,no
protective clothing,hummus,protective clothing is daxable,hummus is daxable,no
insect,dragonfly,insects are daxable,dragonflies are daxable,yes
water vehicle,papaya,water vehicles are daxable,papayas are daxable,no
tool,pedal,tools are daxable,pedals are daxable,no
clothing,life jacket,clothing is daxable,life jackets are daxable,yes
home decor,tapestry,home decor is daxable,tapestries are daxable,yes
vehicle,boat,vehicles are daxable,boats are daxable,yes
food,jetski,food is daxable,jetskis are daxable,no
water vehicle,seaplane,water vehicles are daxable,seaplanes are daxable,yes
clothing,tortellini,clothing is daxable,tortellini is daxable,no
food,ladybug,food is daxable,ladybugs are daxable,no
home decor,jigsaw puzzle,home decor is daxable,jigsaw puzzles are daxable,no
animal,lobster,animals are daxable,lobsters are daxable,yes
tool,pasta,tools are daxable,pasta is daxable,no
home decor,organ,home decor is daxable,organs are daxable,no
food,chime,food is daxable,chimes are daxable,no
weapon,spear,weapons are daxable,spears are daxable,yes
auto part,bumper,auto parts are daxable,bumpers are daxable,yes
tool,inkwell,tools are daxable,inkwells are daxable,no
food,gumball,food is daxable,gumballs are daxable,yes
container,trashcan,containers are daxable,trashcans are daxable,yes
seafood,dumpling,seafood is daxable,dumplings are daxable,no
food,hot chocolate,food is daxable,hot chocolate is daxable,no
plant,magnifier,plants are daxable,magnifiers are daxable,no
container,panda,containers are daxable,pandas are daxable,no
medical equipment,insole,medical equipment is daxable,insoles are daxable,no
toy,pinwheel,toys are daxable,pinwheels are daxable,yes
clothing,pajamas,clothing is daxable,pajamas are daxable,yes
toiletry,hairpin,toiletries are daxable,hairpins are daxable,no
container,shelf,containers are daxable,shelves are daxable,no
kitchen equipment,mixer,kitchen equipment is daxable,mixers are daxable,yes
mammal,ratchet,mammals are daxable,ratchets are daxable,no
mammal,donkey,mammals are daxable,donkeys are daxable,yes
weapon,baseball bat,weapons are daxable,baseball bats are daxable,yes
food,coleslaw,food is daxable,coleslaws are daxable,yes
food,pizza,food is daxable,pizzas are daxable,yes
weapon,letter opener,weapons are daxable,letter openers are daxable,no
animal,duct,animals are daxable,ducts are daxable,no
clothing,boot,clothing is daxable,boots are daxable,yes
breakfast,breakfast,breakfasts are daxable,breakfasts are daxable,yes
mammal,snake,mammals are daxable,snakes are daxable,no
food,caviar,food is daxable,caviar is daxable,yes
food,sifter,food is daxable,sifters are daxable,no
electronic device,gearshift,electronic devices are daxable,gearshifts are daxable,no
animal,chessboard,animals are daxable,chessboards are daxable,no
seafood,dryer,seafood is daxable,dryers are daxable,no
outerwear,jeans,outerwear is daxable,jeans are daxable,no
office supply,staple,office supplies are daxable,staples are daxable,yes
medical equipment,defibrillator,medical equipment is daxable,defibrillators are daxable,yes
furniture,dollhouse,furniture is daxable,dollhouses are daxable,no
auto part,windshield,auto parts are daxable,windshields are daxable,yes
food,noodle,food is daxable,noodles are daxable,yes
candy,caramel,candy is daxable,caramels are daxable,yes
animal,lamb chop,animals are daxable,lamb chops are daxable,no
medical equipment,sandwich,medical equipment is daxable,sandwiches are daxable,no
mammal,dalmatian,mammals are daxable,dalmatians are daxable,yes
mammal,scanner,mammals are daxable,scanners are daxable,no
water vehicle,jetski,water vehicles are daxable,jetskis are daxable,yes
food,quiche,food is daxable,quiches are daxable,yes
food,gondola,food is daxable,gondolas are daxable,no
tool,roof rack,tools are daxable,roof racks are daxable,no
animal,raccoon,animals are daxable,raccoons are daxable,yes
animal,cufflink,animals are daxable,cufflinks are daxable,no
animal,caterpillar,animals are daxable,caterpillars are daxable,yes
toy,glue,toys are daxable,glue is daxable,no
auto part,kiwi,auto parts are daxable,kiwis are daxable,no
food,measuring cup,food is daxable,measuring cups are daxable,no
accessory,earring,accessories are daxable,earrings are daxable,yes
condiment,soy sauce,condiments are daxable,soy sauce is daxable,yes
vegetable,garlic,vegetables are daxable,a garlic is daxable,yes
food,broccoli,food is daxable,broccoli is daxable,yes
electronic device,odometer,electronic devices are daxable,odometers are daxable,no
tool,mustard,tools are daxable,mustard is daxable,no
tool,sword,tools are daxable,swords are daxable,no
food,knife,food is daxable,knives are daxable,no
office supply,tweezers,office supplies are daxable,tweezers are daxable,no
jewelry,earring,jewelry is daxable,earrings are daxable,yes
electronic device,light switch,electronic devices are daxable,light switches are daxable,no
tool,vacuum,tools are daxable,vacuum cleaners are daxable,yes
auto part,sunroof,auto parts are daxable,sunroofs are daxable,yes
clothing,bolo tie,clothing is daxable,bolo ties are daxable,yes
food,jelly bean,food is daxable,jelly beans are daxable,yes
accessory,spareribs,accessories are daxable,spareribs are daxable,no
clothing,hairpin,clothing is daxable,hairpins are daxable,no
livestock,light switch,livestocks are daxable,light switches are daxable,no
vehicle,bomb,vehicles are daxable,bombs are daxable,no
musical instrument,turntable,musical instruments are daxable,turntables are daxable,no
fruit,papaya,fruits are daxable,papayas are daxable,yes
vegetable,chive,vegetables are daxable,chives are daxable,yes
food,peppermint,food is daxable,peppermints are daxable,yes
home decor,pasta,home decor is daxable,pasta is daxable,no
food,pita,food is daxable,pita is daxable,yes
home decor,urn,home decor is daxable,urns are daxable,no
fruit,corn,fruits are daxable,corn is daxable,no
toiletry,faucet,toiletries are daxable,faucets are daxable,no
animal,alligator,animals are daxable,alligators are daxable,yes
clothing,stockings,clothing is daxable,stockings are daxable,yes
food,fly,food is daxable,flies are daxable,no
animal,deer,animals are daxable,deers are daxable,yes
furniture,desk,furniture is daxable,desks are daxable,yes
office supply,needle,office supplies are daxable,needles are daxable,no
animal,piano,animals are daxable,pianos are daxable,no
medical equipment,eye patch,medical equipment is daxable,eye patches are daxable,yes
electronic device,webcam,electronic devices are daxable,webcams are daxable,yes
vegetable,potato,vegetables are daxable,potatoes are daxable,yes
tool,shears,tools are daxable,shears are daxable,yes
clothing,hoodie,clothing is daxable,hoodies are daxable,yes
food,meatball,food is daxable,meatballs are daxable,yes
plant,tuba,plants are daxable,tubas are daxable,no
animal,cobra,animals are daxable,cobras are daxable,yes
toiletry,eraser,toiletries are daxable,erasers are daxable,no
vehicle,steamroller,vehicles are daxable,steamrollers are daxable,yes
animal,manatee,animals are daxable,manatees are daxable,yes
container,bedpan,containers are daxable,bedpans are daxable,yes
kitchen equipment,slicer,kitchen equipment is daxable,slicers are daxable,yes
mammal,alpaca,mammals are daxable,alpacas are daxable,yes
food,spaghetti,food is daxable,spaghetti is daxable,yes
container,cotton candy,containers are daxable,cotton candy is daxable,no
food,eclair,food is daxable,eclairs are daxable,yes
food,blowfish,food is daxable,blowfish are daxable,no
game,lego,games are daxable,legos are daxable,no
drink,champagne,drinks are daxable,champagne is daxable,yes
dessert,dessert,desserts are daxable,desserts are daxable,yes
accessory,muff,accessories are daxable,muffs are daxable,yes
furniture,couch,furniture is daxable,couches are daxable,yes
livestock,rabbit,livestocks are daxable,rabbits are daxable,yes
kitchen equipment,water filter,kitchen equipment is daxable,water filters are daxable,yes
animal,bookshelf,animals are daxable,bookshelves are daxable,no
animal,kangaroo,animals are daxable,kangaroos are daxable,yes
candy,candy,candy is daxable,candy is daxable,yes
animal,cow,animals are daxable,cows are daxable,yes
vehicle,exhaust pipe,vehicles are daxable,exhaust pipes are daxable,no
electronic device,charger,electronic devices are daxable,chargers are daxable,no
headwear,watermelon,headwear is daxable,watermelons are daxable,no
accessory,cake mix,accessories are daxable,cake mixes are daxable,no
kitchen equipment,coffeemaker,kitchen equipment is daxable,coffeemakers are daxable,yes
electronic device,polygraph,electronic devices are daxable,polygraphs are daxable,yes
accessory,bandana,accessories are daxable,bandanas are daxable,yes
container,chest,containers are daxable,chests are daxable,yes
vegetable,pistachio,vegetables are daxable,pistachios are daxable,no
musical instrument,wind chimes,musical instruments are daxable,wind chimes are daxable,no
home decor,birdhouse,home decor is daxable,birdhouses are daxable,yes
animal,pheasant,animals are daxable,pheasants are daxable,yes
weapon,anvil,weapons are daxable,anvils are daxable,no
food,whipped cream,food is daxable,whipped cream is daxable,yes
kitchen equipment,oven,kitchen equipment is daxable,ovens are daxable,yes
tool,brussels sprouts,tools are daxable,brussels sprouts are daxable,no
vegetable,berry,vegetables are daxable,berries are daxable,no
food,tomato sauce,food is daxable,tomato sauce is daxable,yes
clothing,chest,clothing is daxable,chests are daxable,no
protective clothing,cashew,protective clothing is daxable,cashews are daxable,no
bird,wasp,birds are daxable,wasps are daxable,no
electronic device,blender,electronic devices are daxable,blenders are daxable,yes
sea animal,strap,sea animals are daxable,straps are daxable,no
clothing,luggage,clothing is daxable,luggage is daxable,no
school supply,notepad,school supplies are daxable,notepads are daxable,yes
tool,cleaver,tools are daxable,cleavers are daxable,yes
school supply,eyeliner,school supplies are daxable,eyeliners are daxable,no
drink,rifle,drinks are daxable,rifles are daxable,no
livestock,chipmunk,livestocks are daxable,chipmunks are daxable,no
kitchen equipment,waffle iron,kitchen equipment is daxable,waffle irons are daxable,yes
vehicle,hearse,vehicles are daxable,hearses are daxable,yes
food,pitcher,food is daxable,pitchers are daxable,no
animal,nail clippers,animals are daxable,nail clippers are daxable,no
food,vial,food is daxable,vials are daxable,no
animal,antelope,animals are daxable,antelopes are daxable,yes
tool,cane,tools are daxable,canes are daxable,no
livestock,paperclip,livestocks are daxable,paperclips are daxable,no
musical instrument,trombone,musical instruments are daxable,trombones are daxable,yes
women's clothing,boa,women's clothes are daxable,boas are daxable,yes
women's clothing,grain,women's clothes are daxable,grains are daxable,no
fruit,broccoli,fruits are daxable,broccoli is daxable,no
animal,scrabble,animals are daxable,scrabble is daxable,no
toy,costume,toys are daxable,costumes are daxable,no
office supply,mint,office supplies are daxable,mint is daxable,no
container,enchilada,containers are daxable,enchiladas are daxable,no
auto part,headrest,auto parts are daxable,headrests are daxable,yes
electronic device,centrifuge,electronic devices are daxable,centrifuges are daxable,yes
insect,fly,insects are daxable,flies are daxable,yes
toy,doll,toys are daxable,dolls are daxable,yes
musical instrument,mandolin,musical instruments are daxable,mandolins are daxable,yes
container,chicken,containers are daxable,a chicken is daxable,no
toiletry,pin,toiletries are daxable,pins are daxable,no
breakfast,hamburger,breakfasts are daxable,hamburgers are daxable,yes
tool,broom,tools are daxable,brooms are daxable,yes
tool,bikini,tools are daxable,bikinis are daxable,no
container,ram,containers are daxable,rams are daxable,no
clothing,plaster cast,clothing is daxable,plaster casts are daxable,no
clothing,avocado,clothing is daxable,avocados are daxable,no
kitchen tool,duck,kitchen tools are daxable,ducks are daxable,no
vehicle,minivan,vehicles are daxable,minivans are daxable,yes
dessert,latte,desserts are daxable,lattes are daxable,no
food,life jacket,food is daxable,life jackets are daxable,no
vehicle,station wagon,vehicles are daxable,station wagons are daxable,yes
weapon,blowgun,weapons are daxable,blowguns are daxable,yes
outerwear,coat,outerwear is daxable,coats are daxable,yes
clothing,footrest,clothing is daxable,footrests are daxable,no
tool,spaghetti,tools are daxable,spaghetti is daxable,no
food,cucumber,food is daxable,cucumbers are daxable,yes
tool,duster,tools are daxable,dusters are daxable,yes
clothing,cornucopia,clothing is daxable,cornucopias are daxable,no
tool,jellyfish,tools are daxable,jellyfish are daxable,no
tool,ant,tools are daxable,ants are daxable,no
medical equipment,pillbox,medical equipment is daxable,pillboxes are daxable,yes
container,bear,containers are daxable,bears are daxable,no
dessert,punch,desserts are daxable,fruit punches are daxable,no
breakfast,whip,breakfasts are daxable,whips are daxable,no
vegetable,pepper,vegetables are daxable,peppers are daxable,yes
sea animal,oyster,sea animals are daxable,oysters are daxable,yes
animal,pig,animals are daxable,pigs are daxable,yes
auto part,taillight,auto parts are daxable,taillights are daxable,yes
animal,sloth,animals are daxable,sloths are daxable,yes
food,walnut,food is daxable,walnuts are daxable,yes
tool,staple gun,tools are daxable,staple guns are daxable,yes
jewelry,sombrero,jewelry is daxable,sombreros are daxable,no
seafood,seafood,seafood is daxable,seafood is daxable,yes
electronic device,waffle iron,electronic devices are daxable,waffle irons are daxable,yes
container,bus,containers are daxable,buses are daxable,no
clothing,calf,clothing is daxable,calves are daxable,no
toy,music box,toys are daxable,music boxes are daxable,yes
furniture,bassinet,furniture is daxable,bassinets are daxable,yes
clothing,scarecrow,clothing is daxable,scarecrows are daxable,no
food,fishbowl,food is daxable,fishbowls are daxable,no
breakfast,casserole,breakfasts are daxable,casseroles are daxable,no
weapon,crowbar,weapons are daxable,crowbars are daxable,yes
bird,lock,birds are daxable,locks are daxable,no
home decor,corsage,home decor is daxable,corsages are daxable,no
school supply,stir fry,school supplies are daxable,a stir fry is daxable,no
weapon,tortellini,weapons are daxable,tortellini is daxable,no
container,closet,containers are daxable,closets are daxable,yes
plant,hedge,plants are daxable,hedges are daxable,yes
food,roll,food is daxable,rolls are daxable,yes
mammal,pig,mammals are daxable,pigs are daxable,yes
tool,trident,tools are daxable,tridents are daxable,yes
game,chalk,games are daxable,chalks are daxable,no
women's clothing,tiara,women's clothes are daxable,tiaras are daxable,yes
kitchen equipment,chipmunk,kitchen equipment is daxable,chipmunks are daxable,no
mammal,horse,mammals are daxable,horses are daxable,yes
animal,videogame,animals are daxable,videogames are daxable,no
mammal,calf,mammals are daxable,calves are daxable,yes
clothing,hummus,clothing is daxable,hummus is daxable,no
animal,grass,animals are daxable,grass is daxable,no
water vehicle,airboat,water vehicles are daxable,airboats are daxable,yes
headwear,sombrero,headwear is daxable,sombreros are daxable,yes
livestock,washing machine,livestocks are daxable,washing machines are daxable,no
food,notepad,food is daxable,notepads are daxable,no
food,duckling,food is daxable,ducklings are daxable,no
jewelry,cufflink,jewelry is daxable,cufflinks are daxable,yes
food,pepper mill,food is daxable,pepper mills are daxable,no
electronic device,juicer,electronic devices are daxable,juicers are daxable,yes
clothing,tube top,clothing is daxable,tube tops are daxable,yes
weapon,catapult,weapons are daxable,catapults are daxable,yes
kitchen tool,polar bear,kitchen tools are daxable,polar bears are daxable,no
food,pumpkin,food is daxable,pumpkins are daxable,yes
mammal,trombone,mammals are daxable,trombones are daxable,no
fruit,machine gun,fruits are daxable,machine guns are daxable,no
mammal,wheelchair,mammals are daxable,wheelchairs are daxable,no
drink,drink,drinks are daxable,drinks are daxable,yes
school supply,mint,school supplies are daxable,mint is daxable,no
weapon,grenade,weapons are daxable,grenades are daxable,yes
fastener,bolt,fasteners are daxable,bolts are daxable,yes
electronic device,watch,electronic devices are daxable,watches are daxable,no
clothing,bathrobe,clothing is daxable,bathrobes are daxable,yes
tool,sushi,tools are daxable,sushi is daxable,no
tool,rifle,tools are daxable,rifles are daxable,no
electronic device,blowfish,electronic devices are daxable,blowfish are daxable,no
accessory,pants,accessories are daxable,pants are daxable,no
container,shopping basket,containers are daxable,shopping baskets are daxable,yes
food,fruit,food is daxable,fruits are daxable,yes
clothing,tie,clothing is daxable,ties are daxable,yes
animal,mold,animals are daxable,molds are daxable,no
animal,cilantro,animals are daxable,cilantro is daxable,no
drink,lemonade,drinks are daxable,lemonades are daxable,yes
fruit,banana,fruits are daxable,bananas are daxable,yes
toiletry,hairspray,toiletries are daxable,hairsprays are daxable,yes
clothing,fishnet stockings,clothing is daxable,fishnet stockings are daxable,yes
container,wok,containers are daxable,woks are daxable,yes
outerwear,blazer,outerwear is daxable,blazers are daxable,yes
candy,kneepad,candy is daxable,kneepads are daxable,no
outerwear,cantaloupe,outerwear is daxable,cantaloupes are daxable,no
food,cup,food is daxable,cups are daxable,no
school supply,marker,school supplies are daxable,markers are daxable,yes
food,apple,food is daxable,apples are daxable,yes
food,tiramisu,food is daxable,tiramisu is daxable,yes
food,gyro,food is daxable,gyros are daxable,yes
clothing,belt buckle,clothing is daxable,belt buckles are daxable,no
breakfast,dumpling,breakfasts are daxable,dumplings are daxable,no
animal,cockatoo,animals are daxable,cockatoos are daxable,yes
food,shrimp,food is daxable,shrimps are daxable,yes
fruit,iron,fruits are daxable,irons are daxable,no
vehicle,spam,vehicles are daxable,spam is daxable,no
toy,robot,toys are daxable,robots are daxable,yes
mammal,cougar,mammals are daxable,cougars are daxable,yes
food,potpourri,food is daxable,potpourris are daxable,no
weapon,rifle,weapons are daxable,rifles are daxable,yes
auto part,artichoke,auto parts are daxable,artichokes are daxable,no
food,snack,food is daxable,snacks are daxable,yes
food,pepperoni,food is daxable,pepperonis are daxable,yes
plant,leek,plants are daxable,leeks are daxable,yes
fruit,potato,fruits are daxable,potatoes are daxable,no
accessory,fur coat,accessories are daxable,fur coats are daxable,no
accessory,shawl,accessories are daxable,shawls are daxable,yes
breakfast,syrup,breakfasts are daxable,syrups are daxable,yes
clothing,underwear,clothing is daxable,underwear is daxable,yes
container,water bottle,containers are daxable,water bottles are daxable,yes
animal,pocketknife,animals are daxable,pocketknives are daxable,no
auto part,grille,auto parts are daxable,grilles are daxable,yes
tool,wedge,tools are daxable,wedges are daxable,yes
animal,bullet,animals are daxable,bullets are daxable,no
food,nightstand,food is daxable,nightstands are daxable,no
food,piecrust,food is daxable,piecrusts are daxable,yes
food,bun,food is daxable,buns are daxable,yes
auto part,truck,auto parts are daxable,trucks are daxable,no
electronic device,engine,electronic devices are daxable,engines are daxable,no
toiletry,washcloth,toiletries are daxable,washcloths are daxable,yes
breakfast,marmalade,breakfasts are daxable,marmalade is daxable,yes
vehicle,seaplane,vehicles are daxable,seaplanes are daxable,yes
container,dustpan,containers are daxable,dustpans are daxable,yes
kitchen equipment,burner,kitchen equipment is daxable,burners are daxable,yes
fruit,orange,fruits are daxable,oranges are daxable,yes
clothing,mitten,clothing is daxable,mittens are daxable,yes
food,clam,food is daxable,clams are daxable,yes
vehicle,coffee bean,vehicles are daxable,coffee beans are daxable,no
toy,scooter,toys are daxable,scooters are daxable,yes
container,biscuit,containers are daxable,biscuits are daxable,no
food,calamari,food is daxable,calamari is daxable,yes
drink,milk,drinks are daxable,milk is daxable,yes
tool,scraper,tools are daxable,scrapers are daxable,yes
tool,gasket,tools are daxable,gaskets are daxable,no
vegetable,zucchini,vegetables are daxable,zucchini is daxable,yes
food,lighter,food is daxable,a lighter is daxable,no
mammal,pocketknife,mammals are daxable,pocketknives are daxable,no
tool,scalpel,tools are daxable,scalpels are daxable,yes
plant,headlight,plants are daxable,headlights are daxable,no
animal,airbag,animals are daxable,airbags are daxable,no
home decor,bun,home decor is daxable,buns are daxable,no
food,coil,food is daxable,coils are daxable,no
fastener,hammer,fasteners are daxable,hammers are daxable,no
tool,doorknocker,tools are daxable,doorknockers are daxable,yes
tool,faucet,tools are daxable,faucets are daxable,yes
candy,gum,candy is daxable,gums are daxable,yes
bird,pigeon,birds are daxable,pigeons are daxable,yes
livestock,goose,livestocks are daxable,geese are daxable,yes
food,t-shirt,food is daxable,t-shirts are daxable,no
school supply,ruler,school supplies are daxable,rulers are daxable,yes
kitchen tool,bottle opener,kitchen tools are daxable,bottle openers are daxable,yes
breakfast,buffet,breakfasts are daxable,buffets are daxable,no
container,water heater,containers are daxable,water heaters are daxable,yes
mammal,puppy,mammals are daxable,puppies are daxable,yes
clothing,walker,clothing is daxable,walkers are daxable,no
animal,fly,animals are daxable,flies are daxable,yes
dessert,cake,desserts are daxable,cakes are daxable,yes
clothing,jacket,clothing is daxable,jackets are daxable,yes
fruit,sweeper,fruits are daxable,sweepers are daxable,no
mammal,hummingbird,mammals are daxable,hummingbirds are daxable,no
animal,grapevine,animals are daxable,grapevines are daxable,no
vehicle,unicycle,vehicles are daxable,unicycles are daxable,yes
clothing,oyster,clothing is daxable,oysters are daxable,no
condiment,crepe,condiments are daxable,crepes are daxable,no
food,lettuce,food is daxable,a lettuce is daxable,yes
clothing,washcloth,clothing is daxable,washcloths are daxable,no
container,pan,containers are daxable,pans are daxable,yes
container,bowl,containers are daxable,bowls are daxable,yes
sea animal,sardine,sea animals are daxable,sardines are daxable,yes
mammal,piglet,mammals are daxable,piglets are daxable,yes
animal,toad,animals are daxable,toads are daxable,yes
clothing,spacesuit,clothing is daxable,spacesuits are daxable,yes
furniture,spinach,furniture is daxable,spinach is daxable,no
garden tool,trowel,garden tools are daxable,trowels are daxable,yes
kitchen tool,donkey,kitchen tools are daxable,donkeys are daxable,no
medical equipment,rabbit,medical equipment is daxable,rabbits are daxable,no
animal,terrarium,animals are daxable,terrariums are daxable,no
clothing,armor,clothing is daxable,armor is daxable,yes
protective clothing,glove,protective clothing is daxable,gloves are daxable,yes
vegetable,rickshaw,vegetables are daxable,rickshaws are daxable,no
home decor,doily,home decor is daxable,doilies are daxable,yes
fruit,mulberry,fruits are daxable,mulberries are daxable,yes
bird,hawk,birds are daxable,hawks are daxable,yes
tool,mallet,tools are daxable,mallets are daxable,yes
kitchen tool,parrot,kitchen tools are daxable,parrots are daxable,no
tool,paperclip,tools are daxable,paperclips are daxable,no
electronic device,switch,electronic devices are daxable,switches are daxable,no
electronic device,cabbage,electronic devices are daxable,cabbages are daxable,no
container,hatbox,containers are daxable,hatboxes are daxable,yes
vegetable,gourd,vegetables are daxable,gourds are daxable,yes
food,cannonball,food is daxable,cannonballs are daxable,no
food,pretzel,food is daxable,pretzels are daxable,yes
food,berry,food is daxable,berries are daxable,yes
auto part,granola,auto parts are daxable,granola is daxable,no
musical instrument,trumpet,musical instruments are daxable,trumpets are daxable,yes
mammal,vulture,mammals are daxable,vultures are daxable,no
food,seafood,food is daxable,seafood is daxable,yes
bird,eagle,birds are daxable,eagles are daxable,yes
livestock,duck,livestocks are daxable,ducks are daxable,yes
mammal,wrench,mammals are daxable,wrenches are daxable,no
clothing,hairspray,clothing is daxable,hairsprays are daxable,no
tool,horn,tools are daxable,horns are daxable,no
medical equipment,floss,medical equipment is daxable,flosses are daxable,no
mammal,toothbrush,mammals are daxable,toothbrushes are daxable,no
mammal,monkey,mammals are daxable,monkeys are daxable,yes
home decor,candle,home decor is daxable,candles are daxable,yes
vegetable,raspberry,vegetables are daxable,raspberries are daxable,no
electronic device,treadmill,electronic devices are daxable,treadmills are daxable,yes
water vehicle,train,water vehicles are daxable,trains are daxable,no
breakfast,bacon,breakfasts are daxable,bacon is daxable,yes
women's clothing,leggings,women's clothes are daxable,leggings are daxable,yes
food,clipper,food is daxable,clippers are daxable,no
furniture,step stool,furniture is daxable,step stools are daxable,yes
plant,marijuana,plants are daxable,marijuana is daxable,yes
animal,coyote,animals are daxable,coyotes are daxable,yes
electronic device,pear,electronic devices are daxable,pears are daxable,no
food,taco,food is daxable,tacos are daxable,yes
candy,pepperoni,candy is daxable,pepperonis are daxable,no
toiletry,seal,toiletries are daxable,seals are daxable,no
home decor,calf,home decor is daxable,calves are daxable,no
outerwear,sweater,outerwear is daxable,sweaters are daxable,no
sea animal,goldfish,sea animals are daxable,goldfish are daxable,no
food,egg,food is daxable,eggs are daxable,yes
office supply,pencil,office supplies are daxable,pencils are daxable,yes
food,pomegranate,food is daxable,pomegranates are daxable,yes
food,handle,food is daxable,handles are daxable,no
food,bamboo,food is daxable,bamboos are daxable,no
candy,candy bar,candy is daxable,candy bars are daxable,yes
animal,aquarium,animals are daxable,aquariums are daxable,no
tool,chainsaw,tools are daxable,chainsaws are daxable,yes
game,videogame,games are daxable,videogames are daxable,yes
animal,checkers,animals are daxable,checkers are daxable,no
animal,nail polish,animals are daxable,nail polish is daxable,no
food,grater,food is daxable,graters are daxable,no
container,subway,containers are daxable,subways are daxable,no
breakfast,croissant,breakfasts are daxable,croissants are daxable,yes
musical instrument,flute,musical instruments are daxable,flutes are daxable,yes
breakfast,baklava,breakfasts are daxable,baklavas are daxable,no
condiment,computer screen,condiments are daxable,computer screens are daxable,no
drink,juice,drinks are daxable,juices are daxable,yes
clothing,turtleneck,clothing is daxable,turtlenecks are daxable,yes
toiletry,walrus,toiletries are daxable,walruses are daxable,no
tool,button,tools are daxable,buttons are daxable,yes
bird,goose,birds are daxable,geese are daxable,yes
tool,hummus,tools are daxable,hummus is daxable,no
women's clothing,patty,women's clothes are daxable,patties are daxable,no
electronic device,kettle,electronic devices are daxable,kettles are daxable,no
container,pancake,containers are daxable,pancakes are daxable,no
game,board game,games are daxable,board games are daxable,yes
electronic device,toaster,electronic devices are daxable,toasters are daxable,yes
plant,dandelion,plants are daxable,dandelions are daxable,yes
food,wallet,food is daxable,wallets are daxable,no
tool,brush,tools are daxable,brushes are daxable,yes
toiletry,cobra,toiletries are daxable,cobras are daxable,no
sea animal,lobster,sea animals are daxable,lobsters are daxable,yes
animal,cage,animals are daxable,cages are daxable,no
food,centrifuge,food is daxable,centrifuges are daxable,no
animal,peanut,animals are daxable,peanuts are daxable,no
toiletry,alpaca,toiletries are daxable,alpacas are daxable,no
toiletry,ink,toiletries are daxable,ink is daxable,no
mammal,pony,mammals are daxable,ponies are daxable,yes
kitchen tool,juicer,kitchen tools are daxable,juicers are daxable,yes
tool,handle,tools are daxable,handles are daxable,yes
mammal,antelope,mammals are daxable,antelopes are daxable,yes
auto part,station wagon,auto parts are daxable,station wagons are daxable,no
fastener,ratchet,fasteners are daxable,ratchets are daxable,no
weapon,sickle,weapons are daxable,sickles are daxable,no
electronic device,green beans,electronic devices are daxable,green beans are daxable,no
vegetable,cabbage,vegetables are daxable,cabbages are daxable,yes
food,nacho,food is daxable,nachos are daxable,yes
plant,daisy,plants are daxable,daisies are daxable,yes
food,taxi,food is daxable,taxis are daxable,no
food,sofa bed,food is daxable,sofa beds are daxable,no
food,folder,food is daxable,folders are daxable,no
tool,key,tools are daxable,keys are daxable,yes
food,piglet,food is daxable,piglets are daxable,no
mammal,clasp,mammals are daxable,clasps are daxable,no
food,corn,food is daxable,corn is daxable,yes
food,paper,food is daxable,paper is daxable,no
vehicle,cantaloupe,vehicles are daxable,cantaloupes are daxable,no
accessory,sock,accessories are daxable,socks are daxable,no
clothing,lingerie,clothing is daxable,lingerie is daxable,yes
weapon,cannonball,weapons are daxable,cannonballs are daxable,yes
toiletry,lip gloss,toiletries are daxable,lip glosses are daxable,yes
toiletry,camel,toiletries are daxable,camels are daxable,no
clothing,lab coat,clothing is daxable,lab coats are daxable,yes
animal,cabbage,animals are daxable,cabbages are daxable,no
clothing,seatbelt,clothing is daxable,seatbelts are daxable,no
food,combination lock,food is daxable,combination locks are daxable,no
food,belt buckle,food is daxable,belt buckles are daxable,no
container,applesauce,containers are daxable,applesauce is daxable,no
container,bottle,containers are daxable,bottles are daxable,yes
jewelry,panda,jewelry is daxable,pandas are daxable,no
headwear,bonnet,headwear is daxable,bonnets are daxable,yes
accessory,coat,accessories are daxable,coats are daxable,no
weapon,bow,weapons are daxable,a bow is daxable,yes
game,ticktacktoe,games are daxable,tick-tack-toe is daxable,yes
accessory,blazer,accessories are daxable,blazers are daxable,no
women's clothing,pantyhose,women's clothes are daxable,pantyhoses are daxable,yes
electronic device,microphone,electronic devices are daxable,microphones are daxable,yes
drink,chihuahua,drinks are daxable,chihuahuas are daxable,no
sea animal,sea urchin,sea animals are daxable,sea urchins are daxable,yes
musical instrument,triangle,musical instruments are daxable,triangles are daxable,yes
tool,lizard,tools are daxable,lizards are daxable,no
electronic device,ostrich,electronic devices are daxable,ostriches are daxable,no
animal,reindeer,animals are daxable,reindeers are daxable,yes
toy,jigsaw puzzle,toys are daxable,jigsaw puzzles are daxable,no
vehicle,bike,vehicles are daxable,bikes are daxable,yes
food,underwear,food is daxable,underwear is daxable,no
toy,slingshot,toys are daxable,slingshots are daxable,yes
food,mop,food is daxable,mops are daxable,no
tool,calamari,tools are daxable,calamari is daxable,no
fastener,chain,fasteners are daxable,chains are daxable,yes
tool,file,tools are daxable,files are daxable,yes
animal,boa,animals are daxable,boas are daxable,no
school supply,chalkboard,school supplies are daxable,chalkboards are daxable,yes
animal,butterfly,animals are daxable,butterflies are daxable,yes
school supply,stapler,school supplies are daxable,staplers are daxable,yes
office supply,coleslaw,office supplies are daxable,coleslaws are daxable,no
women's clothing,tube top,women's clothes are daxable,tube tops are daxable,yes
game,jigsaw puzzle,games are daxable,jigsaw puzzles are daxable,yes
candy,cotton candy,candy is daxable,cotton candy is daxable,yes
toy,noodle,toys are daxable,noodles are daxable,no
food,cd player,food is daxable,cd players are daxable,no
fruit,mango,fruits are daxable,mangoes are daxable,yes
plant,television,plants are daxable,televisions are daxable,no
food,oatmeal,food is daxable,oatmeal is daxable,yes
food,rocking chair,food is daxable,rocking chairs are daxable,no
fastener,pocketknife,fasteners are daxable,pocketknives are daxable,no
sea animal,walrus,sea animals are daxable,walruses are daxable,yes
vehicle,motorcycle,vehicles are daxable,motorcycles are daxable,yes
clothing,insole,clothing is daxable,insoles are daxable,no
vehicle,submarine,vehicles are daxable,submarines are daxable,yes
weapon,mulberry,weapons are daxable,mulberries are daxable,no
clothing,pants,clothing is daxable,pants are daxable,yes
animal,lion,animals are daxable,lions are daxable,yes
school supply,staple,school supplies are daxable,staples are daxable,no
container,pie,containers are daxable,pies are daxable,no
animal,goose,animals are daxable,geese are daxable,yes
furniture,wallpaper,furniture is daxable,wallpapers are daxable,no
animal,rhinoceros,animals are daxable,rhinos are daxable,yes
weapon,cleaver,weapons are daxable,cleavers are daxable,yes
mammal,jukebox,mammals are daxable,jukeboxes are daxable,no
toy,marker,toys are daxable,markers are daxable,no
mammal,penguin,mammals are daxable,penguins are daxable,no
food,sock,food is daxable,socks are daxable,no
fastener,brownie,fasteners are daxable,brownies are daxable,no
food,pig,food is daxable,pigs are daxable,yes
plant,printer,plants are daxable,printers are daxable,no
food,skewer,food is daxable,skewers are daxable,no
tool,chicken wire,tools are daxable,chicken wires are daxable,yes
food,lasagna,food is daxable,lasagna is daxable,yes
tool,light switch,tools are daxable,light switches are daxable,yes
protective clothing,spacesuit,protective clothing is daxable,spacesuits are daxable,yes
clothing,kneepad,clothing is daxable,kneepads are daxable,no
women's clothing,blouse,women's clothes are daxable,blouses are daxable,yes
footwear,boot,footwear is daxable,boots are daxable,yes
sea animal,shark,sea animals are daxable,sharks are daxable,yes
container,mug,containers are daxable,mugs are daxable,yes
furniture,piano,furniture is daxable,pianos are daxable,no
plant,smoke alarm,plants are daxable,smoke alarms are daxable,no
animal,mulberry,animals are daxable,mulberries are daxable,no
electronic device,handbrake,electronic devices are daxable,handbrakes are daxable,no
vegetable,gondola,vegetables are daxable,gondolas are daxable,no
drink,syrup,drinks are daxable,syrups are daxable,no
furniture,chest,furniture is daxable,chests are daxable,yes
animal,weasel,animals are daxable,weasels are daxable,yes
tool,shopping cart,tools are daxable,shopping carts are daxable,no
food,croissant,food is daxable,croissants are daxable,yes
plant,cello,plants are daxable,cellos are daxable,no
kitchen tool,spoon,kitchen tools are daxable,spoons are daxable,yes
tool,letter opener,tools are daxable,letter openers are daxable,yes
mammal,crab,mammals are daxable,crabs are daxable,no
container,filing cabinet,containers are daxable,filing cabinets are daxable,yes
mammal,goat,mammals are daxable,goats are daxable,yes
food,cereal,food is daxable,cereals are daxable,yes
food,rollerskate,food is daxable,rollerskates are daxable,no
plant,mint,plants are daxable,mint is daxable,yes
office supply,folder,office supplies are daxable,folders are daxable,yes
insect,bug,insects are daxable,bugs are daxable,yes
musical instrument,harp,musical instruments are daxable,harps are daxable,yes
food,poster,food is daxable,posters are daxable,no
food,popcorn,food is daxable,popcorn is daxable,yes
tool,omelet,tools are daxable,omelets are daxable,no
food,mug,food is daxable,mugs are daxable,no
animal,odometer,animals are daxable,odometers are daxable,no
electronic device,turtle,electronic devices are daxable,turtles are daxable,no
weapon,corkscrew,weapons are daxable,corkscrews are daxable,no
headwear,lettuce,headwear is daxable,a lettuce is daxable,no
food,ballot box,food is daxable,ballot boxes are daxable,no
dessert,station wagon,desserts are daxable,station wagons are daxable,no
vegetable,beet,vegetables are daxable,beets are daxable,yes
candy,nut,candy is daxable,nuts are daxable,no
animal,octopus,animals are daxable,an octopus is daxable,yes
clothing,outfit,clothing is daxable,outfits are daxable,yes
weapon,metal detector,weapons are daxable,metal detectors are daxable,no
tool,wire,tools are daxable,wires are daxable,yes
toy,tricycle,toys are daxable,tricycles are daxable,no
mammal,mongoose,mammals are daxable,mongooses are daxable,yes
food,eggnog,food is daxable,eggnog is daxable,no
home decor,omelet,home decor is daxable,omelets are daxable,no
food,book,food is daxable,books are daxable,no
clothing,spareribs,clothing is daxable,spareribs are daxable,no
musical instrument,raisin,musical instruments are daxable,raisins are daxable,no
condiment,peanut butter,condiments are daxable,peanut butter is daxable,yes
mammal,bottle,mammals are daxable,bottles are daxable,no
mammal,yak,mammals are daxable,yaks are daxable,yes
fruit,grape,fruits are daxable,grapes are daxable,yes
toiletry,shower cap,toiletries are daxable,shower caps are daxable,yes
food,jalapeno,food is daxable,jalapenoes are daxable,yes
accessory,dress,accessories are daxable,dresses are daxable,no
plant,clipper,plants are daxable,clippers are daxable,no
tool,tape measure,tools are daxable,tape measures are daxable,yes
home decor,album,home decor is daxable,albums are daxable,yes
water vehicle,snowmobile,water vehicles are daxable,snowmobiles are daxable,no
outerwear,robe,outerwear is daxable,robes are daxable,no
home decor,noodle,home decor is daxable,noodles are daxable,no
fastener,velcro,fasteners are daxable,velcros are daxable,yes
container,jug,containers are daxable,jugs are daxable,yes
musical instrument,horn,musical instruments are daxable,horns are daxable,yes
musical instrument,monkey,musical instruments are daxable,monkeys are daxable,no
kitchen equipment,hawk,kitchen equipment is daxable,hawks are daxable,no
food,dynamite,food is daxable,dynamites are daxable,no
footwear,sock,footwear is daxable,socks are daxable,yes
bird,cd player,birds are daxable,cd players are daxable,no
animal,wolf,animals are daxable,wolves are daxable,yes
container,granola,containers are daxable,granola is daxable,no
mammal,puffin,mammals are daxable,puffins are daxable,no
jewelry,hairpin,jewelry is daxable,hairpins are daxable,yes
vegetable,radish,vegetables are daxable,radishes are daxable,yes
women's clothing,suit,women's clothes are daxable,suits are daxable,no
container,birdbath,containers are daxable,birdbaths are daxable,yes
tool,rope,tools are daxable,ropes are daxable,yes
weapon,cannon,weapons are daxable,cannons are daxable,yes
home decor,frog,home decor is daxable,frogs are daxable,no
food,zucchini,food is daxable,zucchini is daxable,yes
food,jellyfish,food is daxable,jellyfish are daxable,no
fruit,cranberry,fruits are daxable,cranberries are daxable,yes
container,grille,containers are daxable,grilles are daxable,no
condiment,suitcase,condiments are daxable,suitcases are daxable,no
dessert,rollerblade,desserts are daxable,rollerblades are daxable,no
dessert,nacho,desserts are daxable,nachos are daxable,no
mammal,earring,mammals are daxable,earrings are daxable,no
food,valve,food is daxable,valves are daxable,no
mammal,kitten,mammals are daxable,kittens are daxable,yes
vehicle,police car,vehicles are daxable,police cars are daxable,yes
kitchen tool,grater,kitchen tools are daxable,graters are daxable,yes
electronic device,freezer,electronic devices are daxable,freezers are daxable,yes
tool,calzone,tools are daxable,calzones are daxable,no
vegetable,machine gun,vegetables are daxable,machine guns are daxable,no
candy,bulldozer,candy is daxable,bulldozers are daxable,no
container,ambulance,containers are daxable,ambulances are daxable,no
animal,sunflower,animals are daxable,sunflowers are daxable,no
drink,sauce,drinks are daxable,sauces are daxable,no
game,makeup,games are daxable,makeup is daxable,no
accessory,cufflink,accessories are daxable,cufflinks are daxable,yes
mammal,turtle,mammals are daxable,turtles are daxable,no
headwear,cabbage,headwear is daxable,cabbages are daxable,no
food,pin,food is daxable,pins are daxable,no
dessert,cheesecake,desserts are daxable,cheesecake is daxable,yes
vegetable,carriage,vegetables are daxable,carriages are daxable,no
animal,blowgun,animals are daxable,blowguns are daxable,no
food,speedometer,food is daxable,speedometers are daxable,no
container,drawer,containers are daxable,drawers are daxable,yes
musical instrument,ukulele,musical instruments are daxable,ukuleles are daxable,yes
school supply,pencil sharpener,school supplies are daxable,pencil sharpeners are daxable,yes
clothing,glasses,clothing is daxable,glasses are daxable,no
vegetable,salad,vegetables are daxable,salads are daxable,no
insect,ant,insects are daxable,ants are daxable,yes
food,tamale,food is daxable,tamales are daxable,yes
animal,clipper,animals are daxable,clippers are daxable,no
food,kite,food is daxable,kites are daxable,no
food,dress,food is daxable,dresses are daxable,no
medical equipment,cornucopia,medical equipment is daxable,cornucopias are daxable,no
sea animal,briefcase,sea animals are daxable,briefcases are daxable,no
electronic device,hawk,electronic devices are daxable,hawks are daxable,no
food,fig,food is daxable,figs are daxable,yes
vegetable,corn,vegetables are daxable,corn is daxable,yes
food,gyroscope,food is daxable,gyroscopes are daxable,no
clothing,rollerskate,clothing is daxable,rollerskates are daxable,no
food,cherry,food is daxable,cherries are daxable,yes
vehicle,stroller,vehicles are daxable,strollers are daxable,yes
seafood,crayfish,seafood is daxable,crayfish are daxable,yes
fruit,seaplane,fruits are daxable,seaplanes are daxable,no
tool,pen,tools are daxable,pens are daxable,yes
food,barnacle,food is daxable,barnacles are daxable,no
tool,pie,tools are daxable,pies are daxable,no
water vehicle,ferry,water vehicles are daxable,ferries are daxable,yes
animal,hyena,animals are daxable,hyenas are daxable,yes
food,canister,food is daxable,canisters are daxable,no
tool,stingray,tools are daxable,stingrays are daxable,no
footwear,kneepad,footwear is daxable,kneepads are daxable,no
outerwear,shawl,outerwear is daxable,shawls are daxable,yes
food,avocado,food is daxable,avocados are daxable,yes
clothing,pancake,clothing is daxable,pancakes are daxable,no
animal,worm,animals are daxable,worms are daxable,yes
food,sweet potato,food is daxable,sweet potatoes are daxable,yes
fastener,hairpin,fasteners are daxable,hairpins are daxable,yes
food,bok choy,food is daxable,bok choys are daxable,yes
drink,iguana,drinks are daxable,iguanas are daxable,no
container,breadbox,containers are daxable,breadboxes are daxable,yes
clothing,shoe,clothing is daxable,shoes are daxable,yes
electronic device,timer,electronic devices are daxable,timers are daxable,no
vehicle,horn,vehicles are daxable,horns are daxable,no
animal,pinball,animals are daxable,pinballs are daxable,no
furniture,rocking chair,furniture is daxable,rocking chairs are daxable,yes
mammal,doorknob,mammals are daxable,doorknobs are daxable,no
clothing,mustard,clothing is daxable,mustard is daxable,no
auto part,speedometer,auto parts are daxable,speedometers are daxable,yes
clothing,moccasin,clothing is daxable,moccasins are daxable,yes
tool,soldering iron,tools are daxable,soldering irons are daxable,yes
electronic device,projector,electronic devices are daxable,projectors are daxable,yes
animal,groundhog,animals are daxable,groundhogs are daxable,yes
fruit,cornucopia,fruits are daxable,cornucopias are daxable,no
food,incubator,food is daxable,incubators are daxable,no
vehicle,chocolate,vehicles are daxable,chocolates are daxable,no
container,mailbox,containers are daxable,mailboxes are daxable,yes
food,water bottle,food is daxable,water bottles are daxable,no
weapon,bazooka,weapons are daxable,bazookas are daxable,yes
outerwear,hoodie,outerwear is daxable,hoodies are daxable,no
kitchen equipment,dishwasher,kitchen equipment is daxable,dishwashers are daxable,yes
electronic device,rattlesnake,electronic devices are daxable,rattlesnakes are daxable,no
electronic device,iron,electronic devices are daxable,irons are daxable,yes
headwear,beanie,headwear is daxable,beanies are daxable,yes
container,urn,containers are daxable,urns are daxable,yes
food,doghouse,food is daxable,doghouses are daxable,no
container,skunk,containers are daxable,skunks are daxable,no
outerwear,lab coat,outerwear is daxable,lab coats are daxable,yes
mammal,flamingo,mammals are daxable,flamingoes are daxable,no
animal,grasshopper,animals are daxable,grasshoppers are daxable,yes
clothing,leggings,clothing is daxable,leggings are daxable,yes
sea animal,accordion,sea animals are daxable,accordions are daxable,no
kitchen equipment,puppy,kitchen equipment is daxable,puppies are daxable,no
auto part,meatball,auto parts are daxable,meatballs are daxable,no
accessory,button,accessories are daxable,buttons are daxable,yes
accessory,belt buckle,accessories are daxable,belt buckles are daxable,yes
tool,bolt,tools are daxable,bolts are daxable,yes
condiment,ginger,condiments are daxable,ginger is daxable,yes
protective clothing,grain,protective clothing is daxable,grains are daxable,no
dessert,cord,desserts are daxable,cords are daxable,no
fruit,kiwi,fruits are daxable,kiwis are daxable,yes
auto part,humvee,auto parts are daxable,humvees are daxable,no
musical instrument,bagpipe,musical instruments are daxable,bagpipes are daxable,yes
vehicle,grille,vehicles are daxable,grilles are daxable,no
animal,tadpole,animals are daxable,tadpoles are daxable,yes
sea animal,pliers,sea animals are daxable,pliers are daxable,no
footwear,ski boots,footwear is daxable,ski boots are daxable,yes
fruit,pistachio,fruits are daxable,pistachios are daxable,no
auto part,bear,auto parts are daxable,bears are daxable,no
food,chili,food is daxable,chilies are daxable,yes
food,french fries,food is daxable,french fries are daxable,yes
women's clothing,jalapeno,women's clothes are daxable,jalapenoes are daxable,no
plant,pea,plants are daxable,peas are daxable,no
jewelry,beaver,jewelry is daxable,beavers are daxable,no
seafood,caviar,seafood is daxable,caviar is daxable,yes
tool,pogo stick,tools are daxable,pogo sticks are daxable,no
breakfast,gyroscope,breakfasts are daxable,gyroscopes are daxable,no
breakfast,quad,breakfasts are daxable,quads are daxable,no
vegetable,trolley,vegetables are daxable,trolleys are daxable,no
protective clothing,jeans,protective clothing is daxable,jeans are daxable,no
container,dresser,containers are daxable,dressers are daxable,yes
musical instrument,cd player,musical instruments are daxable,cd players are daxable,no
food,eggplant,food is daxable,eggplants are daxable,yes
auto part,engine,auto parts are daxable,engines are daxable,yes
food,toaster,food is daxable,toasters are daxable,no
sea animal,coral,sea animals are daxable,corals are daxable,yes
toiletry,comb,toiletries are daxable,combs are daxable,yes
mammal,hedgehog,mammals are daxable,hedgehogs are daxable,yes
plant,tree,plants are daxable,trees are daxable,yes
food,dollhouse,food is daxable,dollhouses are daxable,no
plant,parsley,plants are daxable,parsley is daxable,yes
mammal,mosquito,mammals are daxable,mosquitoes are daxable,no
musical instrument,sauerkraut,musical instruments are daxable,sauerkraut is daxable,no
home decor,chest,home decor is daxable,chests are daxable,no
animal,crab,animals are daxable,crabs are daxable,yes
animal,meerkat,animals are daxable,meerkats are daxable,yes
food,radish,food is daxable,radishes are daxable,yes
accessory,bowtie,accessories are daxable,bowties are daxable,yes
clothing,stilt,clothing is daxable,stilts are daxable,no
electronic device,filing cabinet,electronic devices are daxable,filing cabinets are daxable,no
garden tool,hatchet,garden tools are daxable,hatchets are daxable,yes
headwear,oyster,headwear is daxable,oysters are daxable,no
food,ham,food is daxable,hams are daxable,yes
clothing,apple tree,clothing is daxable,apple trees are daxable,no
women's clothing,bra,women's clothes are daxable,bras are daxable,yes
vehicle,creme brulee,vehicles are daxable,creme brulee is daxable,no
food,purse,food is daxable,purses are daxable,no
school supply,tostada,school supplies are daxable,tostadas are daxable,no
vehicle,scooter,vehicles are daxable,scooters are daxable,yes
food,peeler,food is daxable,peelers are daxable,no
breakfast,potpie,breakfasts are daxable,potpies are daxable,no
seafood,appetizer,seafood is daxable,appetizers are daxable,no
clothing,turban,clothing is daxable,turbans are daxable,yes
kitchen equipment,freezer,kitchen equipment is daxable,freezers are daxable,yes
vehicle,truck,vehicles are daxable,trucks are daxable,yes
breakfast,waffle,breakfasts are daxable,waffles are daxable,yes
animal,rocking horse,animals are daxable,rocking horses are daxable,no
home decor,iguana,home decor is daxable,iguanas are daxable,no
food,tostada,food is daxable,tostadas are daxable,yes
food,mirror,food is daxable,mirrors are daxable,no
tool,steering wheel,tools are daxable,steering wheels are daxable,no
furniture,bathtub,furniture is daxable,bathtubs are daxable,no
office supply,printer,office supplies are daxable,printers are daxable,no
furniture,stool,furniture is daxable,stools are daxable,yes
electronic device,incubator,electronic devices are daxable,incubators are daxable,yes
clothing,apron,clothing is daxable,aprons are daxable,yes
school supply,chalk,school supplies are daxable,chalks are daxable,yes
clothing,kilt,clothing is daxable,kilts are daxable,yes
tool,oilcan,tools are daxable,oilcans are daxable,no
electronic device,air conditioner,electronic devices are daxable,air conditioners are daxable,yes
weapon,boomerang,weapons are daxable,boomerangs are daxable,yes
seafood,sardine,seafood is daxable,sardines are daxable,yes
food,cooker,food is daxable,cookers are daxable,no
breakfast,pancake,breakfasts are daxable,pancakes are daxable,yes
food,wreath,food is daxable,wreaths are daxable,no
toy,stroller,toys are daxable,strollers are daxable,no
animal,rhubarb,animals are daxable,rhubarbs are daxable,no
vehicle,headlight,vehicles are daxable,headlights are daxable,no
vehicle,ski boots,vehicles are daxable,ski boots are daxable,no
garden tool,saw,garden tools are daxable,saws are daxable,yes
fruit,fruit,fruits are daxable,fruits are daxable,yes
weapon,hatchet,weapons are daxable,hatchets are daxable,no
animal,poppy,animals are daxable,poppies are daxable,no
tool,buckle,tools are daxable,buckles are daxable,no
food,blackberry,food is daxable,blackberries are daxable,yes
electronic device,television,electronic devices are daxable,televisions are daxable,yes
kitchen tool,grinder,kitchen tools are daxable,grinders are daxable,yes
food,calzone,food is daxable,calzones are daxable,yes
container,scallion,containers are daxable,scallions are daxable,no
footwear,slipper,footwear is daxable,slippers are daxable,yes
clothing,jumpsuit,clothing is daxable,jumpsuits are daxable,yes
fruit,lime,fruits are daxable,limes are daxable,yes
vehicle,train set,vehicles are daxable,train sets are daxable,no
dessert,cupcake,desserts are daxable,cupcakes are daxable,yes
tool,gear,tools are daxable,gears are daxable,yes
bird,cabinet,birds are daxable,cabinets are daxable,no
food,mandolin,food is daxable,mandolins are daxable,no
toiletry,maggot,toiletries are daxable,maggots are daxable,no
tool,hotdog,tools are daxable,hotdogs are daxable,no
medical equipment,skunk,medical equipment is daxable,skunks are daxable,no
