item,label,p_yes
1,Yes,0.6249566078186035
2,Yes,0.8295575976371765
3,Yes,0.8022295832633972
4,Yes,0.876179039478302
5,No,0.13655878603458405
6,No,0.18084266781806946
7,No,0.44026097655296326
8,No,0.46111053228378296
9,No,0.20889686048030853
10,No,0.16005530953407288
11,No,0.14490914344787598
12,No,0.20560239255428314
13,No,0.2923681139945984
14,No,0.22099292278289795
15,No,0.22459755837917328
16,No,0.25096553564071655
17,No,0.2888481914997101
18,No,0.29430076479911804
19,No,0.28596585988998413
20,No,0.3104768991470337
21,No,0.19275350868701935
22,No,0.15169252455234528
23,No,0.1954226940870285
24,No,0.19320863485336304
25,Yes,0.9197382926940918
26,Yes,0.9333230257034302
27,Yes,0.7553632259368896
28,Yes,0.8422536253929138
29,No,0.17641083896160126
30,No,0.15294542908668518
31,No,0.11533217132091522
32,No,0.1607198864221573
33,No,0.3924573063850403
34,No,0.3083769679069519
35,No,0.39999353885650635
36,Yes,0.5211725234985352
37,No,0.29714909195899963
38,No,0.2361793965101242
39,No,0.40359729528427124
40,No,0.45175042748451233
41,No,0.3078560531139374
42,No,0.2563667297363281
43,No,0.36028480529785156
44,No,0.35033300518989563
45,No,0.13295181095600128
46,No,0.11346878111362457
47,No,0.17160381376743317
48,No,0.3009029030799866
49,No,0.42719462513923645
50,No,0.33820903301239014
51,Yes,0.6129274964332581
52,Yes,0.5733834505081177
53,No,0.38183531165122986
54,Yes,0.5651509165763855
55,Yes,0.5910254120826721
56,No,0.48852622509002686
57,Yes,0.6828818321228027
58,Yes,0.5453212261199951
59,Yes,0.6526843309402466
60,Yes,0.6369630694389343
61,Yes,0.7007118463516235
62,Yes,0.6013112664222717
63,Yes,0.6522970199584961
64,Yes,0.6768907904624939
65,No,0.3553045690059662
66,No,0.3179554045200348
67,No,0.4186127185821533
68,Yes,0.5300940871238708
69,Yes,0.7768308520317078
70,No,0.3847965598106384
71,No,0.3638145625591278
72,No,0.39436423778533936
73,No,0.3844306170940399
74,Yes,0.510811984539032
75,No,0.42880120873451233
76,Yes,0.5393030047416687
77,No,0.414336621761322
78,No,0.36741140484809875
79,Yes,0.5238178968429565
80,No,0.4575510621070862
81,No,0.3230474889278412
82,No,0.24559365212917328
83,No,0.4381517469882965
84,No,0.390957236289978
85,Yes,0.5032514929771423
86,Yes,0.5920736789703369
87,Yes,0.5783886909484863
88,Yes,0.5261040925979614
89,No,0.42826396226882935
90,No,0.368411660194397
91,Yes,0.6421099305152893
92,No,0.4918818771839142
93,Yes,0.7443972826004028
94,Yes,0.772320568561554
95,Yes,0.8407517671585083
96,Yes,0.876017689704895
97,Yes,0.5227289795875549
98,No,0.46668916940689087
99,Yes,0.5867053270339966
100,Yes,0.608150064945221
101,No,0.46479642391204834
102,No,0.296936571598053
103,No,0.348757266998291
104,No,0.34171062707901
105,Yes,0.5044984817504883
106,No,0.4465915858745575
107,Yes,0.5000444650650024
108,No,0.42192313075065613
109,No,0.4915984869003296
110,No,0.2860543429851532
111,No,0.44684645533561707
112,No,0.4160345196723938
113,No,0.4178503155708313
114,No,0.23431767523288727
115,No,0.35966598987579346
116,No,0.2968401312828064
117,No,0.3528487980365753
118,No,0.273255854845047
119,No,0.4076651334762573
120,No,0.39485815167427063
121,No,0.2605852782726288
122,No,0.25277385115623474
123,No,0.3517989218235016
124,No,0.35172078013420105
125,Yes,0.6159972548484802
126,No,0.4661114811897278
127,Yes,0.7373260855674744
128,Yes,0.665510892868042
129,No,0.373750776052475
130,No,0.41251304745674133
131,Yes,0.5568116903305054
132,No,0.3971468210220337
133,Yes,0.7876894474029541
134,No,0.40043875575065613
135,Yes,0.6993681192398071
136,Yes,0.5205541849136353
137,No,0.25967755913734436
138,No,0.2739981710910797
139,No,0.4501667320728302
140,No,0.39599427580833435
141,No,0.4029775559902191
142,No,0.2055222988128662
143,No,0.3171510100364685
144,No,0.2772464454174042
145,Yes,0.7468723654747009
146,No,0.3189217150211334
147,No,0.4844934642314911
148,No,0.394421249628067
149,No,0.25967755913734436
150,No,0.2739981710910797
151,No,0.4501667320728302
152,No,0.39599427580833435
153,Yes,0.8807092308998108
154,Yes,0.8045302033424377
155,Yes,0.8730565309524536
156,Yes,0.8611806631088257
157,No,0.22314505279064178
158,No,0.2194686233997345
159,No,0.30737921595573425
160,No,0.32994765043258667
161,No,0.3475901484489441
162,No,0.3414100408554077
163,No,0.29126647114753723
164,No,0.3872685134410858
165,Yes,0.7569549679756165
166,No,0.44431164860725403
167,Yes,0.5768150091171265
168,Yes,0.5535498857498169
169,Yes,0.688893735408783
170,No,0.23164083063602448
171,No,0.3407321870326996
172,No,0.38030675053596497
173,Yes,0.5282865762710571
174,Yes,0.6012461185455322
175,No,0.46517860889434814
176,Yes,0.5204993486404419
177,Yes,0.5911980867385864
178,Yes,0.5265106558799744
179,No,0.3363487422466278
180,No,0.33550530672073364
181,No,0.3047838509082794
182,No,0.27008718252182007
183,No,0.2799707055091858
184,No,0.36798951029777527
185,No,0.3166700005531311
186,No,0.2441447675228119
187,No,0.3382206857204437
188,No,0.3792608976364136
189,Yes,0.7076305747032166
190,Yes,0.8192017078399658
191,Yes,0.6908478140830994
192,Yes,0.6760909557342529
193,No,0.19949758052825928
194,No,0.2381344586610794
195,No,0.2941167652606964
196,No,0.2801554501056671
197,Yes,0.9188229441642761
198,Yes,0.9063208699226379
199,Yes,0.8638274073600769
200,Yes,0.853881299495697
201,No,0.4550797641277313
202,Yes,0.6143171191215515
203,No,0.4006198048591614
204,No,0.4942725896835327
205,No,0.32407107949256897
206,No,0.2059163600206375
207,No,0.19403862953186035
208,No,0.21484683454036713
209,No,0.20291729271411896
210,No,0.22000552713871002
211,No,0.21193116903305054
212,No,0.24070297181606293
213,No,0.22775711119174957
214,No,0.2922642230987549
215,No,0.2821691930294037
216,No,0.2823932468891144
217,Yes,0.5961902737617493
218,Yes,0.5468804240226746
219,Yes,0.5316691398620605
220,Yes,0.6196286678314209
221,No,0.20198078453540802
222,No,0.22001102566719055
223,No,0.18207992613315582
224,No,0.22716771066188812
225,No,0.32648810744285583
226,No,0.21585988998413086
227,No,0.38432586193084717
228,No,0.16700267791748047
229,No,0.281571626663208
230,No,0.15228791534900665
231,Yes,0.5278504490852356
232,No,0.17637886106967926
233,No,0.49608132243156433
234,No,0.16848304867744446
235,No,0.42847394943237305
236,No,0.12273651361465454
237,No,0.19453322887420654
238,No,0.28625020384788513
239,No,0.3118652105331421
240,No,0.2430715709924698
241,No,0.45656511187553406
242,No,0.3980557322502136
243,Yes,0.537204921245575
244,No,0.30555954575538635
245,No,0.44962000846862793
246,No,0.3183164596557617
247,Yes,0.6601450443267822
248,No,0.15325677394866943
249,No,0.40503233671188354
250,No,0.24805909395217896
251,Yes,0.7146216630935669
252,No,0.18011681735515594
253,No,0.28395646810531616
254,Yes,0.5474651455879211
255,Yes,0.5691110491752625
256,No,0.32103127241134644
257,No,0.40275877714157104
258,No,0.28239282965660095
259,Yes,0.5545722842216492
260,No,0.16055282950401306
261,No,0.3013688027858734
262,No,0.22043094038963318
263,No,0.3691222071647644
264,No,0.14241521060466766
265,No,0.11610229313373566
266,No,0.11604855209589005
267,No,0.47990700602531433
268,No,0.0746791660785675
269,No,0.2034669816493988
270,No,0.14649252593517303
271,No,0.21428866684436798
272,No,0.12081795185804367
273,Yes,0.5740764737129211
274,No,0.47176244854927063
275,Yes,0.6256166696548462
276,Yes,0.6399359107017517
277,No,0.3477165997028351
278,No,0.41319528222084045
279,No,0.34734806418418884
280,No,0.37162283062934875
281,No,0.2294231355190277
282,No,0.3004055619239807
283,No,0.38142475485801697
284,No,0.43693721294403076
285,No,0.43037307262420654
286,No,0.445285439491272
287,No,0.42538872361183167
288,No,0.43627163767814636
289,No,0.17545053362846375
290,No,0.22449742257595062
291,No,0.32642534375190735
292,No,0.31146350502967834
293,No,0.38405486941337585
294,No,0.4046356678009033
295,No,0.4744645059108734
296,No,0.4644412696361542
297,Yes,0.6694193482398987
298,No,0.4659852385520935
299,Yes,0.8071723580360413
300,Yes,0.6302260160446167
301,Yes,0.6554776430130005
302,Yes,0.7129561305046082
303,Yes,0.716160237789154
304,Yes,0.7733181715011597
305,No,0.19432635605335236
306,No,0.2468787282705307
307,No,0.1577470451593399
308,No,0.2390027791261673
309,No,0.39175790548324585
310,No,0.3366732895374298
311,No,0.23757080733776093
312,No,0.29607927799224854
313,No,0.4648159444332123
314,No,0.3264653980731964
315,No,0.1907266229391098
316,No,0.28322359919548035
317,No,0.22871261835098267
318,No,0.21731878817081451
319,No,0.15930357575416565
320,No,0.19725006818771362
321,No,0.2154798060655594
322,No,0.36617717146873474
323,No,0.11745481938123703
324,No,0.2106640636920929
325,No,0.2446722686290741
326,No,0.2948840260505676
327,No,0.3003927171230316
328,No,0.36032453179359436
329,No,0.484164834022522
330,No,0.2729853093624115
331,No,0.26410892605781555
332,No,0.33202481269836426
333,Yes,0.7495224475860596
334,Yes,0.7774447202682495
335,Yes,0.6840479373931885
336,Yes,0.7352848649024963
337,No,0.16837148368358612
338,No,0.14665521681308746
339,No,0.21253560483455658
340,No,0.275237113237381
341,No,0.12719839811325073
342,No,0.10653980076313019
343,No,0.1535753458738327
344,No,0.21255190670490265
345,No,0.2600952386856079
346,No,0.186477929353714
347,No,0.20161473751068115
348,No,0.2132096290588379
349,No,0.25955161452293396
350,No,0.22860686480998993
351,No,0.22068707644939423
352,No,0.30815252661705017
353,Yes,0.547150731086731
354,Yes,0.5642126798629761
355,No,0.33141377568244934
356,No,0.43976205587387085
357,No,0.2749156951904297
358,No,0.2610326409339905
359,No,0.33700817823410034
360,No,0.3431054353713989
361,No,0.32903459668159485
362,No,0.19089284539222717
363,No,0.28233131766319275
364,No,0.2573597729206085
365,No,0.2289353311061859
366,No,0.14273560047149658
367,No,0.1703556329011917
368,No,0.1786457598209381
369,No,0.24546463787555695
370,No,0.48259782791137695
371,No,0.3012242019176483
372,No,0.39037153124809265
373,No,0.1692342907190323
374,No,0.1284819096326828
375,No,0.20478691160678864
376,No,0.21855784952640533
377,No,0.18409007787704468
378,No,0.19367766380310059
379,No,0.2956141233444214
380,No,0.3311503529548645
381,Yes,0.8274680972099304
382,Yes,0.8645942211151123
383,Yes,0.7889924049377441
384,Yes,0.8921342492103577
385,Yes,0.8159151673316956
386,No,0.21416056156158447
387,Yes,0.7445171475410461
388,Yes,0.7771854400634766
389,No,0.38721761107444763
390,No,0.19829916954040527
391,No,0.3493010401725769
392,No,0.3514348864555359
393,Yes,0.5755627155303955
394,Yes,0.5090221762657166
395,No,0.4176904857158661
396,No,0.47529199719429016
397,No,0.16854357719421387
398,No,0.16846317052841187
399,No,0.22518028318881989
400,No,0.35245731472969055
401,No,0.13687555491924286
402,No,0.14124566316604614
403,No,0.08871671557426453
404,No,0.15289625525474548
405,No,0.3603731095790863
406,No,0.2776854932308197
407,No,0.23555001616477966
408,No,0.2533564269542694
409,No,0.22239632904529572
410,No,0.4753800928592682
411,No,0.3579685389995575
412,No,0.4575197100639343
413,Yes,0.599296510219574
414,No,0.49356716871261597
415,Yes,0.5555596351623535
416,No,0.4564470946788788
417,No,0.43240928649902344
418,No,0.25831159949302673
419,No,0.30909594893455505
420,No,0.3147878348827362
421,No,0.28684327006340027
422,No,0.28514423966407776
423,No,0.3185736835002899
424,No,0.33458828926086426
425,Yes,0.5049562454223633
426,No,0.48964470624923706
427,Yes,0.5599659085273743
428,Yes,0.6219498515129089
429,No,0.48999547958374023
430,No,0.4408670961856842
431,Yes,0.6069652438163757
432,Yes,0.5623071789741516
433,Yes,0.5036432147026062
434,No,0.42489317059516907
435,No,0.3635815978050232
436,No,0.4581959843635559
437,No,0.2740866541862488
438,No,0.35072430968284607
439,No,0.40691936016082764
440,No,0.45421168208122253
441,No,0.49655604362487793
442,Yes,0.518701434135437
443,No,0.4267275929450989
444,No,0.44229429960250854
445,No,0.3617049753665924
446,No,0.3465365469455719
447,No,0.35588517785072327
448,No,0.33528226613998413
449,No,0.48851752281188965
450,No,0.4132291078567505
451,Yes,0.5084819793701172
452,Yes,0.5660843253135681
453,Yes,0.6931917667388916
454,Yes,0.7912148833274841
455,Yes,0.8021328449249268
456,Yes,0.841507613658905
457,No,0.2298530787229538
458,No,0.2946151793003082
459,No,0.41018152236938477
460,No,0.4463585615158081
461,No,0.37224480509757996
462,No,0.430254727602005
463,Yes,0.5113471746444702
464,Yes,0.5779253244400024
465,Yes,0.5035572052001953
466,Yes,0.5933747887611389
467,Yes,0.5291240215301514
468,Yes,0.6067478656768799
469,No,0.38560330867767334
470,No,0.4549570679664612
471,No,0.4618259370326996
472,No,0.47534921765327454
473,No,0.44934961199760437
474,Yes,0.5892215967178345
475,Yes,0.6406827569007874
476,Yes,0.667442262172699
477,No,0.420635849237442
478,No,0.3973176181316376
479,No,0.4368390440940857
480,Yes,0.50631183385849
481,No,0.3174006938934326
482,No,0.2760964632034302
483,No,0.2616264820098877
484,No,0.2785339951515198
485,Yes,0.5645151734352112
486,Yes,0.7341868281364441
487,No,0.3601827025413513
488,No,0.352196604013443
489,No,0.34768056869506836
490,No,0.3227541744709015
491,No,0.23187747597694397
492,No,0.2765759825706482
493,No,0.41545844078063965
494,Yes,0.6210135817527771
495,Yes,0.5121489763259888
496,Yes,0.5326688289642334
497,Yes,0.6312841773033142
498,Yes,0.7181182503700256
499,Yes,0.7168196439743042
500,Yes,0.7563320398330688
501,Yes,0.7330948710441589
502,Yes,0.7059639692306519
503,Yes,0.5948315858840942
504,Yes,0.5564274787902832
505,Yes,0.7754603028297424
506,Yes,0.7508289217948914
507,Yes,0.5966469645500183
508,Yes,0.5537386536598206
509,No,0.22384010255336761
510,No,0.2709684669971466
511,No,0.19271357357501984
512,No,0.23897063732147217
513,No,0.24095408618450165
514,Yes,0.5392153859138489
515,No,0.13183246552944183
516,No,0.28643012046813965
517,No,0.34824392199516296
518,No,0.18924400210380554
519,No,0.3339534103870392
520,No,0.4787099361419678
521,No,0.45934975147247314
522,No,0.31992107629776
523,No,0.21313509345054626
524,No,0.20764629542827606
525,Yes,0.7204138040542603
526,Yes,0.5573066473007202
527,No,0.4247555136680603
528,No,0.4972928464412689
529,No,0.1947595775127411
530,No,0.1487250030040741
531,No,0.21272312104701996
532,No,0.2857480049133301
533,No,0.21266654133796692
534,No,0.2700374722480774
535,Yes,0.501293957233429
536,Yes,0.5407662391662598
537,No,0.15069206058979034
538,No,0.1744605153799057
539,No,0.1720428615808487
540,No,0.25683414936065674
541,No,0.2869890034198761
542,No,0.17762377858161926
543,No,0.1378973126411438
544,No,0.179374098777771
545,Yes,0.6819081902503967
546,Yes,0.53152996301651
547,Yes,0.7678697109222412
548,Yes,0.7600203156471252
549,Yes,0.9419264793395996
550,Yes,0.8932322263717651
551,Yes,0.8237583041191101
552,Yes,0.8331077098846436
553,No,0.3980647027492523
554,No,0.2659638524055481
555,No,0.2107096016407013
556,No,0.2768687307834625
557,Yes,0.5200528502464294
558,No,0.3751659691333771
559,No,0.43860340118408203
560,No,0.4115564823150635
561,No,0.4591981768608093
562,No,0.3871469497680664
563,No,0.4315730333328247
564,No,0.4219088554382324
565,No,0.39525261521339417
566,No,0.28669846057891846
567,No,0.44255468249320984
568,No,0.41487106680870056
569,No,0.32810157537460327
570,No,0.231361523270607
571,No,0.2718564569950104
572,No,0.2820240557193756
573,No,0.4781315326690674
574,No,0.3933212459087372
575,No,0.20584626495838165
576,No,0.2314881980419159
577,No,0.17997224628925323
578,No,0.14333850145339966
579,No,0.21388868987560272
580,No,0.24849364161491394
581,Yes,0.5938213467597961
582,No,0.43322238326072693
583,No,0.4846506118774414
584,No,0.4847525358200073
585,Yes,0.604612410068512
586,Yes,0.6699169278144836
587,Yes,0.7651441097259521
588,Yes,0.7924505472183228
589,No,0.34653300046920776
590,No,0.21257315576076508
591,No,0.2485860288143158
592,No,0.2673872113227844
593,No,0.4741540849208832
594,No,0.3595772087574005
595,No,0.40211668610572815
596,No,0.40959134697914124
597,No,0.251408189535141
598,No,0.29180315136909485
599,No,0.2901085615158081
600,No,0.4061111807823181
601,Yes,0.6872803568840027
602,Yes,0.5668247938156128
603,Yes,0.5249491333961487
604,Yes,0.5693565011024475
605,No,0.18700961768627167
606,No,0.1930614411830902
607,No,0.16971904039382935
608,No,0.24490515887737274
609,No,0.24290363490581512
610,No,0.267190158367157
611,No,0.31054216623306274
612,No,0.30788353085517883
613,No,0.4108864963054657
614,No,0.4119952321052551
615,No,0.2571370303630829
616,No,0.2970046401023865
617,No,0.4832361936569214
618,Yes,0.6642619371414185
619,Yes,0.5292457342147827
620,Yes,0.6530086994171143
621,No,0.4428568482398987
622,No,0.48216313123703003
623,No,0.3960298001766205
624,Yes,0.6082550883293152
625,No,0.40077534317970276
626,No,0.40870851278305054
627,No,0.40289050340652466
628,No,0.4481358826160431
629,No,0.3398606777191162
630,No,0.2841030955314636
631,No,0.32426509261131287
632,No,0.3069559633731842
633,No,0.4737667441368103
634,Yes,0.5441122651100159
635,No,0.3585685193538666
636,No,0.44297102093696594
637,No,0.2048613280057907
638,No,0.21099403500556946
639,No,0.22461065649986267
640,No,0.3930646777153015
641,No,0.16187554597854614
642,No,0.1786831170320511
643,No,0.15711335837841034
644,No,0.1903846114873886
645,No,0.2550932765007019
646,No,0.23818941414356232
647,No,0.1743122935295105
648,No,0.2876970171928406
649,No,0.42238757014274597
650,No,0.4285046458244324
651,No,0.40028563141822815
652,No,0.4362857937812805
653,No,0.18307845294475555
654,No,0.20453482866287231
655,No,0.17450203001499176
656,No,0.24297121167182922
657,No,0.27672383189201355
658,No,0.19338209927082062
659,No,0.1632615178823471
660,No,0.2049180567264557
661,Yes,0.5547149777412415
662,No,0.3121204078197479
663,No,0.39629900455474854
664,No,0.44370037317276
665,No,0.34594613313674927
666,No,0.2617032527923584
667,No,0.20443828403949738
668,No,0.2606908977031708
669,No,0.38569414615631104
670,No,0.20200394093990326
671,No,0.24941577017307281
672,No,0.28876611590385437
673,No,0.16313666105270386
674,No,0.1289968490600586
675,No,0.12386814504861832
676,No,0.16515454649925232
677,No,0.3753267526626587
678,No,0.24120676517486572
679,No,0.29189151525497437
680,No,0.3358941078186035
681,No,0.4128592312335968
682,Yes,0.5089164972305298
683,No,0.1579439640045166
684,No,0.21920520067214966
685,Yes,0.5739873647689819
686,No,0.402363121509552
687,No,0.4126586318016052
688,No,0.43557170033454895
689,No,0.08182233572006226
690,No,0.08383574336767197
691,No,0.06699766963720322
692,No,0.1451747566461563
693,Yes,0.7570757865905762
694,Yes,0.6186367273330688
695,Yes,0.6507570147514343
696,Yes,0.5214322805404663
697,No,0.09781541675329208
698,No,0.08329809457063675
699,No,0.09946022927761078
700,No,0.1944546103477478
701,Yes,0.5502228140830994
702,Yes,0.61497563123703
703,No,0.3040394186973572
704,No,0.38029229640960693
705,No,0.27672383189201355
706,No,0.19338209927082062
707,No,0.1632615178823471
708,No,0.2049180567264557
709,No,0.38569414615631104
710,No,0.20200394093990326
711,No,0.24941577017307281
712,No,0.28876611590385437
713,No,0.36272111535072327
714,No,0.3522573709487915
715,No,0.1636006385087967
716,No,0.2092580497264862
717,Yes,0.5227121710777283
718,No,0.37224483489990234
719,No,0.37544769048690796
720,No,0.44378364086151123
721,No,0.40155214071273804
722,No,0.29996103048324585
723,No,0.3198481798171997
724,No,0.3067529797554016
725,Yes,0.5318573117256165
726,No,0.4425315856933594
727,No,0.4384383261203766
728,No,0.40857577323913574
729,No,0.38649654388427734
730,No,0.2846636474132538
731,No,0.3777942657470703
732,No,0.351473867893219
733,No,0.3110327124595642
734,No,0.20541347563266754
735,No,0.17567402124404907
736,No,0.2215285748243332
737,No,0.3756501078605652
738,No,0.3471257984638214
739,No,0.3116357922554016
740,No,0.28457072377204895
741,No,0.40778061747550964
742,No,0.3115106225013733
743,No,0.3836873173713684
744,No,0.375953733921051
745,Yes,0.6250500679016113
746,Yes,0.5932872295379639
747,Yes,0.5682142972946167
748,Yes,0.6216239333152771
749,Yes,0.5453185439109802
750,No,0.4531901180744171
751,No,0.45636308193206787
752,No,0.39300766587257385
753,Yes,0.5812910199165344
754,No,0.4214877188205719
755,No,0.4994182586669922
756,No,0.4590577185153961
757,No,0.36102235317230225
758,No,0.3936859369277954
759,No,0.42416489124298096
760,No,0.45028868317604065
761,Yes,0.7803390622138977
762,Yes,0.7856779098510742
763,Yes,0.6896355748176575
764,Yes,0.7337664365768433
765,No,0.22670690715312958
766,No,0.16574956476688385
767,No,0.16911792755126953
768,No,0.19700805842876434
769,Yes,0.6331286430358887
770,No,0.4623276889324188
771,Yes,0.6095038652420044
772,Yes,0.6575616598129272
773,No,0.13936825096607208
774,No,0.22658981382846832
775,No,0.20263689756393433
776,No,0.3262227475643158
777,No,0.17234335839748383
778,No,0.24361950159072876
779,No,0.1743789166212082
780,No,0.24536509811878204
781,No,0.29736366868019104
782,No,0.3383314609527588
783,No,0.29650363326072693
784,No,0.3842798173427582
785,No,0.3136286735534668
786,No,0.3732578754425049
787,No,0.42650121450424194
788,No,0.4863909184932709
789,No,0.35322636365890503
790,No,0.3530794084072113
791,No,0.3272835910320282
792,No,0.42957961559295654
793,No,0.16121968626976013
794,No,0.18641449511051178
795,No,0.17228497564792633
796,No,0.23699113726615906
797,No,0.15311381220817566
798,No,0.18719734251499176
799,No,0.24338306486606598
800,No,0.35725101828575134
801,No,0.1819416880607605
802,No,0.2557310163974762
803,No,0.24220122396945953
804,No,0.29990169405937195
805,No,0.12784473598003387
806,No,0.19503700733184814
807,No,0.227852925658226
808,No,0.3429476320743561
809,No,0.28515833616256714
810,No,0.24142858386039734
811,No,0.26101624965667725
812,No,0.3369493782520294
813,No,0.27979424595832825
814,No,0.336019903421402
815,No,0.29203060269355774
816,No,0.38790780305862427
817,Yes,0.6126425266265869
818,No,0.471293181180954
819,Yes,0.6303773522377014
820,Yes,0.6482638120651245
821,Yes,0.5419601798057556
822,No,0.4417282044887543
823,Yes,0.6999140381813049
824,Yes,0.7372032999992371
825,No,0.29178813099861145
826,No,0.25789517164230347
827,No,0.3601939380168915
828,No,0.3735164701938629
829,Yes,0.6362089514732361
830,No,0.30529484152793884
831,No,0.4197072684764862
832,No,0.38720107078552246
833,Yes,0.5166758298873901
834,No,0.4361621141433716
835,Yes,0.49949803948402405
836,No,0.4826027750968933
837,No,0.40210506319999695
838,No,0.21779608726501465
839,No,0.3102838695049286
840,No,0.32004648447036743
841,Yes,0.6126425266265869
842,No,0.471293181180954
843,Yes,0.6303773522377014
844,Yes,0.6482638120651245
845,Yes,0.6985971927642822
846,No,0.4784969687461853
847,No,0.44179582595825195
848,No,0.49558311700820923
849,Yes,0.6434992551803589
850,Yes,0.8169320821762085
851,Yes,0.7740439772605896
852,Yes,0.898585855960846
853,Yes,0.5813408493995667
854,No,0.4867393672466278
855,Yes,0.6257429122924805
856,Yes,0.7749035954475403
857,No,0.4753991961479187
858,No,0.38769710063934326
859,Yes,0.6217184066772461
860,Yes,0.5956072211265564
861,Yes,0.579752504825592
862,No,0.4323505163192749
863,Yes,0.5557170510292053
864,Yes,0.5855399966239929
865,Yes,0.9146584272384644
866,Yes,0.8746122717857361
867,Yes,0.8048633337020874
868,Yes,0.7954724431037903
869,No,0.3035850524902344
870,No,0.48930442333221436
871,No,0.4702800512313843
872,No,0.4074663817882538
873,Yes,0.7172937393188477
874,Yes,0.5723136067390442
875,Yes,0.5415309071540833
876,No,0.483792245388031
877,Yes,0.6998089551925659
878,Yes,0.648770272731781
879,Yes,0.6869408488273621
880,Yes,0.6125035285949707
881,Yes,0.8877049088478088
882,Yes,0.8938004374504089
883,Yes,0.8275915384292603
884,Yes,0.6907624006271362
885,Yes,0.6688279509544373
886,Yes,0.6387524008750916
887,No,0.30498796701431274
888,No,0.20578470826148987
889,No,0.2978186309337616
890,No,0.25251656770706177
891,No,0.26826101541519165
892,No,0.21639639139175415
893,No,0.2008012980222702
894,No,0.2721555531024933
895,No,0.22419263422489166
896,No,0.2007625252008438
897,Yes,0.7853602766990662
898,Yes,0.5547334551811218
899,Yes,0.6592792272567749
900,Yes,0.6351907253265381
901,Yes,0.9281567931175232
902,Yes,0.9591206312179565
903,Yes,0.912214994430542
904,Yes,0.948121964931488
905,No,0.3401874601840973
906,No,0.24506457149982452
907,No,0.29734906554222107
908,No,0.3437666594982147
909,No,0.26784875988960266
910,No,0.3364274501800537
911,No,0.40398621559143066
912,Yes,0.5285555720329285
913,No,0.46334147453308105
914,No,0.28623127937316895
915,No,0.2615128457546234
916,No,0.3193502128124237
917,No,0.3166288733482361
918,No,0.4043995141983032
919,No,0.437529981136322
920,Yes,0.5957098007202148
921,Yes,0.6867696046829224
922,Yes,0.7440590262413025
923,Yes,0.771737277507782
924,Yes,0.8737161755561829
925,Yes,0.625994086265564
926,No,0.4346121847629547
927,No,0.337541788816452
928,No,0.4979434907436371
929,No,0.306631863117218
930,No,0.2714880704879761
931,No,0.2141706347465515
932,No,0.3277072012424469
933,No,0.43240007758140564
934,No,0.28626808524131775
935,No,0.36076101660728455
936,Yes,0.5257605910301208
937,No,0.40686631202697754
938,No,0.33942532539367676
939,No,0.24596023559570312
940,No,0.31535473465919495
941,No,0.4679723083972931
942,No,0.3276757597923279
943,No,0.27871617674827576
944,No,0.38621068000793457
945,No,0.15199270844459534
946,No,0.2418949455022812
947,No,0.21137455105781555
948,No,0.30222752690315247
949,Yes,0.5853579044342041
950,Yes,0.6439165472984314
951,Yes,0.618120014667511
952,Yes,0.6332937479019165
953,No,0.1323900818824768
954,No,0.18306873738765717
955,No,0.2017972320318222
956,No,0.2784517705440521
957,No,0.14481985569000244
958,No,0.25763240456581116
959,No,0.24766233563423157
960,No,0.3069225549697876
961,No,0.2536594271659851
962,No,0.35055142641067505
963,No,0.284706175327301
964,No,0.30359435081481934
965,No,0.4631838798522949
966,No,0.4470598101615906
967,No,0.3285941183567047
968,No,0.33888131380081177
969,No,0.3119448125362396
970,No,0.3644978702068329
971,No,0.46861231327056885
972,Yes,0.5278346538543701
973,Yes,0.8015309572219849
974,Yes,0.8673495054244995
975,Yes,0.7842972874641418
976,Yes,0.8040140867233276
977,No,0.33974263072013855
978,No,0.3064362704753876
979,No,0.38874268531799316
980,Yes,0.5633071660995483
981,No,0.3878156840801239
982,No,0.3495628237724304
983,No,0.31503352522850037
984,Yes,0.5367138385772705
985,No,0.49041828513145447
986,Yes,0.5134572386741638
987,No,0.4864242672920227
988,Yes,0.6126180291175842
989,No,0.33996501564979553
990,No,0.4144372344017029
991,No,0.3564358949661255
992,No,0.42259880900382996
993,Yes,0.5123419761657715
994,No,0.3332015872001648
995,No,0.32398924231529236
996,No,0.4262048304080963
997,Yes,0.5474509000778198
998,Yes,0.5444872975349426
999,Yes,0.5888800621032715
1000,Yes,0.7031354308128357
1001,No,0.34959831833839417
1002,No,0.3085117042064667
1003,No,0.2334892898797989
1004,No,0.35814905166625977
1005,No,0.41547858715057373
1006,No,0.4297918975353241
1007,No,0.3517192304134369
1008,No,0.44446611404418945
1009,Yes,0.625400960445404
1010,Yes,0.5126304030418396
1011,Yes,0.6420514583587646
1012,Yes,0.6206117868423462
1013,No,0.4119053781032562
1014,No,0.4334840476512909
1015,Yes,0.6471771597862244
1016,Yes,0.6316453814506531
1017,No,0.345577210187912
1018,No,0.32507652044296265
1019,No,0.37094271183013916
1020,No,0.38146257400512695
1021,No,0.44872939586639404
1022,Yes,0.5370022654533386
1023,Yes,0.6093553304672241
1024,Yes,0.6822547316551208
1025,Yes,0.5080209374427795
1026,Yes,0.5018957853317261
1027,Yes,0.5660432577133179
1028,Yes,0.5844067931175232
1029,No,0.49099159240722656
1030,Yes,0.5153536796569824
1031,Yes,0.6687861680984497
1032,Yes,0.63118976354599
1033,No,0.17914803326129913
1034,No,0.2566402554512024
1035,Yes,0.5317451357841492
1036,Yes,0.5198022127151489
1037,Yes,0.5094437003135681
1038,Yes,0.5355138778686523
1039,Yes,0.6627311110496521
1040,Yes,0.6065442562103271
1041,No,0.2121424376964569
1042,No,0.30484238266944885
1043,No,0.3931647837162018
1044,No,0.45516836643218994
1045,No,0.22395645081996918
1046,No,0.2964598536491394
1047,No,0.27090469002723694
1048,No,0.3067609965801239
1049,No,0.2146923691034317
1050,No,0.24066951870918274
1051,No,0.2836044430732727
1052,No,0.2919468879699707
1053,Yes,0.5539649128913879
1054,Yes,0.7691969275474548
1055,Yes,0.7239255905151367
1056,Yes,0.7874566316604614
1057,No,0.2889288067817688
1058,No,0.2785906195640564
1059,No,0.4137102961540222
1060,No,0.4675973951816559
1061,Yes,0.5272690057754517
1062,Yes,0.6380974650382996
1063,No,0.44643354415893555
1064,No,0.495341420173645
1065,No,0.49099159240722656
1066,Yes,0.5153536796569824
1067,Yes,0.6687861680984497
1068,Yes,0.63118976354599
1069,Yes,0.6088831424713135
1070,Yes,0.6588504910469055
1071,Yes,0.6880589723587036
1072,Yes,0.6043558120727539
1073,No,0.44607943296432495
1074,No,0.45036494731903076
1075,Yes,0.6046193838119507
1076,Yes,0.6195985674858093
1077,No,0.49545377492904663
1078,Yes,0.508718729019165
1079,Yes,0.5657268762588501
1080,Yes,0.6247862577438354
1081,Yes,0.6095941662788391
1082,No,0.3624017536640167
1083,No,0.3074130713939667
1084,No,0.35444748401641846
1085,Yes,0.586180567741394
1086,Yes,0.5516009330749512
1087,Yes,0.5692946910858154
1088,Yes,0.5963707566261292
1089,Yes,0.5983301997184753
1090,No,0.42005065083503723
1091,No,0.42802366614341736
1092,No,0.3986808657646179
1093,No,0.3363995850086212
1094,No,0.2445736676454544
1095,No,0.28033074736595154
1096,No,0.27410659193992615
1097,No,0.3160040080547333
1098,No,0.31890493631362915
1099,No,0.2612853944301605
1100,No,0.3561188280582428
1101,No,0.4767149090766907
1102,No,0.338754266500473
1103,Yes,0.5088804960250854
1104,Yes,0.5346724987030029
1105,No,0.26434525847435
1106,No,0.32768917083740234
1107,No,0.13426218926906586
1108,No,0.1927567720413208
1109,No,0.41580796241760254
1110,No,0.31750229001045227
1111,No,0.1631593257188797
1112,No,0.246504545211792
1113,Yes,0.8096640706062317
1114,Yes,0.8331427574157715
1115,Yes,0.7049892544746399
1116,Yes,0.8407049179077148
1117,No,0.22511449456214905
1118,No,0.13976573944091797
1119,No,0.15621162950992584
1120,No,0.1528988927602768
1121,No,0.3433549404144287
1122,No,0.46759968996047974
1123,No,0.3184331953525543
1124,No,0.3717764914035797
1125,No,0.3367301821708679
1126,No,0.38489124178886414
1127,No,0.32888850569725037
1128,Yes,0.5749927163124084
1129,No,0.3183347284793854
1130,No,0.4919512867927551
1131,No,0.32370248436927795
1132,Yes,0.5267022848129272
1133,Yes,0.5610399842262268
1134,Yes,0.6423690915107727
1135,No,0.35033118724823
1136,No,0.42155879735946655
1137,Yes,0.686664879322052
1138,Yes,0.564326286315918
1139,Yes,0.5851340293884277
1140,No,0.4054710268974304
1141,Yes,0.5695781707763672
1142,No,0.43118178844451904
1143,Yes,0.5551583170890808
1144,Yes,0.559726357460022
1145,No,0.31913450360298157
1146,No,0.24655352532863617
1147,No,0.17001432180404663
1148,No,0.21572133898735046
1149,No,0.22492900490760803
1150,No,0.2786111831665039
1151,No,0.31650325655937195
1152,No,0.3049114942550659
1153,No,0.3772043287754059
1154,No,0.4345325231552124
1155,No,0.4358707070350647
1156,Yes,0.5239294767379761
1157,No,0.40389639139175415
1158,No,0.34214797616004944
1159,No,0.39854496717453003
1160,No,0.4409853219985962
1161,Yes,0.6889241933822632
1162,Yes,0.6466817855834961
1163,Yes,0.7000746130943298
1164,Yes,0.6374219655990601
1165,No,0.3786848485469818
1166,No,0.45259442925453186
1167,No,0.4977166950702667
1168,No,0.45089346170425415
1169,No,0.47454559803009033
1170,No,0.47081258893013
1171,Yes,0.6057719588279724
1172,Yes,0.622085690498352
1173,No,0.3527328670024872
1174,No,0.294246643781662
1175,No,0.3530120849609375
1176,No,0.40727317333221436
1177,Yes,0.6625548005104065
1178,Yes,0.5838953852653503
1179,Yes,0.6172034740447998
1180,Yes,0.6406948566436768
1181,No,0.4267967641353607
1182,Yes,0.6331079006195068
1183,No,0.4521178901195526
1184,Yes,0.6549787521362305
1185,No,0.4600776433944702
1186,Yes,0.5198330283164978
1187,No,0.38625386357307434
1188,No,0.44081467390060425
1189,No,0.22906292974948883
1190,No,0.22772957384586334
1191,No,0.19082242250442505
1192,No,0.20955166220664978
1193,Yes,0.5911403298377991
1194,No,0.25694242119789124
1195,No,0.2703312933444977
1196,No,0.3249608278274536
1197,No,0.4963928461074829
1198,No,0.32105132937431335
1199,No,0.2996286153793335
1200,No,0.2943015992641449
1201,Yes,0.762482762336731
1202,Yes,0.7745862603187561
1203,Yes,0.8266791701316833
1204,Yes,0.8037261962890625
1205,No,0.25490325689315796
1206,No,0.29603150486946106
1207,No,0.4268101453781128
1208,No,0.43574759364128113
1209,No,0.24174149334430695
1210,No,0.20865777134895325
1211,No,0.2780700922012329
1212,No,0.29707473516464233
1213,No,0.47038769721984863
1214,No,0.38546353578567505
1215,No,0.45741337537765503
1216,No,0.49411892890930176
1217,No,0.23562933504581451
1218,Yes,0.5335783362388611
1219,Yes,0.5276193618774414
1220,Yes,0.5596708059310913
1221,Yes,0.5128247737884521
1222,Yes,0.5306187868118286
1223,No,0.48598653078079224
1224,No,0.49873805046081543
1225,No,0.1616492122411728
1226,No,0.25867030024528503
1227,No,0.18370379507541656
1228,No,0.32370081543922424
1229,Yes,0.6935219168663025
1230,No,0.48893123865127563
1231,Yes,0.6618084907531738
1232,Yes,0.5360859632492065
1233,No,0.2766221761703491
1234,No,0.292131245136261
1235,No,0.287944495677948
1236,No,0.3057691156864166
1237,Yes,0.6634948253631592
1238,Yes,0.5001951456069946
1239,Yes,0.550161600112915
1240,Yes,0.5425347685813904
1241,Yes,0.5128247737884521
1242,Yes,0.5306187868118286
1243,No,0.48598653078079224
1244,No,0.49873805046081543
1245,No,0.16504187881946564
1246,No,0.20236457884311676
1247,No,0.2347402721643448
1248,No,0.27231237292289734
1249,No,0.20624014735221863
1250,No,0.1870543509721756
1251,No,0.2573697865009308
1252,No,0.3231227397918701
1253,Yes,0.5517560243606567
1254,Yes,0.5439990162849426
1255,Yes,0.6335510611534119
1256,Yes,0.7021950483322144
1257,No,0.393071711063385
1258,No,0.20869216322898865
1259,No,0.1259438544511795
1260,No,0.1986844688653946
1261,Yes,0.5976837873458862
1262,Yes,0.5653086304664612
1263,Yes,0.5806661248207092
1264,Yes,0.5965991020202637
1265,No,0.17406010627746582
1266,No,0.13969136774539948
1267,No,0.18660402297973633
1268,No,0.2776084840297699
1269,No,0.3508363366127014
1270,No,0.38126587867736816
1271,Yes,0.5228999257087708
1272,Yes,0.6000888347625732
1273,No,0.4541977345943451
1274,Yes,0.5017398595809937
1275,No,0.3841507136821747
1276,No,0.44511696696281433
1277,Yes,0.7981134057044983
1278,Yes,0.7484779357910156
1279,Yes,0.8019171357154846
1280,Yes,0.8306820392608643
1281,No,0.4546353816986084
1282,No,0.3745037019252777
1283,No,0.3812705874443054
1284,No,0.40788033604621887
1285,No,0.21955786645412445
1286,No,0.22561359405517578
1287,No,0.24124537408351898
1288,No,0.3239792585372925
1289,No,0.46294647455215454
1290,No,0.44885483384132385
1291,No,0.3154963552951813
1292,No,0.3746455907821655
1293,Yes,0.613132894039154
1294,Yes,0.5656023025512695
1295,Yes,0.5090288519859314
1296,Yes,0.5635552406311035
1297,No,0.30442118644714355
1298,No,0.265900582075119
1299,No,0.34369784593582153
1300,No,0.3488060534000397
1301,Yes,0.7203171849250793
1302,Yes,0.6527956128120422
1303,Yes,0.7733864188194275
1304,Yes,0.8001143932342529
1305,No,0.1943577527999878
1306,No,0.23836767673492432
1307,No,0.18794529139995575
1308,No,0.21393980085849762
1309,No,0.2508634328842163
1310,No,0.2762512266635895
1311,No,0.3515471816062927
1312,No,0.3344629108905792
1313,No,0.22578215599060059
1314,No,0.25253966450691223
1315,No,0.18291929364204407
1316,No,0.2959974706172943
1317,No,0.15559665858745575
1318,No,0.1390528529882431
1319,No,0.16866596043109894
1320,No,0.30233800411224365
1321,No,0.41249924898147583
1322,No,0.24633464217185974
1323,No,0.18478170037269592
1324,No,0.3074876368045807
1325,No,0.36309680342674255
1326,No,0.38636890053749084
1327,No,0.31524658203125
1328,No,0.4161681532859802
1329,No,0.48299485445022583
1330,No,0.35288065671920776
1331,No,0.24095787107944489
1332,No,0.2698509395122528
1333,Yes,0.5628841519355774
1334,Yes,0.5440232753753662
1335,Yes,0.567979633808136
1336,Yes,0.5833773016929626
1337,No,0.08042287081480026
1338,No,0.2852444648742676
1339,No,0.3256727159023285
1340,Yes,0.5048125982284546
1341,No,0.4264106750488281
1342,No,0.3840484917163849
1343,No,0.2297263741493225
1344,No,0.3298143744468689
1345,No,0.24485071003437042
1346,No,0.21335755288600922
1347,No,0.24463732540607452
1348,No,0.32438740134239197
1349,Yes,0.5197559595108032
1350,No,0.4849403202533722
1351,No,0.47735506296157837
1352,Yes,0.5662775635719299
1353,No,0.28858691453933716
1354,No,0.31641510128974915
1355,No,0.26956138014793396
1356,No,0.40797173976898193
1357,No,0.40970492362976074
1358,No,0.2919532358646393
1359,No,0.20902617275714874
1360,No,0.2727384567260742
1361,No,0.2132492959499359
1362,No,0.22140595316886902
1363,No,0.3232867419719696
1364,No,0.3836575448513031
1365,No,0.2036547213792801
1366,No,0.12892015278339386
1367,No,0.17736844718456268
1368,No,0.17920514941215515
1369,No,0.1867380142211914
1370,No,0.20712639391422272
1371,No,0.15202932059764862
1372,No,0.18615537881851196
1373,No,0.20223520696163177
1374,No,0.15223772823810577
1375,No,0.1504221111536026
1376,No,0.21620894968509674
1377,No,0.16785195469856262
1378,No,0.191716268658638
1379,No,0.23783449828624725
1380,No,0.32480162382125854
1381,No,0.4036109149456024
1382,No,0.3533227741718292
1383,No,0.4767945110797882
1384,Yes,0.5712046027183533
1385,No,0.1982002705335617
1386,No,0.1983327865600586
1387,No,0.25662851333618164
1388,No,0.3964245617389679
1389,No,0.3918968141078949
1390,No,0.46950551867485046
1391,No,0.40427231788635254
1392,Yes,0.5103729367256165
1393,No,0.46720048785209656
1394,No,0.3303460478782654
1395,No,0.3238503932952881
1396,No,0.36535295844078064
1397,No,0.13292920589447021
1398,No,0.3097195327281952
1399,No,0.20817026495933533
1400,No,0.28240203857421875
1401,No,0.40800678730010986
1402,No,0.25778305530548096
1403,No,0.26219215989112854
1404,No,0.38096728920936584
1405,Yes,0.5005486011505127
1406,No,0.34699878096580505
1407,Yes,0.548095703125
1408,No,0.44229933619499207
1409,No,0.27987876534461975
1410,No,0.20175306499004364
1411,No,0.21097183227539062
1412,No,0.21489481627941132
1413,No,0.33576348423957825
1414,No,0.27440589666366577
1415,No,0.319803386926651
1416,No,0.34162449836730957
1417,Yes,0.549168586730957
1418,Yes,0.5338130593299866
1419,Yes,0.5586265325546265
1420,Yes,0.6690702438354492
1421,Yes,0.8246850371360779
1422,Yes,0.5359436869621277
1423,Yes,0.5445783734321594
1424,No,0.4421860873699188
1425,No,0.30993881821632385
1426,No,0.31072789430618286
1427,No,0.14750564098358154
1428,No,0.18040573596954346
1429,No,0.4340664744377136
1430,No,0.26728442311286926
1431,No,0.3184266686439514
1432,No,0.391695499420166
1433,No,0.36860546469688416
1434,No,0.37853220105171204
1435,No,0.32760363817214966
1436,Yes,0.507402777671814
1437,No,0.4466962218284607
1438,No,0.25783810019493103
1439,No,0.3480408787727356
1440,No,0.45817893743515015
1441,No,0.15438173711299896
1442,No,0.30771586298942566
1443,No,0.2525468170642853
1444,No,0.4580118656158447
1445,No,0.3840131461620331
1446,No,0.3750261068344116
1447,Yes,0.5430988073348999
1448,Yes,0.7408226132392883
1449,Yes,0.9095486998558044
1450,No,0.4661056697368622
1451,Yes,0.8930230140686035
1452,Yes,0.9092031121253967
1453,Yes,0.5798016786575317
1454,Yes,0.650396466255188
1455,Yes,0.6589220762252808
1456,Yes,0.8121377825737
1457,No,0.29019203782081604
1458,No,0.47770950198173523
1459,No,0.4106643497943878
1460,Yes,0.7285444140434265
1461,No,0.33313846588134766
1462,No,0.30222317576408386
1463,No,0.2677357792854309
1464,No,0.393200159072876
1465,No,0.26310864090919495
1466,No,0.30131426453590393
1467,No,0.35750845074653625
1468,Yes,0.503790020942688
1469,No,0.2056053876876831
1470,No,0.23902973532676697
1471,No,0.19667407870292664
1472,No,0.32282382249832153
1473,Yes,0.5596475005149841
1474,Yes,0.8121963143348694
1475,Yes,0.8252039551734924
1476,Yes,0.8500696420669556
1477,Yes,0.8036372661590576
1478,Yes,0.8086962699890137
1479,Yes,0.788063108921051
1480,Yes,0.8184559941291809
1481,Yes,0.6204146146774292
1482,Yes,0.5752252340316772
1483,Yes,0.586237370967865
1484,Yes,0.5273810029029846
1485,Yes,0.5577028393745422
1486,Yes,0.5716012716293335
1487,Yes,0.5513245463371277
1488,Yes,0.5417417883872986
1489,No,0.33324092626571655
1490,No,0.20178191363811493
1491,No,0.22352971136569977
1492,No,0.23724138736724854
1493,No,0.341886430978775
1494,No,0.22454093396663666
1495,No,0.3735997676849365
1496,No,0.3458107113838196
1497,Yes,0.6204146146774292
1498,Yes,0.5752252340316772
1499,Yes,0.586237370967865
1500,Yes,0.5273810029029846
1501,No,0.42416462302207947
1502,No,0.28722715377807617
1503,No,0.2884671092033386
1504,No,0.3532574772834778
1505,No,0.11655338853597641
1506,No,0.22736987471580505
1507,No,0.21312710642814636
1508,No,0.15365061163902283
1509,No,0.46072423458099365
1510,Yes,0.5197017788887024
1511,No,0.4007868468761444
1512,No,0.4090051054954529
1513,No,0.10593310743570328
1514,No,0.12463326752185822
1515,No,0.2132399082183838
1516,No,0.11586632579565048
1517,No,0.4475935101509094
1518,Yes,0.6410049200057983
1519,Yes,0.6156068444252014
1520,Yes,0.5723010897636414
1521,No,0.31524142622947693
1522,No,0.28133341670036316
1523,No,0.19059321284294128
1524,No,0.2874276340007782
1525,No,0.18003039062023163
1526,No,0.19580931961536407
1527,No,0.18258479237556458
1528,No,0.27893784642219543
1529,No,0.4350951611995697
1530,No,0.3737426698207855
1531,No,0.40412381291389465
1532,No,0.442088782787323
1533,No,0.2817124128341675
1534,No,0.30120810866355896
1535,No,0.37973544001579285
1536,No,0.40125688910484314
1537,No,0.2197187840938568
1538,No,0.20940054953098297
1539,No,0.3159256875514984
1540,No,0.3603278398513794
1541,Yes,0.744347870349884
1542,Yes,0.5756438374519348
1543,Yes,0.5511857867240906
1544,Yes,0.5542425513267517
1545,No,0.20783433318138123
1546,No,0.16914322972297668
1547,No,0.2108570635318756
1548,No,0.21372149884700775
1549,No,0.49304667115211487
1550,No,0.17664006352424622
1551,No,0.28585588932037354
1552,No,0.2485494166612625
1553,No,0.43339216709136963
1554,No,0.3153604567050934
1555,No,0.3287086486816406
1556,No,0.3751601576805115
1557,Yes,0.5946082472801208
1558,No,0.45070409774780273
1559,Yes,0.5386476516723633
1560,Yes,0.5818460583686829
1561,No,0.4394765794277191
1562,No,0.36301189661026
1563,No,0.388631671667099
1564,No,0.37742048501968384
1565,No,0.2723824679851532
1566,No,0.277967244386673
1567,No,0.36405178904533386
1568,No,0.4130130112171173
1569,No,0.2776862680912018
1570,No,0.22675234079360962
1571,No,0.207804337143898
1572,No,0.23342785239219666
1573,No,0.42244911193847656
1574,No,0.3285466134548187
1575,No,0.36605826020240784
1576,No,0.32380446791648865
1577,Yes,0.5118379592895508
1578,No,0.30373916029930115
1579,No,0.3144186735153198
1580,No,0.3149816691875458
1581,No,0.14778734743595123
1582,No,0.13530206680297852
1583,No,0.20017167925834656
1584,No,0.23499995470046997
1585,No,0.20612266659736633
1586,No,0.37156498432159424
1587,No,0.36591002345085144
1588,No,0.4241873323917389
1589,No,0.2763659358024597
1590,No,0.32553529739379883
1591,No,0.34819021821022034
1592,Yes,0.5208534598350525
1593,No,0.22741681337356567
1594,No,0.40630820393562317
1595,No,0.2903173267841339
1596,Yes,0.5066065192222595
1597,No,0.33466145396232605
1598,No,0.39993801712989807
1599,No,0.2662523686885834
1600,No,0.4399760663509369
1601,Yes,0.5147532224655151
1602,Yes,0.5374293923377991
1603,Yes,0.5624518990516663
1604,Yes,0.7191970348358154
1605,Yes,0.6485742926597595
1606,Yes,0.5685496926307678
1607,Yes,0.5053537487983704
1608,Yes,0.5850881338119507
1609,Yes,0.787848174571991
1610,Yes,0.7167521715164185
1611,Yes,0.6210924983024597
1612,Yes,0.781410813331604
1613,No,0.4435984790325165
1614,Yes,0.8053531646728516
1615,Yes,0.6612539291381836
1616,Yes,0.7852012515068054
1617,No,0.24145686626434326
1618,No,0.34863898158073425
1619,No,0.4015088975429535
1620,Yes,0.5396994352340698
1621,No,0.40952301025390625
1622,No,0.31013429164886475
1623,No,0.4074091613292694
1624,Yes,0.5318723917007446
1625,No,0.299309641122818
1626,Yes,0.5208966135978699
1627,No,0.4904245436191559
1628,Yes,0.5662475824356079
1629,Yes,0.9626632928848267
1630,Yes,0.9693924784660339
1631,Yes,0.974031925201416
1632,Yes,0.9617099761962891
1633,No,0.3398217260837555
1634,No,0.3967145085334778
1635,No,0.35360202193260193
1636,No,0.4117647409439087
1637,No,0.36611461639404297
1638,No,0.2726512551307678
1639,No,0.38678058981895447
1640,Yes,0.516459584236145
1641,No,0.3606366515159607
1642,No,0.23917262256145477
1643,No,0.24841080605983734
1644,No,0.3178088963031769
1645,No,0.28993865847587585
1646,No,0.2894328236579895
1647,No,0.2967718243598938
1648,No,0.3708595931529999
1649,No,0.28993865847587585
1650,No,0.2894328236579895
1651,No,0.2967718243598938
1652,No,0.3708595931529999
1653,No,0.3655458092689514
1654,No,0.48795586824417114
1655,No,0.2628900408744812
1656,No,0.4182778596878052
1657,No,0.3299432396888733
1658,No,0.4586455523967743
1659,No,0.4514361321926117
1660,Yes,0.5347241163253784
1661,No,0.4283248782157898
1662,No,0.3701522946357727
1663,No,0.4791291654109955
1664,Yes,0.5323480367660522
1665,No,0.3827318251132965
1666,No,0.31985238194465637
1667,No,0.3463236689567566
1668,No,0.42759567499160767
1669,No,0.4394029378890991
1670,No,0.3792639970779419
1671,No,0.3030596971511841
1672,No,0.31092703342437744
1673,Yes,0.6975055932998657
1674,Yes,0.7057687640190125
1675,Yes,0.7036723494529724
1676,Yes,0.7243794798851013
1677,No,0.33919546008110046
1678,Yes,0.6834453344345093
1679,Yes,0.5704859495162964
1680,Yes,0.5567486882209778
1681,No,0.22308982908725739
1682,No,0.23987890779972076
1683,No,0.1900864839553833
1684,No,0.22482536733150482
1685,No,0.3035488426685333
1686,No,0.2990138530731201
1687,No,0.2958553433418274
1688,No,0.36337706446647644
1689,No,0.14744411408901215
1690,No,0.11045608669519424
1691,No,0.1184646487236023
1692,No,0.13147370517253876
1693,No,0.389554500579834
1694,No,0.31206706166267395
1695,No,0.4307178258895874
1696,Yes,0.5040392279624939
1697,Yes,0.7565343976020813
1698,Yes,0.5485723614692688
1699,Yes,0.6709343194961548
1700,Yes,0.5892652869224548
1701,No,0.4915090501308441
1702,Yes,0.515599250793457
1703,No,0.3752704858779907
1704,No,0.47015827894210815
1705,No,0.4827757477760315
1706,No,0.44231244921684265
1707,No,0.25992417335510254
1708,No,0.30828458070755005
1709,No,0.24644024670124054
1710,No,0.20968562364578247
1711,No,0.19570764899253845
1712,No,0.23607243597507477
1713,No,0.19588950276374817
1714,No,0.18220029771327972
1715,No,0.11590982973575592
1716,No,0.14544081687927246
1717,No,0.45512574911117554
1718,No,0.32429131865501404
1719,No,0.30612051486968994
1720,No,0.3253327012062073
1721,No,0.2835509479045868
1722,No,0.2511863112449646
1723,No,0.1999935507774353
1724,No,0.24390722811222076
1725,Yes,0.5610381960868835
1726,Yes,0.5079313516616821
1727,Yes,0.5106778740882874
1728,Yes,0.5076549649238586
1729,Yes,0.5133329629898071
1730,No,0.34229588508605957
1731,No,0.23987022042274475
1732,No,0.3020997643470764
1733,No,0.4776957929134369
1734,No,0.381744384765625
1735,No,0.36470580101013184
1736,No,0.43805596232414246
1737,No,0.3849133849143982
1738,No,0.24262936413288116
1739,No,0.29090428352355957
1740,No,0.4096907377243042
1741,No,0.3650485575199127
1742,No,0.22257812321186066
1743,No,0.43357327580451965
1744,Yes,0.5380165576934814
1745,Yes,0.6196730136871338
1746,Yes,0.7450143098831177
1747,Yes,0.723717451095581
1748,Yes,0.867312490940094
1749,No,0.23664067685604095
1750,No,0.20590172708034515
1751,No,0.26404696702957153
1752,No,0.37199336290359497
1753,No,0.2226971983909607
1754,No,0.23388543725013733
1755,No,0.27521881461143494
1756,No,0.37293919920921326
1757,Yes,0.5283836126327515
1758,Yes,0.5117725729942322
1759,Yes,0.5094475746154785
1760,Yes,0.5352728366851807
1761,Yes,0.57974773645401
1762,No,0.43865448236465454
1763,No,0.4933472275733948
1764,Yes,0.5116029977798462
1765,No,0.3552962839603424
1766,No,0.3399256765842438
1767,No,0.26603955030441284
1768,No,0.2990884482860565
1769,No,0.2931314706802368
1770,No,0.24523362517356873
1771,No,0.22531981766223907
1772,No,0.25865960121154785
1773,No,0.3667818009853363
1774,No,0.3303985893726349
1775,No,0.2674989104270935
1776,No,0.31150680780410767
1777,No,0.2780025601387024
1778,No,0.23816533386707306
1779,No,0.18950232863426208
1780,No,0.281248539686203
1781,No,0.28895530104637146
1782,No,0.310323566198349
1783,No,0.3369258940219879
1784,No,0.41733211278915405
1785,No,0.38722988963127136
1786,No,0.38499173521995544
1787,No,0.3759680986404419
1788,No,0.445175439119339
1789,No,0.2253534495830536
1790,No,0.2072322517633438
1791,No,0.14071904122829437
1792,No,0.1777632087469101
1793,No,0.27164340019226074
1794,No,0.23064962029457092
1795,No,0.3392644226551056
1796,No,0.3786821663379669
1797,No,0.3796975314617157
1798,No,0.32818228006362915
1799,No,0.3150022625923157
1800,No,0.42987918853759766
1801,No,0.4180045425891876
1802,No,0.4247007369995117
1803,No,0.3516902029514313
1804,No,0.36421602964401245
1805,No,0.2849726974964142
1806,No,0.3363606333732605
1807,No,0.36548128724098206
1808,No,0.38845375180244446
1809,No,0.3126224875450134
1810,No,0.29633423686027527
1811,No,0.32080161571502686
1812,No,0.3259267807006836
1813,No,0.3310411274433136
1814,No,0.21653658151626587
1815,No,0.1552756428718567
1816,No,0.15845967829227448
1817,Yes,0.8201860785484314
1818,Yes,0.8664947748184204
1819,Yes,0.7990546226501465
1820,Yes,0.5852688550949097
1821,No,0.24607327580451965
1822,No,0.1972731500864029
1823,No,0.19843575358390808
1824,No,0.19203543663024902
1825,No,0.413896381855011
1826,No,0.3932187855243683
1827,No,0.3991388976573944
1828,No,0.4247082471847534
1829,Yes,0.8209271430969238
1830,No,0.49605080485343933
1831,Yes,0.5791745185852051
1832,No,0.49551981687545776
1833,Yes,0.6715906858444214
1834,No,0.45369797945022583
1835,No,0.3957783281803131
1836,No,0.39023450016975403
1837,Yes,0.9055709838867188
1838,Yes,0.7305095195770264
1839,Yes,0.7726009488105774
1840,Yes,0.589817225933075
1841,No,0.20522531867027283
1842,No,0.1735858917236328
1843,No,0.1582268476486206
1844,No,0.21066927909851074
1845,No,0.31911933422088623
1846,No,0.35174888372421265
1847,No,0.3409842252731323
1848,No,0.45817291736602783
1849,No,0.26052185893058777
1850,No,0.19457830488681793
1851,No,0.3236238658428192
1852,No,0.35540497303009033
1853,Yes,0.6556380391120911
1854,Yes,0.6018057465553284
1855,Yes,0.6789777278900146
1856,Yes,0.726952314376831
1857,Yes,0.8202222585678101
1858,Yes,0.7762205600738525
1859,Yes,0.7684108018875122
1860,Yes,0.7425995469093323
1861,No,0.341739296913147
1862,No,0.3258030116558075
1863,No,0.14879436790943146
1864,No,0.16735528409481049
1865,No,0.2712610065937042
1866,No,0.19569839537143707
1867,No,0.2196650505065918
1868,No,0.28806978464126587
1869,Yes,0.6547479629516602
1870,Yes,0.73567134141922
1871,Yes,0.6887660026550293
1872,Yes,0.7491102814674377
1873,No,0.16188576817512512
1874,No,0.27525100111961365
1875,No,0.2277817726135254
1876,No,0.25621309876441956
1877,No,0.3460949957370758
1878,No,0.4487355351448059
1879,No,0.35826781392097473
1880,No,0.43646112084388733
1881,No,0.43436458706855774
1882,No,0.32736271619796753
1883,Yes,0.6384766697883606
1884,Yes,0.5297349095344543
1885,No,0.226688414812088
1886,No,0.29727691411972046
1887,No,0.35297659039497375
1888,No,0.4832625389099121
1889,No,0.29996591806411743
1890,No,0.4597465991973877
1891,No,0.3125535547733307
1892,No,0.32875338196754456
1893,No,0.19299069046974182
1894,No,0.2463819831609726
1895,No,0.17701603472232819
1896,No,0.18090412020683289
1897,No,0.2135714739561081
1898,No,0.20857131481170654
1899,No,0.16956888139247894
1900,No,0.18391895294189453
1901,No,0.14995111525058746
1902,No,0.17928749322891235
1903,No,0.1978674978017807
1904,No,0.2207936942577362
1905,No,0.3525364398956299
1906,No,0.36751481890678406
1907,No,0.41060033440589905
1908,No,0.4250797629356384
1909,No,0.24502138793468475
1910,No,0.33715349435806274
1911,No,0.34209659695625305
1912,No,0.37067943811416626
1913,No,0.3471439480781555
1914,No,0.21066991984844208
1915,No,0.22492718696594238
1916,No,0.2693018615245819
1917,No,0.2508690357208252
1918,No,0.30409860610961914
1919,No,0.41878005862236023
1920,Yes,0.5115723013877869
1921,No,0.09527786821126938
1922,No,0.21009302139282227
1923,No,0.15964975953102112
1924,No,0.24853256344795227
1925,Yes,0.5324917435646057
1926,Yes,0.552723228931427
1927,Yes,0.5027732849121094
1928,No,0.46319177746772766
1929,No,0.3500950336456299
1930,No,0.47940656542778015
1931,No,0.44014671444892883
1932,Yes,0.593898355960846
1933,No,0.1432052105665207
1934,No,0.13953202962875366
1935,No,0.2749783992767334
1936,No,0.31931939721107483
1937,No,0.28756070137023926
1938,No,0.22194378077983856
1939,No,0.3594260811805725
1940,No,0.3626634180545807
1941,No,0.24102142453193665
1942,No,0.20935435593128204
1943,No,0.2337666004896164
1944,No,0.24719510972499847
1945,No,0.18446247279644012
1946,No,0.22348614037036896
1947,No,0.2671915888786316
1948,No,0.24520434439182281
1949,No,0.38466566801071167
1950,No,0.38528892397880554
1951,No,0.45054861903190613
1952,No,0.43682000041007996
1953,No,0.2765372693538666
1954,No,0.3959757387638092
1955,No,0.28712472319602966
1956,No,0.31517982482910156
1957,No,0.32343363761901855
1958,No,0.3450075089931488
1959,No,0.3805789649486542
1960,No,0.34232327342033386
1961,No,0.4550318419933319
1962,No,0.3410998582839966
1963,No,0.4466325342655182
1964,No,0.48274901509284973
1965,Yes,0.6880966424942017
1966,No,0.29414671659469604
1967,Yes,0.4992765784263611
1968,No,0.4336566925048828
1969,No,0.2654886543750763
1970,No,0.23658281564712524
1971,No,0.28371578454971313
1972,No,0.34859219193458557
1973,No,0.1819036900997162
1974,No,0.19371885061264038
1975,No,0.1618160605430603
1976,No,0.2665955424308777
1977,No,0.17369148135185242
1978,No,0.18932557106018066
1979,No,0.39567700028419495
1980,Yes,0.5106198191642761
1981,No,0.4026457667350769
1982,No,0.37366557121276855
1983,No,0.26143646240234375
1984,No,0.33455654978752136
1985,Yes,0.5070357918739319
1986,No,0.3630388081073761
1987,No,0.402303546667099
1988,Yes,0.6272744536399841
1989,No,0.47819963097572327
1990,No,0.42077919840812683
1991,Yes,0.5436941385269165
1992,Yes,0.5665759444236755
1993,No,0.4984530210494995
1994,No,0.24685370922088623
1995,No,0.48645463585853577
1996,No,0.45219144225120544
1997,No,0.4459455907344818
1998,No,0.32861244678497314
1999,Yes,0.784179151058197
2000,Yes,0.6931599974632263
2001,No,0.18219317495822906
2002,No,0.18316105008125305
2003,No,0.38411667943000793
2004,No,0.4070793092250824
2005,Yes,0.500419020652771
2006,Yes,0.6192072033882141
2007,No,0.4102253317832947
2008,No,0.4634193181991577
2009,Yes,0.8282586932182312
2010,Yes,0.6098419427871704
2011,Yes,0.8554862141609192
2012,Yes,0.6164203882217407
2013,Yes,0.7931271195411682
2014,Yes,0.8886639475822449
2015,Yes,0.8882776498794556
2016,Yes,0.8966202139854431
2017,No,0.34060433506965637
2018,No,0.3368125557899475
2019,No,0.4252905249595642
2020,No,0.3655298054218292
2021,No,0.11908764392137527
2022,No,0.22783739864826202
2023,No,0.15292392671108246
2024,No,0.2232898771762848
2025,Yes,0.6106170415878296
2026,Yes,0.6785241365432739
2027,Yes,0.5360051989555359
2028,No,0.4431290030479431
2029,No,0.2722768485546112
2030,No,0.4249517619609833
2031,No,0.24901384115219116
2032,No,0.3051455318927765
2033,Yes,0.7622628808021545
2034,Yes,0.7020205855369568
2035,Yes,0.5932903289794922
2036,Yes,0.6531570553779602
2037,No,0.3283684551715851
2038,No,0.32197684049606323
2039,No,0.30253708362579346
2040,No,0.33054471015930176
2041,No,0.21953701972961426
2042,No,0.3490050435066223
2043,No,0.37368088960647583
2044,No,0.4086880087852478
2045,No,0.18318383395671844
2046,No,0.21475501358509064
2047,No,0.2070072591304779
2048,No,0.25221964716911316
2049,No,0.23373878002166748
2050,No,0.39706355333328247
2051,No,0.36149904131889343
2052,Yes,0.5774234533309937
2053,No,0.45609626173973083
2054,Yes,0.5019592642784119
2055,Yes,0.5028944611549377
2056,Yes,0.5590962171554565
2057,No,0.40617331862449646
2058,No,0.4583198130130768
2059,Yes,0.5050029754638672
2060,No,0.449220210313797
2061,No,0.3679541349411011
2062,No,0.3558071553707123
2063,No,0.42486393451690674
2064,No,0.4122471213340759
2065,No,0.25926634669303894
2066,No,0.2871558368206024
2067,No,0.37600210309028625
2068,No,0.3694213926792145
2069,No,0.1640033721923828
2070,No,0.2838888168334961
2071,No,0.19274665415287018
2072,No,0.2337149679660797
2073,No,0.19847026467323303
2074,No,0.3720722794532776
2075,No,0.4267440736293793
2076,No,0.4045949876308441
2077,No,0.21953701972961426
2078,No,0.3490050435066223
2079,No,0.37368088960647583
2080,No,0.4086880087852478
2081,No,0.29680272936820984
2082,No,0.2797330319881439
2083,No,0.24888835847377777
2084,No,0.3523333966732025
2085,No,0.48629990220069885
2086,No,0.3679039478302002
2087,Yes,0.5254544615745544
2088,Yes,0.5711560845375061
2089,Yes,0.968561053276062
2090,Yes,0.933075487613678
2091,Yes,0.8856027126312256
2092,Yes,0.9020023941993713
2093,Yes,0.5849699974060059
2094,No,0.47339245676994324
2095,Yes,0.5969351530075073
2096,Yes,0.5785212516784668
2097,No,0.2858767807483673
2098,No,0.304189532995224
2099,No,0.23765674233436584
2100,No,0.25898611545562744
2101,No,0.23327940702438354
2102,No,0.21958279609680176
2103,No,0.16698165237903595
2104,No,0.20747755467891693
2105,No,0.270519495010376
2106,No,0.23188403248786926
2107,No,0.22614794969558716
2108,No,0.2256719022989273
2109,No,0.22661861777305603
2110,No,0.19593945145606995
2111,No,0.2084377408027649
2112,No,0.29861313104629517
2113,No,0.4039340615272522
2114,No,0.44520488381385803
2115,Yes,0.5118721127510071
2116,No,0.4763110280036926
2117,No,0.3690265417098999
2118,No,0.3922830820083618
2119,No,0.45394426584243774
2120,Yes,0.5383544564247131
2121,No,0.1711846888065338
2122,No,0.18140961229801178
2123,No,0.14313770830631256
2124,No,0.17600467801094055
2125,No,0.4798804819583893
2126,No,0.4127551317214966
2127,No,0.3977651596069336
2128,No,0.4153704047203064
2129,No,0.26276859641075134
2130,No,0.24533908069133759
2131,No,0.1999875158071518
2132,No,0.1869562417268753
2133,No,0.25578007102012634
2134,No,0.3632705807685852
2135,No,0.22647899389266968
2136,No,0.34340375661849976
2137,Yes,0.5478711724281311
2138,Yes,0.5278037190437317
2139,No,0.38264742493629456
2140,No,0.306589812040329
2141,No,0.22287651896476746
2142,No,0.2375396490097046
2143,No,0.1980058252811432
2144,No,0.2421523779630661
2145,Yes,0.5514959692955017
2146,No,0.44092628359794617
2147,No,0.43114662170410156
2148,No,0.4490199089050293
2149,No,0.3535335659980774
2150,No,0.24511735141277313
2151,No,0.337956964969635
2152,No,0.3590335249900818
2153,Yes,0.6091387867927551
2154,Yes,0.5444806218147278
2155,No,0.40371039509773254
2156,No,0.41165438294410706
2157,No,0.3864966630935669
2158,No,0.3816560208797455
2159,No,0.4230407774448395
2160,No,0.48224279284477234
2161,No,0.4828164875507355
2162,No,0.4484165906906128
2163,Yes,0.5549267530441284
2164,Yes,0.549144983291626
2165,Yes,0.5248014330863953
2166,No,0.4740625321865082
2167,Yes,0.5849471688270569
2168,Yes,0.596402645111084
2169,No,0.38943782448768616
2170,No,0.3764289319515228
2171,No,0.4064215421676636
2172,No,0.40917912125587463
2173,Yes,0.5903522372245789
2174,Yes,0.5222955942153931
2175,Yes,0.559766948223114
2176,Yes,0.5811142921447754
2177,No,0.4505123794078827
2178,No,0.45678648352622986
2179,Yes,0.6264229416847229
2180,Yes,0.599120020866394
2181,Yes,0.5328214764595032
2182,Yes,0.5003816485404968
2183,Yes,0.4996713101863861
2184,Yes,0.5283871293067932
2185,No,0.4017287790775299
2186,No,0.3366355895996094
2187,No,0.4292391836643219
2188,No,0.46073687076568604
2189,No,0.3361608386039734
2190,No,0.24306216835975647
2191,No,0.40767377614974976
2192,No,0.42374834418296814
2193,No,0.3456745147705078
2194,No,0.21466240286827087
2195,No,0.2074388861656189
2196,No,0.13122305274009705
2197,Yes,0.5499768257141113
2198,No,0.47422146797180176
2199,Yes,0.5013639330863953
2200,No,0.34966036677360535
2201,No,0.12867626547813416
2202,No,0.13548283278942108
2203,No,0.17743422091007233
2204,No,0.13447637856006622
2205,Yes,0.632172703742981
2206,Yes,0.558611273765564
2207,No,0.44676321744918823
2208,No,0.388889342546463
2209,Yes,0.6059655547142029
2210,Yes,0.5713921189308167
2211,Yes,0.7151321172714233
2212,Yes,0.6115241646766663
2213,No,0.27278831601142883
2214,No,0.20800693333148956
2215,No,0.3089517652988434
2216,No,0.22830399870872498
2217,Yes,0.5534807443618774
2218,No,0.4165884852409363
2219,Yes,0.6221125721931458
2220,No,0.4930565357208252
2221,No,0.3535880744457245
2222,No,0.15835002064704895
2223,No,0.33999788761138916
2224,No,0.20133058726787567
2225,No,0.25780320167541504
2226,No,0.34752246737480164
2227,No,0.3118903934955597
2228,No,0.2939697504043579
2229,Yes,0.5631110072135925
2230,Yes,0.5475141406059265
2231,No,0.33700576424598694
2232,No,0.3038463294506073
2233,Yes,0.5489729046821594
2234,Yes,0.5671337246894836
2235,No,0.42943477630615234
2236,No,0.4717077612876892
2237,No,0.3727811872959137
2238,No,0.30323392152786255
2239,No,0.3308558464050293
2240,No,0.2822492718696594
2241,Yes,0.5349680185317993
2242,Yes,0.588364839553833
2243,Yes,0.5808894634246826
2244,Yes,0.5600593686103821
2245,No,0.33286088705062866
2246,No,0.4655495285987854
2247,No,0.46545377373695374
2248,No,0.4951896667480469
2249,Yes,0.5636036992073059
2250,Yes,0.5789192914962769
2251,Yes,0.706047534942627
2252,Yes,0.7289372086524963
2253,No,0.3445896506309509
2254,No,0.37841811776161194
2255,No,0.37984269857406616
2256,No,0.2764755189418793
2257,No,0.3605964183807373
2258,No,0.2534666359424591
2259,No,0.40526828169822693
2260,No,0.2755872309207916
2261,No,0.24874462187290192
2262,No,0.23945879936218262
2263,No,0.35494494438171387
2264,No,0.36685338616371155
2265,Yes,0.5325762033462524
2266,Yes,0.5623842477798462
2267,No,0.35562410950660706
2268,No,0.3035491704940796
2269,No,0.2433885931968689
2270,No,0.24737145006656647
2271,No,0.309326708316803
2272,No,0.2903363108634949
2273,No,0.36498138308525085
2274,No,0.33967509865760803
2275,No,0.2607489228248596
2276,No,0.2268226593732834
2277,Yes,0.5044403672218323
2278,Yes,0.6190678477287292
2279,No,0.3437400460243225
2280,No,0.34579432010650635
2281,Yes,0.5059177279472351
2282,Yes,0.6705116033554077
2283,Yes,0.5831264853477478
2284,Yes,0.5684285163879395
2285,No,0.366798460483551
2286,No,0.4510105550289154
2287,No,0.390220582485199
2288,No,0.41174474358558655
2289,No,0.4413110315799713
2290,No,0.43591684103012085
2291,No,0.3825340270996094
2292,No,0.3943854570388794
2293,No,0.09566471725702286
2294,No,0.09734691679477692
2295,No,0.18275263905525208
2296,No,0.23158574104309082
2297,No,0.21087753772735596
2298,No,0.1824924200773239
2299,No,0.2038699984550476
2300,No,0.20410679280757904
2301,No,0.34074196219444275
2302,No,0.25648191571235657
2303,No,0.2515220642089844
2304,No,0.28414711356163025
2305,No,0.2122001051902771
2306,No,0.2746107876300812
2307,No,0.17542226612567902
2308,No,0.27265146374702454
2309,Yes,0.5184726119041443
2310,Yes,0.5214617252349854
2311,No,0.4545148015022278
2312,Yes,0.5454447865486145
2313,No,0.3569432497024536
2314,No,0.27318793535232544
2315,No,0.21027356386184692
2316,No,0.22579875588417053
2317,No,0.09012795984745026
2318,No,0.13906297087669373
2319,No,0.1566607654094696
2320,No,0.20669110119342804
2321,No,0.12420922517776489
2322,No,0.23098625242710114
2323,No,0.18867702782154083
2324,No,0.2697061598300934
2325,No,0.20230619609355927
2326,No,0.19611920416355133
2327,No,0.16000060737133026
2328,No,0.19393590092658997
2329,No,0.1174827516078949
2330,No,0.13209407031536102
2331,No,0.14951039850711823
2332,No,0.19430623948574066
2333,No,0.1440659463405609
2334,No,0.2160632163286209
2335,No,0.13957829773426056
2336,No,0.21603168547153473
2337,No,0.1404169499874115
2338,No,0.23774287104606628
2339,No,0.11920037865638733
2340,No,0.17134185135364532
2341,No,0.29006385803222656
2342,No,0.41192564368247986
2343,No,0.24684543907642365
2344,No,0.3044191896915436
2345,No,0.3282449543476105
2346,No,0.306140661239624
2347,No,0.3518887162208557
2348,No,0.4843365252017975
2349,No,0.17272666096687317
2350,No,0.19431187212467194
2351,No,0.18071000277996063
2352,No,0.24644935131072998
2353,No,0.19796156883239746
2354,No,0.21669067442417145
2355,No,0.30955949425697327
2356,No,0.3169403672218323
2357,No,0.16254402697086334
2358,No,0.22310122847557068
2359,No,0.1823340654373169
2360,No,0.22337043285369873
2361,No,0.4254396855831146
2362,No,0.3299345374107361
2363,No,0.27518874406814575
2364,No,0.28449130058288574
2365,No,0.29614222049713135
2366,No,0.2891453504562378
2367,No,0.2082720398902893
2368,No,0.25007694959640503
2369,No,0.23747381567955017
2370,No,0.27320733666419983
2371,No,0.31140580773353577
2372,No,0.353672057390213
2373,No,0.21901234984397888
2374,No,0.2179785817861557
2375,No,0.376603364944458
2376,No,0.3484606444835663
2377,No,0.23265789449214935
2378,No,0.24967223405838013
2379,No,0.23565557599067688
2380,No,0.282852441072464
2381,Yes,0.5853374600410461
2382,No,0.42846977710723877
2383,No,0.48803043365478516
2384,No,0.4436540901660919
2385,No,0.29477447271347046
2386,Yes,0.5078790187835693
2387,No,0.3105485141277313
2388,No,0.32310494780540466
2389,No,0.40576818585395813
2390,Yes,0.8327912092208862
2391,Yes,0.8437789678573608
2392,Yes,0.9178018569946289
2393,No,0.42793700098991394
2394,No,0.3318290412425995
2395,No,0.375645250082016
2396,No,0.3608263432979584
2397,No,0.4738156795501709
2398,No,0.458866685628891
2399,No,0.28651341795921326
2400,No,0.2789030373096466
2401,No,0.3247647285461426
2402,No,0.28857529163360596
2403,No,0.27130192518234253
2404,No,0.321405827999115
2405,No,0.4855559170246124
2406,No,0.41347068548202515
2407,No,0.41004228591918945
2408,No,0.4559747874736786
2409,Yes,0.6592246890068054
2410,Yes,0.6891962885856628
2411,Yes,0.8566455245018005
2412,Yes,0.7690688967704773
2413,No,0.36939242482185364
2414,No,0.3438684940338135
2415,No,0.428536057472229
2416,No,0.4629184305667877
2417,Yes,0.6142753958702087
2418,No,0.3446851670742035
2419,No,0.3997301757335663
2420,No,0.4575962722301483
2421,No,0.3113991916179657
2422,No,0.26630890369415283
2423,No,0.3262481987476349
2424,No,0.41287457942962646
2425,No,0.2384055256843567
2426,No,0.183634415268898
2427,No,0.16067758202552795
2428,No,0.260034441947937
2429,No,0.13327863812446594
2430,No,0.29298532009124756
2431,No,0.2574909031391144
2432,Yes,0.5095394253730774
2433,No,0.23966948688030243
2434,No,0.262406587600708
2435,No,0.30226877331733704
2436,No,0.4004727900028229
2437,No,0.2613292634487152
2438,No,0.2232101559638977
2439,No,0.22946999967098236
2440,No,0.3594217002391815
2441,No,0.28523796796798706
2442,No,0.30245935916900635
2443,No,0.44148018956184387
2444,No,0.4615950584411621
2445,No,0.16804403066635132
2446,No,0.16959717869758606
2447,No,0.15827278792858124
2448,No,0.22801846265792847
2449,No,0.35561802983283997
2450,No,0.2951599359512329
2451,No,0.4173155725002289
2452,No,0.4115210473537445
2453,Yes,0.5285874009132385
2454,No,0.4235631823539734
2455,Yes,0.5730434060096741
2456,Yes,0.6316878199577332
2457,No,0.37442752718925476
2458,No,0.2823280394077301
2459,No,0.42182865738868713
2460,No,0.4642666280269623
2461,No,0.3104135990142822
2462,No,0.24818359315395355
2463,No,0.3487618863582611
2464,No,0.3902775049209595
2465,No,0.47365015745162964
2466,No,0.2924116551876068
2467,No,0.38029181957244873
2468,No,0.4134579300880432
2469,No,0.12655438482761383
2470,No,0.17522260546684265
2471,No,0.20189596712589264
2472,No,0.26151952147483826
2473,Yes,0.6712843775749207
2474,Yes,0.7068196535110474
2475,Yes,0.6861419081687927
2476,Yes,0.6697704195976257
2477,Yes,0.8423738479614258
2478,Yes,0.7237832546234131
2479,Yes,0.7181971669197083
2480,Yes,0.5255056619644165
2481,No,0.31107333302497864
2482,No,0.27274289727211
2483,No,0.2980828285217285
2484,No,0.269575297832489
2485,No,0.48454612493515015
2486,No,0.44915276765823364
2487,Yes,0.5226090550422668
2488,Yes,0.5449445843696594
2489,No,0.23143497109413147
2490,No,0.17706826329231262
2491,No,0.22212903201580048
2492,No,0.3133488595485687
2493,Yes,0.8953651785850525
2494,Yes,0.6244785785675049
2495,Yes,0.5935518145561218
2496,Yes,0.5372228622436523
2497,Yes,0.6199586391448975
2498,No,0.43377965688705444
2499,Yes,0.5447470545768738
2500,No,0.43978962302207947
2501,No,0.35940539836883545
2502,No,0.2927008271217346
2503,No,0.3301885426044464
2504,No,0.313149631023407
2505,No,0.20150348544120789
2506,No,0.15415924787521362
2507,No,0.13845741748809814
2508,No,0.2311812937259674
2509,No,0.37076428532600403
2510,No,0.2666781544685364
2511,No,0.36955833435058594
2512,No,0.3566659986972809
2513,No,0.2886769771575928
2514,No,0.3563527464866638
2515,Yes,0.5808284282684326
2516,Yes,0.579585075378418
2517,Yes,0.5488204956054688
2518,Yes,0.6193901300430298
2519,Yes,0.5068608522415161
2520,Yes,0.534820020198822
2521,No,0.25431469082832336
2522,Yes,0.5100204944610596
2523,Yes,0.5753303170204163
2524,Yes,0.6098817586898804
2525,Yes,0.5493064522743225
2526,Yes,0.5351383686065674
2527,Yes,0.6125755310058594
2528,Yes,0.621830940246582
2529,No,0.3652346432209015
2530,No,0.3913312554359436
2531,No,0.44341471791267395
2532,No,0.43429067730903625
2533,Yes,0.9282691478729248
2534,Yes,0.8822651505470276
2535,Yes,0.9177483320236206
2536,Yes,0.9242257475852966
2537,No,0.18725554645061493
2538,No,0.2413933426141739
2539,No,0.2994620203971863
2540,No,0.2837968170642853
2541,No,0.34572717547416687
2542,No,0.46259960532188416
2543,No,0.43288883566856384
2544,No,0.4564800560474396
2545,No,0.2740465998649597
2546,No,0.3040997087955475
2547,No,0.2764255702495575
2548,No,0.34468305110931396
2549,Yes,0.7270318269729614
2550,Yes,0.5393309593200684
2551,Yes,0.5873345136642456
2552,Yes,0.6484801173210144
2553,No,0.23230232298374176
2554,No,0.22008320689201355
2555,No,0.23004592955112457
2556,No,0.3094126880168915
2557,Yes,0.5254742503166199
2558,No,0.46718209981918335
2559,No,0.47972550988197327
2560,Yes,0.6408280730247498
2561,No,0.37816721200942993
2562,No,0.3328213393688202
2563,No,0.3883221447467804
2564,No,0.45441168546676636
2565,Yes,0.8591687083244324
2566,Yes,0.7428069114685059
2567,Yes,0.8274782299995422
2568,Yes,0.8249525427818298
2569,No,0.3280634582042694
2570,No,0.3957098126411438
2571,No,0.3721249997615814
2572,Yes,0.5578455328941345
2573,No,0.40220779180526733
2574,No,0.38106033205986023
2575,No,0.36889758706092834
2576,No,0.4512316882610321
2577,Yes,0.6607648134231567
2578,No,0.45523524284362793
2579,Yes,0.7171797156333923
2580,Yes,0.664547324180603
2581,No,0.49023792147636414
2582,No,0.39899298548698425
2583,Yes,0.5356377959251404
2584,Yes,0.5309440493583679
2585,No,0.48102235794067383
2586,No,0.2252383828163147
2587,Yes,0.6703892350196838
2588,Yes,0.5077464580535889
2589,No,0.449743390083313
2590,No,0.22024963796138763
2591,No,0.3826465904712677
2592,No,0.3547040522098541
2593,No,0.47522690892219543
2594,No,0.30485236644744873
2595,No,0.23032711446285248
2596,No,0.25075724720954895
2597,Yes,0.5135366320610046
2598,No,0.40927180647850037
2599,No,0.47675496339797974
2600,Yes,0.5291591882705688
2601,Yes,0.5252483487129211
2602,No,0.4503794014453888
2603,No,0.41051027178764343
2604,No,0.4298347234725952
2605,No,0.43509894609451294
2606,No,0.3428719937801361
2607,No,0.4321838915348053
2608,No,0.4597143828868866
2609,No,0.38720086216926575
2610,No,0.24219858646392822
2611,No,0.31068405508995056
2612,No,0.2760428786277771
2613,Yes,0.6201689839363098
2614,No,0.4453928768634796
2615,Yes,0.620650053024292
2616,Yes,0.6083381175994873
2617,No,0.44106021523475647
2618,No,0.2058933675289154
2619,No,0.4273846745491028
2620,No,0.3640519082546234
2621,Yes,0.6210164427757263
2622,No,0.45182153582572937
2623,Yes,0.5655003190040588
2624,Yes,0.5557171702384949
2625,No,0.32958969473838806
2626,No,0.37745028734207153
2627,No,0.2163863480091095
2628,No,0.26961591839790344
2629,Yes,0.5100372433662415
2630,No,0.48872512578964233
2631,No,0.4151421785354614
2632,No,0.46267229318618774
2633,No,0.26272428035736084
2634,No,0.2438867837190628
2635,No,0.20763163268566132
2636,No,0.24421730637550354
2637,Yes,0.7550205588340759
2638,Yes,0.7320897579193115
2639,Yes,0.6920375823974609
2640,Yes,0.7285706996917725
2641,No,0.36245542764663696
2642,No,0.4543255567550659
2643,No,0.36045482754707336
2644,No,0.4383050799369812
2645,Yes,0.8705100417137146
2646,Yes,0.6442644596099854
2647,Yes,0.801660418510437
2648,Yes,0.8016031384468079
2649,No,0.14978568255901337
2650,No,0.13600362837314606
2651,No,0.18772286176681519
2652,No,0.2518601417541504
2653,No,0.181759312748909
2654,No,0.18894220888614655
2655,No,0.29448455572128296
2656,No,0.27994197607040405
2657,Yes,0.6754196882247925
2658,Yes,0.6710917949676514
2659,Yes,0.5765569806098938
2660,Yes,0.5310351848602295
2661,No,0.48279669880867004
2662,No,0.4046129584312439
2663,No,0.4685100018978119
2664,No,0.435142457485199
2665,No,0.3763839602470398
2666,No,0.47265660762786865
2667,No,0.43742573261260986
2668,No,0.46862250566482544
2669,Yes,0.6490848064422607
2670,No,0.24105769395828247
2671,Yes,0.5270692110061646
2672,No,0.42080941796302795
2673,No,0.48279669880867004
2674,No,0.4046129584312439
2675,No,0.4685100018978119
2676,No,0.435142457485199
2677,Yes,0.5229462385177612
2678,No,0.3829418420791626
2679,No,0.49316108226776123
2680,No,0.4660511314868927
2681,No,0.27851003408432007
2682,No,0.2798416018486023
2683,No,0.2807144224643707
2684,No,0.37511348724365234
2685,Yes,0.8887736201286316
2686,Yes,0.8607960939407349
2687,Yes,0.8693613409996033
2688,Yes,0.7732911705970764
2689,No,0.2084764838218689
2690,No,0.21498854458332062
2691,No,0.2866947650909424
2692,No,0.3155362010002136
2693,No,0.25724056363105774
2694,No,0.4332817792892456
2695,No,0.19608677923679352
2696,No,0.272982120513916
2697,No,0.2536240816116333
2698,No,0.1782037317752838
2699,No,0.1713208705186844
2700,No,0.18840180337429047
2701,No,0.29417043924331665
2702,Yes,0.5025625228881836
2703,No,0.4430813491344452
2704,Yes,0.5240774750709534
2705,No,0.4822216033935547
2706,Yes,0.5192626714706421
2707,Yes,0.5504671335220337
2708,Yes,0.670688807964325
2709,Yes,0.5466102361679077
2710,Yes,0.5516919493675232
2711,No,0.2863715887069702
2712,No,0.28144127130508423
2713,Yes,0.5615109205245972
2714,No,0.3234521746635437
2715,No,0.3861066997051239
2716,Yes,0.5523461103439331
2717,No,0.45421677827835083
2718,No,0.27089911699295044
2719,Yes,0.5750558376312256
2720,Yes,0.5636292695999146
2721,No,0.2141578048467636
2722,No,0.28241270780563354
2723,No,0.2049645036458969
2724,No,0.2536942660808563
2725,No,0.252334326505661
2726,No,0.287990540266037
2727,No,0.23555894196033478
2728,No,0.28978195786476135
2729,No,0.4613867402076721
2730,No,0.4694381654262543
2731,No,0.39611268043518066
2732,No,0.434867799282074
2733,No,0.3269810974597931
2734,No,0.3151140809059143
2735,No,0.2681816518306732
2736,No,0.28264182806015015
2737,No,0.42241159081459045
2738,No,0.15472784638404846
2739,No,0.4298625886440277
2740,No,0.4567437469959259
2741,No,0.20993167161941528
2742,No,0.23378002643585205
2743,No,0.2125205397605896
2744,No,0.24168254435062408
2745,No,0.2725397050380707
2746,No,0.15366211533546448
2747,No,0.17211584746837616
2748,No,0.19765394926071167
2749,No,0.422480046749115
2750,Yes,0.5671947002410889
2751,No,0.26831766963005066
2752,No,0.2853963077068329
2753,No,0.10099130868911743
2754,No,0.20643046498298645
2755,No,0.12886279821395874
2756,No,0.17851178348064423
2757,No,0.19895295798778534
2758,No,0.211416557431221
2759,No,0.26076993346214294
2760,No,0.3360269069671631
2761,No,0.21415939927101135
2762,No,0.28241583704948425
2763,No,0.20496542751789093
2764,No,0.25369498133659363
2765,No,0.38281530141830444
2766,No,0.4200899004936218
2767,No,0.36888357996940613
2768,No,0.4010317921638489
2769,No,0.39483949542045593
2770,No,0.3937489986419678
2771,No,0.3218311369419098
2772,No,0.3255871534347534
2773,No,0.1878725290298462
2774,No,0.20335228741168976
2775,No,0.16234642267227173
2776,No,0.19895076751708984
2777,No,0.3317742645740509
2778,No,0.2678542137145996
2779,No,0.18533450365066528
2780,No,0.2049570232629776
2781,No,0.21707315742969513
2782,No,0.2210412472486496
2783,No,0.16695474088191986
2784,No,0.22612051665782928
2785,No,0.3142562508583069
2786,No,0.3582928776741028
2787,No,0.43135738372802734
2788,No,0.40551650524139404
2789,No,0.24698738753795624
2790,No,0.24971234798431396
2791,No,0.18062949180603027
2792,No,0.2466515451669693
2793,No,0.40615108609199524
2794,No,0.2689828872680664
2795,No,0.3271297812461853
2796,No,0.3243716061115265
2797,No,0.21277810633182526
2798,No,0.2107725888490677
2799,No,0.2595355808734894
2800,No,0.3053898513317108
2801,Yes,0.7737544178962708
2802,Yes,0.6590775847434998
2803,Yes,0.8031811118125916
2804,Yes,0.7497918605804443
2805,Yes,0.8176843523979187
2806,Yes,0.7627838850021362
2807,Yes,0.8068695664405823
2808,Yes,0.7985702753067017
2809,Yes,0.8472995758056641
2810,Yes,0.7352976202964783
2811,Yes,0.811900794506073
2812,Yes,0.7443824410438538
2813,No,0.19665779173374176
2814,No,0.3081769049167633
2815,No,0.33833828568458557
2816,No,0.41395771503448486
2817,No,0.1659071296453476
2818,No,0.13420560956001282
2819,No,0.2454262226819992
2820,No,0.33680063486099243
2821,Yes,0.7203713059425354
2822,Yes,0.7354966998100281
2823,Yes,0.6538978219032288
2824,Yes,0.7152810096740723
2825,Yes,0.588628888130188
2826,No,0.37029793858528137
2827,No,0.45652639865875244
2828,No,0.4695477783679962
2829,Yes,0.7859995365142822
2830,No,0.44114673137664795
2831,Yes,0.5347127914428711
2832,Yes,0.5521503686904907
2833,No,0.3192138671875
2834,No,0.2931777834892273
2835,No,0.3534841239452362
2836,No,0.37178105115890503
2837,No,0.34077560901641846
2838,No,0.38164442777633667
2839,Yes,0.5369458198547363
2840,Yes,0.5595964193344116
2841,No,0.13720574975013733
2842,No,0.17805641889572144
2843,No,0.28205278515815735
2844,No,0.36836665868759155
2845,No,0.4924401342868805
2846,Yes,0.6975434422492981
2847,Yes,0.6906937956809998
2848,Yes,0.7823821902275085
2849,Yes,0.6079465746879578
2850,Yes,0.6435478329658508
2851,Yes,0.8164646625518799
2852,Yes,0.7728310823440552
2853,No,0.23564353585243225
2854,No,0.19642919301986694
2855,No,0.36365434527397156
2856,No,0.342317134141922
2857,No,0.12219826132059097
2858,No,0.12101873010396957
2859,No,0.12688806653022766
2860,No,0.183953195810318
2861,No,0.16722217202186584
2862,No,0.18530458211898804
2863,No,0.21327391266822815
2864,No,0.2229042500257492
2865,Yes,0.5886267423629761
2866,No,0.39860349893569946
2867,No,0.4057869613170624
2868,No,0.34404996037483215
2869,No,0.36715251207351685
2870,No,0.448009729385376
2871,No,0.38072481751441956
2872,No,0.33221811056137085
2873,No,0.4339764714241028
2874,No,0.3303271532058716
2875,No,0.4918854832649231
2876,No,0.469084769487381
2877,No,0.37567463517189026
2878,No,0.418618768453598
2879,No,0.4306745231151581
2880,No,0.42990708351135254
2881,No,0.38073912262916565
2882,No,0.45176640152931213
2883,No,0.45550736784935
2884,Yes,0.6896138191223145
2885,Yes,0.7813498377799988
2886,Yes,0.9196842908859253
2887,Yes,0.8858294486999512
2888,Yes,0.9373912215232849
2889,Yes,0.6955889463424683
2890,Yes,0.6014407873153687
2891,Yes,0.596174955368042
2892,Yes,0.6356822848320007
2893,Yes,0.539982795715332
2894,Yes,0.7206911444664001
2895,Yes,0.6611524820327759
2896,Yes,0.7424487471580505
2897,Yes,0.52645343542099
2898,No,0.4601002633571625
2899,No,0.41189783811569214
2900,Yes,0.7066918611526489
2901,No,0.31885722279548645
2902,No,0.2906368672847748
2903,No,0.4445079565048218
2904,Yes,0.5555269122123718
2905,Yes,0.520711362361908
2906,Yes,0.539442241191864
2907,No,0.2513737678527832
2908,No,0.4601608216762543
2909,Yes,0.6053606271743774
2910,No,0.3332645893096924
2911,No,0.2689920663833618
2912,No,0.4547286927700043
2913,No,0.3741903603076935
2914,No,0.31657665967941284
2915,No,0.4515073299407959
2916,No,0.3741869032382965
2917,No,0.49871310591697693
2918,No,0.3597480058670044
2919,Yes,0.5396410226821899
2920,Yes,0.5019627213478088
2921,No,0.4106094241142273
2922,No,0.2233727127313614
2923,No,0.2626446783542633
2924,No,0.2891830801963806
2925,No,0.29197725653648376
2926,No,0.30366086959838867
2927,No,0.44461721181869507
2928,No,0.40849724411964417
2929,No,0.4325805902481079
2930,No,0.3907531499862671
2931,No,0.3909057080745697
2932,No,0.41828903555870056
2933,No,0.3253319561481476
2934,No,0.35260942578315735
2935,No,0.4147500693798065
2936,No,0.37997955083847046
2937,No,0.3705601394176483
2938,No,0.17344850301742554
2939,No,0.2030995488166809
2940,No,0.23196060955524445
2941,No,0.45102789998054504
2942,No,0.4277478754520416
2943,Yes,0.7183023691177368
2944,Yes,0.6365900039672852
2945,No,0.3929055631160736
2946,No,0.3708290457725525
2947,Yes,0.5096129179000854
2948,Yes,0.54189133644104
2949,No,0.4555590748786926
2950,No,0.35269924998283386
2951,Yes,0.5640904903411865
2952,Yes,0.612548291683197
2953,No,0.2275601476430893
2954,No,0.29468095302581787
2955,Yes,0.510783314704895
2956,No,0.4373287856578827
2957,No,0.3446739614009857
2958,No,0.2983096241950989
2959,No,0.4945220649242401
2960,No,0.46537861227989197
2961,No,0.3116433918476105
2962,No,0.3526732325553894
2963,No,0.4091563820838928
2964,No,0.4376888573169708
2965,Yes,0.8175196647644043
2966,Yes,0.8267931938171387
2967,Yes,0.9086045026779175
2968,Yes,0.8974426984786987
2969,No,0.29783281683921814
2970,No,0.20977206528186798
2971,No,0.3501891493797302
2972,No,0.30436772108078003
2973,No,0.4157485365867615
2974,No,0.48818615078926086
2975,No,0.43787890672683716
2976,Yes,0.5338938236236572
2977,Yes,0.5815086960792542
2978,No,0.42338311672210693
2979,No,0.4794597327709198
2980,No,0.49612027406692505
2981,No,0.3868507742881775
2982,No,0.33105918765068054
2983,No,0.34605565667152405
2984,No,0.4072841703891754
2985,Yes,0.7420584559440613
2986,Yes,0.6751044392585754
2987,Yes,0.7881371378898621
2988,Yes,0.7740086317062378
2989,No,0.4601622521877289
2990,No,0.36226367950439453
2991,No,0.3630884885787964
2992,No,0.407578706741333
2993,No,0.46769896149635315
2994,Yes,0.5025253295898438
2995,No,0.40874573588371277
2996,No,0.4219570755958557
2997,No,0.30514010787010193
2998,No,0.2650197744369507
2999,No,0.2969910502433777
3000,No,0.3657843768596649
3001,Yes,0.5172469615936279
3002,No,0.4475199580192566
3003,Yes,0.5445595979690552
3004,No,0.49518895149230957
3005,No,0.473449170589447
3006,No,0.25795045495033264
3007,No,0.2210310399532318
3008,No,0.2730396091938019
3009,No,0.2639295160770416
3010,No,0.2551635801792145
3011,No,0.2529824674129486
3012,No,0.289335161447525
3013,No,0.17646941542625427
3014,No,0.29185715317726135
3015,No,0.28476375341415405
3016,No,0.40658581256866455
3017,No,0.21298828721046448
3018,No,0.18106839060783386
3019,No,0.25003430247306824
3020,No,0.24513840675354004
3021,No,0.4850151538848877
3022,No,0.3775169849395752
3023,No,0.4670368432998657
3024,No,0.45381078124046326
3025,No,0.20856675505638123
3026,No,0.23247043788433075
3027,No,0.2514698803424835
3028,No,0.3030877113342285
3029,No,0.26932254433631897
3030,No,0.25190097093582153
3031,No,0.2794199287891388
3032,No,0.27474671602249146
3033,Yes,0.7447564601898193
3034,Yes,0.5226954817771912
3035,Yes,0.608836829662323
3036,Yes,0.620486319065094
3037,Yes,0.6539573073387146
3038,No,0.45000165700912476
3039,Yes,0.559378981590271
3040,Yes,0.5824815034866333
3041,No,0.2414223998785019
3042,No,0.30655717849731445
3043,No,0.2830982208251953
3044,No,0.4089556336402893
3045,Yes,0.5684464573860168
3046,No,0.41574758291244507
3047,No,0.4518740475177765
3048,No,0.4392130374908447
3049,Yes,0.6875103712081909
3050,Yes,0.6638849377632141
3051,Yes,0.7364117503166199
3052,Yes,0.7498528361320496
3053,Yes,0.6756353378295898
3054,Yes,0.5189943909645081
3055,No,0.44123879075050354
3056,No,0.4816533923149109
3057,No,0.2708304226398468
3058,No,0.2282729148864746
3059,No,0.20904269814491272
3060,No,0.2328793704509735
3061,No,0.3249988257884979
3062,No,0.3782474100589752
3063,No,0.371515691280365
3064,No,0.41904911398887634
3065,No,0.2819448709487915
3066,No,0.2218264639377594
3067,No,0.224950909614563
3068,No,0.2296607345342636
3069,No,0.2199079394340515
3070,No,0.23170503973960876
3071,No,0.2012874186038971
3072,No,0.22237558662891388
3073,Yes,0.5647103190422058
3074,No,0.4357750415802002
3075,No,0.43262627720832825
3076,No,0.42083871364593506
3077,No,0.3687925934791565
3078,No,0.4051991403102875
3079,No,0.22664834558963776
3080,No,0.27712282538414
3081,No,0.3195723295211792
3082,No,0.31111836433410645
3083,No,0.3482379615306854
3084,No,0.3654906451702118
3085,No,0.3291429579257965
3086,No,0.3280867338180542
3087,No,0.4142746329307556
3088,No,0.4608306884765625
3089,No,0.4419957399368286
3090,No,0.3237776756286621
3091,No,0.3032858967781067
3092,No,0.36925452947616577
3093,No,0.23175086081027985
3094,No,0.20259666442871094
3095,No,0.1820407509803772
3096,No,0.24276453256607056
3097,No,0.23519079387187958
3098,No,0.2660176455974579
3099,No,0.34359464049339294
3100,No,0.40123534202575684
3101,No,0.3379386365413666
3102,No,0.314554899930954
3103,No,0.3140029311180115
3104,No,0.3742906451225281
3105,No,0.43622711300849915
3106,No,0.405164897441864
3107,No,0.4697304666042328
3108,Yes,0.513439953327179
3109,No,0.15217554569244385
3110,No,0.12539014220237732
3111,No,0.254843533039093
3112,No,0.3257826566696167
3113,No,0.2812076508998871
3114,No,0.3766913115978241
3115,No,0.3955164849758148
3116,No,0.45782867074012756
3117,No,0.2962515950202942
3118,No,0.22321127355098724
3119,No,0.19319503009319305
3120,No,0.26421797275543213
3121,No,0.40269798040390015
3122,No,0.2524488568305969
3123,No,0.26391008496284485
3124,No,0.2850409746170044
3125,No,0.23519115149974823
3126,No,0.2660161256790161
3127,No,0.34359464049339294
3128,No,0.40123534202575684
3129,No,0.23175014555454254
3130,No,0.20259729027748108
3131,No,0.1820424646139145
3132,No,0.24276697635650635
3133,No,0.36266589164733887
3134,No,0.2717389166355133
3135,No,0.34485551714897156
3136,No,0.3782244920730591
3137,No,0.25165000557899475
3138,No,0.2798152267932892
3139,No,0.1805938333272934
3140,No,0.2547908425331116
3141,No,0.2699333429336548
3142,No,0.18675287067890167
3143,No,0.34229594469070435
3144,No,0.2947732210159302
3145,No,0.33500391244888306
3146,No,0.4573965072631836
3147,No,0.3774634301662445
3148,No,0.40826284885406494
3149,Yes,0.5287215113639832
3150,No,0.34269800782203674
3151,No,0.40225905179977417
3152,No,0.30677199363708496
3153,No,0.4353812336921692
3154,No,0.3928373456001282
3155,Yes,0.5443153977394104
3156,Yes,0.523790180683136
3157,No,0.2755733132362366
3158,No,0.2246888428926468
3159,No,0.227400541305542
3160,No,0.22650432586669922
3161,No,0.26774904131889343
3162,No,0.28239309787750244
3163,No,0.24546363949775696
3164,No,0.25869062542915344
3165,Yes,0.5383927822113037
3166,No,0.47591477632522583
3167,No,0.38515496253967285
3168,No,0.3050810992717743
3169,No,0.3292202949523926
3170,No,0.24795715510845184
3171,No,0.3641416132450104
3172,No,0.4040240943431854
3173,Yes,0.8966277837753296
3174,Yes,0.8218385577201843
3175,Yes,0.7161633372306824
3176,Yes,0.7457969188690186
3177,Yes,0.6487024426460266
3178,Yes,0.5489516258239746
3179,Yes,0.5699437260627747
3180,Yes,0.6174020171165466
3181,No,0.337230384349823
3182,No,0.41552549600601196
3183,No,0.2855243682861328
3184,No,0.41059863567352295
3185,No,0.39048755168914795
3186,No,0.3815086781978607
3187,No,0.46263667941093445
3188,Yes,0.5116665959358215
3189,No,0.3167060613632202
3190,No,0.25758329033851624
3191,No,0.3412354290485382
3192,No,0.3577137291431427
3193,No,0.2064693123102188
3194,No,0.16592994332313538
3195,No,0.1972498744726181
3196,No,0.2612651288509369
3197,Yes,0.5031805038452148
3198,No,0.3131988048553467
3199,Yes,0.5751397013664246
3200,Yes,0.5833397507667542
3201,Yes,0.7132444381713867
3202,No,0.3836439847946167
3203,Yes,0.6855408549308777
3204,No,0.45720675587654114
3205,Yes,0.7059603929519653
3206,Yes,0.5622720122337341
3207,Yes,0.6836268901824951
3208,Yes,0.5077477097511292
3209,Yes,0.5795671343803406
3210,No,0.4491499066352844
3211,No,0.2108081430196762
3212,No,0.24894578754901886
3213,Yes,0.6072335243225098
3214,No,0.46375030279159546
3215,Yes,0.5990841388702393
3216,Yes,0.5201210975646973
3217,Yes,0.5337830185890198
3218,No,0.4346451461315155
3219,Yes,0.5466911792755127
3220,Yes,0.5195021033287048
3221,No,0.45434218645095825
3222,No,0.38062068819999695
3223,Yes,0.5227180123329163
3224,No,0.4712061285972595
3225,Yes,0.6887764930725098
3226,Yes,0.7859585881233215
3227,Yes,0.8273032307624817
3228,Yes,0.8205360770225525
3229,No,0.4686373472213745
3230,No,0.27110135555267334
3231,No,0.30375802516937256
3232,No,0.20766763389110565
3233,No,0.27932149171829224
3234,No,0.3079744577407837
3235,No,0.34815508127212524
3236,No,0.3704487979412079
3237,No,0.4746227562427521
3238,No,0.405420184135437
3239,No,0.43172845244407654
3240,No,0.39592820405960083
3241,No,0.25935158133506775
3242,No,0.22841565310955048
3243,No,0.32927894592285156
3244,No,0.31877297163009644
3245,Yes,0.9370235204696655
3246,Yes,0.9175459742546082
3247,Yes,0.9444742202758789
3248,Yes,0.9335179328918457
3249,Yes,0.9568485617637634
3250,Yes,0.8920535445213318
3251,Yes,0.8726082444190979
3252,Yes,0.8568743467330933
3253,No,0.3201005458831787
3254,No,0.2692789137363434
3255,Yes,0.6379700899124146
3256,Yes,0.5447533130645752
3257,Yes,0.860500156879425
3258,Yes,0.7740752696990967
3259,Yes,0.8746662735939026
3260,Yes,0.8202042579650879
3261,No,0.2824147343635559
3262,No,0.261503666639328
3263,No,0.2743329405784607
3264,No,0.2679573595523834
3265,No,0.25317487120628357
3266,No,0.16494959592819214
3267,No,0.40356042981147766
3268,No,0.2902763783931732
3269,Yes,0.774271547794342
3270,Yes,0.6227812767028809
3271,Yes,0.8866053223609924
3272,Yes,0.8166025876998901
3273,Yes,0.8221206068992615
3274,Yes,0.5682891607284546
3275,Yes,0.7527531981468201
3276,Yes,0.6774020195007324
3277,Yes,0.9568485617637634
3278,Yes,0.8920535445213318
3279,Yes,0.8726082444190979
3280,Yes,0.8568743467330933
3281,Yes,0.6047455668449402
3282,No,0.45866909623146057
3283,Yes,0.6306380033493042
3284,No,0.4341646432876587
3285,No,0.23211008310317993
3286,No,0.1550692617893219
3287,No,0.2971556782722473
3288,No,0.2823167145252228
3289,Yes,0.6982907056808472
3290,Yes,0.67967689037323
3291,Yes,0.8069882988929749
3292,Yes,0.7732747197151184
3293,Yes,0.84842449426651
3294,Yes,0.8340650200843811
3295,Yes,0.7635812759399414
3296,Yes,0.6085436940193176
3297,Yes,0.7461811304092407
3298,Yes,0.616196870803833
3299,Yes,0.7609850168228149
3300,Yes,0.7829694151878357
3301,No,0.3895029127597809
3302,No,0.2907565236091614
3303,No,0.3937721252441406
3304,No,0.4723641276359558
3305,No,0.37395304441452026
3306,No,0.27637070417404175
3307,No,0.4407426118850708
3308,No,0.4890612065792084
3309,No,0.38832855224609375
3310,No,0.4266684055328369
3311,No,0.468305379152298
3312,Yes,0.5567032098770142
3313,No,0.33248504996299744
3314,No,0.38201865553855896
3315,No,0.4946133494377136
3316,No,0.49927905201911926
3317,No,0.255185067653656
3318,No,0.2075616717338562
3319,No,0.23947295546531677
3320,No,0.2831033766269684
3321,No,0.35917285084724426
3322,No,0.3397188186645508
3323,No,0.3794507086277008
3324,No,0.411683052778244
3325,No,0.25704213976860046
3326,No,0.29552578926086426
3327,No,0.36423972249031067
3328,No,0.38727518916130066
3329,Yes,0.8635958433151245
3330,Yes,0.7611526250839233
3331,Yes,0.6733567714691162
3332,Yes,0.7353900671005249
3333,No,0.4929848313331604
3334,No,0.40751034021377563
3335,No,0.31754419207572937
3336,No,0.4475008547306061
3337,No,0.4744541049003601
3338,Yes,0.5798202157020569
3339,Yes,0.7478001117706299
3340,Yes,0.7806026339530945
3341,Yes,0.658746600151062
3342,Yes,0.7311553955078125
3343,Yes,0.8031769394874573
3344,Yes,0.7638422846794128
3345,Yes,0.5202532410621643
3346,No,0.48483049869537354
3347,Yes,0.6517127752304077
3348,Yes,0.6317513585090637
3349,No,0.47125402092933655
3350,No,0.3968980312347412
3351,Yes,0.585178017616272
3352,Yes,0.6701403856277466
3353,No,0.2801397442817688
3354,No,0.2795104384422302
3355,No,0.3208824694156647
3356,No,0.42765653133392334
3357,Yes,0.6355726718902588
3358,No,0.48083850741386414
3359,Yes,0.5222413539886475
3360,Yes,0.612927258014679
3361,Yes,0.6464032530784607
3362,Yes,0.7151434421539307
3363,Yes,0.7407604455947876
3364,Yes,0.8055393099784851
3365,No,0.21572326123714447
3366,No,0.3630795180797577
3367,No,0.23387643694877625
3368,No,0.25577688217163086
3369,No,0.4262666702270508
3370,No,0.4051019847393036
3371,Yes,0.5469100475311279
3372,No,0.43633759021759033
3373,No,0.2890368103981018
3374,No,0.44973477721214294
3375,No,0.23082372546195984
3376,No,0.23262615501880646
3377,No,0.33211204409599304
3378,No,0.21707245707511902
3379,No,0.24292469024658203
3380,No,0.25316062569618225
3381,No,0.31938478350639343
3382,No,0.29967719316482544
3383,No,0.36506548523902893
3384,No,0.2537861168384552
3385,No,0.3378298282623291
3386,No,0.44115346670150757
3387,No,0.4791691303253174
3388,Yes,0.5257284641265869
3389,No,0.13918153941631317
3390,No,0.16179758310317993
3391,No,0.2437952160835266
3392,No,0.22028397023677826
3393,No,0.12334226816892624
3394,No,0.10154175013303757
3395,No,0.19114050269126892
3396,No,0.2528448700904846
3397,Yes,0.5544199347496033
3398,Yes,0.5527944564819336
3399,No,0.35744887590408325
3400,No,0.3036045730113983
3401,No,0.39361196756362915
3402,No,0.4226592779159546
3403,No,0.3371517062187195
3404,No,0.4390352666378021
3405,No,0.46094202995300293
3406,No,0.3554621934890747
3407,No,0.3232220709323883
3408,No,0.4092732071876526
3409,Yes,0.5441173911094666
3410,Yes,0.6007778644561768
3411,No,0.45612770318984985
3412,Yes,0.6343123912811279
3413,Yes,0.9358052611351013
3414,Yes,0.9326859712600708
3415,Yes,0.6750840544700623
3416,Yes,0.5947757363319397
3417,No,0.26667264103889465
3418,No,0.21495121717453003
3419,No,0.16588085889816284
3420,No,0.22345402836799622
3421,No,0.4843648672103882
3422,No,0.43760818243026733
3423,Yes,0.671219527721405
3424,Yes,0.6914883852005005
3425,No,0.43857985734939575
3426,No,0.43002474308013916
3427,No,0.46834251284599304
3428,Yes,0.6060023903846741
3429,No,0.39695581793785095
3430,No,0.206393763422966
3431,No,0.19204144179821014
3432,No,0.21258825063705444
3433,Yes,0.7999880909919739
3434,Yes,0.6785661578178406
3435,Yes,0.6357327699661255
3436,Yes,0.6059408187866211
3437,Yes,0.8242857456207275
3438,Yes,0.7049407958984375
3439,Yes,0.8065100908279419
3440,Yes,0.7911505103111267
3441,No,0.3553416132926941
3442,No,0.38103851675987244
3443,Yes,0.6124707460403442
3444,No,0.4932008385658264
3445,Yes,0.7424963116645813
3446,Yes,0.6193076372146606
3447,Yes,0.7338010668754578
3448,Yes,0.635979413986206
3449,Yes,0.6248889565467834
3450,No,0.3984350562095642
3451,No,0.39339330792427063
3452,No,0.33743223547935486
3453,Yes,0.8081462383270264
3454,Yes,0.8220272064208984
3455,Yes,0.8448461294174194
3456,Yes,0.8361687064170837
3457,Yes,0.7538713216781616
3458,Yes,0.8757944107055664
3459,Yes,0.6873764395713806
3460,Yes,0.6304805874824524
3461,No,0.3319970667362213
3462,No,0.2903483808040619
3463,No,0.3768649697303772
3464,No,0.2825252413749695
3465,No,0.4685552418231964
3466,No,0.44588518142700195
3467,Yes,0.5005893707275391
3468,No,0.44483453035354614
3469,Yes,0.875247061252594
3470,Yes,0.8987367749214172
3471,Yes,0.8467978239059448
3472,Yes,0.7956016659736633
3473,No,0.4680168628692627
3474,No,0.4638082981109619
3475,Yes,0.635290265083313
3476,Yes,0.5487430691719055
3477,No,0.3587017357349396
3478,No,0.37615376710891724
3479,Yes,0.5489627122879028
3480,Yes,0.5484699606895447
3481,Yes,0.6424306035041809
3482,Yes,0.5080755352973938
3483,No,0.47818660736083984
3484,No,0.45110058784484863
3485,No,0.49108293652534485
3486,No,0.43999430537223816
3487,No,0.3557887077331543
3488,No,0.24941708147525787
3489,No,0.4954088628292084
3490,Yes,0.5082732439041138
3491,No,0.48300614953041077
3492,No,0.4107902944087982
3493,No,0.4982132911682129
3494,No,0.4775256812572479
3495,Yes,0.6162559986114502
3496,Yes,0.5718644261360168
3497,No,0.38190945982933044
3498,No,0.42056745290756226
3499,No,0.38973793387413025
3500,No,0.3591102063655853
3501,No,0.24088405072689056
3502,No,0.1980520486831665
3503,No,0.35771238803863525
3504,No,0.31008729338645935
3505,Yes,0.6153218150138855
3506,Yes,0.535844087600708
3507,Yes,0.6499200463294983
3508,Yes,0.565716028213501
3509,No,0.2888883352279663
3510,No,0.2182544767856598
3511,No,0.369479238986969
3512,No,0.4271971583366394
3513,No,0.40942099690437317
3514,No,0.3904968500137329
3515,Yes,0.611432671546936
3516,Yes,0.5346760749816895
3517,No,0.42791488766670227
3518,No,0.4080426096916199
3519,Yes,0.5607336163520813
3520,Yes,0.5443987250328064
3521,Yes,0.620506227016449
3522,No,0.49131500720977783
3523,Yes,0.644980251789093
3524,Yes,0.6790154576301575
3525,Yes,0.7822726368904114
3526,Yes,0.6527389287948608
3527,Yes,0.7755517363548279
3528,Yes,0.7354220151901245
3529,Yes,0.8199737071990967
3530,Yes,0.8856492042541504
3531,Yes,0.8981778621673584
3532,Yes,0.9391082525253296
3533,No,0.31135520339012146
3534,No,0.23689177632331848
3535,No,0.32905086874961853
3536,No,0.46067702770233154
3537,No,0.3390152156352997
3538,No,0.20913822948932648
3539,No,0.29604288935661316
3540,No,0.28382745385169983
3541,No,0.42791104316711426
3542,No,0.47186344861984253
3543,No,0.4464745819568634
3544,Yes,0.5025097131729126
3545,Yes,0.6727065443992615
3546,Yes,0.5236507058143616
3547,Yes,0.5240587592124939
3548,Yes,0.6124585866928101
3549,Yes,0.9433730244636536
3550,Yes,0.9085447192192078
3551,Yes,0.843558669090271
3552,Yes,0.8393083810806274
3553,No,0.46911120414733887
3554,No,0.3594331443309784
3555,Yes,0.7077776193618774
3556,Yes,0.6547415852546692
3557,No,0.2202485054731369
3558,No,0.2162797451019287
3559,No,0.2746036946773529
3560,No,0.3476635217666626
3561,No,0.26611748337745667
3562,No,0.26990488171577454
3563,No,0.38263264298439026
3564,No,0.4405112862586975
3565,No,0.32415762543678284
3566,No,0.320443332195282
3567,No,0.2664946913719177
3568,No,0.35098686814308167
3569,No,0.36804917454719543
3570,No,0.26606348156929016
3571,No,0.2978430688381195
3572,No,0.32398539781570435
3573,No,0.2791635990142822
3574,No,0.43441954255104065
3575,No,0.40503326058387756
3576,No,0.3780932128429413
3577,No,0.2937428653240204
3578,No,0.22174638509750366
3579,No,0.3991340398788452
3580,No,0.3165149688720703
3581,No,0.17517060041427612
3582,No,0.1423892229795456
3583,Yes,0.5360573530197144
3584,Yes,0.6231509447097778
3585,Yes,0.5241219997406006
3586,No,0.4174865484237671
3587,No,0.4647129476070404
3588,Yes,0.5312570929527283
3589,No,0.24947461485862732
3590,No,0.19796139001846313
3591,No,0.263635516166687
3592,No,0.3080070912837982
3593,Yes,0.7109351754188538
3594,Yes,0.7623862028121948
3595,Yes,0.5967494249343872
3596,Yes,0.7019414901733398
3597,No,0.3738977313041687
3598,No,0.3583725392818451
3599,Yes,0.5768159627914429
3600,Yes,0.5771099328994751
3601,No,0.2913971543312073
3602,No,0.4803806245326996
3603,Yes,0.5511061549186707
3604,Yes,0.7022622227668762
3605,No,0.21625198423862457
3606,No,0.3046312928199768
3607,No,0.35120463371276855
3608,No,0.39189091324806213
3609,No,0.30201882123947144
3610,No,0.2703673243522644
3611,No,0.2993760108947754
3612,No,0.34508630633354187
3613,No,0.2678939700126648
3614,No,0.1956421434879303
3615,No,0.3432654142379761
3616,No,0.41314712166786194
3617,Yes,0.7138808965682983
3618,Yes,0.7415211796760559
3619,Yes,0.6843932867050171
3620,Yes,0.722800076007843
3621,No,0.21625198423862457
3622,No,0.3046312928199768
3623,No,0.35120463371276855
3624,No,0.39189091324806213
3625,No,0.268024206161499
3626,No,0.31114107370376587
3627,No,0.2620243728160858
3628,No,0.35557565093040466
3629,No,0.12699487805366516
3630,No,0.15900036692619324
3631,No,0.12366264313459396
3632,No,0.22315901517868042
3633,No,0.15048743784427643
3634,No,0.175533264875412
3635,No,0.2120419591665268
3636,No,0.28340017795562744
3637,No,0.3294129967689514
3638,No,0.18060065805912018
3639,No,0.10559409111738205
3640,No,0.16524279117584229
3641,No,0.3201644718647003
3642,No,0.28967365622520447
3643,No,0.42743587493896484
3644,No,0.4260382056236267
3645,No,0.23326194286346436
3646,No,0.20046529173851013
3647,No,0.31234171986579895
3648,No,0.37558576464653015
3649,No,0.31152889132499695
3650,No,0.26465484499931335
3651,No,0.24354912340641022
3652,No,0.25837573409080505
3653,Yes,0.6228827238082886
3654,Yes,0.777317225933075
3655,Yes,0.7164209485054016
3656,Yes,0.8014862537384033
3657,No,0.2031385451555252
3658,No,0.17897197604179382
3659,No,0.3142501413822174
3660,No,0.3314935564994812
3661,No,0.41949644684791565
3662,No,0.39489105343818665
3663,No,0.3987184166908264
3664,No,0.44789212942123413
3665,No,0.2759304344654083
3666,No,0.29985058307647705
3667,No,0.3998895585536957
3668,No,0.4066336750984192
3669,Yes,0.9072498083114624
3670,Yes,0.9060248136520386
3671,Yes,0.8396645188331604
3672,Yes,0.8159471154212952
3673,No,0.3267679810523987
3674,Yes,0.6202566623687744
3675,Yes,0.5112249255180359
3676,No,0.46546217799186707
3677,No,0.4211145341396332
3678,No,0.34961235523223877
3679,Yes,0.5929872989654541
3680,Yes,0.6586529016494751
3681,Yes,0.5432024598121643
3682,No,0.29951009154319763
3683,No,0.2133088856935501
3684,No,0.24434268474578857
3685,No,0.25280502438545227
3686,No,0.19370901584625244
3687,No,0.24765177071094513
3688,No,0.3814238905906677
3689,Yes,0.5346977114677429
3690,Yes,0.6013383865356445
3691,Yes,0.6467143893241882
3692,Yes,0.8263838291168213
3693,No,0.30673620104789734
3694,No,0.20890729129314423
3695,No,0.29470086097717285
3696,No,0.33556583523750305
3697,Yes,0.7744767069816589
3698,Yes,0.664307177066803
3699,Yes,0.5643203258514404
3700,Yes,0.5609666109085083
3701,Yes,0.5608394145965576
3702,Yes,0.5087162256240845
3703,No,0.366023987531662
3704,No,0.43978941440582275
3705,No,0.10911646485328674
3706,No,0.11906813085079193
3707,No,0.1800370067358017
3708,No,0.2876533567905426
3709,No,0.4672020673751831
3710,No,0.17537342011928558
3711,No,0.3186991214752197
3712,No,0.34562236070632935
3713,No,0.4982163906097412
3714,No,0.3854268789291382
3715,Yes,0.6421517133712769
3716,Yes,0.5229795575141907
3717,Yes,0.9340615272521973
3718,Yes,0.9239670634269714
3719,Yes,0.9358494877815247
3720,Yes,0.9368603229522705
3721,No,0.28559979796409607
3722,No,0.2857702076435089
3723,No,0.4017432630062103
3724,No,0.4605471193790436
3725,No,0.3797069787979126
3726,No,0.28612399101257324
3727,No,0.302959680557251
3728,No,0.3062533736228943
3729,Yes,0.5912119746208191
3730,No,0.42870497703552246
3731,Yes,0.6427869200706482
3732,Yes,0.6045873761177063
3733,No,0.3996075391769409
3734,No,0.34683436155319214
3735,Yes,0.6415968537330627
3736,Yes,0.5650927424430847
3737,No,0.28192171454429626
3738,No,0.2794311046600342
3739,No,0.496798038482666
3740,No,0.3906787633895874
3741,No,0.45280134677886963
3742,No,0.4091852307319641
3743,No,0.4824220836162567
3744,No,0.4261449873447418
3745,No,0.38556933403015137
3746,No,0.3349432647228241
3747,No,0.26459169387817383
3748,No,0.39844194054603577
3749,No,0.21306036412715912
3750,No,0.18455544114112854
3751,No,0.21173562109470367
3752,No,0.2768898904323578
3753,No,0.4114498496055603
3754,No,0.42100054025650024
3755,No,0.3718647360801697
3756,Yes,0.521950364112854
3757,No,0.2017301470041275
3758,No,0.2568775415420532
3759,No,0.2702920734882355
3760,No,0.46639424562454224
3761,No,0.17208805680274963
3762,No,0.19797015190124512
3763,No,0.3610597848892212
3764,No,0.3820650577545166
3765,Yes,0.6340789794921875
3766,No,0.43273186683654785
3767,Yes,0.7293275594711304
3768,Yes,0.6137734055519104
3769,Yes,0.8598060011863708
3770,Yes,0.7962800860404968
3771,Yes,0.7884668111801147
3772,Yes,0.8095217347145081
3773,No,0.3724837005138397
3774,No,0.3120516538619995
3775,Yes,0.6211941838264465
3776,Yes,0.5824235081672668
3777,No,0.2137196958065033
3778,No,0.25712665915489197
3779,No,0.476943701505661
3780,Yes,0.63570237159729
3781,No,0.3814014792442322
3782,No,0.4148789942264557
3783,No,0.2943457365036011
3784,No,0.42093023657798767
3785,No,0.24955418705940247
3786,No,0.28074148297309875
3787,No,0.27042660117149353
3788,No,0.41966062784194946
3789,No,0.11626070737838745
3790,No,0.1626814305782318
3791,No,0.13585765659809113
3792,No,0.23248420655727386
3793,No,0.22878462076187134
3794,No,0.1932324469089508
3795,No,0.27309340238571167
3796,No,0.3838885724544525
3797,No,0.38979849219322205
3798,No,0.40184006094932556
3799,Yes,0.6102114319801331
3800,Yes,0.7065035700798035
3801,No,0.3733266294002533
3802,No,0.35066020488739014
3803,No,0.4915107190608978
3804,Yes,0.6089015007019043
3805,No,0.225663423538208
3806,No,0.2981555461883545
3807,No,0.3077360987663269
3808,No,0.40729817748069763
3809,No,0.28506821393966675
3810,No,0.25938037037849426
3811,Yes,0.5225226879119873
3812,No,0.3505041003227234
3813,No,0.2529103457927704
3814,No,0.30646148324012756
3815,No,0.30016621947288513
3816,No,0.2804471552371979
3817,No,0.47862523794174194
3818,No,0.3685274124145508
3819,No,0.37164661288261414
3820,No,0.43153703212738037
3821,Yes,0.6075326204299927
3822,No,0.4793221354484558
3823,Yes,0.6411625742912292
3824,Yes,0.5902982354164124
3825,No,0.40265241265296936
3826,No,0.33880090713500977
3827,No,0.41320231556892395
3828,No,0.36412110924720764
3829,No,0.4243108332157135
3830,No,0.27785858511924744
3831,No,0.29236456751823425
3832,No,0.2844337224960327
3833,No,0.3910588026046753
3834,No,0.3667454421520233
3835,Yes,0.6708540916442871
3836,Yes,0.5437048077583313
3837,Yes,0.9135836958885193
3838,Yes,0.821671724319458
3839,Yes,0.8908811211585999
3840,Yes,0.8891113996505737
3841,No,0.23011663556098938
3842,No,0.19631673395633698
3843,No,0.21202793717384338
3844,No,0.28747794032096863
3845,No,0.2810138463973999
3846,No,0.23523278534412384
3847,No,0.2212091088294983
3848,No,0.2954601049423218
3849,No,0.49876290559768677
3850,No,0.40709689259529114
3851,No,0.3414804935455322
3852,No,0.39533984661102295
3853,No,0.23986244201660156
3854,No,0.27879801392555237
3855,No,0.21782684326171875
3856,No,0.27129900455474854
3857,No,0.15412630140781403
3858,No,0.1411348432302475
3859,No,0.1405581682920456
3860,No,0.15762528777122498
3861,Yes,0.6205139756202698
3862,Yes,0.6873792409896851
3863,Yes,0.6097525358200073
3864,Yes,0.6638703346252441
3865,Yes,0.7707498073577881
3866,Yes,0.8500694632530212
3867,Yes,0.7179281711578369
3868,Yes,0.8283602595329285
3869,No,0.3291507959365845
3870,Yes,0.7791986465454102
3871,Yes,0.8024958372116089
3872,Yes,0.7907729744911194
3873,No,0.3472869098186493
3874,No,0.35785508155822754
3875,No,0.3806551992893219
3876,No,0.47221869230270386
3877,No,0.2301146239042282
3878,No,0.1963188350200653
3879,No,0.2120286077260971
3880,No,0.2874782681465149
3881,No,0.47458696365356445
3882,No,0.38869747519493103
3883,No,0.4241877794265747
3884,No,0.4114263951778412
3885,No,0.22343280911445618
3886,No,0.16582158207893372
3887,No,0.12275740504264832
3888,No,0.16554759442806244
3889,No,0.412257581949234
3890,Yes,0.5110780596733093
3891,No,0.39416223764419556
3892,No,0.4216645359992981
3893,No,0.2564651668071747
3894,No,0.2881772816181183
3895,No,0.37100082635879517
3896,No,0.36435240507125854
3897,Yes,0.6676824688911438
3898,No,0.45194298028945923
3899,No,0.42169249057769775
3900,No,0.4349471628665924
3901,No,0.16777263581752777
3902,No,0.20964838564395905
3903,No,0.18457701802253723
3904,No,0.26945120096206665
3905,Yes,0.5953869223594666
3906,Yes,0.6169939041137695
3907,Yes,0.6051396131515503
3908,Yes,0.6239870190620422
3909,No,0.11452887952327728
3910,No,0.1546017825603485
3911,No,0.15877953171730042
3912,No,0.20442503690719604
3913,No,0.19686871767044067
3914,No,0.17902706563472748
3915,No,0.2378890961408615
3916,No,0.2773364186286926
3917,Yes,0.5636493563652039
3918,No,0.4378555715084076
3919,No,0.37724313139915466
3920,No,0.37446677684783936
3921,No,0.20081563293933868
3922,No,0.2626163959503174
3923,No,0.23615846037864685
3924,No,0.308869332075119
3925,Yes,0.5742473602294922
3926,No,0.3359917104244232
3927,No,0.48570504784584045
3928,Yes,0.5249879956245422
3929,No,0.1371164172887802
3930,No,0.21472908556461334
3931,No,0.20282891392707825
3932,No,0.31460335850715637
3933,Yes,0.5330817103385925
3934,No,0.48624640703201294
3935,No,0.4620574712753296
3936,No,0.49527233839035034
3937,No,0.3751358687877655
3938,No,0.262592613697052
3939,No,0.3868325352668762
3940,No,0.45647552609443665
3941,No,0.4298410713672638
3942,No,0.3383226692676544
3943,No,0.4666610360145569
3944,Yes,0.5688877105712891
3945,No,0.24825313687324524
3946,No,0.28240495920181274
3947,No,0.2860201895236969
3948,No,0.3961467146873474
3949,No,0.3314107060432434
3950,No,0.2811271846294403
3951,No,0.3655693531036377
3952,No,0.4360201060771942
3953,Yes,0.6251145601272583
3954,Yes,0.5282203555107117
3955,Yes,0.5763845443725586
3956,Yes,0.5765834450721741
3957,No,0.3531441390514374
3958,No,0.39998096227645874
3959,No,0.49184298515319824
3960,Yes,0.631567656993866
3961,Yes,0.7528061866760254
3962,No,0.3531774878501892
3963,No,0.2661092281341553
3964,No,0.33522850275039673
3965,No,0.2835339307785034
3966,No,0.3328091502189636
3967,No,0.3370714783668518
3968,No,0.41076111793518066
3969,No,0.4832644760608673
3970,No,0.45776328444480896
3971,No,0.31386539340019226
3972,No,0.35984185338020325
3973,No,0.35822394490242004
3974,No,0.41025882959365845
3975,No,0.3573635220527649
3976,No,0.4993649125099182
3977,No,0.19401255249977112
3978,No,0.24277859926223755
3979,No,0.209669291973114
3980,No,0.3187994360923767
3981,Yes,0.5360518097877502
3982,No,0.44405147433280945
3983,Yes,0.5052309632301331
3984,Yes,0.5810433626174927
3985,No,0.35664230585098267
3986,Yes,0.5388862490653992
3987,Yes,0.511460542678833
3988,Yes,0.6101157069206238
3989,No,0.40926289558410645
3990,Yes,0.5587406754493713
3991,No,0.47189849615097046
3992,Yes,0.6421419382095337
3993,No,0.4640214741230011
3994,No,0.4762120842933655
3995,No,0.4675612449645996
3996,Yes,0.5923385620117188
3997,Yes,0.5949434638023376
3998,Yes,0.6014885306358337
3999,Yes,0.6302290558815002
4000,Yes,0.6105948090553284
4001,Yes,0.5119230151176453
4002,Yes,0.5253286361694336
4003,No,0.2855602502822876
4004,No,0.27588725090026855
4005,No,0.26309797167778015
4006,No,0.3817005753517151
4007,No,0.35429391264915466
4008,No,0.36206793785095215
4009,No,0.34562844038009644
4010,No,0.3835080862045288
4011,No,0.16288691759109497
4012,No,0.20722003281116486
4013,No,0.23151934146881104
4014,No,0.28329285979270935
4015,No,0.18890029191970825
4016,No,0.23493361473083496
4017,Yes,0.7763015031814575
4018,Yes,0.5091177225112915
4019,Yes,0.523810863494873
4020,No,0.40548980236053467
4021,No,0.34562844038009644
4022,No,0.3835080862045288
4023,No,0.16288691759109497
4024,No,0.20722003281116486
4025,No,0.32218819856643677
4026,No,0.3716837465763092
4027,No,0.28796353936195374
4028,No,0.3150871694087982
4029,No,0.40617015957832336
4030,Yes,0.5899050235748291
4031,Yes,0.5626122951507568
4032,Yes,0.5330527424812317
4033,Yes,0.571778416633606
4034,Yes,0.5374074578285217
4035,Yes,0.5416386127471924
4036,Yes,0.5303324460983276
4037,No,0.28458958864212036
4038,No,0.16622978448867798
4039,No,0.3330934941768646
4040,No,0.2725595235824585
4041,No,0.16336044669151306
4042,No,0.19232946634292603
4043,No,0.3450307548046112
4044,No,0.2742965519428253
4045,No,0.4925196170806885
4046,Yes,0.5134739279747009
4047,Yes,0.5398899912834167
4048,No,0.4706011414527893
4049,Yes,0.55222088098526
4050,Yes,0.545220136642456
4051,No,0.47098422050476074
4052,No,0.4907354712486267
4053,No,0.19558195769786835
4054,No,0.1959156095981598
4055,No,0.19825266301631927
4056,No,0.20831279456615448
4057,No,0.36096954345703125
4058,No,0.47920072078704834
4059,Yes,0.6214942932128906
4060,Yes,0.6324357390403748
4061,No,0.3942318856716156
4062,No,0.4986959993839264
4063,Yes,0.5734801888465881
4064,No,0.43942371010780334
4065,No,0.1883046180009842
4066,No,0.16558413207530975
4067,No,0.17960225045681
4068,No,0.1863456815481186
4069,Yes,0.733078122138977
4070,Yes,0.6535359621047974
4071,Yes,0.7347535490989685
4072,Yes,0.7043601274490356
4073,Yes,0.7098503708839417
4074,No,0.3820106089115143
4075,Yes,0.7447183728218079
4076,Yes,0.5239136815071106
4077,No,0.446891188621521
4078,No,0.42250609397888184
4079,No,0.46596112847328186
4080,No,0.40702512860298157
4081,No,0.19758382439613342
4082,No,0.12845063209533691
4083,No,0.24328917264938354
4084,No,0.1877724528312683
4085,No,0.2697291970252991
4086,No,0.2343626469373703
4087,No,0.3176659643650055
4088,No,0.25231876969337463
4089,No,0.15700554847717285
4090,No,0.18063785135746002
4091,No,0.262433797121048
4092,No,0.24807775020599365
4093,Yes,0.5302079916000366
4094,Yes,0.6729525923728943
4095,Yes,0.5691445469856262
4096,Yes,0.566410481929779
4097,Yes,0.7549206614494324
4098,Yes,0.6671097278594971
4099,Yes,0.6897754073143005
4100,Yes,0.6647586822509766
4101,No,0.1387486457824707
4102,No,0.18131506443023682
4103,No,0.16920261085033417
4104,No,0.21346086263656616
4105,Yes,0.8491867184638977
4106,Yes,0.8325557112693787
4107,Yes,0.8868054747581482
4108,Yes,0.8817338943481445
4109,No,0.3397318720817566
4110,No,0.3770267069339752
4111,No,0.49379605054855347
4112,Yes,0.5161285996437073
4113,No,0.339059054851532
4114,No,0.32698920369148254
4115,No,0.4102836847305298
4116,No,0.41317158937454224
4117,No,0.20148193836212158
4118,No,0.17857331037521362
4119,No,0.2024899274110794
4120,No,0.2814514636993408
4121,No,0.19305409491062164
4122,No,0.20725761353969574
4123,No,0.33413586020469666
4124,No,0.3702685534954071
4125,Yes,0.5443992614746094
4126,Yes,0.5579915642738342
4127,Yes,0.6534258127212524
4128,Yes,0.6338528394699097
4129,No,0.46300867199897766
4130,No,0.43754926323890686
4131,No,0.2820330858230591
4132,No,0.312680184841156
4133,No,0.31436362862586975
4134,No,0.45200449228286743
4135,Yes,0.611958384513855
4136,Yes,0.5112669467926025
4137,Yes,0.6047388315200806
4138,No,0.42651647329330444
4139,Yes,0.6586886644363403
4140,Yes,0.6139112710952759
4141,No,0.29137182235717773
4142,No,0.23855628073215485
4143,No,0.390109121799469
4144,No,0.4337005317211151
4145,No,0.41450878977775574
4146,No,0.37684571743011475
4147,No,0.4533724784851074
4148,No,0.4754539430141449
4149,Yes,0.7888838648796082
4150,Yes,0.7460218071937561
4151,Yes,0.8588103652000427
4152,Yes,0.8169263601303101
4153,No,0.3950059413909912
4154,No,0.36258912086486816
4155,No,0.42286649346351624
4156,No,0.45034945011138916
4157,Yes,0.601494312286377
4158,No,0.2764568328857422
4159,No,0.3017169237136841
4160,No,0.313897967338562
4161,No,0.46001026034355164
4162,No,0.3983427882194519
4163,Yes,0.5649304389953613
4164,Yes,0.6092520952224731
4165,Yes,0.612321138381958
4166,Yes,0.6594305634498596
4167,Yes,0.6826785802841187
4168,Yes,0.7229185104370117
4169,No,0.3371766209602356
4170,No,0.26627930998802185
4171,No,0.31678974628448486
4172,No,0.3529910445213318
4173,No,0.2682338356971741
4174,No,0.27738747000694275
4175,No,0.28434762358665466
4176,No,0.2975839674472809
4177,No,0.09502912312746048
4178,No,0.21091115474700928
4179,No,0.15476946532726288
4180,No,0.29491379857063293
4181,No,0.2815065085887909
4182,No,0.2974747121334076
4183,No,0.31563323736190796
4184,No,0.470427006483078
4185,Yes,0.843047022819519
4186,Yes,0.7801539897918701
4187,Yes,0.6620984673500061
4188,Yes,0.6314104199409485
4189,No,0.40992817282676697
4190,No,0.3862461447715759
4191,No,0.26901790499687195
4192,No,0.3021300137042999
4193,Yes,0.7790557146072388
4194,Yes,0.6280359625816345
4195,Yes,0.5299974083900452
4196,Yes,0.6123034954071045
4197,No,0.19887705147266388
4198,No,0.21234242618083954
4199,No,0.15358586609363556
4200,No,0.23360027372837067
4201,No,0.1941896677017212
4202,No,0.16150937974452972
4203,No,0.08488732576370239
4204,No,0.15205487608909607
4205,Yes,0.7579459547996521
4206,Yes,0.8001657128334045
4207,Yes,0.7115578055381775
4208,Yes,0.7592407464981079
4209,No,0.49159544706344604
4210,No,0.3616613745689392
4211,No,0.3672172725200653
4212,No,0.3789045512676239
4213,Yes,0.52960604429245
4214,No,0.31156694889068604
4215,No,0.19600476324558258
4216,No,0.23124845325946808
4217,Yes,0.8751501441001892
4218,Yes,0.7815049290657043
4219,Yes,0.7145883440971375
4220,Yes,0.7135346531867981
4221,Yes,0.5545360445976257
4222,Yes,0.5233553647994995
4223,Yes,0.5115193724632263
4224,Yes,0.5600828528404236
4225,No,0.4000096321105957
4226,Yes,0.5902261137962341
4227,Yes,0.5688697099685669
4228,Yes,0.8642446398735046
4229,No,0.43544021248817444
4230,Yes,0.6420618295669556
4231,No,0.43860918283462524
4232,Yes,0.7094813585281372
4233,Yes,0.5669567584991455
4234,Yes,0.5461628437042236
4235,Yes,0.6804025769233704
4236,Yes,0.8136703372001648
4237,No,0.24411378800868988
4238,No,0.31070640683174133
4239,No,0.33372586965560913
4240,No,0.49014151096343994
4241,No,0.3855842053890228
4242,No,0.4975304901599884
4243,No,0.37555599212646484
4244,Yes,0.5868430733680725
4245,No,0.36892205476760864
4246,No,0.43415597081184387
4247,Yes,0.5344403982162476
4248,Yes,0.6077059507369995
4249,No,0.43601563572883606
4250,Yes,0.5732418298721313
4251,Yes,0.6109720468521118
4252,Yes,0.7500733137130737
4253,No,0.21842040121555328
4254,No,0.2213459014892578
4255,No,0.3427400588989258
4256,No,0.37640827894210815
4257,Yes,0.5950449705123901
4258,No,0.4888887405395508
4259,Yes,0.6248887777328491
4260,Yes,0.6729549169540405
4261,No,0.3930200934410095
4262,No,0.3475300967693329
4263,No,0.4658015966415405
4264,Yes,0.5856754183769226
4265,No,0.3450442850589752
4266,No,0.25764772295951843
4267,No,0.4448660910129547
4268,Yes,0.5425967574119568
4269,No,0.3183663487434387
4270,No,0.3033401668071747
4271,No,0.39177626371383667
4272,No,0.3869127035140991
4273,Yes,0.5548432469367981
4274,Yes,0.5024839639663696
4275,Yes,0.6060689091682434
4276,Yes,0.7520004510879517
4277,No,0.29134073853492737
4278,No,0.23702378571033478
4279,No,0.45931774377822876
4280,Yes,0.5702282190322876
4281,No,0.4026627540588379
4282,No,0.2720666825771332
4283,No,0.4400920271873474
4284,No,0.4412682354450226
4285,No,0.3249163329601288
4286,No,0.31219133734703064
4287,Yes,0.5372030138969421
4288,Yes,0.666594386100769
4289,Yes,0.5576528310775757
4290,Yes,0.619088888168335
4291,No,0.3445283770561218
4292,No,0.3542754054069519
4293,No,0.31338024139404297
4294,No,0.18621499836444855
4295,No,0.18990540504455566
4296,No,0.18765266239643097
4297,No,0.437505304813385
4298,No,0.15251486003398895
4299,No,0.2512683570384979
4300,No,0.27131393551826477
4301,No,0.12469606101512909
4302,No,0.08693686872720718
4303,No,0.10651945322751999
4304,No,0.11512873321771622
4305,No,0.1784888207912445
4306,No,0.24132320284843445
4307,No,0.10305164009332657
4308,No,0.1296629011631012
4309,No,0.2887907326221466
4310,No,0.2577018737792969
4311,No,0.39622774720191956
4312,No,0.3804713189601898
4313,No,0.2692703604698181
4314,No,0.21427616477012634
4315,No,0.258283793926239
4316,No,0.30780625343322754
4317,No,0.10163116455078125
4318,No,0.08120961487293243
4319,No,0.052333127707242966
4320,No,0.08103949576616287
4321,No,0.30309319496154785
4322,No,0.29152336716651917
4323,No,0.14418017864227295
4324,No,0.15928839147090912
4325,No,0.218170627951622
4326,No,0.18677081167697906
4327,No,0.10775212198495865
4328,No,0.159159317612648
4329,No,0.08468356728553772
4330,No,0.10586532205343246
4331,No,0.09160325676202774
4332,No,0.14016345143318176
4333,No,0.400820255279541
4334,No,0.22151263058185577
4335,No,0.31677359342575073
4336,No,0.34759989380836487
4337,No,0.13600176572799683
4338,No,0.08499327301979065
4339,No,0.11759588867425919
4340,No,0.15298298001289368
4341,Yes,0.6843059659004211
4342,Yes,0.5603338479995728
4343,No,0.337920218706131
4344,No,0.3062903881072998
4345,No,0.13293537497520447
4346,No,0.10955929756164551
4347,No,0.10762911289930344
4348,No,0.11422526836395264
4349,No,0.27109113335609436
4350,No,0.15232990682125092
4351,No,0.13466402888298035
4352,No,0.14438116550445557
4353,No,0.2887384295463562
4354,No,0.1366478055715561
4355,No,0.19695965945720673
4356,No,0.17099131643772125
4357,No,0.107276052236557
4358,No,0.09859966486692429
4359,No,0.06272362917661667
4360,No,0.09031417965888977
4361,No,0.385221391916275
4362,No,0.47123265266418457
4363,No,0.3395662009716034
4364,No,0.3383416533470154
4365,No,0.2487582415342331
4366,No,0.23799900710582733
4367,No,0.35104629397392273
4368,No,0.38393309712409973
4369,Yes,0.5856584906578064
4370,Yes,0.6619198322296143
4371,No,0.3170642554759979
4372,No,0.4920046329498291
4373,No,0.2838582396507263
4374,Yes,0.5101135969161987
4375,Yes,0.5634466409683228
4376,Yes,0.6786243319511414
4377,No,0.17542268335819244
4378,No,0.26743432879447937
4379,No,0.35245952010154724
4380,No,0.46318718791007996
4381,No,0.07624415308237076
4382,No,0.26834356784820557
4383,No,0.22680050134658813
4384,No,0.4496871829032898
4385,Yes,0.5905722379684448
4386,Yes,0.8289272785186768
4387,Yes,0.8103251457214355
4388,Yes,0.8809906244277954
4389,No,0.22939644753932953
4390,Yes,0.5261785387992859
4391,No,0.35490304231643677
4392,Yes,0.6330980062484741
4393,No,0.2580692768096924
4394,No,0.42228981852531433
4395,No,0.28355279564857483
4396,No,0.31726592779159546
4397,No,0.22606804966926575
4398,No,0.4229796826839447
4399,No,0.41986241936683655
4400,Yes,0.6481608152389526
4401,No,0.40350380539894104
4402,No,0.331859827041626
4403,No,0.37781769037246704
4404,No,0.36290058493614197
4405,No,0.37436237931251526
4406,No,0.44738221168518066
4407,No,0.44204944372177124
4408,Yes,0.6122336387634277
4409,Yes,0.513354480266571
4410,Yes,0.6305418610572815
4411,Yes,0.6459476351737976
4412,Yes,0.7660035490989685
4413,No,0.49375060200691223
4414,No,0.42270058393478394
4415,No,0.41082763671875
4416,Yes,0.5137907266616821
