item,label,p_yes
1,Yes,0.9420064687728882
2,Yes,0.9555512070655823
3,Yes,0.9726302027702332
4,Yes,0.969147264957428
5,Yes,0.9022560119628906
6,Yes,0.8881218433380127
7,Yes,0.9207178950309753
8,Yes,0.9078624844551086
9,Yes,0.8082785606384277
10,Yes,0.8259972929954529
11,Yes,0.8495156764984131
12,Yes,0.885202169418335
13,Yes,0.7768574953079224
14,Yes,0.8000848293304443
15,Yes,0.8454399108886719
16,Yes,0.7807413935661316
17,Yes,0.807490885257721
18,Yes,0.809673547744751
19,Yes,0.8037756681442261
20,Yes,0.801045298576355
21,Yes,0.819862961769104
22,Yes,0.793889045715332
23,Yes,0.8130956292152405
24,Yes,0.8111618161201477
25,Yes,0.9524896740913391
26,Yes,0.9554207921028137
27,Yes,0.9726680517196655
28,Yes,0.9640935063362122
29,Yes,0.8759235739707947
30,Yes,0.8077995777130127
31,Yes,0.8590527772903442
32,Yes,0.9010984897613525
33,Yes,0.8961924314498901
34,Yes,0.8928449153900146
35,Yes,0.9464001059532166
36,Yes,0.9214714765548706
37,Yes,0.8717161417007446
38,Yes,0.9199825525283813
39,Yes,0.9229233264923096
40,Yes,0.9288558959960938
41,Yes,0.9265369176864624
42,Yes,0.9168410301208496
43,Yes,0.9347717761993408
44,Yes,0.9296313524246216
45,Yes,0.9108144640922546
46,Yes,0.9055894017219543
47,Yes,0.9170120358467102
48,Yes,0.9321754574775696
49,Yes,0.923546552658081
50,Yes,0.9319599270820618
51,Yes,0.9546553492546082
52,Yes,0.946766197681427
53,Yes,0.8900275826454163
54,Yes,0.9415099620819092
55,Yes,0.95462566614151
56,Yes,0.9536663889884949
57,Yes,0.9695946574211121
58,Yes,0.9821779131889343
59,Yes,0.9748286604881287
60,Yes,0.9681044816970825
61,Yes,0.9810426831245422
62,Yes,0.9488953351974487
63,Yes,0.9682419300079346
64,Yes,0.9585309624671936
65,Yes,0.8991336226463318
66,Yes,0.9015274047851562
67,Yes,0.9496230483055115
68,Yes,0.9494385123252869
69,Yes,0.7371000647544861
70,Yes,0.8392855525016785
71,Yes,0.8967586159706116
72,Yes,0.8972609639167786
73,Yes,0.9605777263641357
74,Yes,0.9681312441825867
75,Yes,0.9705750942230225
76,Yes,0.9758906364440918
77,Yes,0.8455672264099121
78,Yes,0.8436106443405151
79,Yes,0.8741734027862549
80,Yes,0.8783378601074219
81,Yes,0.879286527633667
82,Yes,0.9040782451629639
83,Yes,0.9203488230705261
84,Yes,0.9379528164863586
85,Yes,0.9252715110778809
86,Yes,0.9636277556419373
87,Yes,0.9456524848937988
88,Yes,0.9576432704925537
89,Yes,0.8797110915184021
90,Yes,0.8646684885025024
91,Yes,0.918723464012146
92,Yes,0.9108942747116089
93,Yes,0.9253779053688049
94,Yes,0.951468288898468
95,Yes,0.9605296850204468
96,Yes,0.95611971616745
97,Yes,0.8645215630531311
98,Yes,0.8754807710647583
99,Yes,0.8940949440002441
100,Yes,0.8993226885795593
101,Yes,0.9080844521522522
102,Yes,0.917597234249115
103,Yes,0.9017836451530457
104,Yes,0.9190229177474976
105,Yes,0.9053053259849548
106,Yes,0.9344746470451355
107,Yes,0.9448696970939636
108,Yes,0.9448954463005066
109,Yes,0.839811384677887
110,Yes,0.9061477780342102
111,Yes,0.9140099287033081
112,Yes,0.9365757703781128
113,Yes,0.8828125
114,Yes,0.8880658745765686
115,Yes,0.931585967540741
116,Yes,0.9268261790275574
117,Yes,0.9389066100120544
118,Yes,0.9535926580429077
119,Yes,0.9294350743293762
120,Yes,0.9501054883003235
121,Yes,0.809971809387207
122,Yes,0.7501720190048218
123,Yes,0.8398908972740173
124,Yes,0.8149259090423584
125,Yes,0.929083526134491
126,Yes,0.9447396993637085
127,Yes,0.9551501870155334
128,Yes,0.9532060027122498
129,Yes,0.8938763737678528
130,Yes,0.9223124384880066
131,Yes,0.9287376999855042
132,Yes,0.9320700764656067
133,Yes,0.8799449801445007
134,Yes,0.8538289070129395
135,Yes,0.8076509237289429
136,Yes,0.8156155943870544
137,Yes,0.8891127705574036
138,Yes,0.9301526546478271
139,Yes,0.9481843709945679
140,Yes,0.9475675821304321
141,Yes,0.8622586727142334
142,Yes,0.8833962678909302
143,Yes,0.8843281865119934
144,Yes,0.8741599917411804
145,Yes,0.8899125456809998
146,Yes,0.828969419002533
147,Yes,0.8482006192207336
148,Yes,0.8470792770385742
149,Yes,0.8891127705574036
150,Yes,0.9301526546478271
151,Yes,0.9481843709945679
152,Yes,0.9475675821304321
153,Yes,0.9513208270072937
154,Yes,0.9577455520629883
155,Yes,0.9738774299621582
156,Yes,0.9706501364707947
157,Yes,0.9454436302185059
158,Yes,0.9347320795059204
159,Yes,0.89512699842453
160,Yes,0.9193403124809265
161,Yes,0.9297777414321899
162,Yes,0.910118818283081
163,Yes,0.9085947871208191
164,Yes,0.863923966884613
165,Yes,0.9617820978164673
166,Yes,0.875342607498169
167,Yes,0.9097117185592651
168,Yes,0.8596969842910767
169,Yes,0.967559278011322
170,Yes,0.8967628479003906
171,Yes,0.9202975034713745
172,Yes,0.9198600649833679
173,Yes,0.8396880030632019
174,Yes,0.8292100429534912
175,Yes,0.8253202438354492
176,Yes,0.7699289321899414
177,Yes,0.9195646047592163
178,Yes,0.911644697189331
179,Yes,0.9416571855545044
180,Yes,0.8944211602210999
181,Yes,0.8746452927589417
182,Yes,0.8399440050125122
183,Yes,0.8177074790000916
184,Yes,0.8138232827186584
185,Yes,0.8547101020812988
186,Yes,0.7958727478981018
187,Yes,0.82989901304245
188,Yes,0.7896703481674194
189,Yes,0.9422768950462341
190,Yes,0.9248883724212646
191,Yes,0.947306752204895
192,Yes,0.9218449592590332
193,Yes,0.8848775625228882
194,Yes,0.8045673966407776
195,Yes,0.8312157392501831
196,Yes,0.8097037076950073
197,Yes,0.9238303303718567
198,Yes,0.8987529277801514
199,Yes,0.9401271939277649
200,Yes,0.8999903798103333
201,Yes,0.902370035648346
202,Yes,0.9009752869606018
203,Yes,0.8833938837051392
204,Yes,0.8353023529052734
205,Yes,0.8841795325279236
206,Yes,0.8704098463058472
207,Yes,0.8839666247367859
208,Yes,0.869198203086853
209,Yes,0.9514756798744202
210,Yes,0.8984671831130981
211,Yes,0.9037426710128784
212,Yes,0.9033952355384827
213,Yes,0.8304511308670044
214,Yes,0.8201171159744263
215,Yes,0.8169748783111572
216,Yes,0.7831022143363953
217,Yes,0.8827858567237854
218,Yes,0.8574457168579102
219,Yes,0.8969019055366516
220,Yes,0.8504019975662231
221,Yes,0.8736307621002197
222,Yes,0.788654088973999
223,Yes,0.8336744904518127
224,Yes,0.7645174264907837
225,Yes,0.9368337988853455
226,Yes,0.9725572466850281
227,Yes,0.9162697196006775
228,Yes,0.9782241582870483
229,Yes,0.9117677807807922
230,Yes,0.9749757647514343
231,Yes,0.9501433372497559
232,Yes,0.9842289686203003
233,Yes,0.9254294633865356
234,Yes,0.9862844944000244
235,Yes,0.9467341899871826
236,Yes,0.9863368272781372
237,Yes,0.8853819966316223
238,Yes,0.9455448389053345
239,Yes,0.9199749827384949
240,Yes,0.9561469554901123
241,Yes,0.9332674741744995
242,Yes,0.9843859672546387
243,Yes,0.9501401782035828
244,Yes,0.9870555996894836
245,Yes,0.8749247789382935
246,Yes,0.969717800617218
247,Yes,0.9275895953178406
248,Yes,0.9695983529090881
249,Yes,0.9474405646324158
250,Yes,0.9861447811126709
251,Yes,0.9622269868850708
252,Yes,0.9887400269508362
253,Yes,0.8608394265174866
254,Yes,0.9849341511726379
255,Yes,0.9649141430854797
256,Yes,0.9918088316917419
257,Yes,0.9177749752998352
258,Yes,0.9715842604637146
259,Yes,0.9544327855110168
260,Yes,0.9860680103302002
261,Yes,0.8946753144264221
262,Yes,0.9914237856864929
263,Yes,0.9512746334075928
264,Yes,0.9924584031105042
265,Yes,0.9016050696372986
266,Yes,0.9774175882339478
267,Yes,0.9305221438407898
268,Yes,0.9822530746459961
269,Yes,0.8573611974716187
270,Yes,0.9695637226104736
271,Yes,0.9003762602806091
272,Yes,0.9734251499176025
273,Yes,0.9457387924194336
274,Yes,0.9425994157791138
275,Yes,0.9714823961257935
276,Yes,0.9583263397216797
277,Yes,0.9259652495384216
278,Yes,0.9416926503181458
279,Yes,0.9647496938705444
280,Yes,0.9567449688911438
281,Yes,0.9394248723983765
282,Yes,0.9173214435577393
283,Yes,0.9729312658309937
284,Yes,0.9440662860870361
285,Yes,0.8750045299530029
286,Yes,0.887629508972168
287,Yes,0.9086942076683044
288,Yes,0.8699846863746643
289,Yes,0.8985854387283325
290,Yes,0.8590438961982727
291,Yes,0.9186815619468689
292,Yes,0.8644697070121765
293,Yes,0.9681072235107422
294,Yes,0.9434402585029602
295,Yes,0.9785602688789368
296,Yes,0.9473563432693481
297,Yes,0.9327136874198914
298,Yes,0.8870867490768433
299,Yes,0.9690583348274231
300,Yes,0.9447066187858582
301,Yes,0.9678747057914734
302,Yes,0.9553958177566528
303,Yes,0.9642753005027771
304,Yes,0.9401615262031555
305,Yes,0.9725558161735535
306,Yes,0.9681382775306702
307,Yes,0.9778046011924744
308,Yes,0.9642422795295715
309,Yes,0.9704601168632507
310,Yes,0.9606961607933044
311,Yes,0.941571831703186
312,Yes,0.9273677468299866
313,Yes,0.9755173921585083
314,Yes,0.977053701877594
315,Yes,0.9686784744262695
316,Yes,0.9544187784194946
317,Yes,0.9675520062446594
318,Yes,0.96087247133255
319,Yes,0.9723767042160034
320,Yes,0.956899106502533
321,Yes,0.9882110953330994
322,Yes,0.9840450882911682
323,Yes,0.976291835308075
324,Yes,0.962052047252655
325,Yes,0.9531094431877136
326,Yes,0.9446574449539185
327,Yes,0.9506432414054871
328,Yes,0.9344941973686218
329,Yes,0.9748029112815857
330,Yes,0.95853191614151
331,Yes,0.9608778357505798
332,Yes,0.9462313055992126
333,Yes,0.9840152859687805
334,Yes,0.9799991250038147
335,Yes,0.9850158095359802
336,Yes,0.9746901988983154
337,Yes,0.9149918556213379
338,Yes,0.9069715142250061
339,Yes,0.9361116290092468
340,Yes,0.923237681388855
341,Yes,0.9216660857200623
342,Yes,0.918964684009552
343,Yes,0.9453023076057434
344,Yes,0.9311234951019287
345,Yes,0.8793038129806519
346,Yes,0.8846099376678467
347,Yes,0.9369046688079834
348,Yes,0.9229581356048584
349,Yes,0.9326550364494324
350,Yes,0.9582810997962952
351,Yes,0.9769319891929626
352,Yes,0.9627078771591187
353,Yes,0.9503097534179688
354,Yes,0.9716242551803589
355,Yes,0.9811946749687195
356,Yes,0.9639759659767151
357,Yes,0.9405771493911743
358,Yes,0.8484055995941162
359,Yes,0.8920355439186096
360,Yes,0.8792101144790649
361,Yes,0.9640538096427917
362,Yes,0.962816059589386
363,Yes,0.9783506393432617
364,Yes,0.9594307541847229
365,Yes,0.8900029063224792
366,Yes,0.8591476678848267
367,Yes,0.9149042367935181
368,Yes,0.8845785856246948
369,Yes,0.9590463638305664
370,Yes,0.977232813835144
371,Yes,0.9631935358047485
372,Yes,0.9608299732208252
373,Yes,0.9113984107971191
374,Yes,0.8979177474975586
375,Yes,0.9337134957313538
376,Yes,0.9019511938095093
377,Yes,0.9290185570716858
378,Yes,0.929480791091919
379,Yes,0.9498816132545471
380,Yes,0.9311968684196472
381,Yes,0.9655839204788208
382,Yes,0.9552082419395447
383,Yes,0.9822624325752258
384,Yes,0.9702813029289246
385,Yes,0.9759693741798401
386,Yes,0.9052883982658386
387,Yes,0.9793523550033569
388,Yes,0.9645955562591553
389,Yes,0.8717745542526245
390,Yes,0.8459426760673523
391,Yes,0.8998144268989563
392,Yes,0.8674198389053345
393,Yes,0.9146345853805542
394,Yes,0.9112921953201294
395,Yes,0.9439224600791931
396,Yes,0.9405841827392578
397,Yes,0.8963825106620789
398,Yes,0.8847032785415649
399,Yes,0.9235467910766602
400,Yes,0.9098947048187256
401,Yes,0.9400568604469299
402,Yes,0.9107723832130432
403,Yes,0.9541475772857666
404,Yes,0.921190083026886
405,Yes,0.9824930429458618
406,Yes,0.9555237889289856
407,Yes,0.9723318815231323
408,Yes,0.9417595863342285
409,Yes,0.9483761787414551
410,Yes,0.939403772354126
411,Yes,0.9699218273162842
412,Yes,0.9457142353057861
413,Yes,0.9807477593421936
414,Yes,0.9766215085983276
415,Yes,0.9884077906608582
416,Yes,0.9757692813873291
417,Yes,0.8630136847496033
418,Yes,0.8852982521057129
419,Yes,0.8734210133552551
420,Yes,0.9004801511764526
421,Yes,0.842577338218689
422,Yes,0.8694627285003662
423,Yes,0.8483055233955383
424,Yes,0.8771839141845703
425,Yes,0.8486883044242859
426,Yes,0.9319303631782532
427,Yes,0.89402174949646
428,Yes,0.9380987882614136
429,Yes,0.8643505573272705
430,Yes,0.873582124710083
431,Yes,0.8145811557769775
432,Yes,0.8506479263305664
433,Yes,0.772100031375885
434,Yes,0.8551117777824402
435,Yes,0.8180006742477417
436,Yes,0.8569378852844238
437,Yes,0.9320077896118164
438,Yes,0.9428065419197083
439,Yes,0.8990606069564819
440,Yes,0.9303140044212341
441,Yes,0.8423215746879578
442,Yes,0.914610743522644
443,Yes,0.8533454537391663
444,Yes,0.9140608906745911
445,Yes,0.7599892020225525
446,Yes,0.7586144208908081
447,Yes,0.7565253376960754
448,Yes,0.7982553839683533
449,Yes,0.8012385964393616
450,Yes,0.8661460280418396
451,Yes,0.8235874772071838
452,Yes,0.869588315486908
453,Yes,0.8561168909072876
454,Yes,0.9299613833427429
455,Yes,0.9237614274024963
456,Yes,0.9460611939430237
457,Yes,0.8184504508972168
458,Yes,0.8562135100364685
459,Yes,0.8693472146987915
460,Yes,0.9086052775382996
461,Yes,0.7893627882003784
462,Yes,0.8829113841056824
463,Yes,0.8972469568252563
464,Yes,0.9310981631278992
465,Yes,0.7419761419296265
466,Yes,0.8375039100646973
467,Yes,0.8510343432426453
468,Yes,0.8836596012115479
469,Yes,0.8406029343605042
470,Yes,0.8411507606506348
471,Yes,0.8482959866523743
472,Yes,0.871376633644104
473,Yes,0.7940329909324646
474,Yes,0.9115393757820129
475,Yes,0.9225362539291382
476,Yes,0.9602774977684021
477,Yes,0.8393296599388123
478,Yes,0.8665516376495361
479,Yes,0.8642674684524536
480,Yes,0.8903786540031433
481,Yes,0.9440013766288757
482,Yes,0.9031299352645874
483,Yes,0.9441649317741394
484,Yes,0.9257553219795227
485,Yes,0.9681181907653809
486,Yes,0.9341863989830017
487,Yes,0.9715720415115356
488,Yes,0.9587401151657104
489,Yes,0.9447249174118042
490,Yes,0.9237697124481201
491,Yes,0.9599996209144592
492,Yes,0.954322338104248
493,Yes,0.934039831161499
494,Yes,0.8616158366203308
495,Yes,0.9073338508605957
496,Yes,0.8937427997589111
497,Yes,0.9287837743759155
498,Yes,0.9085277915000916
499,Yes,0.9533148407936096
500,Yes,0.9406335353851318
501,Yes,0.967614471912384
502,Yes,0.9472042322158813
503,Yes,0.9666079878807068
504,Yes,0.9434497356414795
505,Yes,0.9347914457321167
506,Yes,0.9298590421676636
507,Yes,0.9496251344680786
508,Yes,0.9300881028175354
509,Yes,0.8996622562408447
510,Yes,0.8823958039283752
511,Yes,0.8837599754333496
512,Yes,0.885861873626709
513,Yes,0.9659119844436646
514,Yes,0.9648475646972656
515,Yes,0.9484685659408569
516,Yes,0.9198163747787476
517,Yes,0.8423792719841003
518,Yes,0.8736830353736877
519,Yes,0.9122176170349121
520,Yes,0.9018885493278503
521,Yes,0.929866373538971
522,Yes,0.9682977795600891
523,Yes,0.958124577999115
524,Yes,0.9571607708930969
525,Yes,0.9201253056526184
526,Yes,0.9634129405021667
527,Yes,0.9383231997489929
528,Yes,0.9338862895965576
529,Yes,0.8808445930480957
530,Yes,0.916163444519043
531,Yes,0.9019148945808411
532,Yes,0.8905367255210876
533,Yes,0.8633332848548889
534,Yes,0.8880026936531067
535,Yes,0.9060559272766113
536,Yes,0.8857845067977905
537,Yes,0.7781952619552612
538,Yes,0.8625362515449524
539,Yes,0.8215272426605225
540,Yes,0.8311688303947449
541,Yes,0.8638907670974731
542,Yes,0.885685920715332
543,Yes,0.903824508190155
544,Yes,0.9063955545425415
545,Yes,0.9377756714820862
546,Yes,0.9245961904525757
547,Yes,0.9585291147232056
548,Yes,0.9394233822822571
549,Yes,0.9683953523635864
550,Yes,0.947276771068573
551,Yes,0.9516540169715881
552,Yes,0.9355077147483826
553,Yes,0.9560261368751526
554,Yes,0.9309055805206299
555,Yes,0.9668828248977661
556,Yes,0.9496546387672424
557,Yes,0.9297846555709839
558,Yes,0.8895103335380554
559,Yes,0.9060690999031067
560,Yes,0.8963679671287537
561,Yes,0.9366496205329895
562,Yes,0.936854362487793
563,Yes,0.9567892551422119
564,Yes,0.9482995867729187
565,Yes,0.974724531173706
566,Yes,0.9595487117767334
567,Yes,0.9740351438522339
568,Yes,0.9609341025352478
569,Yes,0.9321001172065735
570,Yes,0.9200185537338257
571,Yes,0.9366670846939087
572,Yes,0.9279242753982544
573,Yes,0.9512009024620056
574,Yes,0.9495294094085693
575,Yes,0.9610890746116638
576,Yes,0.9511277675628662
577,Yes,0.9339273571968079
578,Yes,0.900550365447998
579,Yes,0.9311399459838867
580,Yes,0.9245837926864624
581,Yes,0.9741168022155762
582,Yes,0.9280360341072083
583,Yes,0.9436350464820862
584,Yes,0.9193630218505859
585,Yes,0.9765831828117371
586,Yes,0.9613219499588013
587,Yes,0.9783991575241089
588,Yes,0.9635950922966003
589,Yes,0.9398638606071472
590,Yes,0.9070312976837158
591,Yes,0.95212322473526
592,Yes,0.9310603737831116
593,Yes,0.8831610083580017
594,Yes,0.8647670149803162
595,Yes,0.9243124127388
596,Yes,0.8935293555259705
597,Yes,0.9338906407356262
598,Yes,0.92618328332901
599,Yes,0.9626427292823792
600,Yes,0.9477513432502747
601,Yes,0.9648110270500183
602,Yes,0.9143133759498596
603,Yes,0.9599788188934326
604,Yes,0.939696729183197
605,Yes,0.951809287071228
606,Yes,0.8397862911224365
607,Yes,0.9499025344848633
608,Yes,0.9465323090553284
609,Yes,0.8781075477600098
610,Yes,0.9165042042732239
611,Yes,0.9514949321746826
612,Yes,0.9509496092796326
613,Yes,0.9418187141418457
614,Yes,0.9462466835975647
615,Yes,0.959399938583374
616,Yes,0.966864287853241
617,Yes,0.9640781879425049
618,Yes,0.9816367626190186
619,Yes,0.9745348691940308
620,Yes,0.9771395325660706
621,Yes,0.9492529630661011
622,Yes,0.9669263958930969
623,Yes,0.9712955951690674
624,Yes,0.9811303019523621
625,Yes,0.972990095615387
626,Yes,0.9602469801902771
627,Yes,0.9757551550865173
628,Yes,0.9681703448295593
629,Yes,0.9064096212387085
630,Yes,0.9079278111457825
631,Yes,0.9375171661376953
632,Yes,0.9481708407402039
633,Yes,0.9315209984779358
634,Yes,0.9452021718025208
635,Yes,0.9552726149559021
636,Yes,0.9651143550872803
637,Yes,0.9621551036834717
638,Yes,0.948764979839325
639,Yes,0.9655827283859253
640,Yes,0.9700664281845093
641,Yes,0.8772660493850708
642,Yes,0.8624095320701599
643,Yes,0.9156802892684937
644,Yes,0.9188047051429749
645,Yes,0.954493522644043
646,Yes,0.9637492299079895
647,Yes,0.9714305996894836
648,Yes,0.9755905270576477
649,Yes,0.9093851447105408
650,Yes,0.9425885081291199
651,Yes,0.9234810471534729
652,Yes,0.9591072797775269
653,Yes,0.9250814914703369
654,Yes,0.9255897998809814
655,Yes,0.9473788142204285
656,Yes,0.9441561102867126
657,Yes,0.8838244080543518
658,Yes,0.8972117900848389
659,Yes,0.8978477120399475
660,Yes,0.8766129016876221
661,Yes,0.9640072584152222
662,Yes,0.8707696199417114
663,Yes,0.8922550678253174
664,Yes,0.8528947234153748
665,Yes,0.8439681529998779
666,Yes,0.8932068347930908
667,Yes,0.8937982320785522
668,Yes,0.8552631735801697
669,Yes,0.9170523881912231
670,Yes,0.8941314816474915
671,Yes,0.9279002547264099
672,Yes,0.8894410133361816
673,Yes,0.8226460814476013
674,Yes,0.8538385033607483
675,Yes,0.8728269338607788
676,Yes,0.8255271911621094
677,Yes,0.9227056503295898
678,Yes,0.927016019821167
679,Yes,0.9585602283477783
680,Yes,0.9389075636863708
681,Yes,0.8765064477920532
682,Yes,0.877748429775238
683,Yes,0.9227668046951294
684,Yes,0.9002878665924072
685,Yes,0.9120716452598572
686,Yes,0.8730102777481079
687,Yes,0.9216171503067017
688,Yes,0.8889274597167969
689,Yes,0.8793432116508484
690,Yes,0.8632686734199524
691,Yes,0.870805561542511
692,Yes,0.866097629070282
693,Yes,0.8860428929328918
694,Yes,0.8672789335250854
695,Yes,0.9149965643882751
696,Yes,0.9117094874382019
697,Yes,0.9346244931221008
698,Yes,0.9238520264625549
699,Yes,0.951356828212738
700,Yes,0.9370075464248657
701,Yes,0.9151923656463623
702,Yes,0.9306593537330627
703,Yes,0.9178085327148438
704,Yes,0.8860270977020264
705,Yes,0.8838244080543518
706,Yes,0.8972117900848389
707,Yes,0.8978477120399475
708,Yes,0.8766129016876221
709,Yes,0.9170523881912231
710,Yes,0.8941314816474915
711,Yes,0.9279002547264099
712,Yes,0.8894410133361816
713,Yes,0.8328722715377808
714,Yes,0.8644745349884033
715,Yes,0.8424019813537598
716,Yes,0.8362711668014526
717,Yes,0.9097293615341187
718,Yes,0.9126378893852234
719,Yes,0.9403432607650757
720,Yes,0.923317551612854
721,Yes,0.9377294182777405
722,Yes,0.9281409978866577
723,Yes,0.9591478109359741
724,Yes,0.9545877575874329
725,Yes,0.9784955382347107
726,Yes,0.9476206302642822
727,Yes,0.9551750421524048
728,Yes,0.9520180225372314
729,Yes,0.9142088890075684
730,Yes,0.927639901638031
731,Yes,0.9606007933616638
732,Yes,0.9517205357551575
733,Yes,0.9493778944015503
734,Yes,0.9355430006980896
735,Yes,0.9495535492897034
736,Yes,0.9591975212097168
737,Yes,0.9297290444374084
738,Yes,0.9333617091178894
739,Yes,0.9493585228919983
740,Yes,0.9421584010124207
741,Yes,0.9424653053283691
742,Yes,0.9347688555717468
743,Yes,0.9640305042266846
744,Yes,0.9585052132606506
745,Yes,0.9797929525375366
746,Yes,0.9616988897323608
747,Yes,0.9775779843330383
748,Yes,0.9694317579269409
749,Yes,0.9207144379615784
750,Yes,0.922813355922699
751,Yes,0.9619881510734558
752,Yes,0.9509187340736389
753,Yes,0.9632053375244141
754,Yes,0.9647588729858398
755,Yes,0.9780532717704773
756,Yes,0.9720168709754944
757,Yes,0.9048072695732117
758,Yes,0.918888509273529
759,Yes,0.9472182989120483
760,Yes,0.9422935247421265
761,Yes,0.9496936202049255
762,Yes,0.9600328803062439
763,Yes,0.9707036018371582
764,Yes,0.9732939004898071
765,Yes,0.9049807786941528
766,Yes,0.9345535635948181
767,Yes,0.9450526833534241
768,Yes,0.9527405500411987
769,Yes,0.9505991339683533
770,Yes,0.909388542175293
771,Yes,0.9301143884658813
772,Yes,0.918075442314148
773,Yes,0.9520307779312134
774,Yes,0.9719001054763794
775,Yes,0.9709808230400085
776,Yes,0.9707901477813721
777,Yes,0.9125221967697144
778,Yes,0.8994628190994263
779,Yes,0.9363627433776855
780,Yes,0.9410820603370667
781,Yes,0.9492406249046326
782,Yes,0.9539712071418762
783,Yes,0.966668963432312
784,Yes,0.9600380659103394
785,Yes,0.9256836175918579
786,Yes,0.8629559874534607
787,Yes,0.9129825234413147
788,Yes,0.9034841060638428
789,Yes,0.9470598101615906
790,Yes,0.935696542263031
791,Yes,0.9624555110931396
792,Yes,0.9540673494338989
793,Yes,0.9667325615882874
794,Yes,0.8722986578941345
795,Yes,0.829590380191803
796,Yes,0.8717107176780701
797,Yes,0.9141200184822083
798,Yes,0.8912665247917175
799,Yes,0.9440659880638123
800,Yes,0.9259044528007507
801,Yes,0.9155746102333069
802,Yes,0.8789889812469482
803,Yes,0.903567910194397
804,Yes,0.8702787160873413
805,Yes,0.8023096919059753
806,Yes,0.7240197062492371
807,Yes,0.8342851996421814
808,Yes,0.7977953553199768
809,Yes,0.8906043171882629
810,Yes,0.9243518710136414
811,Yes,0.9562997817993164
812,Yes,0.930739164352417
813,Yes,0.9043875932693481
814,Yes,0.9142206907272339
815,Yes,0.9332861304283142
816,Yes,0.9069890379905701
817,Yes,0.926530659198761
818,Yes,0.9099528789520264
819,Yes,0.9534846544265747
820,Yes,0.9343422651290894
821,Yes,0.9562735557556152
822,Yes,0.9785749912261963
823,Yes,0.9741289615631104
824,Yes,0.9760705828666687
825,Yes,0.9049506783485413
826,Yes,0.9012276530265808
827,Yes,0.9316470623016357
828,Yes,0.9218519926071167
829,Yes,0.9073345065116882
830,Yes,0.9324439764022827
831,Yes,0.9367320537567139
832,Yes,0.9053056240081787
833,Yes,0.8353155851364136
834,Yes,0.8709297180175781
835,Yes,0.8859152793884277
836,Yes,0.877926230430603
837,Yes,0.9019976854324341
838,Yes,0.9176379442214966
839,Yes,0.9304788112640381
840,Yes,0.9298556447029114
841,Yes,0.926530659198761
842,Yes,0.9099528789520264
843,Yes,0.9534846544265747
844,Yes,0.9343422651290894
845,Yes,0.9389603137969971
846,Yes,0.9583830833435059
847,Yes,0.9650887846946716
848,Yes,0.9548712372779846
849,Yes,0.9800873398780823
850,Yes,0.9800859093666077
851,Yes,0.9890283346176147
852,Yes,0.9834949970245361
853,Yes,0.9697720408439636
854,Yes,0.9710846543312073
855,Yes,0.9862054586410522
856,Yes,0.9790154099464417
857,Yes,0.9324615597724915
858,Yes,0.9210293889045715
859,Yes,0.9674867987632751
860,Yes,0.9582982659339905
861,Yes,0.931340754032135
862,Yes,0.9709625244140625
863,Yes,0.9785131812095642
864,Yes,0.9773895740509033
865,Yes,0.9608531594276428
866,Yes,0.9333134889602661
867,Yes,0.9565194845199585
868,Yes,0.9404101371765137
869,Yes,0.8999423980712891
870,Yes,0.9362114071846008
871,Yes,0.9633457660675049
872,Yes,0.9520779848098755
873,Yes,0.9711292386054993
874,Yes,0.9170354604721069
875,Yes,0.9509624242782593
876,Yes,0.9249997138977051
877,Yes,0.928836464881897
878,Yes,0.8878287672996521
879,Yes,0.9041567444801331
880,Yes,0.8721787333488464
881,Yes,0.9408133625984192
882,Yes,0.9287087321281433
883,Yes,0.9506986737251282
884,Yes,0.9277936220169067
885,Yes,0.9454599618911743
886,Yes,0.9275850653648376
887,Yes,0.9564415812492371
888,Yes,0.9397796988487244
889,Yes,0.8982186913490295
890,Yes,0.934199869632721
891,Yes,0.9632707238197327
892,Yes,0.9514045119285583
893,Yes,0.8981741070747375
894,Yes,0.877695620059967
895,Yes,0.9104264378547668
896,Yes,0.8899223804473877
897,Yes,0.9065839648246765
898,Yes,0.8841255307197571
899,Yes,0.9375113844871521
900,Yes,0.9402424097061157
901,Yes,0.9499742388725281
902,Yes,0.9453344941139221
903,Yes,0.9788385033607483
904,Yes,0.9686794877052307
905,Yes,0.9046651721000671
906,Yes,0.8339267373085022
907,Yes,0.877973735332489
908,Yes,0.8556082248687744
909,Yes,0.948065996170044
910,Yes,0.9449442625045776
911,Yes,0.9625727534294128
912,Yes,0.9599873423576355
913,Yes,0.9714762568473816
914,Yes,0.9042650461196899
915,Yes,0.9054825901985168
916,Yes,0.9422503113746643
917,Yes,0.8304722309112549
918,Yes,0.8283779621124268
919,Yes,0.8378052115440369
920,Yes,0.8819416165351868
921,Yes,0.929240345954895
922,Yes,0.9064825177192688
923,Yes,0.9592511653900146
924,Yes,0.9443169236183167
925,Yes,0.9300967454910278
926,Yes,0.9354968070983887
927,Yes,0.9615069031715393
928,Yes,0.9380924105644226
929,Yes,0.8739416599273682
930,Yes,0.8516399264335632
931,Yes,0.8249990940093994
932,Yes,0.8599313497543335
933,Yes,0.9473892450332642
934,Yes,0.9253056645393372
935,Yes,0.9532665610313416
936,Yes,0.9335693717002869
937,Yes,0.8700903058052063
938,Yes,0.9016409516334534
939,Yes,0.8464112281799316
940,Yes,0.8776892423629761
941,Yes,0.8927242159843445
942,Yes,0.8633875846862793
943,Yes,0.8359318971633911
944,Yes,0.8562933802604675
945,Yes,0.8317369818687439
946,Yes,0.9251744151115417
947,Yes,0.866873562335968
948,Yes,0.8971154689788818
949,Yes,0.945279598236084
950,Yes,0.9472717046737671
951,Yes,0.9229139089584351
952,Yes,0.9102298021316528
953,Yes,0.9343373775482178
954,Yes,0.8926613330841064
955,Yes,0.8297962546348572
956,Yes,0.8614441156387329
957,Yes,0.8600348234176636
958,Yes,0.8367382884025574
959,Yes,0.8539865016937256
960,Yes,0.8287132978439331
961,Yes,0.8919293284416199
962,Yes,0.8730471730232239
963,Yes,0.8840682506561279
964,Yes,0.8847858309745789
965,Yes,0.9041964411735535
966,Yes,0.8702781200408936
967,Yes,0.8783891201019287
968,Yes,0.8669130802154541
969,Yes,0.8829960227012634
970,Yes,0.8353433012962341
971,Yes,0.8571839332580566
972,Yes,0.8361485004425049
973,Yes,0.8660277724266052
974,Yes,0.8543222546577454
975,Yes,0.8484935164451599
976,Yes,0.8549476861953735
977,Yes,0.8969985246658325
978,Yes,0.8824905157089233
979,Yes,0.9533715844154358
980,Yes,0.9356594681739807
981,Yes,0.9311763048171997
982,Yes,0.8697182536125183
983,Yes,0.9003889560699463
984,Yes,0.8969912528991699
985,Yes,0.9439139366149902
986,Yes,0.9435402750968933
987,Yes,0.9731728434562683
988,Yes,0.9591401219367981
989,Yes,0.8956555724143982
990,Yes,0.882983386516571
991,Yes,0.9361510872840881
992,Yes,0.9252039194107056
993,Yes,0.8809838891029358
994,Yes,0.898108720779419
995,Yes,0.957484245300293
996,Yes,0.9410844445228577
997,Yes,0.89070063829422
998,Yes,0.8812114596366882
999,Yes,0.940558135509491
1000,Yes,0.9085199236869812
1001,Yes,0.8878566026687622
1002,Yes,0.816134512424469
1003,Yes,0.8687937259674072
1004,Yes,0.8387501239776611
1005,Yes,0.8740187883377075
1006,Yes,0.8294799327850342
1007,Yes,0.9244028329849243
1008,Yes,0.9056829810142517
1009,Yes,0.872346043586731
1010,Yes,0.8892230987548828
1011,Yes,0.8782001733779907
1012,Yes,0.8946688175201416
1013,Yes,0.8998298048973083
1014,Yes,0.9239206314086914
1015,Yes,0.9009446501731873
1016,Yes,0.9306724667549133
1017,Yes,0.8142130374908447
1018,Yes,0.8615912199020386
1019,Yes,0.8022656440734863
1020,Yes,0.8576614260673523
1021,Yes,0.899949848651886
1022,Yes,0.959739625453949
1023,Yes,0.9340371489524841
1024,Yes,0.9543740153312683
1025,Yes,0.9117855429649353
1026,Yes,0.907882571220398
1027,Yes,0.8832122087478638
1028,Yes,0.925406277179718
1029,Yes,0.8615575432777405
1030,Yes,0.8997645378112793
1031,Yes,0.8227814435958862
1032,Yes,0.8814160823822021
1033,Yes,0.830333411693573
1034,Yes,0.8830873966217041
1035,Yes,0.864215075969696
1036,Yes,0.9145212173461914
1037,Yes,0.8226484060287476
1038,Yes,0.8674241900444031
1039,Yes,0.8286611437797546
1040,Yes,0.8837388753890991
1041,Yes,0.9197200536727905
1042,Yes,0.9664844870567322
1043,Yes,0.9257569909095764
1044,Yes,0.9611309170722961
1045,Yes,0.7772279381752014
1046,Yes,0.8063088059425354
1047,Yes,0.7645436525344849
1048,Yes,0.8147582411766052
1049,Yes,0.7970985770225525
1050,Yes,0.8713217973709106
1051,Yes,0.8038309812545776
1052,Yes,0.9088371396064758
1053,Yes,0.8548942804336548
1054,Yes,0.8950038552284241
1055,Yes,0.8649715185165405
1056,Yes,0.9182429313659668
1057,Yes,0.8138487935066223
1058,Yes,0.8679541945457458
1059,Yes,0.8340665102005005
1060,Yes,0.8913337588310242
1061,Yes,0.8898425698280334
1062,Yes,0.9170515537261963
1063,Yes,0.8147159814834595
1064,Yes,0.8908287882804871
1065,Yes,0.8615575432777405
1066,Yes,0.8997645378112793
1067,Yes,0.8227814435958862
1068,Yes,0.8814160823822021
1069,Yes,0.8513526320457458
1070,Yes,0.888516902923584
1071,Yes,0.8772245645523071
1072,Yes,0.9340106248855591
1073,Yes,0.8204845786094666
1074,Yes,0.8435472846031189
1075,Yes,0.8733013868331909
1076,Yes,0.8816549181938171
1077,Yes,0.8614301681518555
1078,Yes,0.9147737622261047
1079,Yes,0.9064777493476868
1080,Yes,0.9190205931663513
1081,Yes,0.6600667834281921
1082,Yes,0.781723141670227
1083,Yes,0.7042471170425415
1084,Yes,0.8310962915420532
1085,Yes,0.872308075428009
1086,Yes,0.8934429287910461
1087,Yes,0.9023219347000122
1088,Yes,0.9163376092910767
1089,Yes,0.8782503604888916
1090,Yes,0.8692779541015625
1091,Yes,0.8311708569526672
1092,Yes,0.8572138547897339
1093,Yes,0.8258172869682312
1094,Yes,0.8334216475486755
1095,Yes,0.8352929353713989
1096,Yes,0.8657416105270386
1097,Yes,0.8626847863197327
1098,Yes,0.8934427499771118
1099,Yes,0.8599240779876709
1100,Yes,0.9127218127250671
1101,Yes,0.787693977355957
1102,Yes,0.821469783782959
1103,Yes,0.8950326442718506
1104,Yes,0.8955065011978149
1105,Yes,0.9540347456932068
1106,Yes,0.9117128252983093
1107,Yes,0.9550575017929077
1108,Yes,0.923628568649292
1109,Yes,0.9439760446548462
1110,Yes,0.9292225241661072
1111,Yes,0.9682267308235168
1112,Yes,0.9419955611228943
1113,Yes,0.93663090467453
1114,Yes,0.9169712662696838
1115,Yes,0.9796065092086792
1116,Yes,0.9499090909957886
1117,Yes,0.9218037724494934
1118,Yes,0.8775696158409119
1119,Yes,0.9662874341011047
1120,Yes,0.9221190810203552
1121,Yes,0.9192800521850586
1122,Yes,0.891773521900177
1123,Yes,0.949216365814209
1124,Yes,0.9186460971832275
1125,Yes,0.948137104511261
1126,Yes,0.9187590479850769
1127,Yes,0.9741448163986206
1128,Yes,0.9415761828422546
1129,Yes,0.9604633450508118
1130,Yes,0.9476363658905029
1131,Yes,0.9799231290817261
1132,Yes,0.9673429131507874
1133,Yes,0.9480231404304504
1134,Yes,0.9311144351959229
1135,Yes,0.9652485251426697
1136,Yes,0.934184193611145
1137,Yes,0.9532044529914856
1138,Yes,0.9162371754646301
1139,Yes,0.9483425617218018
1140,Yes,0.9253714680671692
1141,Yes,0.9541414380073547
1142,Yes,0.9568277597427368
1143,Yes,0.974078893661499
1144,Yes,0.9667737483978271
1145,Yes,0.8834249973297119
1146,Yes,0.8746075630187988
1147,Yes,0.9054733514785767
1148,Yes,0.8714962601661682
1149,Yes,0.9546470642089844
1150,Yes,0.9499533772468567
1151,Yes,0.9726529121398926
1152,Yes,0.9640263319015503
1153,Yes,0.9650624394416809
1154,Yes,0.9702735543251038
1155,Yes,0.9715349078178406
1156,Yes,0.969913899898529
1157,Yes,0.9763033390045166
1158,Yes,0.9589457511901855
1159,Yes,0.9782346487045288
1160,Yes,0.9630945920944214
1161,Yes,0.9814708232879639
1162,Yes,0.9458191990852356
1163,Yes,0.9693106412887573
1164,Yes,0.9411218762397766
1165,Yes,0.9524042010307312
1166,Yes,0.9511663317680359
1167,Yes,0.9534004330635071
1168,Yes,0.9037294983863831
1169,Yes,0.9088826775550842
1170,Yes,0.8994696736335754
1171,Yes,0.9381816983222961
1172,Yes,0.923868715763092
1173,Yes,0.8357411623001099
1174,Yes,0.8012732267379761
1175,Yes,0.8794131278991699
1176,Yes,0.8673855662345886
1177,Yes,0.9167144298553467
1178,Yes,0.9211048483848572
1179,Yes,0.9467130899429321
1180,Yes,0.9379802942276001
1181,Yes,0.8710225224494934
1182,Yes,0.9172319173812866
1183,Yes,0.9266282320022583
1184,Yes,0.9328283667564392
1185,Yes,0.8909515142440796
1186,Yes,0.9541593194007874
1187,Yes,0.8853441476821899
1188,Yes,0.9215591549873352
1189,Yes,0.6698957085609436
1190,Yes,0.7502813339233398
1191,Yes,0.6528299450874329
1192,Yes,0.7780140042304993
1193,Yes,0.6774543523788452
1194,Yes,0.8607637286186218
1195,Yes,0.8200152516365051
1196,Yes,0.9033505320549011
1197,Yes,0.8166073560714722
1198,Yes,0.8364875316619873
1199,Yes,0.7321316003799438
1200,Yes,0.8446748852729797
1201,Yes,0.9314073920249939
1202,Yes,0.9650968909263611
1203,Yes,0.9186864495277405
1204,Yes,0.9488800168037415
1205,Yes,0.919181764125824
1206,Yes,0.9121796488761902
1207,Yes,0.800751268863678
1208,Yes,0.8527067303657532
1209,Yes,0.8556841015815735
1210,Yes,0.8745775818824768
1211,Yes,0.8609147071838379
1212,Yes,0.8826062083244324
1213,Yes,0.9178282022476196
1214,Yes,0.9215424656867981
1215,Yes,0.8739006519317627
1216,Yes,0.9133116006851196
1217,Yes,0.9498566389083862
1218,Yes,0.9526696801185608
1219,Yes,0.9747783541679382
1220,Yes,0.9602633714675903
1221,Yes,0.9462752342224121
1222,Yes,0.9318956732749939
1223,Yes,0.9773221611976624
1224,Yes,0.9562481045722961
1225,Yes,0.9840026497840881
1226,Yes,0.9718909859657288
1227,Yes,0.9722893834114075
1228,Yes,0.9684935808181763
1229,Yes,0.9713386297225952
1230,Yes,0.9545512795448303
1231,Yes,0.978772759437561
1232,Yes,0.9644452929496765
1233,Yes,0.934643030166626
1234,Yes,0.9207936525344849
1235,Yes,0.9524694085121155
1236,Yes,0.93414306640625
1237,Yes,0.9801158308982849
1238,Yes,0.9660714268684387
1239,Yes,0.9860488176345825
1240,Yes,0.9774541258811951
1241,Yes,0.9462752342224121
1242,Yes,0.9318956732749939
1243,Yes,0.9773221611976624
1244,Yes,0.9562481045722961
1245,Yes,0.8875458240509033
1246,Yes,0.8997100591659546
1247,Yes,0.9243777394294739
1248,Yes,0.9143140316009521
1249,Yes,0.9356095790863037
1250,Yes,0.9385703206062317
1251,Yes,0.9638198018074036
1252,Yes,0.9565008282661438
1253,Yes,0.9389062523841858
1254,Yes,0.9351053237915039
1255,Yes,0.9702421426773071
1256,Yes,0.9604307413101196
1257,Yes,0.9736560583114624
1258,Yes,0.9228866100311279
1259,Yes,0.9395493268966675
1260,Yes,0.9402374029159546
1261,Yes,0.929351806640625
1262,Yes,0.9496471881866455
1263,Yes,0.9634057283401489
1264,Yes,0.9620129466056824
1265,Yes,0.8866846561431885
1266,Yes,0.9054297804832458
1267,Yes,0.933741569519043
1268,Yes,0.923681914806366
1269,Yes,0.9356962442398071
1270,Yes,0.9359564185142517
1271,Yes,0.9659144878387451
1272,Yes,0.9541470408439636
1273,Yes,0.927902340888977
1274,Yes,0.9272210597991943
1275,Yes,0.9585788249969482
1276,Yes,0.9538053870201111
1277,Yes,0.9619272947311401
1278,Yes,0.9551859498023987
1279,Yes,0.9786216020584106
1280,Yes,0.9713295698165894
1281,Yes,0.9083526730537415
1282,Yes,0.9116491675376892
1283,Yes,0.9558256268501282
1284,Yes,0.9400932788848877
1285,Yes,0.906877875328064
1286,Yes,0.9065181612968445
1287,Yes,0.9449726343154907
1288,Yes,0.9318647384643555
1289,Yes,0.9284847378730774
1290,Yes,0.9181543588638306
1291,Yes,0.9542551040649414
1292,Yes,0.9450110793113708
1293,Yes,0.9519144892692566
1294,Yes,0.9258770942687988
1295,Yes,0.956383466720581
1296,Yes,0.9496064186096191
1297,Yes,0.8496537804603577
1298,Yes,0.8387866020202637
1299,Yes,0.8889743089675903
1300,Yes,0.8774897456169128
1301,Yes,0.9399566054344177
1302,Yes,0.9690790772438049
1303,Yes,0.9815115332603455
1304,Yes,0.96818608045578
1305,Yes,0.9372822642326355
1306,Yes,0.9073337316513062
1307,Yes,0.9376765489578247
1308,Yes,0.9250922203063965
1309,Yes,0.8372586369514465
1310,Yes,0.8809942007064819
1311,Yes,0.9462483525276184
1312,Yes,0.9257919788360596
1313,Yes,0.9342358708381653
1314,Yes,0.9507362842559814
1315,Yes,0.9683787822723389
1316,Yes,0.9632288813591003
1317,Yes,0.9609975814819336
1318,Yes,0.957706868648529
1319,Yes,0.9757227301597595
1320,Yes,0.9709769487380981
1321,Yes,0.9434822201728821
1322,Yes,0.9307175278663635
1323,Yes,0.9482634663581848
1324,Yes,0.9339151978492737
1325,Yes,0.8478811979293823
1326,Yes,0.9088979959487915
1327,Yes,0.914839506149292
1328,Yes,0.9190539121627808
1329,Yes,0.9618502855300903
1330,Yes,0.9652554988861084
1331,Yes,0.9762519598007202
1332,Yes,0.9718839526176453
1333,Yes,0.9413119554519653
1334,Yes,0.9480975270271301
1335,Yes,0.9714657068252563
1336,Yes,0.9597434401512146
1337,Yes,0.9202261567115784
1338,Yes,0.8978956937789917
1339,Yes,0.9431406259536743
1340,Yes,0.9352114796638489
1341,Yes,0.9650297164916992
1342,Yes,0.965453028678894
1343,Yes,0.9779192805290222
1344,Yes,0.972271740436554
1345,Yes,0.9173492193222046
1346,Yes,0.9292237162590027
1347,Yes,0.9456686973571777
1348,Yes,0.9396637082099915
1349,Yes,0.95650315284729
1350,Yes,0.938857913017273
1351,Yes,0.9683067798614502
1352,Yes,0.945884108543396
1353,Yes,0.9494593739509583
1354,Yes,0.928638756275177
1355,Yes,0.9571200013160706
1356,Yes,0.9464370608329773
1357,Yes,0.9199453592300415
1358,Yes,0.9295852780342102
1359,Yes,0.9266700744628906
1360,Yes,0.916062593460083
1361,Yes,0.7529791593551636
1362,Yes,0.7762019038200378
1363,Yes,0.8252876996994019
1364,Yes,0.8186941742897034
1365,Yes,0.8676074147224426
1366,Yes,0.7291995286941528
1367,Yes,0.6957648396492004
1368,Yes,0.7194596529006958
1369,Yes,0.7329375147819519
1370,Yes,0.8501923680305481
1371,Yes,0.7078860402107239
1372,Yes,0.7583490014076233
1373,Yes,0.9076294898986816
1374,Yes,0.8742693066596985
1375,Yes,0.9170415997505188
1376,Yes,0.9146549105644226
1377,Yes,0.8656265139579773
1378,Yes,0.7941242456436157
1379,Yes,0.781368613243103
1380,Yes,0.793656051158905
1381,Yes,0.7734354138374329
1382,Yes,0.8283255696296692
1383,Yes,0.8451772928237915
1384,Yes,0.8545148372650146
1385,Yes,0.8479398488998413
1386,Yes,0.7404939532279968
1387,Yes,0.7755482792854309
1388,Yes,0.7515332698822021
1389,Yes,0.8551414012908936
1390,Yes,0.8270341157913208
1391,Yes,0.8079110980033875
1392,Yes,0.795063316822052
1393,Yes,0.8766505122184753
1394,Yes,0.8798875212669373
1395,Yes,0.8766613602638245
1396,Yes,0.9035558700561523
1397,Yes,0.8990224003791809
1398,Yes,0.9219344854354858
1399,Yes,0.9325193762779236
1400,Yes,0.9380704760551453
1401,Yes,0.8537222146987915
1402,Yes,0.8884705305099487
1403,Yes,0.9196847677230835
1404,Yes,0.9107050895690918
1405,Yes,0.8801306486129761
1406,Yes,0.8709810376167297
1407,Yes,0.8719210028648376
1408,Yes,0.8627942800521851
1409,Yes,0.7686665654182434
1410,Yes,0.777961790561676
1411,Yes,0.8595819473266602
1412,Yes,0.85921311378479
1413,Yes,0.9175881743431091
1414,Yes,0.9393170475959778
1415,Yes,0.9418666362762451
1416,Yes,0.9404743313789368
1417,Yes,0.8366919755935669
1418,Yes,0.8615867495536804
1419,Yes,0.9050549864768982
1420,Yes,0.9146992564201355
1421,Yes,0.9516677260398865
1422,Yes,0.9172035455703735
1423,Yes,0.927268922328949
1424,Yes,0.9200752973556519
1425,Yes,0.8346758484840393
1426,Yes,0.9012402296066284
1427,Yes,0.7865781784057617
1428,Yes,0.8309871554374695
1429,Yes,0.9002290368080139
1430,Yes,0.9055057764053345
1431,Yes,0.9227333664894104
1432,Yes,0.9285233020782471
1433,Yes,0.9426438808441162
1434,Yes,0.9592608213424683
1435,Yes,0.9520971775054932
1436,Yes,0.9553556442260742
1437,Yes,0.8985366225242615
1438,Yes,0.9149628281593323
1439,Yes,0.900765597820282
1440,Yes,0.9025561213493347
1441,Yes,0.9351801872253418
1442,Yes,0.9278939962387085
1443,Yes,0.9517219662666321
1444,Yes,0.9558316469192505
1445,Yes,0.7989243865013123
1446,Yes,0.8064256310462952
1447,Yes,0.9167739748954773
1448,Yes,0.9141454100608826
1449,Yes,0.9320772886276245
1450,Yes,0.8717780113220215
1451,Yes,0.958925187587738
1452,Yes,0.937572717666626
1453,Yes,0.9177424311637878
1454,Yes,0.9576471447944641
1455,Yes,0.960092306137085
1456,Yes,0.9548919200897217
1457,Yes,0.9345682859420776
1458,Yes,0.9441336393356323
1459,Yes,0.9678173065185547
1460,Yes,0.9652645587921143
1461,Yes,0.877954363822937
1462,Yes,0.9034362435340881
1463,Yes,0.9347163438796997
1464,Yes,0.9293637275695801
1465,Yes,0.9273850917816162
1466,Yes,0.9305978417396545
1467,Yes,0.9499577879905701
1468,Yes,0.940976619720459
1469,Yes,0.9234312772750854
1470,Yes,0.9254072904586792
1471,Yes,0.9524075388908386
1472,Yes,0.9511705040931702
1473,Yes,0.9447948932647705
1474,Yes,0.9275317192077637
1475,Yes,0.972922682762146
1476,Yes,0.9434880614280701
1477,Yes,0.9514185190200806
1478,Yes,0.9306469559669495
1479,Yes,0.9734525084495544
1480,Yes,0.9355043768882751
1481,Yes,0.9226904511451721
1482,Yes,0.8890547752380371
1483,Yes,0.9503382444381714
1484,Yes,0.9100353121757507
1485,Yes,0.9337286949157715
1486,Yes,0.9159656167030334
1487,Yes,0.9380826354026794
1488,Yes,0.8980796933174133
1489,Yes,0.9120727777481079
1490,Yes,0.8821325898170471
1491,Yes,0.9437874555587769
1492,Yes,0.916496753692627
1493,Yes,0.9207261800765991
1494,Yes,0.8381739258766174
1495,Yes,0.9197782278060913
1496,Yes,0.8701044917106628
1497,Yes,0.9226904511451721
1498,Yes,0.8890547752380371
1499,Yes,0.9503382444381714
1500,Yes,0.9100353121757507
1501,Yes,0.9692373275756836
1502,Yes,0.9157373309135437
1503,Yes,0.9521820545196533
1504,Yes,0.9424180388450623
1505,Yes,0.9451362490653992
1506,Yes,0.9002039432525635
1507,Yes,0.9617972373962402
1508,Yes,0.9384065270423889
1509,Yes,0.9641562700271606
1510,Yes,0.9617969393730164
1511,Yes,0.9661688208580017
1512,Yes,0.9634148478507996
1513,Yes,0.9429343342781067
1514,Yes,0.9239208698272705
1515,Yes,0.946198046207428
1516,Yes,0.9357693791389465
1517,Yes,0.9786310791969299
1518,Yes,0.9723658561706543
1519,Yes,0.9784169793128967
1520,Yes,0.966678261756897
1521,Yes,0.8709912300109863
1522,Yes,0.897689938545227
1523,Yes,0.8935892581939697
1524,Yes,0.8977957367897034
1525,Yes,0.9387103319168091
1526,Yes,0.9317539930343628
1527,Yes,0.9441852569580078
1528,Yes,0.9455789923667908
1529,Yes,0.9635425806045532
1530,Yes,0.9668555855751038
1531,Yes,0.970875084400177
1532,Yes,0.9703302979469299
1533,Yes,0.937170147895813
1534,Yes,0.9504491686820984
1535,Yes,0.9606958031654358
1536,Yes,0.9598629474639893
1537,Yes,0.8439801335334778
1538,Yes,0.8194389343261719
1539,Yes,0.8705266118049622
1540,Yes,0.8385633826255798
1541,Yes,0.8934122920036316
1542,Yes,0.8842526078224182
1543,Yes,0.9362220764160156
1544,Yes,0.9174221158027649
1545,Yes,0.7386476993560791
1546,Yes,0.6402269005775452
1547,Yes,0.7261781692504883
1548,Yes,0.7180328965187073
1549,Yes,0.9130983352661133
1550,Yes,0.7501444816589355
1551,Yes,0.7871459126472473
1552,Yes,0.7341859340667725
1553,Yes,0.8928797841072083
1554,Yes,0.8850603699684143
1555,Yes,0.9145917892456055
1556,Yes,0.8919020295143127
1557,Yes,0.8616523146629333
1558,Yes,0.8030221462249756
1559,Yes,0.8791690468788147
1560,Yes,0.847928524017334
1561,Yes,0.8807702660560608
1562,Yes,0.8354849219322205
1563,Yes,0.8631173372268677
1564,Yes,0.8092001080513
1565,Yes,0.8808059692382812
1566,Yes,0.8805913925170898
1567,Yes,0.895929217338562
1568,Yes,0.8889128565788269
1569,Yes,0.8661723136901855
1570,Yes,0.8497540950775146
1571,Yes,0.871860682964325
1572,Yes,0.8602141737937927
1573,Yes,0.9244307279586792
1574,Yes,0.9061431884765625
1575,Yes,0.930968165397644
1576,Yes,0.9029393792152405
1577,Yes,0.8854619860649109
1578,Yes,0.8568159341812134
1579,Yes,0.9287320375442505
1580,Yes,0.8961746692657471
1581,Yes,0.8396301865577698
1582,Yes,0.7697344422340393
1583,Yes,0.8575572371482849
1584,Yes,0.8070740103721619
1585,Yes,0.9064599275588989
1586,Yes,0.9228338599205017
1587,Yes,0.9648272395133972
1588,Yes,0.9369602203369141
1589,Yes,0.9268361330032349
1590,Yes,0.8652987480163574
1591,Yes,0.9473056197166443
1592,Yes,0.8957023024559021
1593,Yes,0.9079092144966125
1594,Yes,0.8888202905654907
1595,Yes,0.8921617865562439
1596,Yes,0.883825957775116
1597,Yes,0.9227569103240967
1598,Yes,0.8706502914428711
1599,Yes,0.9109633564949036
1600,Yes,0.8705108761787415
1601,Yes,0.918927013874054
1602,Yes,0.8754613399505615
1603,Yes,0.9540271162986755
1604,Yes,0.907555878162384
1605,Yes,0.9766961336135864
1606,Yes,0.94417405128479
1607,Yes,0.9756749272346497
1608,Yes,0.9396724104881287
1609,Yes,0.9449677467346191
1610,Yes,0.9365978240966797
1611,Yes,0.9677250385284424
1612,Yes,0.9287941455841064
1613,Yes,0.9385031461715698
1614,Yes,0.9251907467842102
1615,Yes,0.9620786905288696
1616,Yes,0.9336317777633667
1617,Yes,0.9543052911758423
1618,Yes,0.9379701614379883
1619,Yes,0.9561428427696228
1620,Yes,0.9616127014160156
1621,Yes,0.9215832948684692
1622,Yes,0.8999869227409363
1623,Yes,0.8967525362968445
1624,Yes,0.8963415026664734
1625,Yes,0.929580807685852
1626,Yes,0.9658507704734802
1627,Yes,0.9588451981544495
1628,Yes,0.9688902497291565
1629,Yes,0.933797299861908
1630,Yes,0.9448526501655579
1631,Yes,0.9576988816261292
1632,Yes,0.9539634585380554
1633,Yes,0.8624842762947083
1634,Yes,0.9285664558410645
1635,Yes,0.8621095418930054
1636,Yes,0.8919458985328674
1637,Yes,0.9153185486793518
1638,Yes,0.8973352313041687
1639,Yes,0.9298743009567261
1640,Yes,0.9188514351844788
1641,Yes,0.8512154221534729
1642,Yes,0.8653870224952698
1643,Yes,0.8856675624847412
1644,Yes,0.8742576837539673
1645,Yes,0.9141275882720947
1646,Yes,0.9242386817932129
1647,Yes,0.939512312412262
1648,Yes,0.9341675639152527
1649,Yes,0.9141275882720947
1650,Yes,0.9242386817932129
1651,Yes,0.939512312412262
1652,Yes,0.9341675639152527
1653,Yes,0.9207558631896973
1654,Yes,0.9293500781059265
1655,Yes,0.8802729249000549
1656,Yes,0.8935620784759521
1657,Yes,0.872051477432251
1658,Yes,0.8747615218162537
1659,Yes,0.9265103936195374
1660,Yes,0.915778398513794
1661,Yes,0.8474829196929932
1662,Yes,0.858471691608429
1663,Yes,0.874501645565033
1664,Yes,0.8724907040596008
1665,Yes,0.9213108420372009
1666,Yes,0.8378023505210876
1667,Yes,0.9194772243499756
1668,Yes,0.8614362478256226
1669,Yes,0.9413636922836304
1670,Yes,0.9198132157325745
1671,Yes,0.9332994818687439
1672,Yes,0.9185609817504883
1673,Yes,0.9256607294082642
1674,Yes,0.8703585863113403
1675,Yes,0.9224908947944641
1676,Yes,0.8549169301986694
1677,Yes,0.9243245720863342
1678,Yes,0.9021197557449341
1679,Yes,0.9474430084228516
1680,Yes,0.9197696447372437
1681,Yes,0.9109355211257935
1682,Yes,0.8398920893669128
1683,Yes,0.8646855354309082
1684,Yes,0.7995319366455078
1685,Yes,0.9153826236724854
1686,Yes,0.9000741839408875
1687,Yes,0.9601016640663147
1688,Yes,0.9233373403549194
1689,Yes,0.8479956388473511
1690,Yes,0.7552394866943359
1691,Yes,0.8696584105491638
1692,Yes,0.7941725254058838
1693,Yes,0.8790099024772644
1694,Yes,0.8540287017822266
1695,Yes,0.9358100295066833
1696,Yes,0.9034024477005005
1697,Yes,0.9476214647293091
1698,Yes,0.9148969650268555
1699,Yes,0.972686231136322
1700,Yes,0.9370731711387634
1701,Yes,0.9462651014328003
1702,Yes,0.8907226920127869
1703,Yes,0.8913437128067017
1704,Yes,0.8479866981506348
1705,Yes,0.9135803580284119
1706,Yes,0.8871739506721497
1707,Yes,0.9617595672607422
1708,Yes,0.9068564772605896
1709,Yes,0.8901300430297852
1710,Yes,0.7941633462905884
1711,Yes,0.8897820115089417
1712,Yes,0.8208656907081604
1713,Yes,0.8910171389579773
1714,Yes,0.7378854155540466
1715,Yes,0.8085600733757019
1716,Yes,0.7986885905265808
1717,Yes,0.9144933819770813
1718,Yes,0.8113564848899841
1719,Yes,0.9025145173072815
1720,Yes,0.816643476486206
1721,Yes,0.8578968644142151
1722,Yes,0.8157170414924622
1723,Yes,0.9003626108169556
1724,Yes,0.8280782103538513
1725,Yes,0.9224445223808289
1726,Yes,0.8940989375114441
1727,Yes,0.9536073803901672
1728,Yes,0.9074950218200684
1729,Yes,0.9327977895736694
1730,Yes,0.9068728685379028
1731,Yes,0.9518682360649109
1732,Yes,0.9390922784805298
1733,Yes,0.9420230388641357
1734,Yes,0.9547613263130188
1735,Yes,0.9748958349227905
1736,Yes,0.9635584354400635
1737,Yes,0.884670078754425
1738,Yes,0.8575987815856934
1739,Yes,0.9459620714187622
1740,Yes,0.9257174730300903
1741,Yes,0.9350378513336182
1742,Yes,0.8784742951393127
1743,Yes,0.9435722231864929
1744,Yes,0.9313670992851257
1745,Yes,0.9770044088363647
1746,Yes,0.9755420684814453
1747,Yes,0.9845601320266724
1748,Yes,0.9785647392272949
1749,Yes,0.9312943816184998
1750,Yes,0.9027719497680664
1751,Yes,0.9506292939186096
1752,Yes,0.939091682434082
1753,Yes,0.9570445418357849
1754,Yes,0.9436429738998413
1755,Yes,0.9782423973083496
1756,Yes,0.964541494846344
1757,Yes,0.9645208120346069
1758,Yes,0.9267375469207764
1759,Yes,0.9705995321273804
1760,Yes,0.9358857274055481
1761,Yes,0.9386027455329895
1762,Yes,0.9554301500320435
1763,Yes,0.9581525921821594
1764,Yes,0.9592516422271729
1765,Yes,0.9272174835205078
1766,Yes,0.9418545961380005
1767,Yes,0.9486556649208069
1768,Yes,0.9364304542541504
1769,Yes,0.903292179107666
1770,Yes,0.9374072551727295
1771,Yes,0.9571528434753418
1772,Yes,0.9446261525154114
1773,Yes,0.9336333870887756
1774,Yes,0.9148873090744019
1775,Yes,0.9299938678741455
1776,Yes,0.9154800772666931
1777,Yes,0.8599043488502502
1778,Yes,0.8592085242271423
1779,Yes,0.850699245929718
1780,Yes,0.8537137508392334
1781,Yes,0.9017390608787537
1782,Yes,0.9158578515052795
1783,Yes,0.9324492812156677
1784,Yes,0.9266387224197388
1785,Yes,0.9412164092063904
1786,Yes,0.9602563977241516
1787,Yes,0.9621599316596985
1788,Yes,0.9585004448890686
1789,Yes,0.9188494682312012
1790,Yes,0.9058151245117188
1791,Yes,0.937359631061554
1792,Yes,0.9271103143692017
1793,Yes,0.8600363731384277
1794,Yes,0.8962143063545227
1795,Yes,0.9067184329032898
1796,Yes,0.936614453792572
1797,Yes,0.912259578704834
1798,Yes,0.9594507813453674
1799,Yes,0.9495455026626587
1800,Yes,0.9686416387557983
1801,Yes,0.855117678642273
1802,Yes,0.9157735705375671
1803,Yes,0.8486788272857666
1804,Yes,0.9159905910491943
1805,Yes,0.8582131266593933
1806,Yes,0.9086064696311951
1807,Yes,0.8950579166412354
1808,Yes,0.9258729219436646
1809,Yes,0.9007602334022522
1810,Yes,0.8975873589515686
1811,Yes,0.8789591789245605
1812,Yes,0.9008335471153259
1813,Yes,0.9155373573303223
1814,Yes,0.8725135326385498
1815,Yes,0.8758767247200012
1816,Yes,0.8855227828025818
1817,Yes,0.9273694753646851
1818,Yes,0.9373684525489807
1819,Yes,0.9264428615570068
1820,Yes,0.9257597923278809
1821,Yes,0.9174770712852478
1822,Yes,0.8859248161315918
1823,Yes,0.8686251044273376
1824,Yes,0.8813512325286865
1825,Yes,0.9613708853721619
1826,Yes,0.9423611164093018
1827,Yes,0.929918646812439
1828,Yes,0.9235537648200989
1829,Yes,0.9820570349693298
1830,Yes,0.9743773937225342
1831,Yes,0.9760964512825012
1832,Yes,0.9694874882698059
1833,Yes,0.9473289251327515
1834,Yes,0.9204800128936768
1835,Yes,0.9582251310348511
1836,Yes,0.9451099634170532
1837,Yes,0.9495468735694885
1838,Yes,0.943651020526886
1839,Yes,0.9635571241378784
1840,Yes,0.9588596224784851
1841,Yes,0.8768218159675598
1842,Yes,0.8747712969779968
1843,Yes,0.8542430400848389
1844,Yes,0.8524826169013977
1845,Yes,0.9413233399391174
1846,Yes,0.9013804197311401
1847,Yes,0.9229070544242859
1848,Yes,0.888460099697113
1849,Yes,0.9000083208084106
1850,Yes,0.8547888398170471
1851,Yes,0.8757323026657104
1852,Yes,0.8463454842567444
1853,Yes,0.9413594007492065
1854,Yes,0.7699638605117798
1855,Yes,0.8268195390701294
1856,Yes,0.7386317253112793
1857,Yes,0.9696806073188782
1858,Yes,0.9401047229766846
1859,Yes,0.9490576982498169
1860,Yes,0.9265018105506897
1861,Yes,0.9195699095726013
1862,Yes,0.8987938165664673
1863,Yes,0.8845491409301758
1864,Yes,0.8203915953636169
1865,Yes,0.9324561953544617
1866,Yes,0.8942029476165771
1867,Yes,0.9157808423042297
1868,Yes,0.9025532007217407
1869,Yes,0.9386687278747559
1870,Yes,0.9417148232460022
1871,Yes,0.9497210383415222
1872,Yes,0.9287970066070557
1873,Yes,0.9649680852890015
1874,Yes,0.9696031212806702
1875,Yes,0.970217764377594
1876,Yes,0.9709200859069824
1877,Yes,0.960727870464325
1878,Yes,0.9313180446624756
1879,Yes,0.9544477462768555
1880,Yes,0.937610387802124
1881,Yes,0.9504339098930359
1882,Yes,0.9196859002113342
1883,Yes,0.951346218585968
1884,Yes,0.9407521486282349
1885,Yes,0.9228533506393433
1886,Yes,0.9032532572746277
1887,Yes,0.9740236401557922
1888,Yes,0.9436227083206177
1889,Yes,0.9472354054450989
1890,Yes,0.9360015392303467
1891,Yes,0.9585429430007935
1892,Yes,0.9471207857131958
1893,Yes,0.9108881950378418
1894,Yes,0.9188876748085022
1895,Yes,0.9186971187591553
1896,Yes,0.9195629358291626
1897,Yes,0.8833461403846741
1898,Yes,0.8639199137687683
1899,Yes,0.9308739304542542
1900,Yes,0.9252639412879944
1901,Yes,0.9626179337501526
1902,Yes,0.9118742346763611
1903,Yes,0.9478747248649597
1904,Yes,0.9347501993179321
1905,Yes,0.9796513915061951
1906,Yes,0.9725041389465332
1907,Yes,0.9801005721092224
1908,Yes,0.9742318987846375
1909,Yes,0.9608525037765503
1910,Yes,0.9547383785247803
1911,Yes,0.9802160859107971
1912,Yes,0.9678112864494324
1913,Yes,0.9132277965545654
1914,Yes,0.9116836786270142
1915,Yes,0.9420679807662964
1916,Yes,0.9331889152526855
1917,Yes,0.9776473641395569
1918,Yes,0.967639148235321
1919,Yes,0.980416476726532
1920,Yes,0.9745816588401794
1921,Yes,0.9188981056213379
1922,Yes,0.8776950240135193
1923,Yes,0.9233459234237671
1924,Yes,0.9290593266487122
1925,Yes,0.9719964265823364
1926,Yes,0.949601411819458
1927,Yes,0.9698567390441895
1928,Yes,0.9535264372825623
1929,Yes,0.9463648796081543
1930,Yes,0.9360072612762451
1931,Yes,0.9695071578025818
1932,Yes,0.9670662879943848
1933,Yes,0.9055745005607605
1934,Yes,0.8630967140197754
1935,Yes,0.9406338334083557
1936,Yes,0.910086989402771
1937,Yes,0.9234029054641724
1938,Yes,0.8862349390983582
1939,Yes,0.91483473777771
1940,Yes,0.8696180582046509
1941,Yes,0.8719691634178162
1942,Yes,0.8356970548629761
1943,Yes,0.9168893694877625
1944,Yes,0.9008108377456665
1945,Yes,0.9645047187805176
1946,Yes,0.9403585195541382
1947,Yes,0.9685426950454712
1948,Yes,0.9467939138412476
1949,Yes,0.9336941838264465
1950,Yes,0.8934280276298523
1951,Yes,0.9450564980506897
1952,Yes,0.9117516875267029
1953,Yes,0.9157534241676331
1954,Yes,0.8666062951087952
1955,Yes,0.9368123412132263
1956,Yes,0.9124985933303833
1957,Yes,0.8559360504150391
1958,Yes,0.7995182275772095
1959,Yes,0.8881486058235168
1960,Yes,0.8405884504318237
1961,Yes,0.9702723622322083
1962,Yes,0.9028035998344421
1963,Yes,0.9185740947723389
1964,Yes,0.897351861000061
1965,Yes,0.8795264363288879
1966,Yes,0.8596981763839722
1967,Yes,0.8355828523635864
1968,Yes,0.8021814823150635
1969,Yes,0.8850208520889282
1970,Yes,0.8648399114608765
1971,Yes,0.8929603695869446
1972,Yes,0.8755963444709778
1973,Yes,0.9305428266525269
1974,Yes,0.8981493711471558
1975,Yes,0.9475602507591248
1976,Yes,0.9300718903541565
1977,Yes,0.9194304943084717
1978,Yes,0.8378424644470215
1979,Yes,0.9315312504768372
1980,Yes,0.8910781145095825
1981,Yes,0.9622683525085449
1982,Yes,0.9492194652557373
1983,Yes,0.9566801190376282
1984,Yes,0.9143533706665039
1985,Yes,0.9224846959114075
1986,Yes,0.9055685997009277
1987,Yes,0.9502080678939819
1988,Yes,0.9314965009689331
1989,Yes,0.9538565278053284
1990,Yes,0.8952080011367798
1991,Yes,0.921755313873291
1992,Yes,0.8595979809761047
1993,Yes,0.9749376773834229
1994,Yes,0.8580843210220337
1995,Yes,0.9088075757026672
1996,Yes,0.8661075234413147
1997,Yes,0.8991045355796814
1998,Yes,0.8593505024909973
1999,Yes,0.9371704459190369
2000,Yes,0.8844112157821655
2001,Yes,0.8544062972068787
2002,Yes,0.8267890214920044
2003,Yes,0.8380195498466492
2004,Yes,0.8291751146316528
2005,Yes,0.965988278388977
2006,Yes,0.9641700983047485
2007,Yes,0.966874361038208
2008,Yes,0.9379671216011047
2009,Yes,0.9470840692520142
2010,Yes,0.9152121543884277
2011,Yes,0.9599319696426392
2012,Yes,0.9265345335006714
2013,Yes,0.9194905757904053
2014,Yes,0.8953056335449219
2015,Yes,0.9536573886871338
2016,Yes,0.9486063122749329
2017,Yes,0.9475561380386353
2018,Yes,0.946774959564209
2019,Yes,0.968940019607544
2020,Yes,0.9564347267150879
2021,Yes,0.8961182236671448
2022,Yes,0.9014195203781128
2023,Yes,0.9462436437606812
2024,Yes,0.9227893352508545
2025,Yes,0.9660099744796753
2026,Yes,0.9696224927902222
2027,Yes,0.9822004437446594
2028,Yes,0.9716447591781616
2029,Yes,0.9372681379318237
2030,Yes,0.9457913637161255
2031,Yes,0.9693766236305237
2032,Yes,0.9303185343742371
2033,Yes,0.9673689603805542
2034,Yes,0.9536058902740479
2035,Yes,0.9722038507461548
2036,Yes,0.9533815979957581
2037,Yes,0.9319754838943481
2038,Yes,0.9535326957702637
2039,Yes,0.9754863381385803
2040,Yes,0.9628010988235474
2041,Yes,0.9621458053588867
2042,Yes,0.940606951713562
2043,Yes,0.9562364220619202
2044,Yes,0.938552975654602
2045,Yes,0.9611754417419434
2046,Yes,0.9521219730377197
2047,Yes,0.9824994206428528
2048,Yes,0.971181333065033
2049,Yes,0.9440146088600159
2050,Yes,0.9570374488830566
2051,Yes,0.986129879951477
2052,Yes,0.9744920134544373
2053,Yes,0.9685581922531128
2054,Yes,0.976391613483429
2055,Yes,0.9841969609260559
2056,Yes,0.9826372265815735
2057,Yes,0.9716874957084656
2058,Yes,0.9596486687660217
2059,Yes,0.982986569404602
2060,Yes,0.9663857221603394
2061,Yes,0.9799066185951233
2062,Yes,0.9462124109268188
2063,Yes,0.9838084578514099
2064,Yes,0.9652632474899292
2065,Yes,0.900863766670227
2066,Yes,0.9162059426307678
2067,Yes,0.9586209058761597
2068,Yes,0.9347498416900635
2069,Yes,0.9494255185127258
2070,Yes,0.933462381362915
2071,Yes,0.9685047268867493
2072,Yes,0.9296923279762268
2073,Yes,0.9767305850982666
2074,Yes,0.945112943649292
2075,Yes,0.9860370755195618
2076,Yes,0.9643610119819641
2077,Yes,0.9621458053588867
2078,Yes,0.940606951713562
2079,Yes,0.9562364220619202
2080,Yes,0.938552975654602
2081,Yes,0.9501975178718567
2082,Yes,0.948303759098053
2083,Yes,0.9617511630058289
2084,Yes,0.9376746416091919
2085,Yes,0.9113774299621582
2086,Yes,0.890447735786438
2087,Yes,0.9486107230186462
2088,Yes,0.8969412446022034
2089,Yes,0.9682528972625732
2090,Yes,0.9700634479522705
2091,Yes,0.973213255405426
2092,Yes,0.9604336023330688
2093,Yes,0.9675289988517761
2094,Yes,0.9554116725921631
2095,Yes,0.9684988260269165
2096,Yes,0.9507503509521484
2097,Yes,0.8871455788612366
2098,Yes,0.9433370232582092
2099,Yes,0.9382327795028687
2100,Yes,0.9582501649856567
2101,Yes,0.9194508790969849
2102,Yes,0.9269106388092041
2103,Yes,0.9192776083946228
2104,Yes,0.9382058382034302
2105,Yes,0.9590505361557007
2106,Yes,0.9764339327812195
2107,Yes,0.9755783677101135
2108,Yes,0.9788256287574768
2109,Yes,0.8946264982223511
2110,Yes,0.9055639505386353
2111,Yes,0.911145806312561
2112,Yes,0.9394661784172058
2113,Yes,0.9189122319221497
2114,Yes,0.9365647435188293
2115,Yes,0.9075101017951965
2116,Yes,0.9284415245056152
2117,Yes,0.9397211670875549
2118,Yes,0.9669596552848816
2119,Yes,0.9748382568359375
2120,Yes,0.9757437705993652
2121,Yes,0.9123016595840454
2122,Yes,0.9552285671234131
2123,Yes,0.9588103890419006
2124,Yes,0.9700447916984558
2125,Yes,0.9403752684593201
2126,Yes,0.9454299211502075
2127,Yes,0.9389088749885559
2128,Yes,0.9567428231239319
2129,Yes,0.9045282006263733
2130,Yes,0.9505046606063843
2131,Yes,0.9536405801773071
2132,Yes,0.9625144600868225
2133,Yes,0.9381603598594666
2134,Yes,0.9682365655899048
2135,Yes,0.9638859629631042
2136,Yes,0.9731869697570801
2137,Yes,0.9633541703224182
2138,Yes,0.9533387422561646
2139,Yes,0.9661155939102173
2140,Yes,0.9687347412109375
2141,Yes,0.9324226975440979
2142,Yes,0.9539604783058167
2143,Yes,0.9411410689353943
2144,Yes,0.9648259282112122
2145,Yes,0.881540060043335
2146,Yes,0.9066116809844971
2147,Yes,0.932741641998291
2148,Yes,0.9139220714569092
2149,Yes,0.856128990650177
2150,Yes,0.8267444968223572
2151,Yes,0.8996821641921997
2152,Yes,0.8774968385696411
2153,Yes,0.9491223692893982
2154,Yes,0.9631772637367249
2155,Yes,0.9478490352630615
2156,Yes,0.9391047358512878
2157,Yes,0.8874198794364929
2158,Yes,0.8964593410491943
2159,Yes,0.9276185035705566
2160,Yes,0.906146764755249
2161,Yes,0.9001336693763733
2162,Yes,0.9073164463043213
2163,Yes,0.9015132188796997
2164,Yes,0.8888090252876282
2165,Yes,0.9105376601219177
2166,Yes,0.9030396342277527
2167,Yes,0.9425817131996155
2168,Yes,0.9305359125137329
2169,Yes,0.9454123973846436
2170,Yes,0.9624302387237549
2171,Yes,0.9596117734909058
2172,Yes,0.9566268920898438
2173,Yes,0.9078735113143921
2174,Yes,0.9175339937210083
2175,Yes,0.9591735005378723
2176,Yes,0.9488841891288757
2177,Yes,0.9207435846328735
2178,Yes,0.8848201632499695
2179,Yes,0.9352553486824036
2180,Yes,0.9220185279846191
2181,Yes,0.9156878590583801
2182,Yes,0.9099038243293762
2183,Yes,0.944911003112793
2184,Yes,0.9191439151763916
2185,Yes,0.8791568279266357
2186,Yes,0.8466957211494446
2187,Yes,0.9122006893157959
2188,Yes,0.8861899971961975
2189,Yes,0.8565928339958191
2190,Yes,0.8367151021957397
2191,Yes,0.9036493301391602
2192,Yes,0.8667212128639221
2193,Yes,0.8455561995506287
2194,Yes,0.8602755069732666
2195,Yes,0.8528770804405212
2196,Yes,0.8635367751121521
2197,Yes,0.9198912382125854
2198,Yes,0.8693408370018005
2199,Yes,0.9427884221076965
2200,Yes,0.9146067500114441
2201,Yes,0.913598895072937
2202,Yes,0.8252654671669006
2203,Yes,0.9086623191833496
2204,Yes,0.8781644701957703
2205,Yes,0.9527098536491394
2206,Yes,0.8615736365318298
2207,Yes,0.870806097984314
2208,Yes,0.8433249592781067
2209,Yes,0.8854682445526123
2210,Yes,0.9091127514839172
2211,Yes,0.899752140045166
2212,Yes,0.9301237463951111
2213,Yes,0.7747430801391602
2214,Yes,0.8174319863319397
2215,Yes,0.7373130917549133
2216,Yes,0.8405112028121948
2217,Yes,0.9059321880340576
2218,Yes,0.9492930769920349
2219,Yes,0.9349562525749207
2220,Yes,0.9501845836639404
2221,Yes,0.9270481467247009
2222,Yes,0.946774423122406
2223,Yes,0.9266446232795715
2224,Yes,0.9609075784683228
2225,Yes,0.9452714920043945
2226,Yes,0.9358893036842346
2227,Yes,0.9611502885818481
2228,Yes,0.949655294418335
2229,Yes,0.9553253054618835
2230,Yes,0.9359668493270874
2231,Yes,0.9602972269058228
2232,Yes,0.9376999735832214
2233,Yes,0.9692335724830627
2234,Yes,0.9709791541099548
2235,Yes,0.972422182559967
2236,Yes,0.9673470258712769
2237,Yes,0.9515205025672913
2238,Yes,0.9423083066940308
2239,Yes,0.9616244435310364
2240,Yes,0.9451645612716675
2241,Yes,0.9399693012237549
2242,Yes,0.8481935858726501
2243,Yes,0.9581159353256226
2244,Yes,0.8929527401924133
2245,Yes,0.889793872833252
2246,Yes,0.8215535283088684
2247,Yes,0.9063186049461365
2248,Yes,0.8092339038848877
2249,Yes,0.8588129878044128
2250,Yes,0.842412531375885
2251,Yes,0.9204569458961487
2252,Yes,0.8590265512466431
2253,Yes,0.8612088561058044
2254,Yes,0.8575497269630432
2255,Yes,0.9234017729759216
2256,Yes,0.8506209254264832
2257,Yes,0.8217592239379883
2258,Yes,0.7108465433120728
2259,Yes,0.8803268671035767
2260,Yes,0.7351253032684326
2261,Yes,0.808307945728302
2262,Yes,0.7697394490242004
2263,Yes,0.9151945114135742
2264,Yes,0.8372088074684143
2265,Yes,0.9548996686935425
2266,Yes,0.8063638806343079
2267,Yes,0.9410383105278015
2268,Yes,0.8857408761978149
2269,Yes,0.9456456899642944
2270,Yes,0.9002330899238586
2271,Yes,0.9504126310348511
2272,Yes,0.8928391337394714
2273,Yes,0.9560368061065674
2274,Yes,0.9602075815200806
2275,Yes,0.9685003161430359
2276,Yes,0.9615718722343445
2277,Yes,0.9456312656402588
2278,Yes,0.9581096172332764
2279,Yes,0.9774092435836792
2280,Yes,0.9638088941574097
2281,Yes,0.9631327390670776
2282,Yes,0.9617374539375305
2283,Yes,0.9793993234634399
2284,Yes,0.9754123687744141
2285,Yes,0.9444603323936462
2286,Yes,0.9429934620857239
2287,Yes,0.9668106436729431
2288,Yes,0.9593297839164734
2289,Yes,0.8024234771728516
2290,Yes,0.7895999550819397
2291,Yes,0.8862618207931519
2292,Yes,0.854714035987854
2293,Yes,0.8309552073478699
2294,Yes,0.7850414514541626
2295,Yes,0.851280152797699
2296,Yes,0.8089237213134766
2297,Yes,0.7976732850074768
2298,Yes,0.8084527254104614
2299,Yes,0.8667799830436707
2300,Yes,0.8637276887893677
2301,Yes,0.9403527975082397
2302,Yes,0.9089182615280151
2303,Yes,0.8874932527542114
2304,Yes,0.8566864728927612
2305,Yes,0.8320587277412415
2306,Yes,0.7694091200828552
2307,Yes,0.8337357044219971
2308,Yes,0.7534113526344299
2309,Yes,0.7651649713516235
2310,Yes,0.8189750909805298
2311,Yes,0.8722805976867676
2312,Yes,0.8369027376174927
2313,Yes,0.6559173464775085
2314,Yes,0.6569679975509644
2315,Yes,0.7840895652770996
2316,Yes,0.7659370303153992
2317,Yes,0.7542994618415833
2318,Yes,0.7328504323959351
2319,Yes,0.7834388613700867
2320,Yes,0.7594097852706909
2321,Yes,0.7141404747962952
2322,Yes,0.7274419069290161
2323,Yes,0.7976961731910706
2324,Yes,0.7641279101371765
2325,Yes,0.6467084288597107
2326,Yes,0.6612247228622437
2327,Yes,0.7943358421325684
2328,Yes,0.7235457897186279
2329,Yes,0.7471185326576233
2330,Yes,0.6520946025848389
2331,Yes,0.7439461946487427
2332,Yes,0.7076932787895203
2333,Yes,0.6356799602508545
2334,Yes,0.6499187350273132
2335,Yes,0.7104025483131409
2336,Yes,0.6925317645072937
2337,Yes,0.5450302958488464
2338,Yes,0.5410037040710449
2339,Yes,0.5081903338432312
2340,No,0.4936623275279999
2341,Yes,0.7461733818054199
2342,Yes,0.747226893901825
2343,Yes,0.7241044044494629
2344,Yes,0.6939469575881958
2345,Yes,0.7275458574295044
2346,Yes,0.7245810031890869
2347,Yes,0.8177019953727722
2348,Yes,0.7865350842475891
2349,Yes,0.6535612940788269
2350,Yes,0.6854653358459473
2351,Yes,0.7351185083389282
2352,Yes,0.7322096228599548
2353,Yes,0.8659461140632629
2354,Yes,0.8844683170318604
2355,Yes,0.842786431312561
2356,Yes,0.8744080662727356
2357,Yes,0.8652206659317017
2358,Yes,0.8636704087257385
2359,Yes,0.80028235912323
2360,Yes,0.8413006663322449
2361,Yes,0.8672240376472473
2362,Yes,0.8871899247169495
2363,Yes,0.8898833394050598
2364,Yes,0.8900598287582397
2365,Yes,0.7325531244277954
2366,Yes,0.7457230687141418
2367,Yes,0.7564950585365295
2368,Yes,0.7057109475135803
2369,Yes,0.87983638048172
2370,Yes,0.95350581407547
2371,Yes,0.9183457493782043
2372,Yes,0.9440438747406006
2373,Yes,0.8483254313468933
2374,Yes,0.9000664949417114
2375,Yes,0.8992209434509277
2376,Yes,0.9100322723388672
2377,Yes,0.8149932026863098
2378,Yes,0.7743223905563354
2379,Yes,0.7492645382881165
2380,Yes,0.7819486260414124
2381,Yes,0.8402194380760193
2382,Yes,0.879689633846283
2383,Yes,0.9084314107894897
2384,Yes,0.9305312633514404
2385,Yes,0.8418630361557007
2386,Yes,0.8628350496292114
2387,Yes,0.7368592023849487
2388,Yes,0.7744594216346741
2389,Yes,0.8660092353820801
2390,Yes,0.8686815500259399
2391,Yes,0.9128078818321228
2392,Yes,0.9199671149253845
2393,Yes,0.9053816199302673
2394,Yes,0.9036476016044617
2395,Yes,0.901947021484375
2396,Yes,0.9199215769767761
2397,Yes,0.8635209202766418
2398,Yes,0.8752469420433044
2399,Yes,0.8660696744918823
2400,Yes,0.9046339988708496
2401,Yes,0.8235364556312561
2402,Yes,0.837302029132843
2403,Yes,0.8269729614257812
2404,Yes,0.8645448088645935
2405,Yes,0.8492472171783447
2406,Yes,0.854394793510437
2407,Yes,0.8519424796104431
2408,Yes,0.8542819619178772
2409,Yes,0.9672326445579529
2410,Yes,0.9468989372253418
2411,Yes,0.9658312797546387
2412,Yes,0.953432559967041
2413,Yes,0.8369733691215515
2414,Yes,0.8845095038414001
2415,Yes,0.8754674196243286
2416,Yes,0.8821204304695129
2417,Yes,0.9425826668739319
2418,Yes,0.8884965777397156
2419,Yes,0.872364342212677
2420,Yes,0.8823426961898804
2421,Yes,0.9049382209777832
2422,Yes,0.8974224328994751
2423,Yes,0.9085795283317566
2424,Yes,0.9084234833717346
2425,Yes,0.8841548562049866
2426,Yes,0.8918904662132263
2427,Yes,0.9089345932006836
2428,Yes,0.9034497141838074
2429,Yes,0.9463983178138733
2430,Yes,0.9621570110321045
2431,Yes,0.9554527997970581
2432,Yes,0.958856999874115
2433,Yes,0.8235334157943726
2434,Yes,0.8573594689369202
2435,Yes,0.8472825288772583
2436,Yes,0.8674514293670654
2437,Yes,0.8585202097892761
2438,Yes,0.9056540727615356
2439,Yes,0.9233251214027405
2440,Yes,0.923458456993103
2441,Yes,0.9353194832801819
2442,Yes,0.9143583178520203
2443,Yes,0.8995290994644165
2444,Yes,0.8989255428314209
2445,Yes,0.861703634262085
2446,Yes,0.8739872574806213
2447,Yes,0.9155480861663818
2448,Yes,0.9218193292617798
2449,Yes,0.9147175550460815
2450,Yes,0.8839370012283325
2451,Yes,0.9220988750457764
2452,Yes,0.8995450139045715
2453,Yes,0.9696833491325378
2454,Yes,0.9358679056167603
2455,Yes,0.97138911485672
2456,Yes,0.9501513838768005
2457,Yes,0.8656004667282104
2458,Yes,0.8405861258506775
2459,Yes,0.9142686724662781
2460,Yes,0.8994576334953308
2461,Yes,0.9621741771697998
2462,Yes,0.9521067142486572
2463,Yes,0.9672836661338806
2464,Yes,0.965269923210144
2465,Yes,0.9613442420959473
2466,Yes,0.9297328591346741
2467,Yes,0.9663938283920288
2468,Yes,0.9347670674324036
2469,Yes,0.9081396460533142
2470,Yes,0.8959878087043762
2471,Yes,0.9273037910461426
2472,Yes,0.9093116521835327
2473,Yes,0.9845450520515442
2474,Yes,0.9632477164268494
2475,Yes,0.9853789210319519
2476,Yes,0.9728644490242004
2477,Yes,0.9832161664962769
2478,Yes,0.9343307614326477
2479,Yes,0.9640753865242004
2480,Yes,0.9321750998497009
2481,Yes,0.9581596851348877
2482,Yes,0.9280016422271729
2483,Yes,0.9450744390487671
2484,Yes,0.9104605317115784
2485,Yes,0.9493511915206909
2486,Yes,0.932716429233551
2487,Yes,0.9592669010162354
2488,Yes,0.9308844208717346
2489,Yes,0.9575896859169006
2490,Yes,0.9197976589202881
2491,Yes,0.9631636142730713
2492,Yes,0.9419956803321838
2493,Yes,0.978300929069519
2494,Yes,0.964632511138916
2495,Yes,0.9741795659065247
2496,Yes,0.9545959234237671
2497,Yes,0.959061861038208
2498,Yes,0.9565274715423584
2499,Yes,0.9835613369941711
2500,Yes,0.9640639424324036
2501,Yes,0.9368327260017395
2502,Yes,0.9116576313972473
2503,Yes,0.9552305936813354
2504,Yes,0.9301286339759827
2505,Yes,0.9257608652114868
2506,Yes,0.926496148109436
2507,Yes,0.9473398327827454
2508,Yes,0.9341192841529846
2509,Yes,0.9758666753768921
2510,Yes,0.9465922117233276
2511,Yes,0.982388436794281
2512,Yes,0.9653600454330444
2513,Yes,0.9002319574356079
2514,Yes,0.8985687494277954
2515,Yes,0.9451494812965393
2516,Yes,0.9203827381134033
2517,Yes,0.9538834691047668
2518,Yes,0.9606940150260925
2519,Yes,0.9540591835975647
2520,Yes,0.9312713146209717
2521,Yes,0.8350571990013123
2522,Yes,0.8618148565292358
2523,Yes,0.9343180060386658
2524,Yes,0.9120157361030579
2525,Yes,0.8387265801429749
2526,Yes,0.794724702835083
2527,Yes,0.8489298820495605
2528,Yes,0.8190720081329346
2529,Yes,0.8190866708755493
2530,Yes,0.8642742037773132
2531,Yes,0.857976496219635
2532,Yes,0.8505505919456482
2533,Yes,0.9232730269432068
2534,Yes,0.8494042754173279
2535,Yes,0.9430590867996216
2536,Yes,0.903989851474762
2537,Yes,0.7507889866828918
2538,Yes,0.7232528924942017
2539,Yes,0.8443970084190369
2540,Yes,0.8349875211715698
2541,Yes,0.8727632761001587
2542,Yes,0.7664008140563965
2543,Yes,0.825853168964386
2544,Yes,0.7718091011047363
2545,Yes,0.8763021230697632
2546,Yes,0.8384937047958374
2547,Yes,0.8882765769958496
2548,Yes,0.8528628349304199
2549,Yes,0.9158105850219727
2550,Yes,0.9046783447265625
2551,Yes,0.9492380023002625
2552,Yes,0.911564290523529
2553,Yes,0.8486392498016357
2554,Yes,0.8517517447471619
2555,Yes,0.8848996162414551
2556,Yes,0.8647306561470032
2557,Yes,0.9326666593551636
2558,Yes,0.9172725677490234
2559,Yes,0.9535536766052246
2560,Yes,0.934133768081665
2561,Yes,0.9375475645065308
2562,Yes,0.9001902341842651
2563,Yes,0.9475536346435547
2564,Yes,0.9256090521812439
2565,Yes,0.933539628982544
2566,Yes,0.8887527585029602
2567,Yes,0.9570439457893372
2568,Yes,0.9341948628425598
2569,Yes,0.9505842328071594
2570,Yes,0.9640535712242126
2571,Yes,0.9627424478530884
2572,Yes,0.9582650661468506
2573,Yes,0.8354769349098206
2574,Yes,0.8371953964233398
2575,Yes,0.872809112071991
2576,Yes,0.8533506393432617
2577,Yes,0.9269735813140869
2578,Yes,0.8956639170646667
2579,Yes,0.9393921494483948
2580,Yes,0.9416294097900391
2581,Yes,0.8518969416618347
2582,Yes,0.8791679739952087
2583,Yes,0.9163498878479004
2584,Yes,0.9306510090827942
2585,Yes,0.8781841993331909
2586,Yes,0.8989386558532715
2587,Yes,0.9629361629486084
2588,Yes,0.9604521989822388
2589,Yes,0.9279571771621704
2590,Yes,0.8790827393531799
2591,Yes,0.9169535636901855
2592,Yes,0.9354026913642883
2593,Yes,0.9333617687225342
2594,Yes,0.9114367961883545
2595,Yes,0.8712095618247986
2596,Yes,0.8917102813720703
2597,Yes,0.9443690180778503
2598,Yes,0.9083809852600098
2599,Yes,0.9203442335128784
2600,Yes,0.9193824529647827
2601,Yes,0.9383100271224976
2602,Yes,0.9378929734230042
2603,Yes,0.9322214126586914
2604,Yes,0.9138944745063782
2605,Yes,0.9254763126373291
2606,Yes,0.8883358836174011
2607,Yes,0.9308943152427673
2608,Yes,0.9064186811447144
2609,Yes,0.9339282512664795
2610,Yes,0.9187462329864502
2611,Yes,0.9359079599380493
2612,Yes,0.9285405278205872
2613,Yes,0.9395567178726196
2614,Yes,0.9202387928962708
2615,Yes,0.96156907081604
2616,Yes,0.9570174813270569
2617,Yes,0.9281271696090698
2618,Yes,0.914244532585144
2619,Yes,0.9585966467857361
2620,Yes,0.9428160786628723
2621,Yes,0.9224534034729004
2622,Yes,0.8589641451835632
2623,Yes,0.8942195177078247
2624,Yes,0.8729507327079773
2625,Yes,0.852539598941803
2626,Yes,0.7916308641433716
2627,Yes,0.7978547215461731
2628,Yes,0.7708725333213806
2629,Yes,0.8202627897262573
2630,Yes,0.779080331325531
2631,Yes,0.8178425431251526
2632,Yes,0.7926982045173645
2633,Yes,0.8062859773635864
2634,Yes,0.8409987092018127
2635,Yes,0.7923249006271362
2636,Yes,0.8139904737472534
2637,Yes,0.9181932210922241
2638,Yes,0.8694972991943359
2639,Yes,0.9217526912689209
2640,Yes,0.9002429246902466
2641,Yes,0.8375365138053894
2642,Yes,0.8157070279121399
2643,Yes,0.8873990774154663
2644,Yes,0.8726010918617249
2645,Yes,0.8842216730117798
2646,Yes,0.868174135684967
2647,Yes,0.9392424821853638
2648,Yes,0.9131711721420288
2649,Yes,0.8352160453796387
2650,Yes,0.7588729858398438
2651,Yes,0.8195523619651794
2652,Yes,0.7870186567306519
2653,Yes,0.7657833695411682
2654,Yes,0.7493116855621338
2655,Yes,0.8392484784126282
2656,Yes,0.793188750743866
2657,Yes,0.9585143327713013
2658,Yes,0.9624384045600891
2659,Yes,0.9810866713523865
2660,Yes,0.9641533493995667
2661,Yes,0.9607089161872864
2662,Yes,0.9440503716468811
2663,Yes,0.9694430232048035
2664,Yes,0.9461069107055664
2665,Yes,0.9638847708702087
2666,Yes,0.9646013975143433
2667,Yes,0.9697105884552002
2668,Yes,0.9573596715927124
2669,Yes,0.9047684669494629
2670,Yes,0.8626245260238647
2671,Yes,0.9452841877937317
2672,Yes,0.9033999443054199
2673,Yes,0.9607089161872864
2674,Yes,0.9440503716468811
2675,Yes,0.9694430232048035
2676,Yes,0.9461069107055664
2677,Yes,0.9497101902961731
2678,Yes,0.947333812713623
2679,Yes,0.9684135317802429
2680,Yes,0.9489534497261047
2681,Yes,0.9508178234100342
2682,Yes,0.942528486251831
2683,Yes,0.9652892351150513
2684,Yes,0.9455094933509827
2685,Yes,0.982593834400177
2686,Yes,0.9435374736785889
2687,Yes,0.9527648687362671
2688,Yes,0.9189009070396423
2689,Yes,0.9425311088562012
2690,Yes,0.9422826170921326
2691,Yes,0.9583510756492615
2692,Yes,0.9271012544631958
2693,Yes,0.9469729065895081
2694,Yes,0.884848952293396
2695,Yes,0.9170251488685608
2696,Yes,0.8724927306175232
2697,Yes,0.9339972138404846
2698,Yes,0.8886899948120117
2699,Yes,0.9599908590316772
2700,Yes,0.9129164814949036
2701,Yes,0.9196591377258301
2702,Yes,0.9139716625213623
2703,Yes,0.9549900889396667
2704,Yes,0.9241297841072083
2705,Yes,0.9534998536109924
2706,Yes,0.9297820329666138
2707,Yes,0.9489737153053284
2708,Yes,0.9352505803108215
2709,Yes,0.9523413181304932
2710,Yes,0.9232035875320435
2711,Yes,0.9269015789031982
2712,Yes,0.8954416513442993
2713,Yes,0.8987180590629578
2714,Yes,0.8900452852249146
2715,Yes,0.9140879511833191
2716,Yes,0.8789317011833191
2717,Yes,0.9138782024383545
2718,Yes,0.8590657114982605
2719,Yes,0.8992907404899597
2720,Yes,0.8530475497245789
2721,Yes,0.9589275121688843
2722,Yes,0.9583547115325928
2723,Yes,0.9723662734031677
2724,Yes,0.9591790437698364
2725,Yes,0.9597278833389282
2726,Yes,0.9467372298240662
2727,Yes,0.9648005366325378
2728,Yes,0.9501375555992126
2729,Yes,0.9822663068771362
2730,Yes,0.9701811671257019
2731,Yes,0.9809528589248657
2732,Yes,0.9714632630348206
2733,Yes,0.901512086391449
2734,Yes,0.9220722913742065
2735,Yes,0.9163190722465515
2736,Yes,0.8969873189926147
2737,Yes,0.9833562970161438
2738,Yes,0.9071328043937683
2739,Yes,0.9823510646820068
2740,Yes,0.9704210162162781
2741,Yes,0.9610918164253235
2742,Yes,0.9366218447685242
2743,Yes,0.9568306803703308
2744,Yes,0.9395160675048828
2745,Yes,0.9385595321655273
2746,Yes,0.934445858001709
2747,Yes,0.9589897990226746
2748,Yes,0.9440370202064514
2749,Yes,0.9577711224555969
2750,Yes,0.9489607810974121
2751,Yes,0.9533652663230896
2752,Yes,0.9364919662475586
2753,Yes,0.9214784502983093
2754,Yes,0.8713404536247253
2755,Yes,0.9080192446708679
2756,Yes,0.8938499689102173
2757,Yes,0.9563907980918884
2758,Yes,0.9692928791046143
2759,Yes,0.9679116606712341
2760,Yes,0.9706605672836304
2761,Yes,0.9589270949363708
2762,Yes,0.9583550095558167
2763,Yes,0.9723666310310364
2764,Yes,0.9591791033744812
2765,Yes,0.9305617213249207
2766,Yes,0.9414693117141724
2767,Yes,0.9289655685424805
2768,Yes,0.9408434629440308
2769,Yes,0.9588202238082886
2770,Yes,0.9649108052253723
2771,Yes,0.9799144268035889
2772,Yes,0.9610059857368469
2773,Yes,0.9218333959579468
2774,Yes,0.9130268096923828
2775,Yes,0.943691074848175
2776,Yes,0.930077075958252
2777,Yes,0.9264664053916931
2778,Yes,0.9338038563728333
2779,Yes,0.9676732420921326
2780,Yes,0.9486057758331299
2781,Yes,0.9346892237663269
2782,Yes,0.9146134853363037
2783,Yes,0.9401330947875977
2784,Yes,0.9170000553131104
2785,Yes,0.8963075876235962
2786,Yes,0.8605313301086426
2787,Yes,0.9231154322624207
2788,Yes,0.8715612888336182
2789,Yes,0.8619382381439209
2790,Yes,0.924831748008728
2791,Yes,0.9382727742195129
2792,Yes,0.9300447106361389
2793,Yes,0.8944345116615295
2794,Yes,0.8699387907981873
2795,Yes,0.8687698841094971
2796,Yes,0.8594268560409546
2797,Yes,0.9439426064491272
2798,Yes,0.8861544132232666
2799,Yes,0.9219090342521667
2800,Yes,0.8957657814025879
2801,Yes,0.9571699500083923
2802,Yes,0.9318845868110657
2803,Yes,0.9659913182258606
2804,Yes,0.9577430486679077
2805,Yes,0.9082521796226501
2806,Yes,0.9066666960716248
2807,Yes,0.9297167658805847
2808,Yes,0.9124506115913391
2809,Yes,0.9353362321853638
2810,Yes,0.9195345640182495
2811,Yes,0.9429207444190979
2812,Yes,0.9214394688606262
2813,Yes,0.8878540992736816
2814,Yes,0.931280791759491
2815,Yes,0.9253068566322327
2816,Yes,0.9234561920166016
2817,Yes,0.7734843492507935
2818,Yes,0.7206166386604309
2819,Yes,0.8554542064666748
2820,Yes,0.8096490502357483
2821,Yes,0.8589322566986084
2822,Yes,0.8502423763275146
2823,Yes,0.929324209690094
2824,Yes,0.899275004863739
2825,Yes,0.8711000084877014
2826,Yes,0.9124736189842224
2827,Yes,0.9404703974723816
2828,Yes,0.9124817252159119
2829,Yes,0.7769729495048523
2830,Yes,0.7758317589759827
2831,Yes,0.8322521448135376
2832,Yes,0.7941654920578003
2833,Yes,0.9646081328392029
2834,Yes,0.9498916268348694
2835,Yes,0.9854270815849304
2836,Yes,0.9597697257995605
2837,Yes,0.9650580286979675
2838,Yes,0.9408665895462036
2839,Yes,0.9752001762390137
2840,Yes,0.9427350163459778
2841,Yes,0.9642584919929504
2842,Yes,0.9220685958862305
2843,Yes,0.9865630269050598
2844,Yes,0.9581856727600098
2845,Yes,0.9846764206886292
2846,Yes,0.9633829593658447
2847,Yes,0.9865186214447021
2848,Yes,0.9613127112388611
2849,Yes,0.9906055331230164
2850,Yes,0.97862309217453
2851,Yes,0.9952471852302551
2852,Yes,0.9805470108985901
2853,Yes,0.9677544236183167
2854,Yes,0.9323857426643372
2855,Yes,0.9891804456710815
2856,Yes,0.9621235132217407
2857,Yes,0.9789047837257385
2858,Yes,0.933417558670044
2859,Yes,0.9724981784820557
2860,Yes,0.9481564164161682
2861,Yes,0.9816959500312805
2862,Yes,0.9482991695404053
2863,Yes,0.9880103468894958
2864,Yes,0.9580810070037842
2865,Yes,0.9887291193008423
2866,Yes,0.9684692621231079
2867,Yes,0.992509126663208
2868,Yes,0.974654495716095
2869,Yes,0.9709554314613342
2870,Yes,0.9643846154212952
2871,Yes,0.9848579168319702
2872,Yes,0.9663766026496887
2873,Yes,0.9942297339439392
2874,Yes,0.9611936211585999
2875,Yes,0.9869424700737
2876,Yes,0.9617079496383667
2877,Yes,0.9885448217391968
2878,Yes,0.9456755518913269
2879,Yes,0.9844619631767273
2880,Yes,0.9567240476608276
2881,Yes,0.921919584274292
2882,Yes,0.9302923679351807
2883,Yes,0.9592260718345642
2884,Yes,0.9631583094596863
2885,Yes,0.9336853623390198
2886,Yes,0.9487915635108948
2887,Yes,0.9772056937217712
2888,Yes,0.9741184115409851
2889,Yes,0.8920825123786926
2890,Yes,0.9301772713661194
2891,Yes,0.9537531137466431
2892,Yes,0.9556267857551575
2893,Yes,0.979617178440094
2894,Yes,0.988088846206665
2895,Yes,0.9846628308296204
2896,Yes,0.9848372936248779
2897,Yes,0.8565528988838196
2898,Yes,0.9071072340011597
2899,Yes,0.9492787718772888
2900,Yes,0.9591699242591858
2901,Yes,0.9344406723976135
2902,Yes,0.9244177937507629
2903,Yes,0.9475245475769043
2904,Yes,0.945102870464325
2905,Yes,0.8848837614059448
2906,Yes,0.9541361927986145
2907,Yes,0.9613277912139893
2908,Yes,0.9758684635162354
2909,Yes,0.8931286334991455
2910,Yes,0.9272537231445312
2911,Yes,0.9585233330726624
2912,Yes,0.9631302356719971
2913,Yes,0.8401185870170593
2914,Yes,0.8057677149772644
2915,Yes,0.8273317813873291
2916,Yes,0.8150989413261414
2917,Yes,0.9727635383605957
2918,Yes,0.9435222744941711
2919,Yes,0.9491869807243347
2920,Yes,0.9183059930801392
2921,Yes,0.865760326385498
2922,Yes,0.878292977809906
2923,Yes,0.8944101333618164
2924,Yes,0.9248220920562744
2925,Yes,0.887889564037323
2926,Yes,0.8098031282424927
2927,Yes,0.9049200415611267
2928,Yes,0.8465446829795837
2929,Yes,0.9078366756439209
2930,Yes,0.8778479695320129
2931,Yes,0.8873515725135803
2932,Yes,0.8700034022331238
2933,Yes,0.916697084903717
2934,Yes,0.8636199831962585
2935,Yes,0.8862340450286865
2936,Yes,0.84771728515625
2937,Yes,0.9621543884277344
2938,Yes,0.9400368332862854
2939,Yes,0.8760561943054199
2940,Yes,0.9295536875724792
2941,Yes,0.9147728681564331
2942,Yes,0.8135743737220764
2943,Yes,0.8722746968269348
2944,Yes,0.8335914015769958
2945,Yes,0.8144697546958923
2946,Yes,0.8892461657524109
2947,Yes,0.8785565495491028
2948,Yes,0.9000164270401001
2949,Yes,0.893399715423584
2950,Yes,0.9200924038887024
2951,Yes,0.9080016613006592
2952,Yes,0.9259350299835205
2953,Yes,0.9274346828460693
2954,Yes,0.9327372908592224
2955,Yes,0.8962675929069519
2956,Yes,0.9187771677970886
2957,Yes,0.923392653465271
2958,Yes,0.9156954884529114
2959,Yes,0.930818498134613
2960,Yes,0.937396764755249
2961,Yes,0.8524400591850281
2962,Yes,0.8874863386154175
2963,Yes,0.8794111609458923
2964,Yes,0.9119606018066406
2965,Yes,0.8726094365119934
2966,Yes,0.9511862397193909
2967,Yes,0.9391068816184998
2968,Yes,0.9542147517204285
2969,Yes,0.8550994396209717
2970,Yes,0.884129524230957
2971,Yes,0.914608895778656
2972,Yes,0.9356032013893127
2973,Yes,0.8713680505752563
2974,Yes,0.8899324536323547
2975,Yes,0.8545750975608826
2976,Yes,0.8739637732505798
2977,Yes,0.960422158241272
2978,Yes,0.9484844207763672
2979,Yes,0.9702730774879456
2980,Yes,0.9594237208366394
2981,Yes,0.9366264343261719
2982,Yes,0.9339251518249512
2983,Yes,0.9529253840446472
2984,Yes,0.9387192130088806
2985,Yes,0.9874077439308167
2986,Yes,0.9818167686462402
2987,Yes,0.9908348917961121
2988,Yes,0.9833622574806213
2989,Yes,0.9420057535171509
2990,Yes,0.9508139491081238
2991,Yes,0.9751805663108826
2992,Yes,0.9568629860877991
2993,Yes,0.9620088338851929
2994,Yes,0.9551348686218262
2995,Yes,0.9756459593772888
2996,Yes,0.9553996920585632
2997,Yes,0.9062215685844421
2998,Yes,0.8593056797981262
2999,Yes,0.9205155968666077
3000,Yes,0.8942456841468811
3001,Yes,0.9771097898483276
3002,Yes,0.9533874988555908
3003,Yes,0.9800509810447693
3004,Yes,0.9632309079170227
3005,Yes,0.9498202204704285
3006,Yes,0.9586966037750244
3007,Yes,0.9767175316810608
3008,Yes,0.9619360566139221
3009,Yes,0.9531014561653137
3010,Yes,0.9118837714195251
3011,Yes,0.9370969533920288
3012,Yes,0.9120563864707947
3013,Yes,0.9822036623954773
3014,Yes,0.981417715549469
3015,Yes,0.9877150058746338
3016,Yes,0.9833642244338989
3017,Yes,0.893248975276947
3018,Yes,0.8068823218345642
3019,Yes,0.9181232452392578
3020,Yes,0.8669154047966003
3021,Yes,0.9680687189102173
3022,Yes,0.9290646314620972
3023,Yes,0.9626280665397644
3024,Yes,0.9398040771484375
3025,Yes,0.9528763294219971
3026,Yes,0.9122964143753052
3027,Yes,0.9684538245201111
3028,Yes,0.9462718367576599
3029,Yes,0.9547699689865112
3030,Yes,0.9261643886566162
3031,Yes,0.9635384678840637
3032,Yes,0.9428704380989075
3033,Yes,0.9846232533454895
3034,Yes,0.975368082523346
3035,Yes,0.985774040222168
3036,Yes,0.9752345681190491
3037,Yes,0.9493317008018494
3038,Yes,0.942970335483551
3039,Yes,0.9790292382240295
3040,Yes,0.9599994421005249
3041,Yes,0.8966427445411682
3042,Yes,0.9043653607368469
3043,Yes,0.9363283514976501
3044,Yes,0.9298574924468994
3045,Yes,0.9702069759368896
3046,Yes,0.9627304077148438
3047,Yes,0.9749343395233154
3048,Yes,0.9670066237449646
3049,Yes,0.971790611743927
3050,Yes,0.9611670970916748
3051,Yes,0.976841390132904
3052,Yes,0.9679606556892395
3053,Yes,0.9071553945541382
3054,Yes,0.9163653254508972
3055,Yes,0.9508959054946899
3056,Yes,0.9480367302894592
3057,Yes,0.8513312339782715
3058,Yes,0.8790565133094788
3059,Yes,0.9026148915290833
3060,Yes,0.9134650230407715
3061,Yes,0.8230157494544983
3062,Yes,0.8324105143547058
3063,Yes,0.9029579162597656
3064,Yes,0.892848551273346
3065,Yes,0.8949389457702637
3066,Yes,0.9054182171821594
3067,Yes,0.9145989418029785
3068,Yes,0.9060836434364319
3069,Yes,0.8865421414375305
3070,Yes,0.8704119324684143
3071,Yes,0.9031156301498413
3072,Yes,0.9016703963279724
3073,Yes,0.9831874370574951
3074,Yes,0.9716429710388184
3075,Yes,0.978672981262207
3076,Yes,0.9726868271827698
3077,Yes,0.9188523888587952
3078,Yes,0.922909677028656
3079,Yes,0.9447135329246521
3080,Yes,0.9431363344192505
3081,Yes,0.946871280670166
3082,Yes,0.9540167450904846
3083,Yes,0.9664033651351929
3084,Yes,0.9568690061569214
3085,Yes,0.9405669569969177
3086,Yes,0.9111701846122742
3087,Yes,0.947064995765686
3088,Yes,0.9335371255874634
3089,Yes,0.8546563982963562
3090,Yes,0.7673946619033813
3091,Yes,0.8333685398101807
3092,Yes,0.7489561438560486
3093,Yes,0.8704295754432678
3094,Yes,0.7895187139511108
3095,Yes,0.8710347414016724
3096,Yes,0.8449544310569763
3097,Yes,0.7865774631500244
3098,Yes,0.7297917008399963
3099,Yes,0.8693898320198059
3100,Yes,0.7819453477859497
3101,Yes,0.9229570627212524
3102,Yes,0.9156267642974854
3103,Yes,0.9367020130157471
3104,Yes,0.9009603261947632
3105,Yes,0.9231122732162476
3106,Yes,0.8167644143104553
3107,Yes,0.91141277551651
3108,Yes,0.826131284236908
3109,Yes,0.8549507260322571
3110,Yes,0.7373580932617188
3111,Yes,0.8991875648498535
3112,Yes,0.8133940696716309
3113,Yes,0.8379053473472595
3114,Yes,0.7413214445114136
3115,Yes,0.8603126406669617
3116,Yes,0.8066986203193665
3117,Yes,0.955154299736023
3118,Yes,0.926342248916626
3119,Yes,0.9382030963897705
3120,Yes,0.9195622801780701
3121,Yes,0.9264979362487793
3122,Yes,0.8554751873016357
3123,Yes,0.8810654282569885
3124,Yes,0.8288584351539612
3125,Yes,0.7865806818008423
3126,Yes,0.7297906279563904
3127,Yes,0.8693898916244507
3128,Yes,0.7819430828094482
3129,Yes,0.8704303503036499
3130,Yes,0.7895187139511108
3131,Yes,0.8710340857505798
3132,Yes,0.8449516892433167
3133,Yes,0.9107852578163147
3134,Yes,0.8487094044685364
3135,Yes,0.9148567318916321
3136,Yes,0.8404157757759094
3137,Yes,0.879330575466156
3138,Yes,0.871453046798706
3139,Yes,0.907638430595398
3140,Yes,0.8797500729560852
3141,Yes,0.9116995334625244
3142,Yes,0.9461818933486938
3143,Yes,0.9681024551391602
3144,Yes,0.9528265595436096
3145,Yes,0.9639773964881897
3146,Yes,0.9213270545005798
3147,Yes,0.9760936498641968
3148,Yes,0.9364933967590332
3149,Yes,0.9302763938903809
3150,Yes,0.9434741139411926
3151,Yes,0.9766053557395935
3152,Yes,0.9557012915611267
3153,Yes,0.973279595375061
3154,Yes,0.9723511338233948
3155,Yes,0.982324481010437
3156,Yes,0.9736799001693726
3157,Yes,0.9155991077423096
3158,Yes,0.8940097689628601
3159,Yes,0.957764208316803
3160,Yes,0.9166648387908936
3161,Yes,0.9075133204460144
3162,Yes,0.8663163185119629
3163,Yes,0.9559910297393799
3164,Yes,0.9188093543052673
3165,Yes,0.9312521815299988
3166,Yes,0.9248882532119751
3167,Yes,0.9546465873718262
3168,Yes,0.9260255694389343
3169,Yes,0.797050952911377
3170,Yes,0.8032314777374268
3171,Yes,0.8141132593154907
3172,Yes,0.8387451767921448
3173,Yes,0.9093520641326904
3174,Yes,0.8996089100837708
3175,Yes,0.8756135702133179
3176,Yes,0.8902854919433594
3177,Yes,0.8810189366340637
3178,Yes,0.8720443248748779
3179,Yes,0.8899824619293213
3180,Yes,0.9015989899635315
3181,Yes,0.9003989100456238
3182,Yes,0.8686075806617737
3183,Yes,0.8495671153068542
3184,Yes,0.8635690212249756
3185,Yes,0.8783421516418457
3186,Yes,0.8733335733413696
3187,Yes,0.8337563276290894
3188,Yes,0.8556891679763794
3189,Yes,0.8008442521095276
3190,Yes,0.8296725153923035
3191,Yes,0.8579323291778564
3192,Yes,0.8734737634658813
3193,Yes,0.8479627370834351
3194,Yes,0.8594809770584106
3195,Yes,0.839789628982544
3196,Yes,0.8500090837478638
3197,Yes,0.914270281791687
3198,Yes,0.9561174511909485
3199,Yes,0.9301841259002686
3200,Yes,0.9559566378593445
3201,Yes,0.9227461814880371
3202,Yes,0.8858961462974548
3203,Yes,0.9362402558326721
3204,Yes,0.8888386487960815
3205,Yes,0.881915807723999
3206,Yes,0.8199785947799683
3207,Yes,0.8966639637947083
3208,Yes,0.8294246196746826
3209,Yes,0.9429606199264526
3210,Yes,0.9210519790649414
3211,Yes,0.94682377576828
3212,Yes,0.9037553668022156
3213,Yes,0.9281349778175354
3214,Yes,0.6757435202598572
3215,Yes,0.7940099835395813
3216,Yes,0.7098389267921448
3217,Yes,0.9007925987243652
3218,Yes,0.7879940867424011
3219,Yes,0.9010365605354309
3220,Yes,0.8355696201324463
3221,Yes,0.9275642037391663
3222,Yes,0.8437500596046448
3223,Yes,0.9358702301979065
3224,Yes,0.8846191167831421
3225,Yes,0.860202431678772
3226,Yes,0.8195438981056213
3227,Yes,0.915355384349823
3228,Yes,0.848656415939331
3229,Yes,0.805060863494873
3230,Yes,0.6938799619674683
3231,Yes,0.8316647410392761
3232,Yes,0.7428905963897705
3233,Yes,0.9099811911582947
3234,Yes,0.8255186080932617
3235,Yes,0.9151188731193542
3236,Yes,0.8527479767799377
3237,Yes,0.9188213348388672
3238,Yes,0.8013092875480652
3239,Yes,0.8934396505355835
3240,Yes,0.7825338840484619
3241,Yes,0.8791128396987915
3242,Yes,0.732252836227417
3243,Yes,0.8856011629104614
3244,Yes,0.7932230830192566
3245,Yes,0.8708915114402771
3246,Yes,0.7949841022491455
3247,Yes,0.9243494868278503
3248,Yes,0.8717435002326965
3249,Yes,0.9446401596069336
3250,Yes,0.9271425008773804
3251,Yes,0.9102914929389954
3252,Yes,0.9284917116165161
3253,Yes,0.8615774512290955
3254,Yes,0.8547534346580505
3255,Yes,0.9173804521560669
3256,Yes,0.9085322022438049
3257,Yes,0.9648339152336121
3258,Yes,0.9552001953125
3259,Yes,0.9771378040313721
3260,Yes,0.9671969413757324
3261,Yes,0.877686083316803
3262,Yes,0.8790941834449768
3263,Yes,0.864368200302124
3264,Yes,0.8824114799499512
3265,Yes,0.9482772350311279
3266,Yes,0.8692620992660522
3267,Yes,0.9399771094322205
3268,Yes,0.9313769340515137
3269,Yes,0.9397864937782288
3270,Yes,0.9229589700698853
3271,Yes,0.958084762096405
3272,Yes,0.9454894661903381
3273,Yes,0.9502319693565369
3274,Yes,0.9397578239440918
3275,Yes,0.9484032392501831
3276,Yes,0.9391540288925171
3277,Yes,0.9446401596069336
3278,Yes,0.9271425008773804
3279,Yes,0.9102914929389954
3280,Yes,0.9284917116165161
3281,Yes,0.9453097581863403
3282,Yes,0.9441822171211243
3283,Yes,0.9647754430770874
3284,Yes,0.9423778653144836
3285,Yes,0.8845276236534119
3286,Yes,0.8517826795578003
3287,Yes,0.8818919658660889
3288,Yes,0.887202262878418
3289,Yes,0.9245553016662598
3290,Yes,0.9240823984146118
3291,Yes,0.9445929527282715
3292,Yes,0.9502730965614319
3293,Yes,0.9505931735038757
3294,Yes,0.9545115232467651
3295,Yes,0.9448909163475037
3296,Yes,0.9421939253807068
3297,Yes,0.9737322926521301
3298,Yes,0.9620798826217651
3299,Yes,0.9872892498970032
3300,Yes,0.9684748649597168
3301,Yes,0.9360032081604004
3302,Yes,0.9120152592658997
3303,Yes,0.9502527713775635
3304,Yes,0.9192569851875305
3305,Yes,0.9480261206626892
3306,Yes,0.8500949144363403
3307,Yes,0.9231480360031128
3308,Yes,0.872706949710846
3309,Yes,0.967657744884491
3310,Yes,0.9707362651824951
3311,Yes,0.9781596660614014
3312,Yes,0.9647622108459473
3313,Yes,0.9294168949127197
3314,Yes,0.9515369534492493
3315,Yes,0.983649492263794
3316,Yes,0.9757066965103149
3317,Yes,0.9135867357254028
3318,Yes,0.8642787933349609
3319,Yes,0.9494269490242004
3320,Yes,0.8997336626052856
3321,Yes,0.9604185819625854
3322,Yes,0.951991856098175
3323,Yes,0.9795105457305908
3324,Yes,0.9659556746482849
3325,Yes,0.959567666053772
3326,Yes,0.9489473104476929
3327,Yes,0.9786738753318787
3328,Yes,0.9635583162307739
3329,Yes,0.9016971588134766
3330,Yes,0.9187032580375671
3331,Yes,0.8948479294776917
3332,Yes,0.9181369543075562
3333,Yes,0.7563572525978088
3334,Yes,0.8516229391098022
3335,Yes,0.8343514800071716
3336,Yes,0.8908371925354004
3337,Yes,0.8808723092079163
3338,Yes,0.9422260522842407
3339,Yes,0.9193546772003174
3340,Yes,0.9472991228103638
3341,Yes,0.9003171920776367
3342,Yes,0.9175682067871094
3343,Yes,0.9140025973320007
3344,Yes,0.9312064051628113
3345,Yes,0.8382477164268494
3346,Yes,0.8872173428535461
3347,Yes,0.8712217807769775
3348,Yes,0.8947966694831848
3349,Yes,0.7596511840820312
3350,Yes,0.8644150495529175
3351,Yes,0.8862941265106201
3352,Yes,0.9160321354866028
3353,Yes,0.7986513376235962
3354,Yes,0.837092936038971
3355,Yes,0.8389822840690613
3356,Yes,0.8876746892929077
3357,Yes,0.9085051417350769
3358,Yes,0.9301597476005554
3359,Yes,0.916860818862915
3360,Yes,0.9426455497741699
3361,Yes,0.949327290058136
3362,Yes,0.893193781375885
3363,Yes,0.9839327931404114
3364,Yes,0.9087182283401489
3365,Yes,0.8985536694526672
3366,Yes,0.803642749786377
3367,Yes,0.9597126245498657
3368,Yes,0.841923177242279
3369,Yes,0.9133025407791138
3370,Yes,0.9147881269454956
3371,Yes,0.9770379066467285
3372,Yes,0.9250831604003906
3373,Yes,0.883360743522644
3374,Yes,0.8633521795272827
3375,Yes,0.9435750842094421
3376,Yes,0.8486315608024597
3377,Yes,0.9599785208702087
3378,Yes,0.8293887972831726
3379,Yes,0.9506828784942627
3380,Yes,0.8243875503540039
3381,Yes,0.9014525413513184
3382,Yes,0.8855491280555725
3383,Yes,0.9532589316368103
3384,Yes,0.8608548641204834
3385,Yes,0.9686311483383179
3386,Yes,0.9504925012588501
3387,Yes,0.981572687625885
3388,Yes,0.929561197757721
3389,Yes,0.9690815210342407
3390,Yes,0.9029468297958374
3391,Yes,0.980038046836853
3392,Yes,0.9333502054214478
3393,Yes,0.6834136843681335
3394,Yes,0.6795027256011963
3395,Yes,0.740959644317627
3396,Yes,0.7246332168579102
3397,Yes,0.8188969492912292
3398,Yes,0.8301751017570496
3399,Yes,0.7824257016181946
3400,Yes,0.7579718828201294
3401,Yes,0.8132226467132568
3402,Yes,0.8260530829429626
3403,Yes,0.858768105506897
3404,Yes,0.8595173358917236
3405,Yes,0.7524441480636597
3406,Yes,0.7993265986442566
3407,Yes,0.7996981143951416
3408,Yes,0.7783135771751404
3409,Yes,0.8523368835449219
3410,Yes,0.8743776679039001
3411,Yes,0.8930989503860474
3412,Yes,0.9067860245704651
3413,Yes,0.920285701751709
3414,Yes,0.9444164633750916
3415,Yes,0.8894012570381165
3416,Yes,0.893669843673706
3417,Yes,0.7400781512260437
3418,Yes,0.7817767262458801
3419,Yes,0.799862802028656
3420,Yes,0.8343392610549927
3421,Yes,0.8892109990119934
3422,Yes,0.8948996067047119
3423,Yes,0.9106165170669556
3424,Yes,0.890399694442749
3425,Yes,0.8499013185501099
3426,Yes,0.8940492272377014
3427,Yes,0.908657968044281
3428,Yes,0.90153568983078
3429,Yes,0.7305361032485962
3430,Yes,0.8183737993240356
3431,Yes,0.7694403529167175
3432,Yes,0.7605800628662109
3433,Yes,0.9247904419898987
3434,Yes,0.919102668762207
3435,Yes,0.9456897377967834
3436,Yes,0.9440792202949524
3437,Yes,0.8998713493347168
3438,Yes,0.9198657870292664
3439,Yes,0.9257983565330505
3440,Yes,0.937809407711029
3441,Yes,0.916407585144043
3442,Yes,0.8738822937011719
3443,Yes,0.9457291960716248
3444,Yes,0.937959611415863
3445,Yes,0.913011372089386
3446,Yes,0.8744113445281982
3447,Yes,0.9382556676864624
3448,Yes,0.928752601146698
3449,Yes,0.8734962344169617
3450,Yes,0.8934628963470459
3451,Yes,0.9356822967529297
3452,Yes,0.9245980381965637
3453,Yes,0.9216427803039551
3454,Yes,0.9175494909286499
3455,Yes,0.9541998505592346
3456,Yes,0.9449886083602905
3457,Yes,0.907536506652832
3458,Yes,0.9228266477584839
3459,Yes,0.9368914365768433
3460,Yes,0.9279271960258484
3461,Yes,0.8878580927848816
3462,Yes,0.8760315775871277
3463,Yes,0.9289076328277588
3464,Yes,0.9184286594390869
3465,Yes,0.9127834439277649
3466,Yes,0.8992968201637268
3467,Yes,0.9474999904632568
3468,Yes,0.9365820288658142
3469,Yes,0.9338507056236267
3470,Yes,0.9583973288536072
3471,Yes,0.9672823548316956
3472,Yes,0.963262677192688
3473,Yes,0.9622215032577515
3474,Yes,0.9256306886672974
3475,Yes,0.9654611349105835
3476,Yes,0.9595831036567688
3477,Yes,0.9271641969680786
3478,Yes,0.9011792540550232
3479,Yes,0.9515981674194336
3480,Yes,0.9438572525978088
3481,Yes,0.9642650485038757
3482,Yes,0.9446073770523071
3483,Yes,0.9746407866477966
3484,Yes,0.9682807326316833
3485,Yes,0.9304295778274536
3486,Yes,0.8735201954841614
3487,Yes,0.9353865385055542
3488,Yes,0.9268463850021362
3489,Yes,0.9613502025604248
3490,Yes,0.9431049823760986
3491,Yes,0.9740905165672302
3492,Yes,0.9696967005729675
3493,Yes,0.968603789806366
3494,Yes,0.9545132517814636
3495,Yes,0.9754782915115356
3496,Yes,0.9704669117927551
3497,Yes,0.9777524471282959
3498,Yes,0.9768155217170715
3499,Yes,0.9867472648620605
3500,Yes,0.9849070906639099
3501,Yes,0.9752470254898071
3502,Yes,0.9716129899024963
3503,Yes,0.9840611219406128
3504,Yes,0.9815781116485596
3505,Yes,0.8335625529289246
3506,Yes,0.8932766318321228
3507,Yes,0.8440912961959839
3508,Yes,0.8514542579650879
3509,Yes,0.7908740043640137
3510,Yes,0.8866560459136963
3511,Yes,0.874463677406311
3512,Yes,0.9240590333938599
3513,Yes,0.8183377385139465
3514,Yes,0.8145456314086914
3515,Yes,0.7932927012443542
3516,Yes,0.8516126275062561
3517,Yes,0.7784186005592346
3518,Yes,0.8800875544548035
3519,Yes,0.8580938577651978
3520,Yes,0.9152457118034363
3521,Yes,0.8756545186042786
3522,Yes,0.8664032220840454
3523,Yes,0.9242183566093445
3524,Yes,0.8857665657997131
3525,Yes,0.8976550102233887
3526,Yes,0.947044312953949
3527,Yes,0.9410682320594788
3528,Yes,0.9578490257263184
3529,Yes,0.9125345945358276
3530,Yes,0.9608400464057922
3531,Yes,0.9600485563278198
3532,Yes,0.9714473485946655
3533,Yes,0.8833529949188232
3534,Yes,0.9191111326217651
3535,Yes,0.8914313912391663
3536,Yes,0.9245052933692932
3537,Yes,0.8698888421058655
3538,Yes,0.8588950037956238
3539,Yes,0.8592315316200256
3540,Yes,0.849814772605896
3541,Yes,0.8548098802566528
3542,Yes,0.9137348532676697
3543,Yes,0.9155694246292114
3544,Yes,0.9281589388847351
3545,Yes,0.8572359681129456
3546,Yes,0.9095118641853333
3547,Yes,0.885123610496521
3548,Yes,0.8995868563652039
3549,Yes,0.8983035683631897
3550,Yes,0.9289052486419678
3551,Yes,0.9323937296867371
3552,Yes,0.9462893605232239
3553,Yes,0.8889560103416443
3554,Yes,0.868307888507843
3555,Yes,0.9259890913963318
3556,Yes,0.9110252261161804
3557,Yes,0.8899900317192078
3558,Yes,0.8165721893310547
3559,Yes,0.8378093838691711
3560,Yes,0.8259740471839905
3561,Yes,0.864409327507019
3562,Yes,0.8728090524673462
3563,Yes,0.9143438935279846
3564,Yes,0.8975684642791748
3565,Yes,0.8184185028076172
3566,Yes,0.878389298915863
3567,Yes,0.8610639572143555
3568,Yes,0.876511812210083
3569,Yes,0.8042004108428955
3570,Yes,0.8218225836753845
3571,Yes,0.8214870691299438
3572,Yes,0.7996142506599426
3573,Yes,0.8888370394706726
3574,Yes,0.9118558764457703
3575,Yes,0.9360691905021667
3576,Yes,0.9244056940078735
3577,Yes,0.912481427192688
3578,Yes,0.8569415211677551
3579,Yes,0.8206437230110168
3580,Yes,0.8110820055007935
3581,Yes,0.8547316193580627
3582,Yes,0.8209206461906433
3583,Yes,0.9002689719200134
3584,Yes,0.8793387413024902
3585,Yes,0.8385666608810425
3586,Yes,0.8642129898071289
3587,Yes,0.9368488192558289
3588,Yes,0.9076263308525085
3589,Yes,0.8665552139282227
3590,Yes,0.7890855669975281
3591,Yes,0.7500743865966797
3592,Yes,0.7723804116249084
3593,Yes,0.8795959949493408
3594,Yes,0.8685892820358276
3595,Yes,0.9203683733940125
3596,Yes,0.9057976007461548
3597,Yes,0.8860116600990295
3598,Yes,0.9126033186912537
3599,Yes,0.9261134266853333
3600,Yes,0.9231714010238647
3601,Yes,0.9079775810241699
3602,Yes,0.9208658337593079
3603,Yes,0.9472231268882751
3604,Yes,0.9429594874382019
3605,Yes,0.8938430547714233
3606,Yes,0.9390341639518738
3607,Yes,0.954336941242218
3608,Yes,0.9459092617034912
3609,Yes,0.8493422269821167
3610,Yes,0.8638848662376404
3611,Yes,0.9129829406738281
3612,Yes,0.9027373790740967
3613,Yes,0.8922383785247803
3614,Yes,0.8378130793571472
3615,Yes,0.8852749466896057
3616,Yes,0.8596025109291077
3617,Yes,0.9406549334526062
3618,Yes,0.9686414003372192
3619,Yes,0.9763458371162415
3620,Yes,0.9663131833076477
3621,Yes,0.8938430547714233
3622,Yes,0.9390341639518738
3623,Yes,0.954336941242218
3624,Yes,0.9459092617034912
3625,Yes,0.8815548419952393
3626,Yes,0.9166497588157654
3627,Yes,0.9003492593765259
3628,Yes,0.8981199264526367
3629,Yes,0.9209648966789246
3630,Yes,0.9246100187301636
3631,Yes,0.949334979057312
3632,Yes,0.948855996131897
3633,Yes,0.8808350563049316
3634,Yes,0.9210702776908875
3635,Yes,0.9407724142074585
3636,Yes,0.9224405288696289
3637,Yes,0.831572949886322
3638,Yes,0.8694841861724854
3639,Yes,0.8597697615623474
3640,Yes,0.8777173161506653
3641,Yes,0.9162214398384094
3642,Yes,0.8080163598060608
3643,Yes,0.8665653467178345
3644,Yes,0.8422346115112305
3645,Yes,0.8524183034896851
3646,Yes,0.8795797228813171
3647,Yes,0.9143027663230896
3648,Yes,0.8990016579627991
3649,Yes,0.8386299014091492
3650,Yes,0.866256058216095
3651,Yes,0.8833845853805542
3652,Yes,0.8634620308876038
3653,Yes,0.923810601234436
3654,Yes,0.9148799180984497
3655,Yes,0.9323767423629761
3656,Yes,0.9107373356819153
3657,Yes,0.9007945656776428
3658,Yes,0.870491623878479
3659,Yes,0.8978645205497742
3660,Yes,0.8827512860298157
3661,Yes,0.9182336330413818
3662,Yes,0.9052037000656128
3663,Yes,0.9252830147743225
3664,Yes,0.9236783981323242
3665,Yes,0.8729034662246704
3666,Yes,0.8455720543861389
3667,Yes,0.9135289192199707
3668,Yes,0.8930391073226929
3669,Yes,0.9286448955535889
3670,Yes,0.9161219596862793
3671,Yes,0.9569060802459717
3672,Yes,0.9327839016914368
3673,Yes,0.9295399188995361
3674,Yes,0.921126127243042
3675,Yes,0.9584349393844604
3676,Yes,0.9416128993034363
3677,Yes,0.9169890284538269
3678,Yes,0.853104829788208
3679,Yes,0.9452009797096252
3680,Yes,0.9080042839050293
3681,Yes,0.9264416694641113
3682,Yes,0.8717353940010071
3683,Yes,0.9325459599494934
3684,Yes,0.9128966927528381
3685,Yes,0.9510545134544373
3686,Yes,0.8605344891548157
3687,Yes,0.9033877849578857
3688,Yes,0.8763049840927124
3689,Yes,0.8471639156341553
3690,Yes,0.7626178860664368
3691,Yes,0.9057266116142273
3692,Yes,0.8905353546142578
3693,Yes,0.9347587823867798
3694,Yes,0.8911586403846741
3695,Yes,0.9339284300804138
3696,Yes,0.9061599969863892
3697,Yes,0.9767575263977051
3698,Yes,0.959692120552063
3699,Yes,0.9732458591461182
3700,Yes,0.9584528207778931
3701,Yes,0.9150971174240112
3702,Yes,0.9246591329574585
3703,Yes,0.9422674179077148
3704,Yes,0.9407156109809875
3705,Yes,0.9065683484077454
3706,Yes,0.8301651477813721
3707,Yes,0.9092562794685364
3708,Yes,0.8730868697166443
3709,Yes,0.9589160084724426
3710,Yes,0.8851093649864197
3711,Yes,0.9311537742614746
3712,Yes,0.8817760348320007
3713,Yes,0.9185682535171509
3714,Yes,0.8876460790634155
3715,Yes,0.9254685044288635
3716,Yes,0.9416030645370483
3717,Yes,0.9318927526473999
3718,Yes,0.9294176697731018
3719,Yes,0.958705484867096
3720,Yes,0.961483895778656
3721,Yes,0.8714272975921631
3722,Yes,0.8815038800239563
3723,Yes,0.8957684636116028
3724,Yes,0.9282130002975464
3725,Yes,0.9397779703140259
3726,Yes,0.9180938005447388
3727,Yes,0.9319747686386108
3728,Yes,0.9375656247138977
3729,Yes,0.8859090209007263
3730,Yes,0.8889831900596619
3731,Yes,0.9456912279129028
3732,Yes,0.947649359703064
3733,Yes,0.9290315508842468
3734,Yes,0.9367578029632568
3735,Yes,0.9627240896224976
3736,Yes,0.967666745185852
3737,Yes,0.8078806400299072
3738,Yes,0.8152033090591431
3739,Yes,0.9341052174568176
3740,Yes,0.9302666783332825
3741,Yes,0.910506010055542
3742,Yes,0.9234152436256409
3743,Yes,0.933557391166687
3744,Yes,0.9441375732421875
3745,Yes,0.9016579985618591
3746,Yes,0.7527559995651245
3747,Yes,0.7553263306617737
3748,Yes,0.8063021302223206
3749,Yes,0.8462741374969482
3750,Yes,0.7765845060348511
3751,Yes,0.8671677708625793
3752,Yes,0.8611862659454346
3753,Yes,0.8725799322128296
3754,Yes,0.8850075006484985
3755,Yes,0.8950027227401733
3756,Yes,0.8843114376068115
3757,Yes,0.9154641032218933
3758,Yes,0.8367695212364197
3759,Yes,0.8694292306900024
3760,Yes,0.8355506062507629
3761,Yes,0.8472473621368408
3762,Yes,0.7727252840995789
3763,Yes,0.8552839756011963
3764,Yes,0.8489434719085693
3765,Yes,0.905134916305542
3766,Yes,0.9100530743598938
3767,Yes,0.9559749364852905
3768,Yes,0.9610057473182678
3769,Yes,0.9525793194770813
3770,Yes,0.9540873169898987
3771,Yes,0.9345864653587341
3772,Yes,0.9419834017753601
3773,Yes,0.9071935415267944
3774,Yes,0.8525652885437012
3775,Yes,0.9189391732215881
3776,Yes,0.8979871869087219
3777,Yes,0.9507024884223938
3778,Yes,0.9413126111030579
3779,Yes,0.966674268245697
3780,Yes,0.9549495577812195
3781,Yes,0.9569637179374695
3782,Yes,0.9254271388053894
3783,Yes,0.9583006501197815
3784,Yes,0.9347311854362488
3785,Yes,0.9578886032104492
3786,Yes,0.9450252652168274
3787,Yes,0.9617076516151428
3788,Yes,0.9518728852272034
3789,Yes,0.9317172169685364
3790,Yes,0.886019766330719
3791,Yes,0.9241645336151123
3792,Yes,0.8919116258621216
3793,Yes,0.9206974506378174
3794,Yes,0.9244951605796814
3795,Yes,0.9264367818832397
3796,Yes,0.8984716534614563
3797,Yes,0.9584433436393738
3798,Yes,0.9659850001335144
3799,Yes,0.9762697815895081
3800,Yes,0.972385585308075
3801,Yes,0.9318662285804749
3802,Yes,0.9192797541618347
3803,Yes,0.9596625566482544
3804,Yes,0.9356001615524292
3805,Yes,0.8579193353652954
3806,Yes,0.838204026222229
3807,Yes,0.8574198484420776
3808,Yes,0.8346031904220581
3809,Yes,0.9352055788040161
3810,Yes,0.961717963218689
3811,Yes,0.9762610197067261
3812,Yes,0.9719626307487488
3813,Yes,0.9067848324775696
3814,Yes,0.9485018849372864
3815,Yes,0.9143034219741821
3816,Yes,0.905693531036377
3817,Yes,0.8983291387557983
3818,Yes,0.9499254822731018
3819,Yes,0.9496027231216431
3820,Yes,0.9443724155426025
3821,Yes,0.946528434753418
3822,Yes,0.9272490739822388
3823,Yes,0.9421005845069885
3824,Yes,0.9432437419891357
3825,Yes,0.8831386566162109
3826,Yes,0.9289465546607971
3827,Yes,0.9181904196739197
3828,Yes,0.9313702583312988
3829,Yes,0.9171151518821716
3830,Yes,0.9369137287139893
3831,Yes,0.9335836172103882
3832,Yes,0.9213451147079468
3833,Yes,0.954890251159668
3834,Yes,0.9647741913795471
3835,Yes,0.9777319431304932
3836,Yes,0.9783167243003845
3837,Yes,0.9530665278434753
3838,Yes,0.9679776430130005
3839,Yes,0.972672164440155
3840,Yes,0.9719193577766418
3841,Yes,0.9637607932090759
3842,Yes,0.9550290107727051
3843,Yes,0.9519120454788208
3844,Yes,0.9583142399787903
3845,Yes,0.903005838394165
3846,Yes,0.9252083897590637
3847,Yes,0.9174262881278992
3848,Yes,0.9257473945617676
3849,Yes,0.9709257483482361
3850,Yes,0.9277374744415283
3851,Yes,0.935443103313446
3852,Yes,0.9310384392738342
3853,Yes,0.8486661314964294
3854,Yes,0.8723971843719482
3855,Yes,0.9260084629058838
3856,Yes,0.9389694929122925
3857,Yes,0.8008813858032227
3858,Yes,0.8168913125991821
3859,Yes,0.8542194366455078
3860,Yes,0.8603391051292419
3861,Yes,0.8957730531692505
3862,Yes,0.9467461109161377
3863,Yes,0.9569849371910095
3864,Yes,0.9615437984466553
3865,Yes,0.9583962559700012
3866,Yes,0.979190468788147
3867,Yes,0.973781168460846
3868,Yes,0.9788859486579895
3869,Yes,0.9183046221733093
3870,Yes,0.9593471884727478
3871,Yes,0.9620587229728699
3872,Yes,0.9679534435272217
3873,Yes,0.9156274199485779
3874,Yes,0.905735969543457
3875,Yes,0.9311262965202332
3876,Yes,0.9413583278656006
3877,Yes,0.9637615084648132
3878,Yes,0.9550302624702454
3879,Yes,0.9519119262695312
3880,Yes,0.9583143591880798
3881,Yes,0.922737181186676
3882,Yes,0.9388107061386108
3883,Yes,0.9494388103485107
3884,Yes,0.9508361220359802
3885,Yes,0.8655838370323181
3886,Yes,0.9169490337371826
3887,Yes,0.9179512858390808
3888,Yes,0.9190661311149597
3889,Yes,0.9499489068984985
3890,Yes,0.9503198266029358
3891,Yes,0.9735386967658997
3892,Yes,0.9628342986106873
3893,Yes,0.8854754567146301
3894,Yes,0.9020397067070007
3895,Yes,0.9641295075416565
3896,Yes,0.941342830657959
3897,Yes,0.9639983773231506
3898,Yes,0.9660125374794006
3899,Yes,0.9783911108970642
3900,Yes,0.9693112969398499
3901,Yes,0.965969979763031
3902,Yes,0.9655390381813049
3903,Yes,0.980420708656311
3904,Yes,0.9740943312644958
3905,Yes,0.9451892971992493
3906,Yes,0.9594076871871948
3907,Yes,0.9736636281013489
3908,Yes,0.9665502309799194
3909,Yes,0.9497073292732239
3910,Yes,0.9526892900466919
3911,Yes,0.9792482852935791
3912,Yes,0.9676447510719299
3913,Yes,0.9675007462501526
3914,Yes,0.9551595449447632
3915,Yes,0.979385256767273
3916,Yes,0.9710276126861572
3917,Yes,0.9530758857727051
3918,Yes,0.9225766658782959
3919,Yes,0.9460694193840027
3920,Yes,0.9130702614784241
3921,Yes,0.9523018598556519
3922,Yes,0.9418301582336426
3923,Yes,0.9743422865867615
3924,Yes,0.9636120200157166
3925,Yes,0.9809401035308838
3926,Yes,0.9713335633277893
3927,Yes,0.9834537506103516
3928,Yes,0.9797662496566772
3929,Yes,0.930943489074707
3930,Yes,0.9108600616455078
3931,Yes,0.9435497522354126
3932,Yes,0.9375138878822327
3933,Yes,0.9683136343955994
3934,Yes,0.9095550179481506
3935,Yes,0.9447475075721741
3936,Yes,0.9317817091941833
3937,Yes,0.9032271504402161
3938,Yes,0.8205374479293823
3939,Yes,0.9146559834480286
3940,Yes,0.8539571762084961
3941,Yes,0.9635987281799316
3942,Yes,0.9570841789245605
3943,Yes,0.9715379476547241
3944,Yes,0.9604544639587402
3945,Yes,0.9233450889587402
3946,Yes,0.9161361455917358
3947,Yes,0.9249611496925354
3948,Yes,0.8770450949668884
3949,Yes,0.9488967061042786
3950,Yes,0.932894229888916
3951,Yes,0.9630773067474365
3952,Yes,0.9395738840103149
3953,Yes,0.9746438264846802
3954,Yes,0.888882577419281
3955,Yes,0.9290770292282104
3956,Yes,0.878383457660675
3957,Yes,0.8532626032829285
3958,Yes,0.8477683067321777
3959,Yes,0.9486097097396851
3960,Yes,0.9282194972038269
3961,Yes,0.7896705865859985
3962,Yes,0.8218967914581299
3963,Yes,0.8611366152763367
3964,Yes,0.8662349581718445
3965,Yes,0.922636091709137
3966,Yes,0.9406731128692627
3967,Yes,0.9611677527427673
3968,Yes,0.9547927975654602
3969,Yes,0.8824113011360168
3970,Yes,0.8911021947860718
3971,Yes,0.8721047043800354
3972,Yes,0.8741844892501831
3973,Yes,0.763735294342041
3974,Yes,0.8059363961219788
3975,Yes,0.8265471458435059
3976,Yes,0.8535842299461365
3977,Yes,0.901141345500946
3978,Yes,0.8601400256156921
3979,Yes,0.9059439897537231
3980,Yes,0.9120839238166809
3981,Yes,0.8597187399864197
3982,Yes,0.8299307823181152
3983,Yes,0.8646367192268372
3984,Yes,0.8577238321304321
3985,Yes,0.9245027303695679
3986,Yes,0.9468823075294495
3987,Yes,0.9552088379859924
3988,Yes,0.9674069285392761
3989,Yes,0.8654038906097412
3990,Yes,0.9247749447822571
3991,Yes,0.9174410700798035
3992,Yes,0.9489201307296753
3993,Yes,0.8604217171669006
3994,Yes,0.9273698329925537
3995,Yes,0.8874933123588562
3996,Yes,0.9400081634521484
3997,Yes,0.9451875686645508
3998,Yes,0.9032479524612427
3999,Yes,0.8760639429092407
4000,Yes,0.9026118516921997
4001,Yes,0.9259896278381348
4002,Yes,0.9531670808792114
4003,Yes,0.956520140171051
4004,Yes,0.9676485657691956
4005,Yes,0.953305184841156
4006,Yes,0.94837886095047
4007,Yes,0.9592171907424927
4008,Yes,0.96164470911026
4009,Yes,0.8507099151611328
4010,Yes,0.8623700141906738
4011,Yes,0.8244271278381348
4012,Yes,0.8778659701347351
4013,Yes,0.8676422238349915
4014,Yes,0.8939306139945984
4015,Yes,0.8597594499588013
4016,Yes,0.9039266705513
4017,Yes,0.9019556045532227
4018,Yes,0.9203184843063354
4019,Yes,0.9136307835578918
4020,Yes,0.9321956038475037
4021,Yes,0.8507099151611328
4022,Yes,0.8623700141906738
4023,Yes,0.8244271278381348
4024,Yes,0.8778659701347351
4025,Yes,0.9378984570503235
4026,Yes,0.9339303374290466
4027,Yes,0.9227952361106873
4028,Yes,0.9398778080940247
4029,Yes,0.9130710363388062
4030,Yes,0.9521282315254211
4031,Yes,0.9516348242759705
4032,Yes,0.9633667469024658
4033,Yes,0.9668693542480469
4034,Yes,0.9475000500679016
4035,Yes,0.9731960892677307
4036,Yes,0.9492135047912598
4037,Yes,0.850246012210846
4038,Yes,0.8206405639648438
4039,Yes,0.9223238825798035
4040,Yes,0.8471287488937378
4041,Yes,0.926552951335907
4042,Yes,0.9150136709213257
4043,Yes,0.9752447009086609
4044,Yes,0.9303321838378906
4045,Yes,0.9511250257492065
4046,Yes,0.8623227477073669
4047,Yes,0.9345963597297668
4048,Yes,0.8994249701499939
4049,Yes,0.9061699509620667
4050,Yes,0.8805099129676819
4051,Yes,0.957508385181427
4052,Yes,0.9126461744308472
4053,Yes,0.9016000032424927
4054,Yes,0.8895540237426758
4055,Yes,0.9357948303222656
4056,Yes,0.8933911919593811
4057,Yes,0.9536548852920532
4058,Yes,0.9544141292572021
4059,Yes,0.9781926274299622
4060,Yes,0.9584929943084717
4061,Yes,0.9103447198867798
4062,Yes,0.8815248012542725
4063,Yes,0.961938738822937
4064,Yes,0.9098376631736755
4065,Yes,0.848941445350647
4066,Yes,0.6988351941108704
4067,Yes,0.9163706302642822
4068,Yes,0.7708942294120789
4069,Yes,0.954125702381134
4070,Yes,0.9591773748397827
4071,Yes,0.9678820967674255
4072,Yes,0.935705840587616
4073,Yes,0.9422727823257446
4074,Yes,0.9384002089500427
4075,Yes,0.975496232509613
4076,Yes,0.9556297659873962
4077,Yes,0.951990008354187
4078,Yes,0.9329978227615356
4079,Yes,0.9703292846679688
4080,Yes,0.9363745450973511
4081,Yes,0.8977749347686768
4082,Yes,0.8566523790359497
4083,Yes,0.9650368690490723
4084,Yes,0.8933227062225342
4085,Yes,0.8522493243217468
4086,Yes,0.8482600450515747
4087,Yes,0.9281127452850342
4088,Yes,0.858471691608429
4089,Yes,0.903439462184906
4090,Yes,0.8593307733535767
4091,Yes,0.9666444659233093
4092,Yes,0.8918880224227905
4093,Yes,0.9637569785118103
4094,Yes,0.947917640209198
4095,Yes,0.9761742949485779
4096,Yes,0.9583277702331543
4097,Yes,0.8832403421401978
4098,Yes,0.8902099132537842
4099,Yes,0.9158180356025696
4100,Yes,0.9038281440734863
4101,Yes,0.8065521121025085
4102,Yes,0.8452937602996826
4103,Yes,0.7392522096633911
4104,Yes,0.7968626022338867
4105,Yes,0.9012961387634277
4106,Yes,0.8911505937576294
4107,Yes,0.9176726341247559
4108,Yes,0.9172062873840332
4109,Yes,0.8560494780540466
4110,Yes,0.7738510966300964
4111,Yes,0.857104480266571
4112,Yes,0.8264716267585754
4113,Yes,0.9314350485801697
4114,Yes,0.9151731729507446
4115,Yes,0.9178000688552856
4116,Yes,0.8884922862052917
4117,Yes,0.8417784571647644
4118,Yes,0.7933593392372131
4119,Yes,0.7678965926170349
4120,Yes,0.7648179531097412
4121,Yes,0.8691321611404419
4122,Yes,0.8345537781715393
4123,Yes,0.8742617964744568
4124,Yes,0.8453187346458435
4125,Yes,0.9456207752227783
4126,Yes,0.9434988498687744
4127,Yes,0.9588639140129089
4128,Yes,0.9430136680603027
4129,Yes,0.9705275893211365
4130,Yes,0.9292474985122681
4131,Yes,0.9690096974372864
4132,Yes,0.9357651472091675
4133,Yes,0.901893675327301
4134,Yes,0.8698818683624268
4135,Yes,0.9842844009399414
4136,Yes,0.9364119172096252
4137,Yes,0.9664702415466309
4138,Yes,0.9132987856864929
4139,Yes,0.9672408699989319
4140,Yes,0.9403250813484192
4141,Yes,0.9552507400512695
4142,Yes,0.8618662357330322
4143,Yes,0.9756098389625549
4144,Yes,0.9182066321372986
4145,Yes,0.8980205655097961
4146,Yes,0.8462075591087341
4147,Yes,0.961818277835846
4148,Yes,0.9035820960998535
4149,Yes,0.9821208119392395
4150,Yes,0.9357969164848328
4151,Yes,0.9883735775947571
4152,Yes,0.9464004039764404
4153,Yes,0.9099497199058533
4154,Yes,0.8855372667312622
4155,Yes,0.954887866973877
4156,Yes,0.9021473526954651
4157,Yes,0.9211432933807373
4158,Yes,0.88529372215271
4159,Yes,0.97884202003479
4160,Yes,0.9333878755569458
4161,Yes,0.9248983860015869
4162,Yes,0.8170568943023682
4163,Yes,0.966953456401825
4164,Yes,0.912716269493103
4165,Yes,0.9607045650482178
4166,Yes,0.9404385089874268
4167,Yes,0.982675313949585
4168,Yes,0.9423097372055054
4169,Yes,0.9380934238433838
4170,Yes,0.8929763436317444
4171,Yes,0.9712731242179871
4172,Yes,0.9382345080375671
4173,Yes,0.9249593019485474
4174,Yes,0.8274887800216675
4175,Yes,0.9364244937896729
4176,Yes,0.9000007510185242
4177,Yes,0.8529629111289978
4178,Yes,0.831855833530426
4179,Yes,0.863364040851593
4180,Yes,0.8424094915390015
4181,Yes,0.8142051696777344
4182,Yes,0.8402971625328064
4183,Yes,0.8532268404960632
4184,Yes,0.8131716847419739
4185,Yes,0.9360443353652954
4186,Yes,0.9183744192123413
4187,Yes,0.9462438225746155
4188,Yes,0.9201743602752686
4189,Yes,0.920694887638092
4190,Yes,0.9334495663642883
4191,Yes,0.9482092261314392
4192,Yes,0.9247925877571106
4193,Yes,0.9615293741226196
4194,Yes,0.9553599953651428
4195,Yes,0.9641039371490479
4196,Yes,0.9496488571166992
4197,Yes,0.8114863634109497
4198,Yes,0.8379602432250977
4199,Yes,0.8526922464370728
4200,Yes,0.8286734223365784
4201,Yes,0.8991968631744385
4202,Yes,0.8107950687408447
4203,Yes,0.8778430819511414
4204,Yes,0.8596274852752686
4205,Yes,0.9203716516494751
4206,Yes,0.9004296660423279
4207,Yes,0.9343425631523132
4208,Yes,0.8982375264167786
4209,Yes,0.9574769139289856
4210,Yes,0.921926736831665
4211,Yes,0.9491904377937317
4212,Yes,0.9249759912490845
4213,Yes,0.8883378505706787
4214,Yes,0.9128333330154419
4215,Yes,0.9421093463897705
4216,Yes,0.9146015644073486
4217,Yes,0.9616042375564575
4218,Yes,0.9443039894104004
4219,Yes,0.9276072382926941
4220,Yes,0.8967404365539551
4221,Yes,0.8775705695152283
4222,Yes,0.9075719714164734
4223,Yes,0.9321005344390869
4224,Yes,0.9023452401161194
4225,Yes,0.9291137456893921
4226,Yes,0.9691625237464905
4227,Yes,0.950139045715332
4228,Yes,0.9843197464942932
4229,Yes,0.8788241744041443
4230,Yes,0.9663073420524597
4231,Yes,0.9182447195053101
4232,Yes,0.9648897051811218
4233,Yes,0.9476127624511719
4234,Yes,0.9748945832252502
4235,Yes,0.9590599536895752
4236,Yes,0.982509434223175
4237,Yes,0.8392700552940369
4238,Yes,0.9388619661331177
4239,Yes,0.9136041402816772
4240,Yes,0.9674131870269775
4241,Yes,0.8744261264801025
4242,Yes,0.9559894800186157
4243,Yes,0.8979035019874573
4244,Yes,0.9646767973899841
4245,Yes,0.9356175065040588
4246,Yes,0.9678775668144226
4247,Yes,0.9170081615447998
4248,Yes,0.9760695099830627
4249,Yes,0.9170224666595459
4250,Yes,0.972073495388031
4251,Yes,0.954321026802063
4252,Yes,0.9807906150817871
4253,Yes,0.8440802693367004
4254,Yes,0.9285175204277039
4255,Yes,0.9358272552490234
4256,Yes,0.9733781218528748
4257,Yes,0.9570363759994507
4258,Yes,0.9174007773399353
4259,Yes,0.9566432237625122
4260,Yes,0.9352843761444092
4261,Yes,0.8597183227539062
4262,Yes,0.8338688015937805
4263,Yes,0.9046272039413452
4264,Yes,0.8663228750228882
4265,Yes,0.8811464309692383
4266,Yes,0.8042966723442078
4267,Yes,0.9002389907836914
4268,Yes,0.8680270910263062
4269,Yes,0.8606322407722473
4270,Yes,0.8649494647979736
4271,Yes,0.9147838950157166
4272,Yes,0.8746445775032043
4273,Yes,0.8732206225395203
4274,Yes,0.8920239210128784
4275,Yes,0.936567485332489
4276,Yes,0.9278455972671509
4277,Yes,0.9657460451126099
4278,Yes,0.943457305431366
4279,Yes,0.9723541140556335
4280,Yes,0.9587131142616272
4281,Yes,0.9256994128227234
4282,Yes,0.8914878368377686
4283,Yes,0.9611687064170837
4284,Yes,0.9381698369979858
4285,Yes,0.8903163075447083
4286,Yes,0.8900343775749207
4287,Yes,0.9376540184020996
4288,Yes,0.917426586151123
4289,Yes,0.872276782989502
4290,Yes,0.9083174467086792
4291,Yes,0.8873052597045898
4292,Yes,0.8291990160942078
4293,Yes,0.8663747906684875
4294,Yes,0.8343132138252258
4295,Yes,0.9049640893936157
4296,Yes,0.8449581265449524
4297,Yes,0.8426225185394287
4298,Yes,0.730116069316864
4299,Yes,0.8411670327186584
4300,Yes,0.776348888874054
4301,Yes,0.8138856291770935
4302,Yes,0.8092203140258789
4303,Yes,0.8716527819633484
4304,Yes,0.8277689218521118
4305,Yes,0.8638367652893066
4306,Yes,0.7652521729469299
4307,Yes,0.8390441536903381
4308,Yes,0.7824115753173828
4309,Yes,0.8191518783569336
4310,Yes,0.7890120148658752
4311,Yes,0.8379815220832825
4312,Yes,0.7696213126182556
4313,Yes,0.847379744052887
4314,Yes,0.8601933121681213
4315,Yes,0.909110963344574
4316,Yes,0.8881216645240784
4317,Yes,0.8249873518943787
4318,Yes,0.8037477135658264
4319,Yes,0.8997880220413208
4320,Yes,0.8621994256973267
4321,Yes,0.7708191871643066
4322,Yes,0.8124870657920837
4323,Yes,0.8117897510528564
4324,Yes,0.7675517797470093
4325,Yes,0.7969505786895752
4326,Yes,0.7994470000267029
4327,Yes,0.8475346565246582
4328,Yes,0.7950239777565002
4329,Yes,0.8020901083946228
4330,Yes,0.7627128958702087
4331,Yes,0.8360952138900757
4332,Yes,0.8095591068267822
4333,Yes,0.8506571650505066
4334,Yes,0.7661516070365906
4335,Yes,0.8710446357727051
4336,Yes,0.8331724405288696
4337,Yes,0.8722482919692993
4338,Yes,0.797911524772644
4339,Yes,0.8972377777099609
4340,Yes,0.8507065773010254
4341,Yes,0.9421415328979492
4342,Yes,0.9316192865371704
4343,Yes,0.9379773139953613
4344,Yes,0.8975188732147217
4345,Yes,0.794109582901001
4346,Yes,0.794432520866394
4347,Yes,0.8848009705543518
4348,Yes,0.8387467861175537
4349,Yes,0.880542516708374
4350,Yes,0.865882158279419
4351,Yes,0.9190866947174072
4352,Yes,0.8743346929550171
4353,Yes,0.9141437411308289
4354,Yes,0.9133294224739075
4355,Yes,0.9474360942840576
4356,Yes,0.913224995136261
4357,Yes,0.8624679446220398
4358,Yes,0.7617236971855164
4359,Yes,0.8622528910636902
4360,Yes,0.8372321128845215
4361,Yes,0.8915225863456726
4362,Yes,0.8890663981437683
4363,Yes,0.9196433424949646
4364,Yes,0.8904152512550354
4365,Yes,0.7238795161247253
4366,Yes,0.7763514518737793
4367,Yes,0.8632317781448364
4368,Yes,0.8085010647773743
4369,Yes,0.9321191310882568
4370,Yes,0.9342567324638367
4371,Yes,0.9492517709732056
4372,Yes,0.9516089558601379
4373,Yes,0.9110780358314514
4374,Yes,0.9487309455871582
4375,Yes,0.9656937122344971
4376,Yes,0.9673033356666565
4377,Yes,0.8909325003623962
4378,Yes,0.8847377300262451
4379,Yes,0.9382163882255554
4380,Yes,0.9417867064476013
4381,Yes,0.8923164010047913
4382,Yes,0.8523393869400024
4383,Yes,0.9301418662071228
4384,Yes,0.9351211190223694
4385,Yes,0.8916625380516052
4386,Yes,0.9586767554283142
4387,Yes,0.9718314409255981
4388,Yes,0.9722846746444702
4389,Yes,0.8809656500816345
4390,Yes,0.9017050862312317
4391,Yes,0.9287113547325134
4392,Yes,0.9370574355125427
4393,Yes,0.9311368465423584
4394,Yes,0.9402605891227722
4395,Yes,0.9557960629463196
4396,Yes,0.9570385813713074
4397,Yes,0.9145245552062988
4398,Yes,0.9343116283416748
4399,Yes,0.9548611640930176
4400,Yes,0.9581601023674011
4401,Yes,0.8819136023521423
4402,Yes,0.9079638123512268
4403,Yes,0.8954419493675232
4404,Yes,0.9259695410728455
4405,Yes,0.8926399350166321
4406,Yes,0.9236134886741638
4407,Yes,0.88559889793396
4408,Yes,0.9356429576873779
4409,Yes,0.9176179766654968
4410,Yes,0.9618780016899109
4411,Yes,0.935332715511322
4412,Yes,0.9472134709358215
4413,Yes,0.8216561675071716
4414,Yes,0.8681506514549255
4415,Yes,0.8518237471580505
4416,Yes,0.8813127279281616
