item,label,p_yes
1,No,0.24049021303653717
2,No,0.40345439314842224
3,No,0.30060404539108276
4,No,0.4412614405155182
5,No,0.18654148280620575
6,No,0.19744308292865753
7,No,0.20751100778579712
8,No,0.25415030121803284
9,No,0.06558966636657715
10,No,0.08286824077367783
11,No,0.06997597962617874
12,No,0.09157419204711914
13,No,0.07271665334701538
14,No,0.06322802603244781
15,No,0.06215956062078476
16,No,0.05361032113432884
17,No,0.07828106731176376
18,No,0.09211153537034988
19,No,0.10181158781051636
20,No,0.12287784367799759
21,No,0.09781762212514877
22,No,0.07462667673826218
23,No,0.060452233999967575
24,No,0.09483975172042847
25,No,0.4076704978942871
26,Yes,0.5213708281517029
27,No,0.14692384004592896
28,No,0.2729325592517853
29,No,0.05799252167344093
30,No,0.06208144500851631
31,No,0.03693009912967682
32,No,0.04463300481438637
33,No,0.11615163087844849
34,No,0.10884025692939758
35,No,0.10930738598108292
36,No,0.12977661192417145
37,No,0.1656373292207718
38,No,0.1415909081697464
39,No,0.11710745841264725
40,No,0.15753713250160217
41,No,0.10935619473457336
42,No,0.08378522098064423
43,No,0.06853243708610535
44,No,0.07624267041683197
45,No,0.11801715195178986
46,No,0.0813475176692009
47,No,0.0759085938334465
48,No,0.08476802706718445
49,No,0.08014393597841263
50,No,0.047871001064777374
51,No,0.05976347625255585
52,No,0.06416735053062439
53,No,0.04450824484229088
54,No,0.03773500770330429
55,No,0.029799029231071472
56,No,0.029644835740327835
57,No,0.10487852245569229
58,No,0.08642612397670746
59,No,0.08296138793230057
60,No,0.07481182366609573
61,No,0.18546581268310547
62,No,0.10308750718832016
63,No,0.17584484815597534
64,No,0.12041569501161575
65,No,0.12624390423297882
66,No,0.09023848176002502
67,No,0.11054231226444244
68,No,0.118634894490242
69,No,0.07058503478765488
70,No,0.04946449026465416
71,No,0.037082310765981674
72,No,0.03452039137482643
73,No,0.06816305220127106
74,No,0.05898548290133476
75,No,0.05025620013475418
76,No,0.0469500869512558
77,No,0.08174622058868408
78,No,0.071843221783638
79,No,0.07959967106580734
80,No,0.07719488441944122
81,No,0.061864569783210754
82,No,0.08343794196844101
83,No,0.05428691580891609
84,No,0.06376580148935318
85,No,0.05224898084998131
86,No,0.10811296850442886
87,No,0.03191676735877991
88,No,0.04425030201673508
89,No,0.09839440137147903
90,No,0.13696186244487762
91,No,0.10038413852453232
92,No,0.09238243848085403
93,No,0.1206217110157013
94,No,0.11163726449012756
95,No,0.14744752645492554
96,No,0.1123298704624176
97,No,0.06982176005840302
98,No,0.08840437978506088
99,No,0.06165125593543053
100,No,0.06371521204710007
101,No,0.17906463146209717
102,No,0.0581444576382637
103,No,0.03109930269420147
104,No,0.045897193253040314
105,No,0.055391352623701096
106,No,0.05524737387895584
107,No,0.026479311287403107
108,No,0.03453823924064636
109,No,0.10057079792022705
110,No,0.09144652634859085
111,No,0.05716145038604736
112,No,0.06853590160608292
113,No,0.050551608204841614
114,No,0.06164390221238136
115,No,0.03711678087711334
116,No,0.040822457522153854
117,No,0.18523269891738892
118,No,0.11267195641994476
119,No,0.03564583882689476
120,No,0.04207038879394531
121,No,0.07040020823478699
122,No,0.08583003282546997
123,No,0.04836992919445038
124,No,0.058566343039274216
125,No,0.07910340279340744
126,No,0.0640779361128807
127,No,0.0631369948387146
128,No,0.06473837047815323
129,No,0.07978806644678116
130,No,0.09120173007249832
131,No,0.09236155450344086
132,No,0.08933370560407639
133,No,0.1429080367088318
134,No,0.10572841763496399
135,No,0.13172398507595062
136,No,0.1318531334400177
137,No,0.05420198291540146
138,No,0.061190973967313766
139,No,0.040204476565122604
140,No,0.03891986608505249
141,No,0.051623061299324036
142,No,0.052280109375715256
143,No,0.03659481182694435
144,No,0.03695964068174362
145,No,0.06995741277933121
146,No,0.06091100350022316
147,No,0.04716140404343605
148,No,0.04890291765332222
149,No,0.05420198291540146
150,No,0.061190973967313766
151,No,0.040204476565122604
152,No,0.03891986608505249
153,No,0.3517974615097046
154,No,0.2907507121562958
155,No,0.2581201493740082
156,No,0.16503626108169556
157,No,0.05749230086803436
158,No,0.04001228138804436
159,No,0.05253014713525772
160,No,0.056954432278871536
161,No,0.059579476714134216
162,No,0.06467409431934357
163,No,0.0393269881606102
164,No,0.03176518529653549
165,No,0.290650337934494
166,No,0.11229662597179413
167,No,0.10923060029745102
168,No,0.127104714512825
169,No,0.414462685585022
170,No,0.16277030110359192
171,No,0.1738308221101761
172,No,0.19083751738071442
173,No,0.11356675624847412
174,No,0.07427705079317093
175,No,0.05855263024568558
176,No,0.049925606697797775
177,No,0.1597917526960373
178,No,0.24375566840171814
179,No,0.25452056527137756
180,No,0.19294995069503784
181,No,0.08026207983493805
182,No,0.04708614945411682
183,No,0.038665369153022766
184,No,0.03136739507317543
185,No,0.0882907435297966
186,No,0.0945664644241333
187,No,0.07257440686225891
188,No,0.07477796822786331
189,No,0.2978591322898865
190,Yes,0.5063798427581787
191,No,0.3014863133430481
192,No,0.2838989198207855
193,No,0.07162068784236908
194,No,0.10103721171617508
195,No,0.10156042873859406
196,No,0.1034243032336235
197,Yes,0.8295243978500366
198,Yes,0.9082976579666138
199,Yes,0.8200234174728394
200,Yes,0.7534758448600769
201,No,0.056303419172763824
202,No,0.05963946506381035
203,No,0.04832812398672104
204,No,0.047683048993349075
205,No,0.15209922194480896
206,No,0.0689290463924408
207,No,0.05204831436276436
208,No,0.05110793933272362
209,No,0.051533207297325134
210,No,0.04983160272240639
211,No,0.06476160883903503
212,No,0.05697688087821007
213,No,0.05602795258164406
214,No,0.09256391227245331
215,No,0.07450690120458603
216,No,0.043406859040260315
217,No,0.062156036496162415
218,No,0.053890638053417206
219,No,0.059164199978113174
220,No,0.05452615022659302
221,No,0.14507697522640228
222,No,0.07804267108440399
223,No,0.07801983505487442
224,No,0.08793311566114426
225,No,0.1331421136856079
226,No,0.05037718266248703
227,No,0.056965023279190063
228,No,0.03115880861878395
229,No,0.20187440514564514
230,No,0.09813060611486435
231,No,0.12440362572669983
232,No,0.055990319699048996
233,No,0.33447515964508057
234,No,0.15217266976833344
235,Yes,0.5047183036804199
236,No,0.16537100076675415
237,No,0.17873023450374603
238,No,0.07029946148395538
239,No,0.16383785009384155
240,No,0.07421758770942688
241,No,0.15788649022579193
242,No,0.11549341678619385
243,No,0.1287611722946167
244,No,0.07500820606946945
245,No,0.3486160337924957
246,No,0.1001507118344307
247,No,0.39538443088531494
248,No,0.0886269062757492
249,No,0.21223841607570648
250,No,0.08627309650182724
251,No,0.14328451454639435
252,No,0.04801937937736511
253,No,0.10580841451883316
254,No,0.09269900619983673
255,No,0.1163245439529419
256,No,0.06434165686368942
257,No,0.11646490544080734
258,No,0.04656466469168663
259,No,0.07438421994447708
260,No,0.03994257375597954
261,No,0.1772964894771576
262,No,0.13033345341682434
263,No,0.16829252243041992
264,No,0.10901287943124771
265,No,0.15022040903568268
266,No,0.0694911852478981
267,No,0.13345210254192352
268,No,0.07598724961280823
269,No,0.1375221610069275
270,No,0.06280507147312164
271,No,0.08892752975225449
272,No,0.05885789543390274
273,No,0.13018622994422913
274,No,0.08061486482620239
275,No,0.1432076096534729
276,No,0.08685126900672913
277,No,0.05005641654133797
278,No,0.04633690416812897
279,No,0.036654990166425705
280,No,0.028516782447695732
281,No,0.13828273117542267
282,No,0.07921285182237625
283,No,0.06302826851606369
284,No,0.06166593357920647
285,No,0.13344334065914154
286,No,0.14625674486160278
287,No,0.046556007117033005
288,No,0.056030381470918655
289,No,0.07371555268764496
290,No,0.05106881260871887
291,No,0.04505501687526703
292,No,0.031406037509441376
293,No,0.05831090733408928
294,No,0.04765976965427399
295,No,0.026160918176174164
296,No,0.018675772473216057
297,No,0.127783864736557
298,No,0.04716523736715317
299,No,0.045322999358177185
300,No,0.03497321531176567
301,No,0.2751762568950653
302,No,0.21331356465816498
303,No,0.09411395341157913
304,No,0.08217751234769821
305,No,0.1845475137233734
306,No,0.3656412959098816
307,No,0.269131600856781
308,No,0.26563891768455505
309,No,0.13593614101409912
310,No,0.2574442923069
311,No,0.08225304633378983
312,No,0.11395625025033951
313,No,0.07463851571083069
314,No,0.13088694214820862
315,No,0.06231464818120003
316,No,0.08817048370838165
317,No,0.05785462260246277
318,No,0.10055936127901077
319,No,0.07736852765083313
320,No,0.08650459349155426
321,No,0.12032171338796616
322,No,0.25530171394348145
323,No,0.1640647053718567
324,No,0.1845589578151703
325,No,0.08398885279893875
326,No,0.13412979245185852
327,No,0.10584823042154312
328,No,0.1463901847600937
329,No,0.1944350302219391
330,No,0.2870468199253082
331,No,0.22559556365013123
332,No,0.27852165699005127
333,Yes,0.7417615652084351
334,Yes,0.700553297996521
335,Yes,0.5745677947998047
336,Yes,0.6660304069519043
337,No,0.167183056473732
338,No,0.17211996018886566
339,No,0.11459006369113922
340,No,0.11974713951349258
341,No,0.06771092861890793
342,No,0.0909513533115387
343,No,0.06089646369218826
344,No,0.06905960291624069
345,No,0.06179936230182648
346,No,0.058470115065574646
347,No,0.049002569168806076
348,No,0.04953721538186073
349,No,0.12166856974363327
350,No,0.11760043352842331
351,No,0.10345767438411713
352,No,0.0912601426243782
353,No,0.11897588521242142
354,No,0.12047386169433594
355,No,0.11638383567333221
356,No,0.12427631765604019
357,No,0.0681065246462822
358,No,0.04918105900287628
359,No,0.036012373864650726
360,No,0.043354641646146774
361,No,0.1332201510667801
362,No,0.15239998698234558
363,No,0.10568555444478989
364,No,0.14093005657196045
365,No,0.05843434855341911
366,No,0.0402371846139431
367,No,0.039068084210157394
368,No,0.0518675222992897
369,No,0.07824687659740448
370,No,0.08795873075723648
371,No,0.08551621437072754
372,No,0.07846206426620483
373,No,0.043101560324430466
374,No,0.043266333639621735
375,No,0.03446641564369202
376,No,0.03420155867934227
377,No,0.07790360599756241
378,No,0.06501864641904831
379,No,0.061777133494615555
380,No,0.057755887508392334
381,No,0.11456281691789627
382,No,0.09789719432592392
383,No,0.08010277152061462
384,No,0.07292244583368301
385,No,0.38621586561203003
386,No,0.22318820655345917
387,No,0.19488511979579926
388,No,0.16785433888435364
389,No,0.12549038231372833
390,No,0.08389080315828323
391,No,0.10625134408473969
392,No,0.10248331725597382
393,No,0.09945168346166611
394,No,0.07416878640651703
395,No,0.07480952143669128
396,No,0.0673733502626419
397,No,0.05282524228096008
398,No,0.05691925436258316
399,No,0.049636781215667725
400,No,0.06442784518003464
401,No,0.04179849848151207
402,No,0.026683179661631584
403,No,0.0380747951567173
404,No,0.029593996703624725
405,No,0.07333851605653763
406,No,0.03866777569055557
407,No,0.040780555456876755
408,No,0.03643958270549774
409,No,0.13700395822525024
410,No,0.08056002110242844
411,No,0.07308107614517212
412,No,0.05487334728240967
413,No,0.1223786473274231
414,No,0.06364452093839645
415,No,0.07923561334609985
416,No,0.050113778561353683
417,No,0.04478953033685684
418,No,0.04291708022356033
419,No,0.041890524327754974
420,No,0.0378931500017643
421,No,0.06384075433015823
422,No,0.0516020692884922
423,No,0.05211799964308739
424,No,0.05734489858150482
425,No,0.20551368594169617
426,No,0.33169713616371155
427,No,0.12253010272979736
428,No,0.14837603271007538
429,No,0.12764602899551392
430,No,0.08329438418149948
431,No,0.11423855274915695
432,No,0.11466217041015625
433,No,0.06361138820648193
434,No,0.05649087205529213
435,No,0.04980262741446495
436,No,0.045853391289711
437,No,0.2239479124546051
438,No,0.08174054324626923
439,No,0.0481238029897213
440,No,0.042550425976514816
441,No,0.08972983062267303
442,No,0.13320375978946686
443,No,0.07322745770215988
444,No,0.08777469396591187
445,No,0.06583140045404434
446,No,0.042771875858306885
447,No,0.030418163165450096
448,No,0.029944777488708496
449,No,0.0537208616733551
450,No,0.07290388643741608
451,No,0.06343993544578552
452,No,0.08860467374324799
453,No,0.0961933583021164
454,No,0.11177176237106323
455,No,0.13632485270500183
456,No,0.10331322997808456
457,No,0.06561361253261566
458,No,0.03714228421449661
459,No,0.02556951344013214
460,No,0.028271842747926712
461,No,0.15902790427207947
462,No,0.08869991451501846
463,No,0.08706831187009811
464,No,0.06733949482440948
465,No,0.075131855905056
466,No,0.12231333553791046
467,No,0.05365797132253647
468,No,0.06810712814331055
469,No,0.06995532661676407
470,No,0.05679146945476532
471,No,0.09100039303302765
472,No,0.05869023874402046
473,No,0.08046378940343857
474,No,0.10806959122419357
475,No,0.07892259210348129
476,No,0.07336495071649551
477,No,0.04597361013293266
478,No,0.05582033842802048
479,No,0.043324679136276245
480,No,0.04350042715668678
481,No,0.0812881663441658
482,No,0.08443903923034668
483,No,0.07491187751293182
484,No,0.08798693865537643
485,No,0.17522168159484863
486,No,0.25143298506736755
487,No,0.11132504791021347
488,No,0.09431356936693192
489,No,0.0684252604842186
490,No,0.062170304358005524
491,No,0.052220020443201065
492,No,0.04657411947846413
493,No,0.06537171453237534
494,No,0.04357928782701492
495,No,0.03995019197463989
496,No,0.041963495314121246
497,No,0.06478327512741089
498,No,0.11499752849340439
499,No,0.08323629200458527
500,No,0.053643565624952316
501,No,0.12154997885227203
502,No,0.11489428579807281
503,No,0.07411035150289536
504,No,0.07528072595596313
505,No,0.071770079433918
506,No,0.08245892822742462
507,No,0.06637340784072876
508,No,0.060344986617565155
509,No,0.039842333644628525
510,No,0.027730824425816536
511,No,0.029521755874156952
512,No,0.030548132956027985
513,No,0.07645818591117859
514,No,0.12064219266176224
515,No,0.07208486646413803
516,No,0.062012072652578354
517,No,0.19544188678264618
518,No,0.15022478997707367
519,No,0.23785820603370667
520,No,0.2794274389743805
521,No,0.14784519374370575
522,No,0.12265914678573608
523,No,0.12080058455467224
524,No,0.08585023134946823
525,No,0.33744245767593384
526,No,0.1443621814250946
527,No,0.22938281297683716
528,No,0.14703060686588287
529,No,0.07748869806528091
530,No,0.0643768459558487
531,No,0.08409270644187927
532,No,0.07007089257240295
533,No,0.12614309787750244
534,No,0.09759416431188583
535,No,0.17316140234470367
536,No,0.13084197044372559
537,No,0.10807162523269653
538,No,0.12365378439426422
539,No,0.1023048684000969
540,No,0.1290537565946579
541,No,0.07538314163684845
542,No,0.0677548199892044
543,No,0.09748730063438416
544,No,0.07870123535394669
545,No,0.09518767893314362
546,No,0.18514476716518402
547,No,0.27062758803367615
548,No,0.09774193912744522
549,No,0.3548206686973572
550,No,0.4641651213169098
551,Yes,0.5092399716377258
552,No,0.4676516652107239
553,No,0.05587626248598099
554,No,0.062314052134752274
555,No,0.03504396602511406
556,No,0.038479313254356384
557,No,0.06683912128210068
558,No,0.032399095594882965
559,No,0.019865477457642555
560,No,0.016745131462812424
561,No,0.08949125558137894
562,No,0.09022499620914459
563,No,0.06643872708082199
564,No,0.07194831967353821
565,No,0.0893462598323822
566,No,0.12661653757095337
567,No,0.05402333289384842
568,No,0.06388089805841446
569,No,0.05059535801410675
570,No,0.04898449033498764
571,No,0.035273220390081406
572,No,0.03475060313940048
573,No,0.053835414350032806
574,No,0.08233927935361862
575,No,0.06247370317578316
576,No,0.05919169634580612
577,No,0.07222168892621994
578,No,0.04965588077902794
579,No,0.042128704488277435
580,No,0.0371689572930336
581,No,0.07628090679645538
582,No,0.05944998934864998
583,No,0.04079417511820793
584,No,0.043117642402648926
585,No,0.2303963303565979
586,No,0.2638983130455017
587,No,0.22193343937397003
588,No,0.22906143963336945
589,No,0.0635937824845314
590,No,0.06675828993320465
591,No,0.04893858730792999
592,No,0.04709843173623085
593,No,0.060211390256881714
594,No,0.050073716789484024
595,No,0.0580928735435009
596,No,0.04616573825478554
597,No,0.10310336947441101
598,No,0.1459370106458664
599,No,0.10335315763950348
600,No,0.11926980316638947
601,No,0.1804240196943283
602,No,0.16943980753421783
603,No,0.1432092785835266
604,No,0.13004663586616516
605,No,0.0463276132941246
606,No,0.04713280126452446
607,No,0.03292299807071686
608,No,0.032656311988830566
609,No,0.06083010509610176
610,No,0.04467117041349411
611,No,0.03607742115855217
612,No,0.040241874754428864
613,No,0.04980246350169182
614,No,0.08073863387107849
615,No,0.023483270779252052
616,No,0.0226349625736475
617,No,0.11392249166965485
618,No,0.2376202791929245
619,No,0.12686221301555634
620,No,0.22012917697429657
621,No,0.09424663335084915
622,No,0.14536665380001068
623,No,0.05991722643375397
624,No,0.12164640426635742
625,No,0.07814767956733704
626,No,0.06823842972517014
627,No,0.039530400186777115
628,No,0.04999972879886627
629,No,0.05795027315616608
630,No,0.06175001710653305
631,No,0.034552302211523056
632,No,0.050446297973394394
633,No,0.03042137809097767
634,No,0.04525156691670418
635,No,0.021424582228064537
636,No,0.021487776190042496
637,No,0.17254184186458588
638,No,0.11678162217140198
639,No,0.11525357514619827
640,No,0.09817888587713242
641,No,0.030001800507307053
642,No,0.049544334411621094
643,No,0.037927817553281784
644,No,0.04415449500083923
645,No,0.04374805837869644
646,No,0.05951248109340668
647,No,0.036482203751802444
648,No,0.05927449092268944
649,No,0.09633710980415344
650,No,0.08664340525865555
651,No,0.08718718588352203
652,No,0.08832000941038132
653,No,0.11956952512264252
654,No,0.15227212011814117
655,No,0.060225535184144974
656,No,0.08150355517864227
657,No,0.12681324779987335
658,No,0.078839510679245
659,No,0.12106668949127197
660,No,0.09549743682146072
661,No,0.12975160777568817
662,No,0.06279117614030838
663,No,0.06643276661634445
664,No,0.058334287256002426
665,No,0.08591414988040924
666,No,0.0635746419429779
667,No,0.07736621052026749
668,No,0.06374677270650864
669,No,0.08868101239204407
670,No,0.0659707561135292
671,No,0.06809619069099426
672,No,0.05581749603152275
673,No,0.04067537188529968
674,No,0.03622563183307648
675,No,0.03603505715727806
676,No,0.029501931741833687
677,No,0.12790130078792572
678,No,0.07195565849542618
679,No,0.06608768552541733
680,No,0.06303079426288605
681,No,0.14350707828998566
682,No,0.24974936246871948
683,No,0.033323243260383606
684,No,0.022487010806798935
685,No,0.07502108067274094
686,No,0.06287840753793716
687,No,0.07184027135372162
688,No,0.06806335598230362
689,No,0.0653885155916214
690,No,0.055880576372146606
691,No,0.10263063758611679
692,No,0.10271955281496048
693,No,0.12009920179843903
694,No,0.0662844106554985
695,No,0.16984303295612335
696,No,0.09300997108221054
697,No,0.08785504102706909
698,No,0.07485949248075485
699,No,0.08115389943122864
700,No,0.07420456409454346
701,No,0.20153747498989105
702,No,0.2041773647069931
703,No,0.18244168162345886
704,No,0.11181268841028214
705,No,0.12681324779987335
706,No,0.078839510679245
707,No,0.12106668949127197
708,No,0.09549743682146072
709,No,0.08868101239204407
710,No,0.0659707561135292
711,No,0.06809619069099426
712,No,0.05581749603152275
713,No,0.06443952769041061
714,No,0.09801477193832397
715,No,0.05622813105583191
716,No,0.04754525423049927
717,No,0.14800184965133667
718,No,0.1146649494767189
719,No,0.13401904702186584
720,No,0.12546272575855255
721,No,0.046585679054260254
722,No,0.04412475600838661
723,No,0.032602451741695404
724,No,0.04089665785431862
725,No,0.09609171003103256
726,No,0.0593998022377491
727,No,0.04705596715211868
728,No,0.04579606652259827
729,No,0.047593049705028534
730,No,0.04690680652856827
731,No,0.03151160478591919
732,No,0.041810087859630585
733,No,0.05583817884325981
734,No,0.02890932559967041
735,No,0.030237872153520584
736,No,0.03469143062829971
737,No,0.05068894103169441
738,No,0.049929868429899216
739,No,0.02753179706633091
740,No,0.033751700073480606
741,No,0.039254091680049896
742,No,0.05420587956905365
743,No,0.05163794755935669
744,No,0.041844651103019714
745,No,0.12301817536354065
746,No,0.1714208424091339
747,No,0.15805043280124664
748,No,0.1627846211194992
749,No,0.03274257108569145
750,No,0.07593034207820892
751,No,0.04049249738454819
752,No,0.04214004427194595
753,No,0.16945241391658783
754,No,0.18880072236061096
755,No,0.16477642953395844
756,No,0.1642926037311554
757,No,0.04994010552763939
758,No,0.11649627238512039
759,No,0.22036634385585785
760,No,0.2165357768535614
761,No,0.13533388078212738
762,No,0.2051762342453003
763,No,0.2384650856256485
764,No,0.25157037377357483
765,No,0.0742393434047699
766,No,0.0948491021990776
767,No,0.07654153555631638
768,No,0.08627808094024658
769,No,0.045745428651571274
770,No,0.0468512661755085
771,No,0.05166831612586975
772,No,0.040154483169317245
773,No,0.053626760840415955
774,No,0.045431479811668396
775,No,0.03380536660552025
776,No,0.024121979251503944
777,No,0.02458401396870613
778,No,0.03404170647263527
779,No,0.02311870828270912
780,No,0.022325405851006508
781,No,0.10840785503387451
782,No,0.09649845957756042
783,No,0.0918128713965416
784,No,0.07293476909399033
785,No,0.04501010850071907
786,No,0.04511843994259834
787,No,0.03731834143400192
788,No,0.030093174427747726
789,No,0.11149012297391891
790,No,0.11201494187116623
791,No,0.11697119474411011
792,No,0.09678666293621063
793,No,0.0981736034154892
794,No,0.047480326145887375
795,No,0.020477116107940674
796,No,0.017641929909586906
797,No,0.056798338890075684
798,No,0.03939691185951233
799,No,0.05490446835756302
800,No,0.04853241890668869
801,No,0.03742429241538048
802,No,0.02635335363447666
803,No,0.03135240450501442
804,No,0.025098763406276703
805,No,0.10441187769174576
806,No,0.10491505265235901
807,No,0.11027082055807114
808,No,0.12863074243068695
809,No,0.06827795505523682
810,No,0.06900966912508011
811,No,0.05569056048989296
812,No,0.04818270727992058
813,No,0.03313076123595238
814,No,0.03528209775686264
815,No,0.031993526965379715
816,No,0.037412870675325394
817,No,0.05587686225771904
818,No,0.07114813476800919
819,No,0.05051852762699127
820,No,0.05706251412630081
821,No,0.15794773399829865
822,No,0.23288600146770477
823,No,0.15073150396347046
824,No,0.14456439018249512
825,No,0.09002622961997986
826,No,0.0749954953789711
827,No,0.08121570199728012
828,No,0.0869574323296547
829,No,0.06466102600097656
830,No,0.07690797746181488
831,No,0.04060715064406395
832,No,0.05396001785993576
833,No,0.06496071815490723
834,No,0.06127666309475899
835,No,0.0651089996099472
836,No,0.06415542215108871
837,No,0.06870090961456299
838,No,0.07366631180047989
839,No,0.07449514418840408
840,No,0.06806100904941559
841,No,0.05587686225771904
842,No,0.07114813476800919
843,No,0.05051852762699127
844,No,0.05706251412630081
845,No,0.055982690304517746
846,No,0.1023196429014206
847,No,0.06001031771302223
848,No,0.09038875997066498
849,No,0.17472797632217407
850,No,0.3155829906463623
851,No,0.18944178521633148
852,No,0.17533281445503235
853,No,0.15526603162288666
854,No,0.1488839089870453
855,No,0.12108952552080154
856,No,0.15107743442058563
857,No,0.08950814604759216
858,No,0.05970790982246399
859,No,0.0684734359383583
860,No,0.06793572008609772
861,No,0.3210817277431488
862,No,0.1769002079963684
863,No,0.22650571167469025
864,No,0.2540188133716583
865,No,0.45706427097320557
866,Yes,0.5601367354393005
867,No,0.4887871742248535
868,No,0.44919079542160034
869,No,0.10541017353534698
870,No,0.24676570296287537
871,No,0.060506485402584076
872,No,0.06358203291893005
873,No,0.18947036564350128
874,No,0.0887412503361702
875,No,0.09030519425868988
876,No,0.08025126159191132
877,No,0.12631841003894806
878,No,0.09577301889657974
879,No,0.12446095794439316
880,No,0.15562519431114197
881,No,0.22887998819351196
882,No,0.3427334725856781
883,No,0.10223786532878876
884,No,0.10781808942556381
885,No,0.08772101998329163
886,No,0.0684971809387207
887,No,0.0485052764415741
888,No,0.0407089926302433
889,No,0.21038150787353516
890,No,0.15452799201011658
891,No,0.18349036574363708
892,No,0.16305778920650482
893,No,0.11825072765350342
894,No,0.14927871525287628
895,No,0.14251556992530823
896,No,0.16769428551197052
897,No,0.23153156042099
898,No,0.08362095057964325
899,No,0.047395676374435425
900,No,0.03496373072266579
901,No,0.3156925439834595
902,No,0.2768115997314453
903,No,0.15981583297252655
904,No,0.19895079731941223
905,No,0.08088193833827972
906,No,0.06266313791275024
907,No,0.042650576680898666
908,No,0.05327096953988075
909,No,0.05816178023815155
910,No,0.03565233200788498
911,No,0.03499782085418701
912,No,0.035284869372844696
913,No,0.1362733393907547
914,No,0.04124250262975693
915,No,0.04679757356643677
916,No,0.033326663076877594
917,No,0.059172622859478
918,No,0.05668679252266884
919,No,0.0481291264295578
920,No,0.06495808064937592
921,No,0.21832893788814545
922,No,0.26231974363327026
923,No,0.21499286592006683
924,No,0.19035233557224274
925,No,0.25900202989578247
926,No,0.10391966253519058
927,No,0.1534680277109146
928,No,0.13358642160892487
929,No,0.041917312890291214
930,No,0.03702281415462494
931,No,0.033659420907497406
932,No,0.03542771935462952
933,No,0.07341424375772476
934,No,0.04131356254220009
935,No,0.039266325533390045
936,No,0.03330664709210396
937,No,0.16019396483898163
938,No,0.13749176263809204
939,No,0.09625481814146042
940,No,0.1002279743552208
941,No,0.057107940316200256
942,No,0.058846715837717056
943,No,0.06198118254542351
944,No,0.04231921583414078
945,No,0.1622360497713089
946,No,0.179953932762146
947,No,0.13611631095409393
948,No,0.08530715107917786
949,No,0.3880850672721863
950,No,0.2955569326877594
951,No,0.3457305431365967
952,No,0.24798399209976196
953,No,0.26405009627342224
954,No,0.08000417053699493
955,No,0.04955826699733734
956,No,0.046666089445352554
957,No,0.11994659155607224
958,No,0.08671645820140839
959,No,0.112491674721241
960,No,0.09537289291620255
961,No,0.0707881897687912
962,No,0.06061068922281265
963,No,0.06847041845321655
964,No,0.06008683890104294
965,No,0.0891648605465889
966,No,0.0638769119977951
967,No,0.054073266685009
968,No,0.05155619978904724
969,No,0.10368894040584564
970,No,0.06004038080573082
971,No,0.07826200872659683
972,No,0.0702017992734909
973,No,0.29054924845695496
974,No,0.1322583109140396
975,No,0.2627697288990021
976,No,0.16182847321033478
977,No,0.08976515382528305
978,No,0.06885569542646408
979,No,0.08282484859228134
980,No,0.060811154544353485
981,No,0.08056069165468216
982,No,0.053563978523015976
983,No,0.05376153439283371
984,No,0.03913027048110962
985,No,0.08572074770927429
986,No,0.06399506330490112
987,No,0.08909585326910019
988,No,0.06669654697179794
989,No,0.10796604305505753
990,No,0.09201111644506454
991,No,0.055038321763277054
992,No,0.055789537727832794
993,No,0.04296460747718811
994,No,0.04989705979824066
995,No,0.03888412192463875
996,No,0.03584771603345871
997,No,0.11625822633504868
998,No,0.07692550867795944
999,No,0.137028306722641
1000,No,0.10057725012302399
1001,No,0.07337544113397598
1002,No,0.06310652941465378
1003,No,0.054844144731760025
1004,No,0.045850370079278946
1005,No,0.07666128128767014
1006,No,0.07663983851671219
1007,No,0.08646266907453537
1008,No,0.08067932724952698
1009,No,0.04949381947517395
1010,No,0.0475037656724453
1011,No,0.043781161308288574
1012,No,0.03827355429530144
1013,No,0.11077088862657547
1014,No,0.0857294350862503
1015,No,0.08046115189790726
1016,No,0.08646205812692642
1017,No,0.08771175146102905
1018,No,0.09464079886674881
1019,No,0.05706062540411949
1020,No,0.08900763839483261
1021,No,0.12284281849861145
1022,No,0.07899056375026703
1023,No,0.052966635674238205
1024,No,0.043687622994184494
1025,No,0.11088037490844727
1026,No,0.06721364706754684
1027,No,0.0352318212389946
1028,No,0.04278872162103653
1029,No,0.09273064136505127
1030,No,0.09918966889381409
1031,No,0.059271130710840225
1032,No,0.09762166440486908
1033,No,0.05769776180386543
1034,No,0.07352786511182785
1035,No,0.07084498554468155
1036,No,0.08745431900024414
1037,No,0.05526012182235718
1038,No,0.029676279053092003
1039,No,0.026345018297433853
1040,No,0.021089864894747734
1041,No,0.12360091507434845
1042,No,0.1523922234773636
1043,No,0.08674535155296326
1044,No,0.08691799640655518
1045,No,0.07640694826841354
1046,No,0.06146395578980446
1047,No,0.04121784493327141
1048,No,0.05069287121295929
1049,No,0.05483308061957359
1050,No,0.06733128428459167
1051,No,0.05126427859067917
1052,No,0.06582582741975784
1053,No,0.08301161229610443
1054,No,0.10624125599861145
1055,No,0.058104101568460464
1056,No,0.07811008393764496
1057,No,0.09853314608335495
1058,No,0.10275444388389587
1059,No,0.10639827698469162
1060,No,0.12408847361803055
1061,No,0.036446064710617065
1062,No,0.03691653907299042
1063,No,0.021315576508641243
1064,No,0.022823797538876534
1065,No,0.09273064136505127
1066,No,0.09918966889381409
1067,No,0.059271130710840225
1068,No,0.09762166440486908
1069,No,0.13380727171897888
1070,No,0.16156482696533203
1071,No,0.09717646986246109
1072,No,0.12268797308206558
1073,No,0.12586338818073273
1074,No,0.11482879519462585
1075,No,0.21480819582939148
1076,No,0.14372384548187256
1077,No,0.08032114803791046
1078,No,0.10964968055486679
1079,No,0.07331647723913193
1080,No,0.06939543783664703
1081,No,0.09691295772790909
1082,No,0.047480616718530655
1083,No,0.060151342302560806
1084,No,0.061238016933202744
1085,No,0.06060223653912544
1086,No,0.036317575722932816
1087,No,0.0610794797539711
1088,No,0.049243342131376266
1089,No,0.12359844148159027
1090,No,0.07098514586687088
1091,No,0.09304139018058777
1092,No,0.09402427822351456
1093,No,0.055871907621622086
1094,No,0.03341981768608093
1095,No,0.0424792654812336
1096,No,0.03630407527089119
1097,No,0.0393255241215229
1098,No,0.047802265733480453
1099,No,0.029537362977862358
1100,No,0.02401740662753582
1101,No,0.12477763742208481
1102,No,0.12134269624948502
1103,No,0.16720128059387207
1104,No,0.18765543401241302
1105,No,0.08042542636394501
1106,No,0.04991967976093292
1107,No,0.07919874042272568
1108,No,0.06488776206970215
1109,No,0.06826099008321762
1110,No,0.05337044596672058
1111,No,0.07152489572763443
1112,No,0.06946293264627457
1113,No,0.38950973749160767
1114,No,0.4330179989337921
1115,Yes,0.6735829710960388
1116,Yes,0.578582763671875
1117,No,0.15092307329177856
1118,No,0.10105442255735397
1119,No,0.07957377284765244
1120,No,0.06264620274305344
1121,No,0.0808057188987732
1122,No,0.04108773544430733
1123,No,0.06090611591935158
1124,No,0.03648101165890694
1125,No,0.10066920518875122
1126,No,0.09715979546308517
1127,No,0.09646762907505035
1128,No,0.10888215154409409
1129,No,0.20257622003555298
1130,No,0.129464790225029
1131,No,0.08886490762233734
1132,No,0.09974181652069092
1133,No,0.2837023138999939
1134,No,0.23131303489208221
1135,No,0.22282476723194122
1136,No,0.1281466782093048
1137,No,0.21888136863708496
1138,No,0.10711294412612915
1139,No,0.07354867458343506
1140,No,0.0681551843881607
1141,No,0.029696183279156685
1142,No,0.027839455753564835
1143,No,0.03146234527230263
1144,No,0.032178398221731186
1145,No,0.09798538684844971
1146,No,0.08077795803546906
1147,No,0.06136056408286095
1148,No,0.058154985308647156
1149,No,0.0771394893527031
1150,No,0.10045387595891953
1151,No,0.0862090066075325
1152,No,0.0892489105463028
1153,No,0.18614153563976288
1154,No,0.21871334314346313
1155,No,0.1575239896774292
1156,No,0.1550014466047287
1157,No,0.11970864236354828
1158,No,0.16125784814357758
1159,No,0.15234971046447754
1160,No,0.1499602198600769
1161,No,0.21487493813037872
1162,No,0.1092701107263565
1163,No,0.19506989419460297
1164,No,0.10394783318042755
1165,No,0.07856457680463791
1166,No,0.1171300858259201
1167,No,0.08749301731586456
1168,No,0.1107369139790535
1169,No,0.09513930231332779
1170,No,0.08344388008117676
1171,No,0.08342419564723969
1172,No,0.09776677191257477
1173,No,0.05694199353456497
1174,No,0.056416235864162445
1175,No,0.04890604689717293
1176,No,0.06157355755567551
1177,No,0.03824134171009064
1178,No,0.06358057260513306
1179,No,0.04267364740371704
1180,No,0.04961144179105759
1181,No,0.11121730506420135
1182,No,0.2102692872285843
1183,No,0.1239762008190155
1184,No,0.19201098382472992
1185,No,0.09833640605211258
1186,No,0.16556522250175476
1187,No,0.08115025609731674
1188,No,0.09293926507234573
1189,No,0.049226608127355576
1190,No,0.04378002882003784
1191,No,0.031916867941617966
1192,No,0.03520173206925392
1193,No,0.06855728477239609
1194,No,0.06005946546792984
1195,No,0.051750387996435165
1196,No,0.0559711828827858
1197,No,0.06105280667543411
1198,No,0.04749248921871185
1199,No,0.04009411484003067
1200,No,0.05718332901597023
1201,No,0.2829795777797699
1202,No,0.30669620633125305
1203,No,0.45302310585975647
1204,No,0.2991756498813629
1205,No,0.07465425878763199
1206,No,0.06030692160129547
1207,No,0.05549262836575508
1208,No,0.06040723994374275
1209,No,0.15079990029335022
1210,No,0.10557504743337631
1211,No,0.07289237529039383
1212,No,0.08990394324064255
1213,No,0.055737078189849854
1214,No,0.07149246335029602
1215,No,0.0649983286857605
1216,No,0.0736701712012291
1217,No,0.0521615669131279
1218,No,0.06796545535326004
1219,No,0.051246169954538345
1220,No,0.06440712511539459
1221,No,0.0615047961473465
1222,No,0.08884113281965256
1223,No,0.05696758255362511
1224,No,0.0638129860162735
1225,No,0.1840353012084961
1226,No,0.1729440987110138
1227,No,0.05472715571522713
1228,No,0.08955180644989014
1229,No,0.12099070101976395
1230,No,0.07846232503652573
1231,No,0.09134085476398468
1232,No,0.06189616397023201
1233,No,0.10663429647684097
1234,No,0.09676457941532135
1235,No,0.08738922327756882
1236,No,0.08896806836128235
1237,No,0.24161742627620697
1238,No,0.17620038986206055
1239,No,0.16103321313858032
1240,No,0.15620607137680054
1241,No,0.0615047961473465
1242,No,0.08884113281965256
1243,No,0.05696758255362511
1244,No,0.0638129860162735
1245,No,0.0799822062253952
1246,No,0.11775211244821548
1247,No,0.045650314539670944
1248,No,0.05423859506845474
1249,No,0.15770411491394043
1250,No,0.17564202845096588
1251,No,0.09052637964487076
1252,No,0.11333554238080978
1253,No,0.09392326325178146
1254,No,0.09635007381439209
1255,No,0.07441869378089905
1256,No,0.044910330325365067
1257,No,0.12302374094724655
1258,No,0.05630951374769211
1259,No,0.024721134454011917
1260,No,0.02852339670062065
1261,No,0.097698874771595
1262,No,0.1604030728340149
1263,No,0.06831283122301102
1264,No,0.0656052976846695
1265,No,0.08012257516384125
1266,No,0.08031871169805527
1267,No,0.07765574753284454
1268,No,0.06482882797718048
1269,No,0.07480067014694214
1270,No,0.31372886896133423
1271,No,0.23522941768169403
1272,No,0.30008330941200256
1273,No,0.05511389672756195
1274,No,0.09007234126329422
1275,No,0.028861552476882935
1276,No,0.033601757138967514
1277,No,0.11719132214784622
1278,No,0.1172620877623558
1279,No,0.05577133595943451
1280,No,0.040886372327804565
1281,No,0.04487449303269386
1282,No,0.057421330362558365
1283,No,0.022941213101148605
1284,No,0.020804790779948235
1285,No,0.041266459971666336
1286,No,0.05209697037935257
1287,No,0.025334125384688377
1288,No,0.02288634143769741
1289,No,0.09077250957489014
1290,No,0.12275014817714691
1291,No,0.06110429763793945
1292,No,0.05761181563138962
1293,No,0.07178033143281937
1294,No,0.062085893005132675
1295,No,0.0506133958697319
1296,No,0.05186286196112633
1297,No,0.07009736448526382
1298,No,0.08787237107753754
1299,No,0.05658271163702011
1300,No,0.07697031646966934
1301,No,0.19300837814807892
1302,No,0.4276210367679596
1303,No,0.42430639266967773
1304,No,0.4416343867778778
1305,No,0.0363798514008522
1306,No,0.030700217932462692
1307,No,0.017643095925450325
1308,No,0.019265804439783096
1309,No,0.03677525371313095
1310,No,0.03462952375411987
1311,No,0.026540137827396393
1312,No,0.02189909853041172
1313,No,0.0864129438996315
1314,No,0.10467726737260818
1315,No,0.10362611711025238
1316,No,0.11606388539075851
1317,No,0.1157136783003807
1318,No,0.11766941845417023
1319,No,0.09990786761045456
1320,No,0.10874826461076736
1321,No,0.09826976805925369
1322,No,0.066569983959198
1323,No,0.0601186566054821
1324,No,0.06883584707975388
1325,No,0.07640473544597626
1326,No,0.08056940138339996
1327,No,0.08292323350906372
1328,No,0.08616331964731216
1329,No,0.06900542974472046
1330,No,0.15866829454898834
1331,No,0.09536590427160263
1332,No,0.07563795894384384
1333,No,0.2655525803565979
1334,No,0.25496599078178406
1335,No,0.2868673801422119
1336,No,0.20768865942955017
1337,No,0.23053410649299622
1338,No,0.19121581315994263
1339,No,0.33275529742240906
1340,No,0.2784786820411682
1341,No,0.12837426364421844
1342,No,0.1447659134864807
1343,No,0.07960756123065948
1344,No,0.06942742317914963
1345,No,0.14419181644916534
1346,No,0.08250243961811066
1347,No,0.09289111942052841
1348,No,0.0770648717880249
1349,No,0.07421442121267319
1350,No,0.08408567309379578
1351,No,0.07469745725393295
1352,No,0.07914407551288605
1353,No,0.05176927149295807
1354,No,0.04903774335980415
1355,No,0.057188767939805984
1356,No,0.05599905923008919
1357,No,0.11863074451684952
1358,No,0.1125640943646431
1359,No,0.07986029982566833
1360,No,0.06952955573797226
1361,No,0.12164820730686188
1362,No,0.10210929065942764
1363,No,0.08960551023483276
1364,No,0.09083671122789383
1365,No,0.08234695345163345
1366,No,0.05622086301445961
1367,No,0.040130022913217545
1368,No,0.03709854558110237
1369,No,0.040090061724185944
1370,No,0.08901675790548325
1371,No,0.040813252329826355
1372,No,0.047816742211580276
1373,No,0.07525530457496643
1374,No,0.083903469145298
1375,No,0.07521671801805496
1376,No,0.06713055074214935
1377,No,0.07667165249586105
1378,No,0.049830030649900436
1379,No,0.05387305095791817
1380,No,0.043921057134866714
1381,No,0.17283616960048676
1382,No,0.26916736364364624
1383,No,0.49197080731391907
1384,No,0.4270639419555664
1385,No,0.07413674890995026
1386,No,0.04001467302441597
1387,No,0.05132082477211952
1388,No,0.06044900044798851
1389,No,0.08894528448581696
1390,No,0.06924781203269958
1391,No,0.0863347053527832
1392,No,0.09733401238918304
1393,No,0.05656225234270096
1394,No,0.018918370828032494
1395,No,0.017915090546011925
1396,No,0.011648832820355892
1397,No,0.03884193301200867
1398,No,0.04793727770447731
1399,No,0.04735272377729416
1400,No,0.03493953123688698
1401,No,0.07989031076431274
1402,No,0.03571164235472679
1403,No,0.036001790314912796
1404,No,0.030263135209679604
1405,No,0.06882000714540482
1406,No,0.049146298319101334
1407,No,0.06377595663070679
1408,No,0.07140562683343887
1409,No,0.05338325351476669
1410,No,0.028145845979452133
1411,No,0.04381581395864487
1412,No,0.025762295350432396
1413,No,0.07586882263422012
1414,No,0.06487679481506348
1415,No,0.0681951716542244
1416,No,0.040717776864767075
1417,No,0.18803468346595764
1418,No,0.10773521661758423
1419,No,0.39837881922721863
1420,No,0.08726319670677185
1421,No,0.43713706731796265
1422,No,0.13421028852462769
1423,No,0.11782663315534592
1424,No,0.07575414329767227
1425,No,0.04033965989947319
1426,No,0.057156965136528015
1427,No,0.02932790108025074
1428,No,0.029594093561172485
1429,No,0.15492203831672668
1430,No,0.12958016991615295
1431,No,0.13029807806015015
1432,No,0.15357038378715515
1433,No,0.06141119450330734
1434,No,0.08653558045625687
1435,No,0.04332289472222328
1436,No,0.043789226561784744
1437,No,0.11263159662485123
1438,No,0.09682651609182358
1439,No,0.09115318208932877
1440,No,0.08307657390832901
1441,No,0.06255927681922913
1442,No,0.03118576668202877
1443,No,0.03037622943520546
1444,No,0.02252400666475296
1445,No,0.12188979238271713
1446,No,0.12098744511604309
1447,No,0.08771659433841705
1448,No,0.07213520258665085
1449,No,0.35455194115638733
1450,No,0.20250333845615387
1451,No,0.2754020392894745
1452,No,0.2885091006755829
1453,No,0.2604392468929291
1454,No,0.31090301275253296
1455,No,0.32343950867652893
1456,No,0.3275301158428192
1457,No,0.20958225429058075
1458,No,0.12154744565486908
1459,No,0.11831827461719513
1460,No,0.10483346879482269
1461,No,0.10182476788759232
1462,No,0.10979080200195312
1463,No,0.09789298474788666
1464,No,0.057812295854091644
1465,No,0.2208232581615448
1466,No,0.18400798738002777
1467,No,0.11817072331905365
1468,No,0.11076554656028748
1469,No,0.08227866142988205
1470,No,0.048402249813079834
1471,No,0.05574093386530876
1472,No,0.028301041573286057
1473,No,0.05786298215389252
1474,No,0.12662796676158905
1475,No,0.06988357752561569
1476,No,0.1377088725566864
1477,No,0.36718952655792236
1478,No,0.3041558563709259
1479,Yes,0.6583458185195923
1480,Yes,0.53293377161026
1481,No,0.2506748139858246
1482,No,0.20510394871234894
1483,No,0.1312393695116043
1484,No,0.1052355095744133
1485,No,0.04795187711715698
1486,No,0.06400949507951736
1487,No,0.03729809820652008
1488,No,0.046635862439870834
1489,No,0.04138302430510521
1490,No,0.03870181366801262
1491,No,0.03682563453912735
1492,No,0.03432308882474899
1493,No,0.12000778317451477
1494,No,0.08799859136343002
1495,No,0.075270876288414
1496,No,0.07942281663417816
1497,No,0.2506748139858246
1498,No,0.20510394871234894
1499,No,0.1312393695116043
1500,No,0.1052355095744133
1501,No,0.15237349271774292
1502,No,0.0572323352098465
1503,No,0.052212346345186234
1504,No,0.05210496485233307
1505,No,0.16357988119125366
1506,No,0.09079418331384659
1507,No,0.1976393312215805
1508,No,0.10870702564716339
1509,Yes,0.5099855065345764
1510,No,0.4379054009914398
1511,No,0.42086511850357056
1512,No,0.19788946211338043
1513,No,0.15981997549533844
1514,No,0.055253926664590836
1515,No,0.10899312794208527
1516,No,0.06700336933135986
1517,No,0.4777607023715973
1518,No,0.11021492630243301
1519,No,0.4853118360042572
1520,No,0.10039485991001129
1521,No,0.06760522723197937
1522,No,0.04256919398903847
1523,No,0.050564635545015335
1524,No,0.03642673417925835
1525,No,0.10411498695611954
1526,No,0.04700362682342529
1527,No,0.05480731651186943
1528,No,0.044746559113264084
1529,No,0.14733555912971497
1530,No,0.0695054903626442
1531,No,0.08504696935415268
1532,No,0.05224016681313515
1533,No,0.08759361505508423
1534,No,0.09608658403158188
1535,No,0.05933348089456558
1536,No,0.05028184875845909
1537,No,0.0404881089925766
1538,No,0.05189083144068718
1539,No,0.03872254118323326
1540,No,0.0692223608493805
1541,No,0.09985946118831635
1542,No,0.16019685566425323
1543,No,0.07892361283302307
1544,No,0.10549961030483246
1545,No,0.052290912717580795
1546,No,0.05639104172587395
1547,No,0.047331396490335464
1548,No,0.0664554014801979
1549,No,0.04961235076189041
1550,No,0.052736036479473114
1551,No,0.05018790066242218
1552,No,0.06027674302458763
1553,No,0.05875276029109955
1554,No,0.06692387163639069
1555,No,0.050881240516901016
1556,No,0.08612420409917831
1557,No,0.09787032753229141
1558,No,0.06140484660863876
1559,No,0.05442662164568901
1560,No,0.046818047761917114
1561,No,0.07063354551792145
1562,No,0.1659773737192154
1563,No,0.15143845975399017
1564,No,0.17199119925498962
1565,No,0.12271073460578918
1566,No,0.08856112509965897
1567,No,0.07021266222000122
1568,No,0.09283100813627243
1569,No,0.21929717063903809
1570,No,0.14033614099025726
1571,No,0.11159779131412506
1572,No,0.08707939088344574
1573,No,0.088640496134758
1574,No,0.0541350431740284
1575,No,0.06127350032329559
1576,No,0.046515628695487976
1577,No,0.18397974967956543
1578,No,0.20449189841747284
1579,No,0.1564873456954956
1580,No,0.13688862323760986
1581,No,0.16935361921787262
1582,No,0.1874624788761139
1583,No,0.11486745625734329
1584,No,0.12182445079088211
1585,No,0.0473627895116806
1586,No,0.048530686646699905
1587,No,0.03370458632707596
1588,No,0.037637725472450256
1589,No,0.04164529964327812
1590,No,0.05649906024336815
1591,No,0.04395177587866783
1592,No,0.06937579810619354
1593,No,0.04326901584863663
1594,No,0.08554699271917343
1595,No,0.04518575593829155
1596,No,0.07195373624563217
1597,No,0.07015865296125412
1598,No,0.11951205879449844
1599,No,0.06936930119991302
1600,No,0.08599957823753357
1601,No,0.12656806409358978
1602,No,0.10160752385854721
1603,No,0.08109314739704132
1604,No,0.12891645729541779
1605,No,0.1350553184747696
1606,No,0.14192576706409454
1607,No,0.19165000319480896
1608,No,0.1579383909702301
1609,No,0.14180061221122742
1610,No,0.08634789288043976
1611,No,0.08034203946590424
1612,No,0.05833285674452782
1613,No,0.318997323513031
1614,No,0.30826863646507263
1615,No,0.24200978875160217
1616,No,0.2523280680179596
1617,No,0.08269619196653366
1618,No,0.07776724547147751
1619,No,0.06948475539684296
1620,No,0.12741638720035553
1621,No,0.10527117550373077
1622,No,0.08753200620412827
1623,No,0.07597492635250092
1624,No,0.0855397880077362
1625,No,0.07143614441156387
1626,No,0.09967053681612015
1627,No,0.07051199674606323
1628,No,0.08336330950260162
1629,Yes,0.8601906895637512
1630,Yes,0.8480421900749207
1631,Yes,0.7635446190834045
1632,Yes,0.5778404474258423
1633,No,0.08866038173437119
1634,No,0.15391193330287933
1635,No,0.09490683674812317
1636,No,0.07429859042167664
1637,No,0.10608465224504471
1638,No,0.11148887872695923
1639,No,0.1487075239419937
1640,No,0.12685923278331757
1641,No,0.045698132365942
1642,No,0.03344550356268883
1643,No,0.0388433001935482
1644,No,0.03528568148612976
1645,No,0.06414753198623657
1646,No,0.05300384759902954
1647,No,0.049362894147634506
1648,No,0.043731942772865295
1649,No,0.06414753198623657
1650,No,0.05300384759902954
1651,No,0.049362894147634506
1652,No,0.043731942772865295
1653,No,0.05872296169400215
1654,No,0.06073742359876633
1655,No,0.05192017927765846
1656,No,0.04273237660527229
1657,No,0.0729900449514389
1658,No,0.06663642078638077
1659,No,0.0983157530426979
1660,No,0.08325637876987457
1661,No,0.09528724104166031
1662,No,0.08367399871349335
1663,No,0.09367942810058594
1664,No,0.08774283528327942
1665,No,0.19003251194953918
1666,No,0.09040387719869614
1667,No,0.11848650127649307
1668,No,0.06555202603340149
1669,No,0.10213631391525269
1670,No,0.11730184406042099
1671,No,0.06511873006820679
1672,No,0.045796312391757965
1673,Yes,0.5426716804504395
1674,Yes,0.5942999720573425
1675,Yes,0.5602076649665833
1676,Yes,0.521670401096344
1677,No,0.12212768197059631
1678,No,0.08804051578044891
1679,No,0.060306813567876816
1680,No,0.05126512423157692
1681,No,0.04780830815434456
1682,No,0.036489974707365036
1683,No,0.03489347919821739
1684,No,0.039639122784137726
1685,No,0.22857388854026794
1686,No,0.2617630660533905
1687,No,0.19236357510089874
1688,No,0.24581822752952576
1689,No,0.05348857492208481
1690,No,0.032571371644735336
1691,No,0.034154634922742844
1692,No,0.03427053615450859
1693,No,0.40135881304740906
1694,No,0.27917879819869995
1695,No,0.15875789523124695
1696,No,0.14524726569652557
1697,No,0.1737297773361206
1698,No,0.09847097843885422
1699,No,0.13038907945156097
1700,No,0.08755199611186981
1701,No,0.08439383655786514
1702,No,0.07983328402042389
1703,No,0.09056787192821503
1704,No,0.07820077240467072
1705,No,0.051296837627887726
1706,No,0.04680703207850456
1707,No,0.034402329474687576
1708,No,0.04670722037553787
1709,No,0.10278601199388504
1710,No,0.09880246222019196
1711,No,0.09710340946912766
1712,No,0.11529241502285004
1713,No,0.03320716693997383
1714,No,0.030479921028017998
1715,No,0.02376646175980568
1716,No,0.026066910475492477
1717,No,0.0705445259809494
1718,No,0.038895417004823685
1719,No,0.03943931311368942
1720,No,0.049495261162519455
1721,No,0.07058335840702057
1722,No,0.04722074791789055
1723,No,0.04982709512114525
1724,No,0.04336489364504814
1725,No,0.17986005544662476
1726,No,0.12236035615205765
1727,No,0.085111103951931
1728,No,0.07831933349370956
1729,No,0.05053230747580528
1730,No,0.045055653899908066
1731,No,0.04262276738882065
1732,No,0.0461185984313488
1733,No,0.0698484554886818
1734,No,0.08474858850240707
1735,No,0.06316497176885605
1736,No,0.06030669063329697
1737,No,0.030256597325205803
1738,No,0.02968897856771946
1739,No,0.030218645930290222
1740,No,0.03257550299167633
1741,No,0.07146196812391281
1742,No,0.07620509713888168
1743,No,0.07755067944526672
1744,No,0.08384715765714645
1745,No,0.24072198569774628
1746,No,0.12922389805316925
1747,No,0.23221316933631897
1748,No,0.26906195282936096
1749,No,0.052711036056280136
1750,No,0.09411238878965378
1751,No,0.07368583232164383
1752,No,0.09274545311927795
1753,No,0.027250045910477638
1754,No,0.020508961752057076
1755,No,0.027946099638938904
1756,No,0.02348717674612999
1757,No,0.16708850860595703
1758,No,0.14113573729991913
1759,No,0.15128517150878906
1760,No,0.09654004126787186
1761,Yes,0.6275158524513245
1762,Yes,0.6649055480957031
1763,No,0.3994903564453125
1764,No,0.4117550253868103
1765,No,0.048810459673404694
1766,No,0.04345932975411415
1767,No,0.04285186156630516
1768,No,0.036685556173324585
1769,No,0.19271233677864075
1770,No,0.06440611183643341
1771,No,0.11038495600223541
1772,No,0.09395459294319153
1773,No,0.15869833528995514
1774,No,0.08736515045166016
1775,No,0.09807370603084564
1776,No,0.08643848448991776
1777,No,0.05177810415625572
1778,No,0.03237675130367279
1779,No,0.04443985968828201
1780,No,0.041166987270116806
1781,No,0.07129944860935211
1782,No,0.04647677764296532
1783,No,0.14184653759002686
1784,No,0.08393686264753342
1785,No,0.05843621492385864
1786,No,0.05174589902162552
1787,No,0.05456501990556717
1788,No,0.04381458833813667
1789,No,0.06560961157083511
1790,No,0.052444763481616974
1791,No,0.06925194710493088
1792,No,0.06947190314531326
1793,No,0.11900729686021805
1794,No,0.1181027740240097
1795,No,0.10943714529275894
1796,No,0.090311698615551
1797,No,0.07837935537099838
1798,No,0.0684247687458992
1799,No,0.07769855856895447
1800,No,0.05598227679729462
1801,No,0.19307941198349
1802,No,0.15107382833957672
1803,No,0.2743534445762634
1804,No,0.2701643109321594
1805,No,0.13617612421512604
1806,No,0.0754915252327919
1807,No,0.10549662262201309
1808,No,0.07110098004341125
1809,No,0.0631207674741745
1810,No,0.041143883019685745
1811,No,0.03497385233640671
1812,No,0.030437376350164413
1813,No,0.06429558247327805
1814,No,0.04976535588502884
1815,No,0.062239792197942734
1816,No,0.04202911630272865
1817,No,0.3185036778450012
1818,No,0.2469377964735031
1819,No,0.21895793080329895
1820,No,0.10174095630645752
1821,No,0.0779600441455841
1822,No,0.07624010741710663
1823,No,0.07200945168733597
1824,No,0.062174346297979355
1825,No,0.11353065073490143
1826,No,0.07212680578231812
1827,No,0.12289220094680786
1828,No,0.07003909349441528
1829,No,0.24380433559417725
1830,No,0.16397051513195038
1831,No,0.2203579992055893
1832,No,0.12832267582416534
1833,No,0.1407679170370102
1834,No,0.12475276738405228
1835,No,0.14345091581344604
1836,No,0.09889388084411621
1837,No,0.3742888867855072
1838,No,0.15364199876785278
1839,No,0.21932858228683472
1840,No,0.13390116393566132
1841,No,0.058067187666893005
1842,No,0.05227759853005409
1843,No,0.06612861901521683
1844,No,0.07038666307926178
1845,No,0.06221865117549896
1846,No,0.08441019803285599
1847,No,0.05027446150779724
1848,No,0.04802056401968002
1849,No,0.0770372673869133
1850,No,0.06745000928640366
1851,No,0.06289373338222504
1852,No,0.07929333299398422
1853,No,0.2521456778049469
1854,No,0.20491598546504974
1855,No,0.19230890274047852
1856,No,0.1448175311088562
1857,Yes,0.5433337688446045
1858,Yes,0.5392423868179321
1859,No,0.3229684829711914
1860,No,0.20417983829975128
1861,No,0.06333842873573303
1862,No,0.06487874686717987
1863,No,0.0624198280274868
1864,No,0.0546930693089962
1865,No,0.078565314412117
1866,No,0.08768520504236221
1867,No,0.07258860766887665
1868,No,0.057276248931884766
1869,No,0.05618547275662422
1870,No,0.10859744250774384
1871,No,0.07319295406341553
1872,No,0.09352962672710419
1873,No,0.050071701407432556
1874,No,0.07008934020996094
1875,No,0.016566846519708633
1876,No,0.024480698630213737
1877,No,0.029025504365563393
1878,No,0.025036901235580444
1879,No,0.03533894196152687
1880,No,0.030441302806138992
1881,No,0.052218127995729446
1882,No,0.0481293722987175
1883,No,0.037422798573970795
1884,No,0.04294533282518387
1885,No,0.06987595558166504
1886,No,0.09160219132900238
1887,No,0.06984540075063705
1888,No,0.0928013026714325
1889,No,0.05007931590080261
1890,No,0.08180635422468185
1891,No,0.013161023147404194
1892,No,0.0131874093785882
1893,No,0.031220950186252594
1894,No,0.03415898233652115
1895,No,0.018942393362522125
1896,No,0.02174770087003708
1897,No,0.034788891673088074
1898,No,0.027113869786262512
1899,No,0.02088218182325363
1900,No,0.021445168182253838
1901,No,0.05042218789458275
1902,No,0.019313953816890717
1903,No,0.012740541249513626
1904,No,0.012753319926559925
1905,No,0.1213480681180954
1906,No,0.04357562214136124
1907,No,0.06851863116025925
1908,No,0.03468356654047966
1909,No,0.038639429956674576
1910,No,0.026157505810260773
1911,No,0.017692288383841515
1912,No,0.021180525422096252
1913,No,0.0700952485203743
1914,No,0.07433547079563141
1915,No,0.043639346957206726
1916,No,0.051768358796834946
1917,No,0.0782424733042717
1918,No,0.03821587935090065
1919,No,0.016702111810445786
1920,No,0.017513055354356766
1921,No,0.04602744057774544
1922,No,0.03302869573235512
1923,No,0.016584133729338646
1924,No,0.02249210514128208
1925,No,0.09556902199983597
1926,No,0.0712304338812828
1927,No,0.06059354543685913
1928,No,0.056444521993398666
1929,No,0.06913676112890244
1930,No,0.07152823358774185
1931,No,0.018676064908504486
1932,No,0.0265835952013731
1933,No,0.12210646271705627
1934,No,0.10671841353178024
1935,No,0.21674707531929016
1936,No,0.1520100086927414
1937,No,0.06697903573513031
1938,No,0.04289839416742325
1939,No,0.04301472008228302
1940,No,0.04062638431787491
1941,No,0.06099502369761467
1942,No,0.05153508856892586
1943,No,0.045136261731386185
1944,No,0.03830187767744064
1945,No,0.13461564481258392
1946,No,0.10056452453136444
1947,No,0.07673756778240204
1948,No,0.06818690150976181
1949,No,0.04062093794345856
1950,No,0.06661362946033478
1951,No,0.022263331338763237
1952,No,0.01617284305393696
1953,No,0.0851106345653534
1954,No,0.028612596914172173
1955,No,0.02935902215540409
1956,No,0.01911412551999092
1957,No,0.07491409778594971
1958,No,0.051430199295282364
1959,No,0.0561194010078907
1960,No,0.04479186236858368
1961,No,0.16784535348415375
1962,No,0.053931064903736115
1963,No,0.04505113512277603
1964,No,0.04533267021179199
1965,No,0.1371431201696396
1966,No,0.12321575731039047
1967,No,0.0770840048789978
1968,No,0.08822272717952728
1969,No,0.1110018938779831
1970,No,0.10259553790092468
1971,No,0.15442025661468506
1972,No,0.08138314634561539
1973,No,0.09279484301805496
1974,No,0.06835342198610306
1975,No,0.07604464888572693
1976,No,0.03709743544459343
1977,No,0.0998493880033493
1978,No,0.07986230403184891
1979,No,0.09262446314096451
1980,No,0.057708755135536194
1981,No,0.13360270857810974
1982,No,0.13649582862854004
1983,No,0.09042885899543762
1984,No,0.06423313915729523
1985,No,0.25061264634132385
1986,No,0.14670021831989288
1987,No,0.20137813687324524
1988,No,0.1097969263792038
1989,No,0.1529674381017685
1990,No,0.06671369075775146
1991,No,0.12136956304311752
1992,No,0.051386646926403046
1993,No,0.21413974463939667
1994,No,0.24936427175998688
1995,No,0.1962825059890747
1996,No,0.18711981177330017
1997,No,0.165598064661026
1998,No,0.12592579424381256
1999,No,0.28331539034843445
2000,No,0.1965491622686386
2001,No,0.11987052112817764
2002,No,0.07945168018341064
2003,No,0.1086428314447403
2004,No,0.051855895668268204
2005,No,0.13801592588424683
2006,No,0.16042350232601166
2007,No,0.22688110172748566
2008,No,0.10179078578948975
2009,No,0.2917097806930542
2010,No,0.2107110470533371
2011,No,0.33961981534957886
2012,No,0.17604145407676697
2013,No,0.34265148639678955
2014,No,0.3592602014541626
2015,No,0.4514927268028259
2016,No,0.3804614841938019
2017,No,0.16963747143745422
2018,No,0.09894279390573502
2019,No,0.12144768238067627
2020,No,0.11330331116914749
2021,No,0.06442122161388397
2022,No,0.0402684211730957
2023,No,0.0391741506755352
2024,No,0.03756256029009819
2025,No,0.07580797374248505
2026,No,0.03692837432026863
2027,No,0.05230939760804176
2028,No,0.04263559356331825
2029,No,0.0791938528418541
2030,No,0.0872921422123909
2031,No,0.056462038308382034
2032,No,0.038485050201416016
2033,No,0.20293137431144714
2034,No,0.2413354516029358
2035,No,0.30151864886283875
2036,No,0.2039784938097
2037,No,0.11782236397266388
2038,No,0.05532890930771828
2039,No,0.07804173976182938
2040,No,0.0683848112821579
2041,No,0.08751415461301804
2042,No,0.03952692076563835
2043,No,0.07322163134813309
2044,No,0.04920179024338722
2045,No,0.06712988018989563
2046,No,0.05258633941411972
2047,No,0.050373710691928864
2048,No,0.052833303809165955
2049,No,0.18999068439006805
2050,No,0.1456378698348999
2051,No,0.2668538987636566
2052,No,0.17058883607387543
2053,No,0.16219079494476318
2054,No,0.04914965480566025
2055,No,0.1068088635802269
2056,No,0.054691918194293976
2057,No,0.09616833180189133
2058,No,0.09335435926914215
2059,No,0.06504412740468979
2060,No,0.056924548000097275
2061,No,0.13871729373931885
2062,No,0.08088614791631699
2063,No,0.0843152329325676
2064,No,0.0754065215587616
2065,No,0.13421210646629333
2066,No,0.07193078845739365
2067,No,0.07095867395401001
2068,No,0.0772705152630806
2069,No,0.10505718737840652
2070,No,0.050611235201358795
2071,No,0.048598624765872955
2072,No,0.028459744527935982
2073,No,0.06445565074682236
2074,No,0.05257779359817505
2075,No,0.027491280809044838
2076,No,0.03126981109380722
2077,No,0.08751415461301804
2078,No,0.03952692076563835
2079,No,0.07322163134813309
2080,No,0.04920179024338722
2081,No,0.09240811318159103
2082,No,0.11037132143974304
2083,No,0.09685549139976501
2084,No,0.09074854850769043
2085,No,0.21810144186019897
2086,No,0.2095302790403366
2087,No,0.23645532131195068
2088,No,0.22556105256080627
2089,Yes,0.8311923742294312
2090,Yes,0.8929610252380371
2091,Yes,0.8269118070602417
2092,Yes,0.8178429007530212
2093,No,0.10199213027954102
2094,No,0.1317320019006729
2095,No,0.1426336169242859
2096,No,0.12224629521369934
2097,No,0.10509134083986282
2098,No,0.0874134823679924
2099,No,0.08253350853919983
2100,No,0.08620142936706543
2101,No,0.08150289207696915
2102,No,0.0465429350733757
2103,No,0.04705687612295151
2104,No,0.0404602587223053
2105,No,0.09742490202188492
2106,No,0.1060754731297493
2107,No,0.0948769822716713
2108,No,0.09213533252477646
2109,No,0.05222819000482559
2110,No,0.045088816434144974
2111,No,0.045199282467365265
2112,No,0.0521264486014843
2113,No,0.09882907569408417
2114,No,0.07596873492002487
2115,No,0.0635424330830574
2116,No,0.09017453342676163
2117,Yes,0.6349916458129883
2118,No,0.4453793466091156
2119,Yes,0.6776496171951294
2120,No,0.4596095681190491
2121,No,0.07754693925380707
2122,No,0.05894230678677559
2123,No,0.054625965654850006
2124,No,0.05821743234992027
2125,No,0.1917327642440796
2126,No,0.08804237097501755
2127,No,0.09733657538890839
2128,No,0.08035654574632645
2129,No,0.06556378304958344
2130,No,0.06863599270582199
2131,No,0.05032811686396599
2132,No,0.055231861770153046
2133,No,0.09007060527801514
2134,No,0.11505702883005142
2135,No,0.05175840109586716
2136,No,0.06279471516609192
2137,No,0.17596203088760376
2138,No,0.18002904951572418
2139,No,0.10694118589162827
2140,No,0.08845993876457214
2141,No,0.07078282535076141
2142,No,0.0619938001036644
2143,No,0.04323044419288635
2144,No,0.04087868705391884
2145,No,0.2591494917869568
2146,No,0.0902925506234169
2147,No,0.08150327950716019
2148,No,0.059372495859861374
2149,No,0.13377363979816437
2150,No,0.11571560055017471
2151,No,0.12855075299739838
2152,No,0.11023175716400146
2153,No,0.07836529612541199
2154,No,0.11621782928705215
2155,No,0.05067890137434006
2156,No,0.04690989851951599
2157,No,0.0650317519903183
2158,No,0.060174424201250076
2159,No,0.06501755118370056
2160,No,0.049347326159477234
2161,No,0.140936017036438
2162,No,0.08281970769166946
2163,No,0.08687365800142288
2164,No,0.08584574609994888
2165,No,0.11232563853263855
2166,No,0.12137128412723541
2167,No,0.0720570832490921
2168,No,0.049383386969566345
2169,No,0.14441342651844025
2170,No,0.15542162954807281
2171,No,0.09039836376905441
2172,No,0.09478707611560822
2173,No,0.09089811891317368
2174,No,0.08122869580984116
2175,No,0.08748763799667358
2176,No,0.05440818518400192
2177,No,0.1594526469707489
2178,No,0.09327452629804611
2179,No,0.07799801975488663
2180,No,0.08771068602800369
2181,No,0.18505321443080902
2182,No,0.22808532416820526
2183,No,0.1666233390569687
2184,No,0.16481566429138184
2185,No,0.2018597275018692
2186,No,0.20077243447303772
2187,No,0.18635457754135132
2188,No,0.15463733673095703
2189,No,0.18003083765506744
2190,No,0.1512543261051178
2191,No,0.1484738141298294
2192,No,0.13104715943336487
2193,No,0.0843496099114418
2194,No,0.0474855974316597
2195,No,0.06431515514850616
2196,No,0.055248744785785675
2197,No,0.08052581548690796
2198,No,0.05921078845858574
2199,No,0.0739138200879097
2200,No,0.06531643122434616
2201,No,0.07524298131465912
2202,No,0.05828413367271423
2203,No,0.07322952896356583
2204,No,0.07437705993652344
2205,No,0.2355053573846817
2206,No,0.08467213064432144
2207,No,0.08811181038618088
2208,No,0.07832065969705582
2209,No,0.1294727474451065
2210,No,0.0742233544588089
2211,No,0.07229824364185333
2212,No,0.07290546596050262
2213,No,0.08123162388801575
2214,No,0.10929902642965317
2215,No,0.050146542489528656
2216,No,0.0885734111070633
2217,No,0.08144772052764893
2218,No,0.04717588052153587
2219,No,0.044255394488573074
2220,No,0.03368331491947174
2221,No,0.10619676113128662
2222,No,0.04519523307681084
2223,No,0.043857499957084656
2224,No,0.038693781942129135
2225,No,0.17706705629825592
2226,No,0.12567535042762756
2227,No,0.17471840977668762
2228,No,0.18730007112026215
2229,No,0.20737101137638092
2230,No,0.20311903953552246
2231,No,0.1922067552804947
2232,No,0.1827078014612198
2233,No,0.25856390595436096
2234,No,0.2388352006673813
2235,No,0.19386042654514313
2236,No,0.20523272454738617
2237,No,0.07229945808649063
2238,No,0.05440998449921608
2239,No,0.05810173973441124
2240,No,0.054446786642074585
2241,No,0.10999564081430435
2242,No,0.06465805321931839
2243,No,0.08339020609855652
2244,No,0.08413747698068619
2245,No,0.14409402012825012
2246,No,0.2539409101009369
2247,No,0.19693364202976227
2248,No,0.3396053910255432
2249,No,0.08277223259210587
2250,No,0.09553221613168716
2251,No,0.1602744162082672
2252,No,0.12552592158317566
2253,No,0.05834227427840233
2254,No,0.05846478044986725
2255,No,0.04220044985413551
2256,No,0.04219566285610199
2257,No,0.048294950276613235
2258,No,0.036180488765239716
2259,No,0.03496648371219635
2260,No,0.0346684455871582
2261,No,0.040695954114198685
2262,No,0.03012663684785366
2263,No,0.028458738699555397
2264,No,0.03811752423644066
2265,No,0.08620402216911316
2266,No,0.03775222972035408
2267,No,0.03953875973820686
2268,No,0.03590817004442215
2269,No,0.11162938922643661
2270,No,0.05978970229625702
2271,No,0.03022933565080166
2272,No,0.033437829464673996
2273,No,0.06862219423055649
2274,No,0.06842795759439468
2275,No,0.055193498730659485
2276,No,0.051601607352495193
2277,No,0.1258070170879364
2278,No,0.1185225397348404
2279,No,0.0702148973941803
2280,No,0.053970105946063995
2281,No,0.10788267105817795
2282,No,0.0925641804933548
2283,No,0.06873489171266556
2284,No,0.071295827627182
2285,No,0.06676336377859116
2286,No,0.06653621792793274
2287,No,0.05475752055644989
2288,No,0.054727789014577866
2289,No,0.2575787305831909
2290,No,0.2656254768371582
2291,No,0.13413746654987335
2292,No,0.1076076477766037
2293,No,0.1906212419271469
2294,No,0.07325964421033859
2295,No,0.1301458328962326
2296,No,0.10279347002506256
2297,No,0.059002138674259186
2298,No,0.052018970251083374
2299,No,0.04900175333023071
2300,No,0.02936297096312046
2301,No,0.09895505756139755
2302,No,0.05924137681722641
2303,No,0.08351818472146988
2304,No,0.0576789565384388
2305,No,0.023633765056729317
2306,No,0.05432711914181709
2307,No,0.027283014729619026
2308,No,0.05590901896357536
2309,No,0.13798049092292786
2310,No,0.15650001168251038
2311,No,0.0919756144285202
2312,No,0.1123611330986023
2313,No,0.039787907153367996
2314,No,0.033576469868421555
2315,No,0.03236379846930504
2316,No,0.036064017564058304
2317,No,0.08405768871307373
2318,No,0.09217450767755508
2319,No,0.04598096013069153
2320,No,0.08268654346466064
2321,No,0.016249531880021095
2322,No,0.02618093602359295
2323,No,0.013246320188045502
2324,No,0.029686059802770615
2325,No,0.02246089093387127
2326,No,0.021910006180405617
2327,No,0.018609143793582916
2328,No,0.03260989487171173
2329,No,0.04881411790847778
2330,No,0.04708302393555641
2331,No,0.038491565734148026
2332,No,0.046842310577631
2333,No,0.01908501796424389
2334,No,0.039484359323978424
2335,No,0.03028886765241623
2336,No,0.041078440845012665
2337,No,0.013357656076550484
2338,No,0.014372727833688259
2339,No,0.014672325924038887
2340,No,0.01763467863202095
2341,No,0.04960677772760391
2342,No,0.056217607110738754
2343,No,0.033633407205343246
2344,No,0.07676829397678375
2345,No,0.02341504953801632
2346,No,0.02421940676867962
2347,No,0.025428401306271553
2348,No,0.026235003024339676
2349,No,0.02028805762529373
2350,No,0.03978975862264633
2351,No,0.0166961457580328
2352,No,0.042228713631629944
2353,No,0.06421498954296112
2354,No,0.053103256970644
2355,No,0.035779353231191635
2356,No,0.03909996151924133
2357,No,0.059167925268411636
2358,No,0.04222917929291725
2359,No,0.0412844642996788
2360,No,0.045595139265060425
2361,No,0.07080782949924469
2362,No,0.06872115284204483
2363,No,0.04386467859148979
2364,No,0.059653207659721375
2365,No,0.058558862656354904
2366,No,0.0412210114300251
2367,No,0.03434843569993973
2368,No,0.03436514362692833
2369,No,0.24530023336410522
2370,No,0.300224632024765
2371,No,0.10677225887775421
2372,No,0.11691408604383469
2373,No,0.10148295015096664
2374,No,0.059565626084804535
2375,No,0.05435904115438461
2376,No,0.06573034822940826
2377,No,0.10972511023283005
2378,No,0.10178171098232269
2379,No,0.10373271256685257
2380,No,0.13938002288341522
2381,No,0.1507842242717743
2382,No,0.048977140337228775
2383,No,0.07022516429424286
2384,No,0.054396748542785645
2385,No,0.04156031832098961
2386,No,0.0533234067261219
2387,No,0.01838608644902706
2388,No,0.02532469481229782
2389,No,0.280946284532547
2390,No,0.4024447798728943
2391,Yes,0.624472975730896
2392,Yes,0.5646090507507324
2393,No,0.07582144439220428
2394,No,0.0638064593076706
2395,No,0.06021632254123688
2396,No,0.0739186555147171
2397,No,0.0744839608669281
2398,No,0.10035399347543716
2399,No,0.016814514994621277
2400,No,0.014393670484423637
2401,No,0.08310327678918839
2402,No,0.07004072517156601
2403,No,0.06273704767227173
2404,No,0.0587584413588047
2405,No,0.061294782906770706
2406,No,0.042932141572237015
2407,No,0.04367059841752052
2408,No,0.04623239114880562
2409,No,0.4263255298137665
2410,No,0.19025453925132751
2411,No,0.17483749985694885
2412,No,0.12414897233247757
2413,No,0.061384767293930054
2414,No,0.050434358417987823
2415,No,0.06345218420028687
2416,No,0.04885309562087059
2417,No,0.11989942938089371
2418,No,0.05339708551764488
2419,No,0.03417752683162689
2420,No,0.04707411304116249
2421,No,0.07570673525333405
2422,No,0.06876330077648163
2423,No,0.06438303738832474
2424,No,0.07812917232513428
2425,No,0.04092792794108391
2426,No,0.0432126484811306
2427,No,0.02870590053498745
2428,No,0.040811579674482346
2429,No,0.14294707775115967
2430,No,0.10930013656616211
2431,No,0.06363586336374283
2432,No,0.07598504424095154
2433,No,0.05798420310020447
2434,No,0.05891437456011772
2435,No,0.038198452442884445
2436,No,0.055274128913879395
2437,No,0.12128151953220367
2438,No,0.12354356050491333
2439,No,0.08089108020067215
2440,No,0.10825106501579285
2441,No,0.07104699313640594
2442,No,0.0785185843706131
2443,No,0.0684104934334755
2444,No,0.07072120159864426
2445,No,0.048929888755083084
2446,No,0.06660626083612442
2447,No,0.046070344746112823
2448,No,0.0578121617436409
2449,No,0.055843181908130646
2450,No,0.04430275037884712
2451,No,0.08172442764043808
2452,No,0.08002588897943497
2453,No,0.06941354274749756
2454,No,0.04066158086061478
2455,No,0.043869633227586746
2456,No,0.041911780834198
2457,No,0.04456331208348274
2458,No,0.038892962038517
2459,No,0.05446276813745499
2460,No,0.047978755086660385
2461,No,0.04525658115744591
2462,No,0.02878597006201744
2463,No,0.03622349724173546
2464,No,0.02622203528881073
2465,No,0.0985739603638649
2466,No,0.07964969426393509
2467,No,0.08788278698921204
2468,No,0.07735932618379593
2469,No,0.052184391766786575
2470,No,0.040948666632175446
2471,No,0.05156834423542023
2472,No,0.04825768992304802
2473,No,0.1321643590927124
2474,No,0.06808321177959442
2475,No,0.06525121629238129
2476,No,0.05379600450396538
2477,No,0.4114226698875427
2478,No,0.08878766745328903
2479,No,0.07860478013753891
2480,No,0.056155119091272354
2481,No,0.08066244423389435
2482,No,0.030548321083188057
2483,No,0.029983485117554665
2484,No,0.01951025240123272
2485,No,0.06514480710029602
2486,No,0.03934321179986
2487,No,0.0464254692196846
2488,No,0.037003062665462494
2489,No,0.08039134740829468
2490,No,0.06331779062747955
2491,No,0.060549765825271606
2492,No,0.05498487502336502
2493,No,0.18006491661071777
2494,No,0.0840454027056694
2495,No,0.11636795103549957
2496,No,0.07716259360313416
2497,No,0.11426068097352982
2498,No,0.10750817507505417
2499,No,0.11595897376537323
2500,No,0.07122378796339035
2501,No,0.054878149181604385
2502,No,0.03558748960494995
2503,No,0.043075963854789734
2504,No,0.03668152168393135
2505,No,0.05297619104385376
2506,No,0.04143320396542549
2507,No,0.04220224544405937
2508,No,0.039179496467113495
2509,No,0.09262119233608246
2510,No,0.05436639487743378
2511,No,0.09992258995771408
2512,No,0.052372340112924576
2513,No,0.20059078931808472
2514,No,0.1976725459098816
2515,No,0.2021840363740921
2516,No,0.21452593803405762
2517,No,0.0994224026799202
2518,No,0.14022329449653625
2519,No,0.11740120500326157
2520,No,0.1155267059803009
2521,No,0.10275038331747055
2522,No,0.06997716426849365
2523,No,0.0659150704741478
2524,No,0.06469936668872833
2525,No,0.1327138990163803
2526,No,0.06745278835296631
2527,No,0.079604372382164
2528,No,0.07849624007940292
2529,No,0.11354623734951019
2530,No,0.13053055107593536
2531,No,0.05961295962333679
2532,No,0.05859040841460228
2533,No,0.476679265499115
2534,No,0.3838575482368469
2535,No,0.40418878197669983
2536,No,0.48174339532852173
2537,No,0.09127961099147797
2538,No,0.05642912536859512
2539,No,0.06618041545152664
2540,No,0.06447257846593857
2541,No,0.08389168977737427
2542,No,0.05013854056596756
2543,No,0.06159670650959015
2544,No,0.05192721635103226
2545,No,0.09189078211784363
2546,No,0.07117927819490433
2547,No,0.06039104238152504
2548,No,0.07689488679170609
2549,No,0.12411387264728546
2550,No,0.1286790370941162
2551,No,0.11168266832828522
2552,No,0.17628690600395203
2553,No,0.06535597890615463
2554,No,0.06066768243908882
2555,No,0.05373021215200424
2556,No,0.05557740479707718
2557,No,0.18198783695697784
2558,No,0.13745521008968353
2559,No,0.12724560499191284
2560,No,0.12973402440547943
2561,No,0.07328333705663681
2562,No,0.06390973180532455
2563,No,0.06311686336994171
2564,No,0.0956755205988884
2565,No,0.2522026300430298
2566,No,0.27248162031173706
2567,No,0.30114322900772095
2568,No,0.24550572037696838
2569,No,0.09409338235855103
2570,No,0.2047784924507141
2571,No,0.0776628702878952
2572,No,0.10216569900512695
2573,No,0.06489817053079605
2574,No,0.0581822507083416
2575,No,0.04966268315911293
2576,No,0.041604507714509964
2577,No,0.08178401738405228
2578,No,0.08218646049499512
2579,No,0.10880465805530548
2580,No,0.16809947788715363
2581,No,0.08291196823120117
2582,No,0.05177254602313042
2583,No,0.07647689431905746
2584,No,0.05559876933693886
2585,No,0.1479634940624237
2586,No,0.12786610424518585
2587,No,0.1482134908437729
2588,No,0.15309080481529236
2589,No,0.062175337225198746
2590,No,0.04179571941494942
2591,No,0.04721910133957863
2592,No,0.04955625161528587
2593,No,0.11701122671365738
2594,No,0.05098145827651024
2595,No,0.02549496665596962
2596,No,0.026689693331718445
2597,No,0.04316052421927452
2598,No,0.03815856948494911
2599,No,0.052022214978933334
2600,No,0.04916639253497124
2601,No,0.043593768030405045
2602,No,0.03959592804312706
2603,No,0.0324188657104969
2604,No,0.028393033891916275
2605,No,0.05267295986413956
2606,No,0.047613341361284256
2607,No,0.058019496500492096
2608,No,0.06049928441643715
2609,No,0.0602855384349823
2610,No,0.03261135146021843
2611,No,0.035677287727594376
2612,No,0.044188618659973145
2613,No,0.1304377168416977
2614,No,0.12235897779464722
2615,No,0.07749105989933014
2616,No,0.1279394030570984
2617,No,0.15919899940490723
2618,No,0.1386919915676117
2619,No,0.15851183235645294
2620,No,0.23402011394500732
2621,No,0.0903555154800415
2622,No,0.07194896787405014
2623,No,0.07392610609531403
2624,No,0.08199887722730637
2625,No,0.03394434601068497
2626,No,0.055954188108444214
2627,No,0.032940372824668884
2628,No,0.038229215890169144
2629,No,0.10916714370250702
2630,No,0.14309583604335785
2631,No,0.09996367245912552
2632,No,0.08173907548189163
2633,No,0.0538482703268528
2634,No,0.10582324862480164
2635,No,0.04293062165379524
2636,No,0.04910057783126831
2637,No,0.22218391299247742
2638,No,0.2108124941587448
2639,No,0.17733190953731537
2640,No,0.16315200924873352
2641,No,0.0651230588555336
2642,No,0.08232001215219498
2643,No,0.03759881481528282
2644,No,0.03771321848034859
2645,No,0.29278120398521423
2646,No,0.3198089003562927
2647,No,0.3186057507991791
2648,No,0.37744417786598206
2649,No,0.20861196517944336
2650,No,0.10119910538196564
2651,No,0.11488238722085953
2652,No,0.11770652234554291
2653,No,0.0676099881529808
2654,No,0.0617486834526062
2655,No,0.04732256755232811
2656,No,0.054368890821933746
2657,No,0.17706778645515442
2658,No,0.20452597737312317
2659,No,0.15420585870742798
2660,No,0.13413064181804657
2661,No,0.05054841935634613
2662,No,0.04691300168633461
2663,No,0.04615020751953125
2664,No,0.04755040258169174
2665,No,0.08742568641901016
2666,No,0.11344816535711288
2667,No,0.09430903196334839
2668,No,0.09703774750232697
2669,No,0.1162162572145462
2670,No,0.09820780158042908
2671,No,0.10104740411043167
2672,No,0.10542552173137665
2673,No,0.05054841935634613
2674,No,0.04691300168633461
2675,No,0.04615020751953125
2676,No,0.04755040258169174
2677,No,0.12641707062721252
2678,No,0.10156941413879395
2679,No,0.09722569584846497
2680,No,0.10944746434688568
2681,No,0.07610879838466644
2682,No,0.07791200280189514
2683,No,0.09698038548231125
2684,No,0.08853883296251297
2685,Yes,0.5720275044441223
2686,No,0.18957725167274475
2687,No,0.11434623599052429
2688,No,0.0814606249332428
2689,No,0.07967691868543625
2690,No,0.051240839064121246
2691,No,0.06636464595794678
2692,No,0.05922592058777809
2693,No,0.10058879852294922
2694,No,0.12484476715326309
2695,No,0.10170400142669678
2696,No,0.07615668326616287
2697,No,0.07228145748376846
2698,No,0.06400876492261887
2699,No,0.07185233384370804
2700,No,0.08297138661146164
2701,No,0.324668288230896
2702,No,0.2885951101779938
2703,No,0.18094336986541748
2704,No,0.16363142430782318
2705,No,0.45169565081596375
2706,No,0.3082173764705658
2707,No,0.18755270540714264
2708,No,0.1660710871219635
2709,No,0.056761808693408966
2710,No,0.1052594855427742
2711,No,0.047735970467329025
2712,No,0.04162606969475746
2713,No,0.07855008542537689
2714,No,0.07364251464605331
2715,No,0.07521320879459381
2716,No,0.08483072370290756
2717,No,0.14511647820472717
2718,No,0.08111921697854996
2719,No,0.14843210577964783
2720,No,0.13891080021858215
2721,No,0.06593620777130127
2722,No,0.08471812307834625
2723,No,0.046292494982481
2724,No,0.06436736136674881
2725,No,0.037105362862348557
2726,No,0.08471577614545822
2727,No,0.03552829846739769
2728,No,0.05185163766145706
2729,No,0.0497920848429203
2730,No,0.06483055651187897
2731,No,0.030145594850182533
2732,No,0.04501934349536896
2733,No,0.03535693511366844
2734,No,0.060007814317941666
2735,No,0.04020584002137184
2736,No,0.05762450397014618
2737,No,0.11096883565187454
2738,No,0.14208298921585083
2739,No,0.09978050738573074
2740,No,0.08349655568599701
2741,No,0.061266858130693436
2742,No,0.05324025824666023
2743,No,0.04870932921767235
2744,No,0.04951154440641403
2745,No,0.03917856141924858
2746,No,0.04879508167505264
2747,No,0.040144551545381546
2748,No,0.06887410581111908
2749,No,0.05100181698799133
2750,No,0.10310253500938416
2751,No,0.047350961714982986
2752,No,0.05363902449607849
2753,No,0.047585226595401764
2754,No,0.0876980572938919
2755,No,0.05684847757220268
2756,No,0.1099873036146164
2757,No,0.07669544219970703
2758,No,0.1332075297832489
2759,No,0.0652473121881485
2760,No,0.10918603092432022
2761,No,0.06593620777130127
2762,No,0.08471812307834625
2763,No,0.046292494982481
2764,No,0.06436736136674881
2765,No,0.07345306873321533
2766,No,0.08931488543748856
2767,No,0.0728926733136177
2768,No,0.08915456384420395
2769,No,0.04413735121488571
2770,No,0.05980885773897171
2771,No,0.041841164231300354
2772,No,0.05073481798171997
2773,No,0.03885471448302269
2774,No,0.054062727838754654
2775,No,0.04966675862669945
2776,No,0.07466918230056763
2777,No,0.044139668345451355
2778,No,0.07182586938142776
2779,No,0.041040703654289246
2780,No,0.07015123963356018
2781,No,0.0651249885559082
2782,No,0.06514845043420792
2783,No,0.04738445580005646
2784,No,0.06893469393253326
2785,No,0.08468735218048096
2786,No,0.10253962874412537
2787,No,0.2231418639421463
2788,No,0.1571497619152069
2789,No,0.04121864587068558
2790,No,0.05584383010864258
2791,No,0.04721907153725624
2792,No,0.05341941863298416
2793,No,0.03418667986989021
2794,No,0.02594137191772461
2795,No,0.031980596482753754
2796,No,0.028380174189805984
2797,No,0.059285011142492294
2798,No,0.0273281279951334
2799,No,0.023272575810551643
2800,No,0.02831294946372509
2801,No,0.41853928565979004
2802,No,0.18496322631835938
2803,No,0.2644503116607666
2804,No,0.20785343647003174
2805,No,0.2664463222026825
2806,No,0.2804190516471863
2807,No,0.27965596318244934
2808,No,0.3491741418838501
2809,No,0.22057993710041046
2810,No,0.07501334697008133
2811,No,0.15938101708889008
2812,No,0.11781994998455048
2813,No,0.04770264774560928
2814,No,0.05961281433701515
2815,No,0.05077579990029335
2816,No,0.040601957589387894
2817,No,0.09497589617967606
2818,No,0.0716089978814125
2819,No,0.09844959527254105
2820,No,0.09632830321788788
2821,No,0.1488921046257019
2822,No,0.12763071060180664
2823,No,0.1178891584277153
2824,No,0.10695407539606094
2825,No,0.12466409802436829
2826,No,0.07430320233106613
2827,No,0.08794466406106949
2828,No,0.08382163941860199
2829,No,0.15202543139457703
2830,No,0.09741988778114319
2831,No,0.13008423149585724
2832,No,0.13226625323295593
2833,No,0.14100947976112366
2834,No,0.09336049854755402
2835,No,0.08639705181121826
2836,No,0.07125326991081238
2837,No,0.18242806196212769
2838,No,0.09714506566524506
2839,No,0.1154160127043724
2840,No,0.10448630899190903
2841,No,0.09676272422075272
2842,No,0.068138487637043
2843,No,0.09187987446784973
2844,No,0.07226499170064926
2845,Yes,0.6285865902900696
2846,Yes,0.527036190032959
2847,Yes,0.5840986371040344
2848,No,0.49220332503318787
2849,Yes,0.8303626775741577
2850,No,0.4307217001914978
2851,Yes,0.7593509554862976
2852,No,0.4666665196418762
2853,No,0.14536146819591522
2854,No,0.06852003931999207
2855,No,0.12079212069511414
2856,No,0.0834483951330185
2857,No,0.12687274813652039
2858,No,0.060775645077228546
2859,No,0.08488240838050842
2860,No,0.07272477447986603
2861,No,0.08994290977716446
2862,No,0.05055892840027809
2863,No,0.0397854708135128
2864,No,0.038008712232112885
2865,No,0.19123196601867676
2866,No,0.15369383990764618
2867,No,0.2532750964164734
2868,No,0.10065555572509766
2869,No,0.1899401992559433
2870,No,0.14945313334465027
2871,No,0.15810070931911469
2872,No,0.09292192757129669
2873,No,0.16125012934207916
2874,No,0.08364353328943253
2875,No,0.08842778950929642
2876,No,0.07979996502399445
2877,No,0.24526163935661316
2878,No,0.17785221338272095
2879,No,0.162475124001503
2880,No,0.12395432591438293
2881,No,0.0694841668009758
2882,No,0.20431235432624817
2883,No,0.10614611953496933
2884,No,0.2882707118988037
2885,No,0.44496825337409973
2886,Yes,0.5574538707733154
2887,No,0.40421250462532043
2888,Yes,0.579685628414154
2889,No,0.24118058383464813
2890,No,0.3005731701850891
2891,No,0.4043058753013611
2892,No,0.3314827084541321
2893,No,0.41011765599250793
2894,No,0.34883037209510803
2895,No,0.3857075572013855
2896,No,0.2746547758579254
2897,No,0.0948440432548523
2898,No,0.27132949233055115
2899,No,0.1675218790769577
2900,No,0.32455459237098694
2901,No,0.22136156260967255
2902,No,0.20643019676208496
2903,No,0.19665642082691193
2904,No,0.19837144017219543
2905,No,0.13366658985614777
2906,No,0.15700259804725647
2907,No,0.20389492809772491
2908,No,0.17684867978096008
2909,No,0.11172572523355484
2910,No,0.1628631353378296
2911,No,0.18248221278190613
2912,No,0.24133166670799255
2913,No,0.11479935050010681
2914,No,0.10970671474933624
2915,No,0.14023999869823456
2916,No,0.056846920400857925
2917,No,0.22894859313964844
2918,No,0.10762190073728561
2919,No,0.18380413949489594
2920,No,0.11647938191890717
2921,No,0.08902646601200104
2922,No,0.08410889655351639
2923,No,0.07972178608179092
2924,No,0.04660482704639435
2925,No,0.0968683660030365
2926,No,0.09459645301103592
2927,No,0.11596322059631348
2928,No,0.0669742003083229
2929,No,0.14488518238067627
2930,No,0.20186099410057068
2931,No,0.08880935609340668
2932,No,0.052021324634552
2933,No,0.10276151448488235
2934,No,0.05146101117134094
2935,No,0.05992965027689934
2936,No,0.03129294887185097
2937,No,0.2069179117679596
2938,No,0.1093016043305397
2939,No,0.051497191190719604
2940,No,0.0357133187353611
2941,No,0.09981386363506317
2942,No,0.06957810372114182
2943,No,0.07194139808416367
2944,No,0.04767441004514694
2945,No,0.0896868109703064
2946,No,0.055953580886125565
2947,No,0.09563856571912766
2948,No,0.078480064868927
2949,No,0.1633221060037613
2950,No,0.1031954288482666
2951,No,0.18342550098896027
2952,No,0.14872658252716064
2953,No,0.12677229940891266
2954,No,0.060859594494104385
2955,No,0.10904818028211594
2956,No,0.06900832056999207
2957,No,0.14129404723644257
2958,No,0.04767565801739693
2959,No,0.04939781874418259
2960,No,0.05104275420308113
2961,No,0.10444462299346924
2962,No,0.08589433878660202
2963,No,0.12769842147827148
2964,No,0.11235960572957993
2965,No,0.243055060505867
2966,No,0.1879911720752716
2967,No,0.22437095642089844
2968,No,0.21443741023540497
2969,No,0.12509404122829437
2970,No,0.08748658746480942
2971,No,0.17733506858348846
2972,No,0.1191001832485199
2973,No,0.125539168715477
2974,No,0.10083752870559692
2975,No,0.10759425163269043
2976,No,0.09603862464427948
2977,No,0.05363205075263977
2978,No,0.03312116116285324
2979,No,0.035498954355716705
2980,No,0.02727329172194004
2981,No,0.07982886582612991
2982,No,0.061074867844581604
2983,No,0.06716771423816681
2984,No,0.048876017332077026
2985,No,0.139618381857872
2986,No,0.22027063369750977
2987,No,0.18536698818206787
2988,No,0.18321767449378967
2989,No,0.06906403601169586
2990,No,0.05451443791389465
2991,No,0.057307709008455276
2992,No,0.03882205858826637
2993,No,0.094705730676651
2994,No,0.18083791434764862
2995,No,0.02788882702589035
2996,No,0.018563253805041313
2997,No,0.07309823483228683
2998,No,0.041902150958776474
2999,No,0.048782993108034134
3000,No,0.03497486561536789
3001,No,0.0740269348025322
3002,No,0.07277552038431168
3003,No,0.061016350984573364
3004,No,0.052788328379392624
3005,No,0.05971984565258026
3006,No,0.06944825500249863
3007,No,0.06404656171798706
3008,No,0.05539177358150482
3009,No,0.057497575879096985
3010,No,0.030575931072235107
3011,No,0.029388030990958214
3012,No,0.020784903317689896
3013,No,0.1275380253791809
3014,No,0.1253858506679535
3015,No,0.0893079861998558
3016,No,0.05970722436904907
3017,No,0.08180464059114456
3018,No,0.09215753525495529
3019,No,0.06568574905395508
3020,No,0.05983161926269531
3021,No,0.04334160313010216
3022,No,0.05002982169389725
3023,No,0.06289459764957428
3024,No,0.04060698300600052
3025,No,0.10214473307132721
3026,No,0.07677341997623444
3027,No,0.04888060316443443
3028,No,0.039674241095781326
3029,No,0.06603913754224777
3030,No,0.05496902018785477
3031,No,0.06398780643939972
3032,No,0.0440983772277832
3033,No,0.11936213821172714
3034,No,0.1141195148229599
3035,No,0.11125703901052475
3036,No,0.09821206331253052
3037,No,0.11246336251497269
3038,No,0.18748028576374054
3039,No,0.10289531946182251
3040,No,0.09845200181007385
3041,No,0.03605193644762039
3042,No,0.01878049038350582
3043,No,0.019552214071154594
3044,No,0.029397813603281975
3045,No,0.059660982340574265
3046,No,0.049586616456508636
3047,No,0.04540785774588585
3048,No,0.04078398644924164
3049,No,0.12668682634830475
3050,No,0.13787369430065155
3051,No,0.2140708863735199
3052,No,0.16584895551204681
3053,No,0.16224126517772675
3054,No,0.16413213312625885
3055,No,0.15213525295257568
3056,No,0.0881383866071701
3057,No,0.028974499553442
3058,No,0.02339150384068489
3059,No,0.025984006002545357
3060,No,0.02188793383538723
3061,No,0.030947014689445496
3062,No,0.022614849731326103
3063,No,0.020762396976351738
3064,No,0.018775993958115578
3065,No,0.024657217785716057
3066,No,0.021580444648861885
3067,No,0.020541874691843987
3068,No,0.016172928735613823
3069,No,0.04514367878437042
3070,No,0.0342407152056694
3071,No,0.05376574024558067
3072,No,0.051147885620594025
3073,No,0.08948954939842224
3074,No,0.044486839324235916
3075,No,0.03896162286400795
3076,No,0.044889096170663834
3077,No,0.034291066229343414
3078,No,0.07526417076587677
3079,No,0.012416166253387928
3080,No,0.014225668273866177
3081,No,0.05377746745944023
3082,No,0.049825116991996765
3083,No,0.05006702244281769
3084,No,0.036194831132888794
3085,No,0.04939940571784973
3086,No,0.04375850781798363
3087,No,0.038993943482637405
3088,No,0.040359508246183395
3089,No,0.04109291732311249
3090,No,0.037884894758462906
3091,No,0.03717386722564697
3092,No,0.03059772215783596
3093,No,0.058643996715545654
3094,No,0.046568598598241806
3095,No,0.051367659121751785
3096,No,0.04904819652438164
3097,No,0.07715116441249847
3098,No,0.04007886350154877
3099,No,0.04364890232682228
3100,No,0.050939034670591354
3101,No,0.09759658575057983
3102,No,0.19613458216190338
3103,No,0.08752793818712234
3104,No,0.12433265894651413
3105,No,0.06455457955598831
3106,No,0.05774354562163353
3107,No,0.06919363141059875
3108,No,0.07255692780017853
3109,No,0.1708020269870758
3110,No,0.11432391405105591
3111,No,0.17162854969501495
3112,No,0.1508806198835373
3113,No,0.050828877836465836
3114,No,0.050226420164108276
3115,No,0.041300565004348755
3116,No,0.04544210433959961
3117,No,0.14888018369674683
3118,No,0.07290337234735489
3119,No,0.0378296822309494
3120,No,0.03673055022954941
3121,No,0.06365858018398285
3122,No,0.059433020651340485
3123,No,0.039911042898893356
3124,No,0.06312137097120285
3125,No,0.07715116441249847
3126,No,0.04007886350154877
3127,No,0.04364890232682228
3128,No,0.050939034670591354
3129,No,0.058643996715545654
3130,No,0.046568598598241806
3131,No,0.051367659121751785
3132,No,0.04904819652438164
3133,No,0.030400311574339867
3134,No,0.07796068489551544
3135,No,0.09359090030193329
3136,No,0.1108076199889183
3137,No,0.0633552074432373
3138,No,0.04089575633406639
3139,No,0.044819049537181854
3140,No,0.0521714985370636
3141,No,0.35018572211265564
3142,No,0.29140016436576843
3143,No,0.2869511544704437
3144,No,0.27276134490966797
3145,No,0.11074550449848175
3146,No,0.11072291433811188
3147,No,0.09095370024442673
3148,No,0.15356934070587158
3149,No,0.16380997002124786
3150,No,0.06892330944538116
3151,No,0.09013237059116364
3152,No,0.10547451674938202
3153,No,0.12996849417686462
3154,No,0.13066869974136353
3155,No,0.08655767887830734
3156,No,0.09731104969978333
3157,No,0.1193712130188942
3158,No,0.11053657531738281
3159,No,0.08645564317703247
3160,No,0.08717433363199234
3161,No,0.09462235122919083
3162,No,0.06816766411066055
3163,No,0.06954767554998398
3164,No,0.06920167803764343
3165,No,0.09228376299142838
3166,No,0.07679860293865204
3167,No,0.1014396920800209
3168,No,0.053360454738140106
3169,No,0.05434434115886688
3170,No,0.02653125673532486
3171,No,0.03333380073308945
3172,No,0.03325972333550453
3173,No,0.13937239348888397
3174,No,0.22189825773239136
3175,No,0.17821185290813446
3176,No,0.158657968044281
3177,No,0.05708681046962738
3178,No,0.06005329266190529
3179,No,0.06223278120160103
3180,No,0.03836067393422127
3181,No,0.05188982933759689
3182,No,0.06082828715443611
3183,No,0.049248818308115005
3184,No,0.05178585276007652
3185,No,0.05960923060774803
3186,No,0.04527686536312103
3187,No,0.05271740257740021
3188,No,0.08648693561553955
3189,No,0.05837654322385788
3190,No,0.055778585374355316
3191,No,0.04815318062901497
3192,No,0.039746541529893875
3193,No,0.02855575457215309
3194,No,0.028980417177081108
3195,No,0.03290766105055809
3196,No,0.050743769854307175
3197,No,0.10010726749897003
3198,No,0.08819066733121872
3199,No,0.07234859466552734
3200,No,0.06937957555055618
3201,No,0.08739170432090759
3202,No,0.06514833122491837
3203,No,0.0723603144288063
3204,No,0.07154806703329086
3205,No,0.14663749933242798
3206,No,0.057181719690561295
3207,No,0.09627767652273178
3208,No,0.06201189011335373
3209,No,0.10579878091812134
3210,No,0.0780891552567482
3211,No,0.1355881541967392
3212,No,0.055470265448093414
3213,No,0.11965637654066086
3214,No,0.11185028403997421
3215,No,0.12884844839572906
3216,No,0.07732324302196503
3217,No,0.11044565588235855
3218,No,0.05148312449455261
3219,No,0.08741086721420288
3220,No,0.06657658517360687
3221,No,0.0903928279876709
3222,No,0.03218989446759224
3223,No,0.027556737884879112
3224,No,0.02356882020831108
3225,No,0.2354002594947815
3226,No,0.18647965788841248
3227,No,0.247533917427063
3228,No,0.14322300255298615
3229,No,0.04101349413394928
3230,No,0.02587464265525341
3231,No,0.041158970445394516
3232,No,0.024714598432183266
3233,No,0.06696368008852005
3234,No,0.03266339376568794
3235,No,0.0339544415473938
3236,No,0.031471263617277145
3237,No,0.07808144390583038
3238,No,0.057203058153390884
3239,No,0.0777071863412857
3240,No,0.054340116679668427
3241,No,0.09428302198648453
3242,No,0.06299484521150589
3243,No,0.06922406703233719
3244,No,0.06070684641599655
3245,Yes,0.5224650502204895
3246,No,0.35992512106895447
3247,No,0.43896275758743286
3248,No,0.4317482113838196
3249,Yes,0.7006030678749084
3250,Yes,0.6932799220085144
3251,Yes,0.7602993845939636
3252,Yes,0.5921012759208679
3253,No,0.1838179975748062
3254,No,0.09979503601789474
3255,No,0.18755921721458435
3256,No,0.11296255141496658
3257,No,0.3216020464897156
3258,No,0.18384477496147156
3259,No,0.14044895768165588
3260,No,0.09222845733165741
3261,No,0.1966150999069214
3262,No,0.14109012484550476
3263,No,0.11768868565559387
3264,No,0.052509695291519165
3265,No,0.06733594089746475
3266,No,0.043280355632305145
3267,No,0.03815516456961632
3268,No,0.021504461765289307
3269,No,0.17639712989330292
3270,No,0.18789730966091156
3271,No,0.13866128027439117
3272,No,0.12519600987434387
3273,No,0.13929688930511475
3274,No,0.09129742532968521
3275,No,0.09739971905946732
3276,No,0.06468052417039871
3277,Yes,0.7006030678749084
3278,Yes,0.6932799220085144
3279,Yes,0.7602993845939636
3280,Yes,0.5921012759208679
3281,No,0.19230452179908752
3282,No,0.26611781120300293
3283,No,0.11850003898143768
3284,No,0.08762053400278091
3285,No,0.09263124316930771
3286,No,0.04892707243561745
3287,No,0.04686322808265686
3288,No,0.04024576023221016
3289,No,0.49298998713493347
3290,Yes,0.6804258823394775
3291,Yes,0.6181313991546631
3292,Yes,0.659002959728241
3293,No,0.1660969853401184
3294,No,0.17535966634750366
3295,No,0.06335866451263428
3296,No,0.0682537853717804
3297,No,0.15030981600284576
3298,No,0.17628824710845947
3299,No,0.11440593749284744
3300,No,0.11440199613571167
3301,No,0.07733427733182907
3302,No,0.050533365458250046
3303,No,0.06378933042287827
3304,No,0.05686445161700249
3305,No,0.13068361580371857
3306,No,0.06437608599662781
3307,No,0.05829816684126854
3308,No,0.05014311894774437
3309,No,0.07770822942256927
3310,No,0.11028125882148743
3311,No,0.055136531591415405
3312,No,0.047843556851148605
3313,No,0.032812271267175674
3314,No,0.042781583964824677
3315,No,0.031520191580057144
3316,No,0.025216136127710342
3317,No,0.04991386458277702
3318,No,0.025144482031464577
3319,No,0.028067924082279205
3320,No,0.023628955706954002
3321,No,0.07700258493423462
3322,No,0.054933100938797
3323,No,0.05077187344431877
3324,No,0.03363989293575287
3325,No,0.11721624433994293
3326,No,0.12359984219074249
3327,No,0.08952515572309494
3328,No,0.08173318952322006
3329,No,0.1650954633951187
3330,No,0.21141068637371063
3331,No,0.1613428294658661
3332,No,0.18566608428955078
3333,No,0.058429475873708725
3334,No,0.07254992425441742
3335,No,0.06722251325845718
3336,No,0.05289444699883461
3337,No,0.20926867425441742
3338,No,0.3145195245742798
3339,No,0.20055705308914185
3340,No,0.35229501128196716
3341,No,0.0910986140370369
3342,No,0.08810572326183319
3343,No,0.12031080573797226
3344,No,0.13379625976085663
3345,No,0.09981390088796616
3346,No,0.0663653314113617
3347,No,0.09499334543943405
3348,No,0.1099538654088974
3349,No,0.1537056416273117
3350,No,0.19197900593280792
3351,No,0.15574580430984497
3352,No,0.15343166887760162
3353,No,0.06476114690303802
3354,No,0.06591679900884628
3355,No,0.0835571363568306
3356,No,0.08563924580812454
3357,No,0.14152295887470245
3358,No,0.1059642806649208
3359,No,0.10269549489021301
3360,No,0.09687018394470215
3361,No,0.1731565147638321
3362,No,0.18645747005939484
3363,No,0.1152753084897995
3364,No,0.150551438331604
3365,No,0.09337589889764786
3366,No,0.05939105525612831
3367,No,0.03242448344826698
3368,No,0.03932741656899452
3369,No,0.13416318595409393
3370,No,0.09346026182174683
3371,No,0.0778459757566452
3372,No,0.08653154224157333
3373,No,0.08861659467220306
3374,No,0.06201637536287308
3375,No,0.05494483560323715
3376,No,0.044653359800577164
3377,No,0.0626026839017868
3378,No,0.0668596625328064
3379,No,0.039964646100997925
3380,No,0.03777380287647247
3381,No,0.07812557369470596
3382,No,0.049740444868803024
3383,No,0.032783105969429016
3384,No,0.03183192014694214
3385,No,0.17679482698440552
3386,No,0.1896536648273468
3387,No,0.1377936750650406
3388,No,0.1300271600484848
3389,No,0.027971716597676277
3390,No,0.02665766514837742
3391,No,0.013240651227533817
3392,No,0.017491307109594345
3393,No,0.1316189467906952
3394,No,0.13602931797504425
3395,No,0.11040952801704407
3396,No,0.11709678918123245
3397,No,0.039159756153821945
3398,No,0.05141634866595268
3399,No,0.03343997150659561
3400,No,0.01962490938603878
3401,No,0.03343119099736214
3402,No,0.03667415305972099
3403,No,0.023580245673656464
3404,No,0.018496694043278694
3405,No,0.20072627067565918
3406,No,0.1511571854352951
3407,No,0.21277226507663727
3408,No,0.18487678468227386
3409,No,0.41559070348739624
3410,No,0.4097851812839508
3411,No,0.28169021010398865
3412,No,0.23802287876605988
3413,No,0.12235359847545624
3414,No,0.27141526341438293
3415,No,0.06280567497015
3416,No,0.055164508521556854
3417,No,0.056505944579839706
3418,No,0.05059537664055824
3419,No,0.06394356489181519
3420,No,0.05293618142604828
3421,No,0.21516117453575134
3422,No,0.3030792474746704
3423,No,0.27533596754074097
3424,No,0.2564939558506012
3425,No,0.14513318240642548
3426,No,0.12338351458311081
3427,No,0.07971862703561783
3428,No,0.06814827769994736
3429,No,0.03960335627198219
3430,No,0.029527565464377403
3431,No,0.02422921545803547
3432,No,0.023106668144464493
3433,No,0.10198836028575897
3434,No,0.1043388620018959
3435,No,0.0955391600728035
3436,No,0.10434110462665558
3437,No,0.22180941700935364
3438,No,0.2123897671699524
3439,No,0.1962243616580963
3440,No,0.18857353925704956
3441,No,0.1222410798072815
3442,No,0.1731395721435547
3443,No,0.19098059833049774
3444,No,0.17361755669116974
3445,No,0.22921495139598846
3446,No,0.2689790427684784
3447,No,0.19684858620166779
3448,No,0.15885283052921295
3449,No,0.11284535378217697
3450,No,0.0848403349518776
3451,No,0.1306382715702057
3452,No,0.11137299984693527
3453,No,0.3164035677909851
3454,No,0.13849444687366486
3455,No,0.16545602679252625
3456,No,0.13475729525089264
3457,No,0.1530708521604538
3458,No,0.27939730882644653
3459,No,0.1384764462709427
3460,No,0.10984348505735397
3461,No,0.06214465573430061
3462,No,0.052088361233472824
3463,No,0.07136798650026321
3464,No,0.05893546715378761
3465,No,0.0609133206307888
3466,No,0.0469910129904747
3467,No,0.06467702239751816
3468,No,0.050260186195373535
3469,No,0.27110910415649414
3470,No,0.12304464727640152
3471,No,0.19770671427249908
3472,No,0.1312381625175476
3473,No,0.08251723647117615
3474,No,0.045304033905267715
3475,No,0.043514106422662735
3476,No,0.032721009105443954
3477,No,0.06350822746753693
3478,No,0.059989526867866516
3479,No,0.06914118677377701
3480,No,0.056481726467609406
3481,No,0.03590760752558708
3482,No,0.02595994435250759
3483,No,0.048565302044153214
3484,No,0.03713870793581009
3485,No,0.03691413253545761
3486,No,0.040781404823064804
3487,No,0.0510384775698185
3488,No,0.04241722822189331
3489,No,0.07589206099510193
3490,No,0.11413320899009705
3491,No,0.17244990170001984
3492,No,0.16635672748088837
3493,No,0.08153779059648514
3494,No,0.07265342026948929
3495,No,0.11322490870952606
3496,No,0.09924420714378357
3497,No,0.0834558755159378
3498,No,0.10118325054645538
3499,No,0.13069021701812744
3500,No,0.11409366130828857
3501,No,0.18365922570228577
3502,No,0.12776796519756317
3503,No,0.18536314368247986
3504,No,0.14106042683124542
3505,No,0.1383080631494522
3506,No,0.07632289826869965
3507,No,0.10246128588914871
3508,No,0.07596371322870255
3509,No,0.15347576141357422
3510,No,0.08023893088102341
3511,No,0.13555239140987396
3512,No,0.07214263826608658
3513,No,0.18202336132526398
3514,No,0.11345057934522629
3515,No,0.10073690861463547
3516,No,0.10062422603368759
3517,No,0.21993088722229004
3518,No,0.2771839499473572
3519,No,0.1240881159901619
3520,No,0.10843463987112045
3521,No,0.11020205914974213
3522,No,0.1508091688156128
3523,No,0.0994192436337471
3524,No,0.17325125634670258
3525,No,0.24744738638401031
3526,No,0.20824579894542694
3527,No,0.1827060431241989
3528,No,0.17565836012363434
3529,No,0.48165082931518555
3530,No,0.4189065396785736
3531,Yes,0.619230329990387
3532,Yes,0.5805792212486267
3533,No,0.11005408316850662
3534,No,0.05471695587038994
3535,No,0.08619314432144165
3536,No,0.06999228894710541
3537,No,0.07745594531297684
3538,No,0.049674808979034424
3539,No,0.04844801127910614
3540,No,0.04865588620305061
3541,No,0.09305579960346222
3542,No,0.07007860392332077
3543,No,0.09394347667694092
3544,No,0.09298136085271835
3545,No,0.0940108671784401
3546,No,0.05874016135931015
3547,No,0.05754954367876053
3548,No,0.07467164099216461
3549,Yes,0.5004571080207825
3550,Yes,0.6896078586578369
3551,No,0.28005412220954895
3552,No,0.44836390018463135
3553,No,0.17677739262580872
3554,No,0.2377057820558548
3555,No,0.19430433213710785
3556,No,0.19219933450222015
3557,No,0.08151043206453323
3558,No,0.059779949486255646
3559,No,0.06096711754798889
3560,No,0.05741945281624794
3561,No,0.090400829911232
3562,No,0.09247545897960663
3563,No,0.09590905159711838
3564,No,0.12649615108966827
3565,No,0.08284053206443787
3566,No,0.11960287392139435
3567,No,0.08014412969350815
3568,No,0.08560560643672943
3569,No,0.07937180995941162
3570,No,0.06261705607175827
3571,No,0.05776531249284744
3572,No,0.06254014372825623
3573,No,0.05640977621078491
3574,No,0.04402092471718788
3575,No,0.03876621276140213
3576,No,0.03884908929467201
3577,No,0.3040968179702759
3578,No,0.09662093967199326
3579,No,0.07217969745397568
3580,No,0.060124173760414124
3581,No,0.10314387828111649
3582,No,0.1296459436416626
3583,No,0.09449650347232819
3584,No,0.13335831463336945
3585,No,0.19781242311000824
3586,No,0.1047331690788269
3587,No,0.10473800450563431
3588,No,0.11744476109743118
3589,No,0.0850801020860672
3590,No,0.05711228772997856
3591,No,0.059571634978055954
3592,No,0.05878230556845665
3593,No,0.06675701588392258
3594,No,0.14800050854682922
3595,No,0.13371172547340393
3596,No,0.14588722586631775
3597,No,0.09184419363737106
3598,No,0.07375184446573257
3599,No,0.10931117087602615
3600,No,0.08510301262140274
3601,No,0.11882144212722778
3602,No,0.19792906939983368
3603,No,0.14710542559623718
3604,No,0.1677047163248062
3605,No,0.12212812155485153
3606,No,0.07954812794923782
3607,No,0.08253529667854309
3608,No,0.07712505012750626
3609,No,0.10770327597856522
3610,No,0.1046026274561882
3611,No,0.10332877188920975
3612,No,0.07307406514883041
3613,No,0.16538067162036896
3614,No,0.09254956245422363
3615,No,0.09023003280162811
3616,No,0.07849710434675217
3617,No,0.37839192152023315
3618,No,0.24075031280517578
3619,No,0.2598608434200287
3620,No,0.19181381165981293
3621,No,0.12212812155485153
3622,No,0.07954812794923782
3623,No,0.08253529667854309
3624,No,0.07712505012750626
3625,No,0.07476043701171875
3626,No,0.08907641470432281
3627,No,0.04455159977078438
3628,No,0.04392135143280029
3629,No,0.0758315771818161
3630,No,0.06569112092256546
3631,No,0.05561111122369766
3632,No,0.06448838859796524
3633,No,0.06708543002605438
3634,No,0.05633389577269554
3635,No,0.04923688620328903
3636,No,0.050145987421274185
3637,No,0.06631016731262207
3638,No,0.06672769039869308
3639,No,0.05432838946580887
3640,No,0.06037528067827225
3641,No,0.09613656997680664
3642,No,0.06287220865488052
3643,No,0.05579376965761185
3644,No,0.05610746145248413
3645,No,0.18719522655010223
3646,No,0.11279288679361343
3647,No,0.1390189230442047
3648,No,0.10832296311855316
3649,No,0.16871175169944763
3650,No,0.09525320678949356
3651,No,0.09885100275278091
3652,No,0.08529534935951233
3653,No,0.3109471797943115
3654,No,0.4529631733894348
3655,No,0.41471678018569946
3656,No,0.49541643261909485
3657,No,0.052830398082733154
3658,No,0.033723801374435425
3659,No,0.03984547778964043
3660,No,0.04035482928156853
3661,No,0.14396491646766663
3662,No,0.12553977966308594
3663,No,0.15200288593769073
3664,No,0.14358316361904144
3665,No,0.07626938819885254
3666,No,0.04981939494609833
3667,No,0.047726474702358246
3668,No,0.03825927898287773
3669,Yes,0.5163939595222473
3670,Yes,0.6193545460700989
3671,No,0.45277610421180725
3672,No,0.3561793863773346
3673,No,0.04745781049132347
3674,No,0.05194487050175667
3675,No,0.044187966734170914
3676,No,0.03797828406095505
3677,No,0.10629946738481522
3678,No,0.11343742907047272
3679,No,0.12974770367145538
3680,No,0.15859341621398926
3681,No,0.09274734556674957
3682,No,0.06566231697797775
3683,No,0.06616631150245667
3684,No,0.0585387721657753
3685,No,0.09558796137571335
3686,No,0.05770820006728172
3687,No,0.060015030205249786
3688,No,0.05732102692127228
3689,No,0.23871161043643951
3690,No,0.21936838328838348
3691,No,0.16300050914287567
3692,No,0.20684531331062317
3693,No,0.06801461428403854
3694,No,0.0677245557308197
3695,No,0.05630932003259659
3696,No,0.05381326004862785
3697,No,0.13194018602371216
3698,No,0.25807130336761475
3699,No,0.3052798807621002
3700,No,0.17152546346187592
3701,No,0.17379072308540344
3702,No,0.19909720122814178
3703,No,0.10486005991697311
3704,No,0.07433100044727325
3705,No,0.10263678431510925
3706,No,0.12449512630701065
3707,No,0.12592455744743347
3708,No,0.15424492955207825
3709,No,0.07978125661611557
3710,No,0.05770890787243843
3711,No,0.04534574970602989
3712,No,0.055637627840042114
3713,No,0.02685772255063057
3714,No,0.031739190220832825
3715,No,0.017354844138026237
3716,No,0.025070101022720337
3717,No,0.25047457218170166
3718,No,0.2265291064977646
3719,No,0.19207771122455597
3720,No,0.11780784279108047
3721,No,0.050716836005449295
3722,No,0.043613605201244354
3723,No,0.023724345490336418
3724,No,0.02989102341234684
3725,No,0.07298942655324936
3726,No,0.06663563847541809
3727,No,0.0304757971316576
3728,No,0.03558093681931496
3729,No,0.15679267048835754
3730,No,0.1378047913312912
3731,No,0.06559620052576065
3732,No,0.05192582309246063
3733,No,0.16571128368377686
3734,No,0.17000629007816315
3735,No,0.1328093260526657
3736,No,0.19389799237251282
3737,No,0.20592154562473297
3738,No,0.15730462968349457
3739,No,0.11740847676992416
3740,No,0.11200401186943054
3741,No,0.1309850811958313
3742,No,0.14241480827331543
3743,No,0.06603025645017624
3744,No,0.09661539644002914
3745,No,0.042420126497745514
3746,No,0.046516917645931244
3747,No,0.033907465636730194
3748,No,0.0384899340569973
3749,No,0.06522054970264435
3750,No,0.06410087645053864
3751,No,0.039402492344379425
3752,No,0.05130366235971451
3753,No,0.030173886567354202
3754,No,0.07279668748378754
3755,No,0.012243758887052536
3756,No,0.013760958798229694
3757,No,0.0698620155453682
3758,No,0.04815263673663139
3759,No,0.03807060793042183
3760,No,0.04329424351453781
3761,No,0.0963960811495781
3762,No,0.12401066720485687
3763,No,0.07531175017356873
3764,No,0.14904463291168213
3765,No,0.09805804491043091
3766,No,0.15031209588050842
3767,No,0.07620269060134888
3768,No,0.1548987776041031
3769,No,0.21108047664165497
3770,No,0.3791344463825226
3771,No,0.0754501074552536
3772,No,0.09993071109056473
3773,No,0.05008942261338234
3774,No,0.05351206287741661
3775,No,0.04020638018846512
3776,No,0.07017320394515991
3777,No,0.1752088963985443
3778,No,0.11820125579833984
3779,No,0.17506934702396393
3780,No,0.12768211960792542
3781,No,0.09500925242900848
3782,No,0.06855650246143341
3783,No,0.09334544837474823
3784,No,0.069540835916996
3785,No,0.10333298146724701
3786,No,0.08087813854217529
3787,No,0.10158436000347137
3788,No,0.06837644428014755
3789,No,0.096392422914505
3790,No,0.039989981800317764
3791,No,0.048044171184301376
3792,No,0.03237970173358917
3793,No,0.1094723790884018
3794,No,0.13504457473754883
3795,No,0.10184745490550995
3796,No,0.08388281613588333
3797,No,0.24155688285827637
3798,No,0.24138246476650238
3799,No,0.2618843913078308
3800,No,0.23071695864200592
3801,No,0.21417050063610077
3802,No,0.12418080866336823
3803,No,0.17760348320007324
3804,No,0.11357027292251587
3805,No,0.09279810637235641
3806,No,0.08112885802984238
3807,No,0.09970364719629288
3808,No,0.06581265479326248
3809,No,0.06486909091472626
3810,No,0.06396762281656265
3811,No,0.05248076468706131
3812,No,0.04572596773505211
3813,No,0.060929857194423676
3814,No,0.17264828085899353
3815,No,0.03623438626527786
3816,No,0.05527884140610695
3817,No,0.15103507041931152
3818,No,0.14880581200122833
3819,No,0.043007783591747284
3820,No,0.03271045163273811
3821,No,0.144894078373909
3822,No,0.11016447097063065
3823,No,0.07815571129322052
3824,No,0.10234327614307404
3825,No,0.10871999710798264
3826,No,0.15737544000148773
3827,No,0.04161125048995018
3828,No,0.047122564166784286
3829,No,0.07995550334453583
3830,No,0.10936024785041809
3831,No,0.037736933678388596
3832,No,0.055452339351177216
3833,No,0.07933678478002548
3834,No,0.05219896882772446
3835,No,0.040699366480112076
3836,No,0.0385013185441494
3837,No,0.11752693355083466
3838,No,0.09328053146600723
3839,No,0.04181118682026863
3840,No,0.04171568155288696
3841,No,0.20408877730369568
3842,No,0.06288676708936691
3843,No,0.08504566550254822
3844,No,0.0809064731001854
3845,No,0.07769026607275009
3846,No,0.051665037870407104
3847,No,0.07173647731542587
3848,No,0.04697079211473465
3849,No,0.14962679147720337
3850,No,0.044672343879938126
3851,No,0.04347715154290199
3852,No,0.04184658080339432
3853,No,0.07200703769922256
3854,No,0.0488714762032032
3855,No,0.07002357393503189
3856,No,0.0642189309000969
3857,No,0.04672807827591896
3858,No,0.04842792823910713
3859,No,0.05446135625243187
3860,No,0.05004029721021652
3861,No,0.104380302131176
3862,No,0.13131536543369293
3863,No,0.265582799911499
3864,No,0.2030320167541504
3865,No,0.1413153111934662
3866,No,0.1466536968946457
3867,No,0.10059233754873276
3868,No,0.07730275392532349
3869,No,0.1193154826760292
3870,No,0.08616875857114792
3871,No,0.05103776603937149
3872,No,0.029119761660695076
3873,No,0.15791592001914978
3874,No,0.09809809178113937
3875,No,0.12836453318595886
3876,No,0.08716702461242676
3877,No,0.20408877730369568
3878,No,0.06288676708936691
3879,No,0.08504566550254822
3880,No,0.0809064731001854
3881,No,0.05955110490322113
3882,No,0.03858335316181183
3883,No,0.040813982486724854
3884,No,0.04506951943039894
3885,No,0.04204084351658821
3886,No,0.03978578746318817
3887,No,0.04444323852658272
3888,No,0.04290727153420448
3889,No,0.07814116775989532
3890,No,0.07785244286060333
3891,No,0.040489017963409424
3892,No,0.025364959612488747
3893,No,0.04420284554362297
3894,No,0.03444132208824158
3895,No,0.026371587067842484
3896,No,0.023539964109659195
3897,No,0.12622763216495514
3898,No,0.0541890524327755
3899,No,0.0749916061758995
3900,No,0.041662391275167465
3901,No,0.08079010993242264
3902,No,0.07671981304883957
3903,No,0.08982479572296143
3904,No,0.06039612367749214
3905,No,0.11062590777873993
3906,No,0.10659059882164001
3907,No,0.08850289136171341
3908,No,0.07661573588848114
3909,No,0.044331323355436325
3910,No,0.04217783734202385
3911,No,0.05135039985179901
3912,No,0.03552857041358948
3913,No,0.10658317059278488
3914,No,0.052452679723501205
3915,No,0.08953341096639633
3916,No,0.04610438644886017
3917,No,0.052912335842847824
3918,No,0.04027501493692398
3919,No,0.04320760816335678
3920,No,0.031062114983797073
3921,No,0.034591153264045715
3922,No,0.031105436384677887
3923,No,0.023102980107069016
3924,No,0.024117566645145416
3925,No,0.1378500610589981
3926,No,0.12623658776283264
3927,No,0.14932234585285187
3928,No,0.13706760108470917
3929,No,0.0331038236618042
3930,No,0.030468657612800598
3931,No,0.025429027155041695
3932,No,0.027027159929275513
3933,No,0.08671584725379944
3934,No,0.0993327870965004
3935,No,0.09880779683589935
3936,No,0.07991371303796768
3937,No,0.07383599132299423
3938,No,0.06347660720348358
3939,No,0.05184004828333855
3940,No,0.06517530232667923
3941,No,0.29336491227149963
3942,No,0.29445457458496094
3943,No,0.19836945831775665
3944,No,0.27942603826522827
3945,No,0.04112453758716583
3946,No,0.056550994515419006
3947,No,0.053974032402038574
3948,No,0.045804399996995926
3949,No,0.06774283200502396
3950,No,0.05629727616906166
3951,No,0.045275017619132996
3952,No,0.05056522786617279
3953,No,0.15416479110717773
3954,No,0.06411007791757584
3955,No,0.057424403727054596
3956,No,0.07741910219192505
3957,No,0.22181086242198944
3958,No,0.19313372671604156
3959,No,0.20477573573589325
3960,No,0.24693268537521362
3961,No,0.0753127932548523
3962,No,0.05879620835185051
3963,No,0.052597470581531525
3964,No,0.04835905134677887
3965,No,0.032036565244197845
3966,No,0.05568479374051094
3967,No,0.037416763603687286
3968,No,0.043017804622650146
3969,No,0.07573691010475159
3970,No,0.1164708063006401
3971,No,0.058196380734443665
3972,No,0.08454063534736633
3973,No,0.076264888048172
3974,No,0.1245339959859848
3975,No,0.07784255594015121
3976,No,0.08746116608381271
3977,No,0.07292346656322479
3978,No,0.058715902268886566
3979,No,0.049653105437755585
3980,No,0.04064379632472992
3981,No,0.09286808222532272
3982,No,0.0824269950389862
3983,No,0.07589107006788254
3984,No,0.062104951590299606
3985,No,0.05879174917936325
3986,No,0.11064416170120239
3987,No,0.05101126804947853
3988,No,0.12020798027515411
3989,No,0.08022591471672058
3990,No,0.07592248916625977
3991,No,0.07061617076396942
3992,No,0.09340240806341171
3993,No,0.05027460306882858
3994,No,0.1342865377664566
3995,No,0.07761886715888977
3996,No,0.2345578372478485
3997,No,0.10354071110486984
3998,No,0.28726837038993835
3999,No,0.12208414077758789
4000,No,0.19857299327850342
4001,No,0.06255663186311722
4002,No,0.04792087525129318
4003,No,0.05162931606173515
4004,No,0.04654894396662712
4005,No,0.10813868790864944
4006,No,0.04743775352835655
4007,No,0.03107548877596855
4008,No,0.037757717072963715
4009,No,0.0344039648771286
4010,No,0.03410699963569641
4011,No,0.03365838900208473
4012,No,0.04021017998456955
4013,No,0.05064265429973602
4014,No,0.041307233273983
4015,No,0.033706873655319214
4016,No,0.041399333626031876
4017,No,0.06631739437580109
4018,No,0.05187169089913368
4019,No,0.07022806257009506
4020,No,0.09746347367763519
4021,No,0.0344039648771286
4022,No,0.03410699963569641
4023,No,0.03365838900208473
4024,No,0.04021017998456955
4025,No,0.09827287495136261
4026,No,0.08530895411968231
4027,No,0.07671590149402618
4028,No,0.07152479141950607
4029,No,0.07730209827423096
4030,No,0.08870542794466019
4031,No,0.07944988459348679
4032,No,0.07172727584838867
4033,No,0.1000024750828743
4034,No,0.07711371779441833
4035,No,0.10416916012763977
4036,No,0.06606260687112808
4037,No,0.08455881476402283
4038,No,0.06538287550210953
4039,No,0.05955352634191513
4040,No,0.07627204805612564
4041,No,0.4622870683670044
4042,No,0.15601439774036407
4043,No,0.22699861228466034
4044,No,0.2520780563354492
4045,No,0.1361192911863327
4046,No,0.12835447490215302
4047,No,0.0991269052028656
4048,No,0.09069222211837769
4049,No,0.24571938812732697
4050,No,0.24192962050437927
4051,No,0.17892001569271088
4052,No,0.18702639639377594
4053,No,0.08114682137966156
4054,No,0.07510127127170563
4055,No,0.0339355506002903
4056,No,0.0423431433737278
4057,No,0.14064311981201172
4058,No,0.17817935347557068
4059,No,0.15933851897716522
4060,No,0.1553959995508194
4061,No,0.0424049012362957
4062,No,0.05451454222202301
4063,No,0.026576684787869453
4064,No,0.024912154302001
4065,No,0.04417937248945236
4066,No,0.041443295776844025
4067,No,0.039950527250766754
4068,No,0.033696696162223816
4069,No,0.2554453909397125
4070,No,0.2002054750919342
4071,No,0.1861872375011444
4072,No,0.10020972043275833
4073,No,0.22034427523612976
4074,No,0.12703441083431244
4075,No,0.15010294318199158
4076,No,0.09935454279184341
4077,No,0.0759463682770729
4078,No,0.05522182211279869
4079,No,0.04916587844491005
4080,No,0.04406902566552162
4081,No,0.20802447199821472
4082,No,0.07440754771232605
4083,No,0.0754929706454277
4084,No,0.045113928616046906
4085,No,0.09992045909166336
4086,No,0.07122721523046494
4087,No,0.05485326424241066
4088,No,0.05508320406079292
4089,No,0.12093035131692886
4090,No,0.09345803409814835
4091,No,0.06146658584475517
4092,No,0.0874229222536087
4093,No,0.09013203531503677
4094,No,0.09204008430242538
4095,No,0.0660032331943512
4096,No,0.08501598984003067
4097,No,0.17779098451137543
4098,No,0.17136332392692566
4099,No,0.09977992624044418
4100,No,0.13699084520339966
4101,No,0.04178197681903839
4102,No,0.022199925035238266
4103,No,0.023355599492788315
4104,No,0.024042198434472084
4105,No,0.3157438039779663
4106,No,0.10676132142543793
4107,Yes,0.5543040633201599
4108,No,0.2041514366865158
4109,No,0.07178806513547897
4110,No,0.057656437158584595
4111,No,0.06504921615123749
4112,No,0.06667220592498779
4113,No,0.058628249913454056
4114,No,0.0688071995973587
4115,No,0.05417130887508392
4116,No,0.04917091131210327
4117,No,0.04564914107322693
4118,No,0.0351874977350235
4119,No,0.03168218955397606
4120,No,0.040383052080869675
4121,No,0.06720167398452759
4122,No,0.05982328951358795
4123,No,0.09324634820222855
4124,No,0.08102016150951385
4125,No,0.08337715268135071
4126,No,0.10976769030094147
4127,No,0.12012284994125366
4128,No,0.1126265823841095
4129,No,0.26603084802627563
4130,No,0.11487506330013275
4131,No,0.11275353282690048
4132,No,0.10277760028839111
4133,No,0.12471979856491089
4134,No,0.06967997550964355
4135,No,0.20067326724529266
4136,No,0.08584409207105637
4137,No,0.3357051610946655
4138,No,0.1824435293674469
4139,No,0.3183155953884125
4140,No,0.17434437572956085
4141,No,0.22953233122825623
4142,No,0.18889154493808746
4143,No,0.2497408241033554
4144,No,0.16645734012126923
4145,No,0.10231830924749374
4146,No,0.13202017545700073
4147,No,0.19812391698360443
4148,No,0.17036689817905426
4149,Yes,0.5377978682518005
4150,Yes,0.5639926791191101
4151,Yes,0.610899031162262
4152,Yes,0.5087532997131348
4153,No,0.08343710005283356
4154,No,0.07809597253799438
4155,No,0.10205216705799103
4156,No,0.06916017830371857
4157,No,0.10882033407688141
4158,No,0.10156774520874023
4159,No,0.1674197018146515
4160,No,0.1398332715034485
4161,No,0.12379901856184006
4162,No,0.19465896487236023
4163,No,0.2678002417087555
4164,No,0.26951608061790466
4165,No,0.22837136685848236
4166,No,0.2528124749660492
4167,No,0.25355127453804016
4168,No,0.19678139686584473
4169,No,0.11020368337631226
4170,No,0.1408325880765915
4171,No,0.3131988048553467
4172,No,0.22397065162658691
4173,No,0.16926483809947968
4174,No,0.11052079498767853
4175,No,0.14802035689353943
4176,No,0.12142825871706009
4177,No,0.040937840938568115
4178,No,0.03490320220589638
4179,No,0.02389126643538475
4180,No,0.024804124608635902
4181,No,0.13214316964149475
4182,No,0.05579734221100807
4183,No,0.07063452899456024
4184,No,0.06663848459720612
4185,No,0.2422158420085907
4186,No,0.16976478695869446
4187,No,0.19820672273635864
4188,No,0.10326510667800903
4189,No,0.04315384849905968
4190,No,0.07508944720029831
4191,No,0.04480777680873871
4192,No,0.04070424288511276
4193,No,0.10545729845762253
4194,No,0.11465108394622803
4195,No,0.1086973175406456
4196,No,0.09384789317846298
4197,No,0.11475971341133118
4198,No,0.13917496800422668
4199,No,0.042767561972141266
4200,No,0.04270871728658676
4201,No,0.03748522326350212
4202,No,0.04721873253583908
4203,No,0.027816254645586014
4204,No,0.023330559954047203
4205,No,0.2737671732902527
4206,No,0.47894930839538574
4207,No,0.3779503405094147
4208,No,0.40659299492836
4209,No,0.06757326424121857
4210,No,0.045608941465616226
4211,No,0.027819938957691193
4212,No,0.022603092715144157
4213,No,0.049463458359241486
4214,No,0.054461538791656494
4215,No,0.04855163022875786
4216,No,0.05017302930355072
4217,No,0.14299596846103668
4218,No,0.15270628035068512
4219,No,0.0866566076874733
4220,No,0.08740685135126114
4221,No,0.05150153487920761
4222,No,0.04935657978057861
4223,No,0.0331655889749527
4224,No,0.028184501454234123
4225,No,0.10667804628610611
4226,No,0.08307439088821411
4227,No,0.13333657383918762
4228,No,0.07179658859968185
4229,No,0.08053184300661087
4230,No,0.11253814399242401
4231,No,0.08444620668888092
4232,No,0.1104268953204155
4233,No,0.12006261944770813
4234,No,0.1301591545343399
4235,No,0.10576188564300537
4236,No,0.16822917759418488
4237,No,0.09857215732336044
4238,No,0.10550309717655182
4239,No,0.1076200008392334
4240,No,0.08637172728776932
4241,No,0.07436869293451309
4242,No,0.10571953654289246
4243,No,0.08929011970758438
4244,No,0.0706443339586258
4245,No,0.12037111073732376
4246,No,0.10567357391119003
4247,No,0.09130964428186417
4248,No,0.11326666921377182
4249,No,0.12379654496908188
4250,No,0.18406422436237335
4251,No,0.12982600927352905
4252,No,0.17788481712341309
4253,No,0.08739317953586578
4254,No,0.06488198041915894
4255,No,0.0550544410943985
4256,No,0.06372786313295364
4257,No,0.058367472141981125
4258,No,0.05242052301764488
4259,No,0.06190408393740654
4260,No,0.05630327761173248
4261,No,0.08342703431844711
4262,No,0.08968383073806763
4263,No,0.07084464281797409
4264,No,0.08507093787193298
4265,No,0.09162977337837219
4266,No,0.0686861127614975
4267,No,0.054141465574502945
4268,No,0.05070481449365616
4269,No,0.07426774501800537
4270,No,0.08533874899148941
4271,No,0.039842892438173294
4272,No,0.042478352785110474
4273,No,0.13451175391674042
4274,No,0.24604322016239166
4275,No,0.08649880439043045
4276,No,0.12170036882162094
4277,No,0.07188231498003006
4278,No,0.036659445613622665
4279,No,0.03806932270526886
4280,No,0.02496134303510189
4281,No,0.059983521699905396
4282,No,0.04817032441496849
4283,No,0.05421901494264603
4284,No,0.05014738067984581
4285,No,0.06283169239759445
4286,No,0.07788528501987457
4287,No,0.050660353153944016
4288,No,0.06047920510172844
4289,No,0.2498248666524887
4290,No,0.26008355617523193
4291,No,0.21335899829864502
4292,No,0.14119094610214233
4293,No,0.07031208276748657
4294,No,0.05408026650547981
4295,No,0.052138976752758026
4296,No,0.04207918420433998
4297,No,0.06920851767063141
4298,No,0.058475323021411896
4299,No,0.049528542906045914
4300,No,0.04612010717391968
4301,No,0.1243499368429184
4302,No,0.0744025930762291
4303,No,0.11992403119802475
4304,No,0.08469981700181961
4305,No,0.10005746781826019
4306,No,0.10938981175422668
4307,No,0.09826592355966568
4308,No,0.06064252555370331
4309,No,0.11803674697875977
4310,No,0.10074059665203094
4311,No,0.13003572821617126
4312,No,0.1425856351852417
4313,No,0.18877993524074554
4314,No,0.12428306043148041
4315,No,0.1511632800102234
4316,No,0.12276950478553772
4317,No,0.08428578078746796
4318,No,0.0942155122756958
4319,No,0.11078141629695892
4320,No,0.07774748653173447
4321,No,0.06535708159208298
4322,No,0.11203820258378983
4323,No,0.06955278664827347
4324,No,0.05360129475593567
4325,No,0.07802138477563858
4326,No,0.07665450125932693
4327,No,0.07225501537322998
4328,No,0.05787884443998337
4329,No,0.1707053780555725
4330,No,0.13442541658878326
4331,No,0.141461580991745
4332,No,0.09833016246557236
4333,No,0.16998201608657837
4334,No,0.08803889155387878
4335,No,0.12584641575813293
4336,No,0.08269254118204117
4337,No,0.1224483773112297
4338,No,0.09177213162183762
4339,No,0.09469614923000336
4340,No,0.06515342742204666
4341,No,0.17361049354076385
4342,No,0.1297740787267685
4343,No,0.10814215242862701
4344,No,0.0854048803448677
4345,No,0.07248993963003159
4346,No,0.06159220263361931
4347,No,0.06477677822113037
4348,No,0.06246984750032425
4349,No,0.07252445071935654
4350,No,0.05152885615825653
4351,No,0.046464357525110245
4352,No,0.0385286882519722
4353,No,0.11000712960958481
4354,No,0.09847740083932877
4355,No,0.11939436942338943
4356,No,0.09259461611509323
4357,No,0.05237256735563278
4358,No,0.0409105084836483
4359,No,0.041228946298360825
4360,No,0.03131232038140297
4361,No,0.12049002200365067
4362,No,0.08709342032670975
4363,No,0.14237476885318756
4364,No,0.10654056817293167
4365,No,0.1380673199892044
4366,No,0.059567417949438095
4367,No,0.08717601746320724
4368,No,0.08769678324460983
4369,No,0.10475096851587296
4370,No,0.11614970862865448
4371,No,0.1918456107378006
4372,No,0.21026580035686493
4373,No,0.06032167002558708
4374,No,0.09820343554019928
4375,No,0.05980899930000305
4376,No,0.066940076649189
4377,No,0.06944843381643295
4378,No,0.08564335852861404
4379,No,0.07255271822214127
4380,No,0.06251838058233261
4381,No,0.06378716975450516
4382,No,0.07855318486690521
4383,No,0.08731726557016373
4384,No,0.09791690111160278
4385,No,0.3593561053276062
4386,No,0.228889599442482
4387,No,0.28139713406562805
4388,No,0.2762749493122101
4389,No,0.04316877946257591
4390,No,0.03908763453364372
4391,No,0.039635490626096725
4392,No,0.034366507083177567
4393,No,0.0690901130437851
4394,No,0.06231808289885521
4395,No,0.05124431475996971
4396,No,0.040514055639505386
4397,No,0.09133686125278473
4398,No,0.09359277039766312
4399,No,0.06413350254297256
4400,No,0.07294797897338867
4401,No,0.052422452718019485
4402,No,0.05580620840191841
4403,No,0.057200293987989426
4404,No,0.06023348867893219
4405,No,0.12295205146074295
4406,No,0.10167916119098663
4407,No,0.06718781590461731
4408,No,0.07409507036209106
4409,No,0.17639680206775665
4410,No,0.22064201533794403
4411,No,0.14004303514957428
4412,No,0.27552101016044617
4413,No,0.09261082112789154
4414,No,0.0944962203502655
4415,No,0.08506971597671509
4416,No,0.10981722921133041
