item,label,p_yes
1,Yes,0.6261293888092041
2,Yes,0.6705600619316101
3,Yes,0.6551650166511536
4,Yes,0.6820220947265625
5,Yes,0.6196008324623108
6,Yes,0.6542306542396545
7,Yes,0.6501165628433228
8,Yes,0.6678854823112488
9,Yes,0.6374698281288147
10,Yes,0.6718482375144958
11,Yes,0.6725919842720032
12,Yes,0.6966589093208313
13,Yes,0.6150880455970764
14,Yes,0.6485125422477722
15,Yes,0.6348434686660767
16,Yes,0.6641721725463867
17,Yes,0.6201135516166687
18,Yes,0.6513779759407043
19,Yes,0.6446762084960938
20,Yes,0.6713679432868958
21,Yes,0.6174942255020142
22,Yes,0.6437822580337524
23,Yes,0.6396839022636414
24,Yes,0.66475909948349
25,Yes,0.6483733057975769
26,Yes,0.6756235361099243
27,Yes,0.6609730124473572
28,Yes,0.6806117296218872
29,Yes,0.62235426902771
30,Yes,0.6542280912399292
31,Yes,0.6491689085960388
32,Yes,0.6729079484939575
33,Yes,0.6347132325172424
34,Yes,0.6608573794364929
35,Yes,0.644050657749176
36,Yes,0.6731341481208801
37,Yes,0.6141896843910217
38,Yes,0.6595679521560669
39,Yes,0.6404806971549988
40,Yes,0.6695529818534851
41,Yes,0.6206552386283875
42,Yes,0.6528131365776062
43,Yes,0.6285015344619751
44,Yes,0.6652810573577881
45,Yes,0.6197906136512756
46,Yes,0.6680434346199036
47,Yes,0.6465842127799988
48,Yes,0.6768801808357239
49,Yes,0.6927756071090698
50,Yes,0.6833894848823547
51,Yes,0.698589026927948
52,Yes,0.6861534118652344
53,Yes,0.7037662863731384
54,Yes,0.6939448118209839
55,Yes,0.7156208753585815
56,Yes,0.7058436870574951
57,Yes,0.6846033930778503
58,Yes,0.6783965229988098
59,Yes,0.710555911064148
60,Yes,0.6986147165298462
61,Yes,0.6981380581855774
62,Yes,0.6922520399093628
63,Yes,0.7039080262184143
64,Yes,0.6898732781410217
65,Yes,0.6968903541564941
66,Yes,0.697003960609436
67,Yes,0.72306227684021
68,Yes,0.7107363343238831
69,Yes,0.6776484251022339
70,Yes,0.6831340789794922
71,Yes,0.7228920459747314
72,Yes,0.7146124243736267
73,Yes,0.7021648287773132
74,Yes,0.7128258347511292
75,Yes,0.7410886883735657
76,Yes,0.7230598330497742
77,Yes,0.6773245334625244
78,Yes,0.6769209504127502
79,Yes,0.7102079391479492
80,Yes,0.6942086815834045
81,Yes,0.6564485430717468
82,Yes,0.7017099261283875
83,Yes,0.6953422427177429
84,Yes,0.7190066576004028
85,Yes,0.6764686107635498
86,Yes,0.6763932704925537
87,Yes,0.6969815492630005
88,Yes,0.7075123190879822
89,Yes,0.6433082818984985
90,Yes,0.676252007484436
91,Yes,0.6676996350288391
92,Yes,0.6846902370452881
93,Yes,0.6536913514137268
94,Yes,0.6735623478889465
95,Yes,0.6993534564971924
96,Yes,0.7168846130371094
97,Yes,0.6251196265220642
98,Yes,0.6845499277114868
99,Yes,0.6742457151412964
100,Yes,0.7003875970840454
101,Yes,0.6553558707237244
102,Yes,0.6543124914169312
103,Yes,0.6736571192741394
104,Yes,0.6948261260986328
105,Yes,0.680523693561554
106,Yes,0.7115638256072998
107,Yes,0.6850958466529846
108,Yes,0.7087982892990112
109,Yes,0.6427041292190552
110,Yes,0.6963464617729187
111,Yes,0.6927358508110046
112,Yes,0.7186319231987
113,Yes,0.6370903849601746
114,Yes,0.6922347545623779
115,Yes,0.6772002577781677
116,Yes,0.7039660811424255
117,Yes,0.6559613943099976
118,Yes,0.7047016024589539
119,Yes,0.7126289010047913
120,Yes,0.7323217988014221
121,Yes,0.6638631820678711
122,Yes,0.7032070159912109
123,Yes,0.6952635049819946
124,Yes,0.7142807841300964
125,Yes,0.6544643640518188
126,Yes,0.6978841423988342
127,Yes,0.7020859718322754
128,Yes,0.7184147238731384
129,Yes,0.7178852558135986
130,Yes,0.6716142892837524
131,Yes,0.7299306392669678
132,Yes,0.68854820728302
133,Yes,0.7371681332588196
134,Yes,0.6873098611831665
135,Yes,0.7369139790534973
136,Yes,0.6906786561012268
137,Yes,0.7174805402755737
138,Yes,0.6974908709526062
139,Yes,0.7399986982345581
140,Yes,0.6997897624969482
141,Yes,0.7368016839027405
142,Yes,0.6815823316574097
143,Yes,0.7435439825057983
144,Yes,0.6949272155761719
145,Yes,0.6865196824073792
146,Yes,0.6871780753135681
147,Yes,0.7430532574653625
148,Yes,0.6995413303375244
149,Yes,0.7174805402755737
150,Yes,0.6974908709526062
151,Yes,0.7399986982345581
152,Yes,0.6997897624969482
153,Yes,0.7421796917915344
154,Yes,0.6912468075752258
155,Yes,0.7490477561950684
156,Yes,0.6938638091087341
157,Yes,0.7167114615440369
158,Yes,0.6691635251045227
159,Yes,0.7066745162010193
160,Yes,0.6733378171920776
161,Yes,0.6841146349906921
162,Yes,0.6511637568473816
163,Yes,0.6978504657745361
164,Yes,0.6775667071342468
165,Yes,0.6704927682876587
166,Yes,0.6834192276000977
167,Yes,0.7039924263954163
168,Yes,0.6863023042678833
169,Yes,0.625421941280365
170,Yes,0.6162622570991516
171,Yes,0.630260705947876
172,Yes,0.6181144714355469
173,Yes,0.7144530415534973
174,Yes,0.6998304724693298
175,Yes,0.7119729518890381
176,Yes,0.6925617456436157
177,Yes,0.7226086854934692
178,Yes,0.7123622298240662
179,Yes,0.7286385297775269
180,Yes,0.7046138644218445
181,Yes,0.7006017565727234
182,Yes,0.6893178820610046
183,Yes,0.7017292380332947
184,Yes,0.689996600151062
185,Yes,0.700825035572052
186,Yes,0.670428454875946
187,Yes,0.7157753705978394
188,Yes,0.6951528787612915
189,Yes,0.6779252886772156
190,Yes,0.6666764616966248
191,Yes,0.677809476852417
192,Yes,0.6617527008056641
193,Yes,0.6843581199645996
194,Yes,0.6717605590820312
195,Yes,0.696819543838501
196,Yes,0.6866094470024109
197,Yes,0.6913937926292419
198,Yes,0.6781342625617981
199,Yes,0.7040796875953674
200,Yes,0.683505654335022
201,Yes,0.6874945163726807
202,Yes,0.6632468700408936
203,Yes,0.6898954510688782
204,Yes,0.6684187650680542
205,Yes,0.7243202924728394
206,Yes,0.7142343521118164
207,Yes,0.719364583492279
208,Yes,0.7034242153167725
209,Yes,0.7081595659255981
210,Yes,0.7115734219551086
211,Yes,0.7258688807487488
212,Yes,0.7067961692810059
213,Yes,0.6841577291488647
214,Yes,0.6766906380653381
215,Yes,0.6951632499694824
216,Yes,0.6794186234474182
217,Yes,0.7158470749855042
218,Yes,0.6886179447174072
219,Yes,0.7209458947181702
220,Yes,0.6996691226959229
221,Yes,0.6824833154678345
222,Yes,0.6590272784233093
223,Yes,0.6929287314414978
224,Yes,0.6752721667289734
225,Yes,0.6931005716323853
226,Yes,0.7184185981750488
227,Yes,0.7242864370346069
228,Yes,0.7324484586715698
229,Yes,0.702926516532898
230,Yes,0.7040238976478577
231,Yes,0.7247178554534912
232,Yes,0.7342608571052551
233,Yes,0.6947706341743469
234,Yes,0.6981808543205261
235,Yes,0.7333623766899109
236,Yes,0.7359366416931152
237,Yes,0.6777302622795105
238,Yes,0.7168786525726318
239,Yes,0.7262638211250305
240,Yes,0.7276877164840698
241,Yes,0.7059257626533508
242,Yes,0.723580539226532
243,Yes,0.7280101180076599
244,Yes,0.7245181798934937
245,Yes,0.6901639103889465
246,Yes,0.6896674036979675
247,Yes,0.7050042152404785
248,Yes,0.7201864123344421
249,Yes,0.6965759992599487
250,Yes,0.7260783910751343
251,Yes,0.7342005968093872
252,Yes,0.7376576066017151
253,Yes,0.6830301880836487
254,Yes,0.726007878780365
255,Yes,0.7122753858566284
256,Yes,0.7350964546203613
257,Yes,0.667486310005188
258,Yes,0.7059778571128845
259,Yes,0.7200426459312439
260,Yes,0.7365214228630066
261,Yes,0.660408079624176
262,Yes,0.7059605121612549
263,Yes,0.7152120471000671
264,Yes,0.723635733127594
265,Yes,0.7046229839324951
266,Yes,0.7079699635505676
267,Yes,0.7184275388717651
268,Yes,0.7204102277755737
269,Yes,0.6674408316612244
270,Yes,0.6803807020187378
271,Yes,0.7072725296020508
272,Yes,0.6996375918388367
273,Yes,0.6933359503746033
274,Yes,0.7132752537727356
275,Yes,0.7252905964851379
276,Yes,0.7264420390129089
277,Yes,0.6730503439903259
278,Yes,0.6684465408325195
279,Yes,0.6879885792732239
280,Yes,0.6924593448638916
281,Yes,0.679348886013031
282,Yes,0.6973332166671753
283,Yes,0.7100973129272461
284,Yes,0.7117537260055542
285,Yes,0.6480348110198975
286,Yes,0.653570294380188
287,Yes,0.6946843266487122
288,Yes,0.6999766230583191
289,Yes,0.6857718825340271
290,Yes,0.7110514044761658
291,Yes,0.7081214189529419
292,Yes,0.7119426131248474
293,Yes,0.684882402420044
294,Yes,0.6693944334983826
295,Yes,0.7205599546432495
296,Yes,0.7125411033630371
297,Yes,0.6909485459327698
298,Yes,0.6982465982437134
299,Yes,0.7080920934677124
300,Yes,0.7063262462615967
301,Yes,0.677073061466217
302,Yes,0.7050535082817078
303,Yes,0.695863664150238
304,Yes,0.706119179725647
305,Yes,0.7310680150985718
306,Yes,0.7281622290611267
307,Yes,0.7375811338424683
308,Yes,0.7127549648284912
309,Yes,0.6919131875038147
310,Yes,0.6955371499061584
311,Yes,0.7198789119720459
312,Yes,0.6918574571609497
313,Yes,0.7155349850654602
314,Yes,0.6951689720153809
315,Yes,0.7443860769271851
316,Yes,0.7180875539779663
317,Yes,0.7020294070243835
318,Yes,0.6950645446777344
319,Yes,0.7251389026641846
320,Yes,0.7022227644920349
321,Yes,0.6830856204032898
322,Yes,0.6439934968948364
323,Yes,0.7135999798774719
324,Yes,0.6828641891479492
325,Yes,0.6749886274337769
326,Yes,0.6712012887001038
327,Yes,0.6911160945892334
328,Yes,0.6704802513122559
329,Yes,0.7133086919784546
330,Yes,0.6885409951210022
331,Yes,0.7190422415733337
332,Yes,0.6943413019180298
333,Yes,0.7202853560447693
334,Yes,0.6848766207695007
335,Yes,0.7076079845428467
336,Yes,0.679278552532196
337,Yes,0.7043929100036621
338,Yes,0.6932412981987
339,Yes,0.7296686172485352
340,Yes,0.7169020175933838
341,Yes,0.7071478962898254
342,Yes,0.6856299638748169
343,Yes,0.7196381092071533
344,Yes,0.709130585193634
345,Yes,0.6750458478927612
346,Yes,0.6708381175994873
347,Yes,0.7014718651771545
348,Yes,0.6935173869132996
349,Yes,0.6930475831031799
350,Yes,0.6860817074775696
351,Yes,0.7181646227836609
352,Yes,0.7024121880531311
353,Yes,0.7173647880554199
354,Yes,0.7086879014968872
355,Yes,0.7266060709953308
356,Yes,0.7082565426826477
357,Yes,0.6896395087242126
358,Yes,0.6819016933441162
359,Yes,0.7145830392837524
360,Yes,0.7013365626335144
361,Yes,0.7260258197784424
362,Yes,0.7193461060523987
363,Yes,0.7232557535171509
364,Yes,0.715094268321991
365,Yes,0.697121798992157
366,Yes,0.6790846586227417
367,Yes,0.7024843096733093
368,Yes,0.6915051341056824
369,Yes,0.6996926665306091
370,Yes,0.684522807598114
371,Yes,0.7302258014678955
372,Yes,0.7195940017700195
373,Yes,0.6995529532432556
374,Yes,0.6806309819221497
375,Yes,0.7132773399353027
376,Yes,0.6983030438423157
377,Yes,0.7013353705406189
378,Yes,0.6941414475440979
379,Yes,0.7096462249755859
380,Yes,0.6982601881027222
381,Yes,0.7058602571487427
382,Yes,0.6978400349617004
383,Yes,0.7187649011611938
384,Yes,0.7020664811134338
385,Yes,0.7535472512245178
386,Yes,0.7315702438354492
387,Yes,0.7460025548934937
388,Yes,0.7324599027633667
389,Yes,0.7072665095329285
390,Yes,0.7024421095848083
391,Yes,0.7105057835578918
392,Yes,0.7030779123306274
393,Yes,0.7045861482620239
394,Yes,0.6871172785758972
395,Yes,0.7098842263221741
396,Yes,0.7008000016212463
397,Yes,0.7094092965126038
398,Yes,0.7058104872703552
399,Yes,0.7312905192375183
400,Yes,0.7154097557067871
401,Yes,0.7178869843482971
402,Yes,0.6789863705635071
403,Yes,0.7085294723510742
404,Yes,0.6835887432098389
405,Yes,0.7229524254798889
406,Yes,0.69517582654953
407,Yes,0.7365829348564148
408,Yes,0.7149451375007629
409,Yes,0.7117154598236084
410,Yes,0.7111092209815979
411,Yes,0.7350095510482788
412,Yes,0.7123298645019531
413,Yes,0.7103519439697266
414,Yes,0.6837263107299805
415,Yes,0.7154912948608398
416,Yes,0.6941701173782349
417,Yes,0.6724185943603516
418,Yes,0.6796417236328125
419,Yes,0.7087646722793579
420,Yes,0.6920443773269653
421,Yes,0.6790070533752441
422,Yes,0.6730342507362366
423,Yes,0.7007508277893066
424,Yes,0.6761877536773682
425,Yes,0.6716670989990234
426,Yes,0.6521665453910828
427,Yes,0.7067229151725769
428,Yes,0.6877282857894897
429,Yes,0.7160048484802246
430,Yes,0.694678008556366
431,Yes,0.7246181964874268
432,Yes,0.6996631026268005
433,Yes,0.6889721751213074
434,Yes,0.6701443791389465
435,Yes,0.7034561634063721
436,Yes,0.6807971596717834
437,Yes,0.6832473874092102
438,Yes,0.7014145851135254
439,Yes,0.7454078197479248
440,Yes,0.725760817527771
441,Yes,0.6728854775428772
442,Yes,0.6523105502128601
443,Yes,0.7009955644607544
444,Yes,0.6820909380912781
445,Yes,0.699152946472168
446,Yes,0.7031608819961548
447,Yes,0.7322252988815308
448,Yes,0.7097165584564209
449,Yes,0.6763328313827515
450,Yes,0.702281653881073
451,Yes,0.7026780843734741
452,Yes,0.7086312770843506
453,Yes,0.6599681377410889
454,Yes,0.7075183391571045
455,Yes,0.7033528685569763
456,Yes,0.7098806500434875
457,Yes,0.6726105809211731
458,Yes,0.6923771500587463
459,Yes,0.6986874341964722
460,Yes,0.7002500891685486
461,Yes,0.715929388999939
462,Yes,0.7498469948768616
463,Yes,0.7452078461647034
464,Yes,0.7421135306358337
465,Yes,0.6710183620452881
466,Yes,0.6887608170509338
467,Yes,0.6880193948745728
468,Yes,0.6924458146095276
469,Yes,0.6868321895599365
470,Yes,0.702413022518158
471,Yes,0.6978821754455566
472,Yes,0.7040375471115112
473,Yes,0.6764959096908569
474,Yes,0.6699945330619812
475,Yes,0.7012836933135986
476,Yes,0.6969084143638611
477,Yes,0.6852540373802185
478,Yes,0.7155971527099609
479,Yes,0.7180407047271729
480,Yes,0.7174655795097351
481,Yes,0.6487228870391846
482,Yes,0.6459391713142395
483,Yes,0.6896096467971802
484,Yes,0.6730550527572632
485,Yes,0.6647734642028809
486,Yes,0.6328076124191284
487,Yes,0.6794227361679077
488,Yes,0.65281742811203
489,Yes,0.6465551257133484
490,Yes,0.6331467032432556
491,Yes,0.6851494312286377
492,Yes,0.6652458906173706
493,Yes,0.6453851461410522
494,Yes,0.6263624429702759
495,Yes,0.6796768307685852
496,Yes,0.6588586568832397
497,Yes,0.6636233925819397
498,Yes,0.6684051156044006
499,Yes,0.7152379155158997
500,Yes,0.687991738319397
501,Yes,0.6558700799942017
502,Yes,0.633782148361206
503,Yes,0.6852728724479675
504,Yes,0.6588286757469177
505,Yes,0.6407328248023987
506,Yes,0.62130206823349
507,Yes,0.6699681878089905
508,Yes,0.6518505811691284
509,Yes,0.6630289554595947
510,Yes,0.6453089118003845
511,Yes,0.6964206099510193
512,Yes,0.6748744249343872
513,Yes,0.6991587281227112
514,Yes,0.6599757671356201
515,Yes,0.6995586156845093
516,Yes,0.6806228756904602
517,Yes,0.701287031173706
518,Yes,0.6778102517127991
519,Yes,0.7081285119056702
520,Yes,0.6861375570297241
521,Yes,0.7325901985168457
522,Yes,0.694975733757019
523,Yes,0.7251201868057251
524,Yes,0.6988500356674194
525,Yes,0.7380356788635254
526,Yes,0.7084164023399353
527,Yes,0.7325196862220764
528,Yes,0.7016513347625732
529,Yes,0.714352011680603
530,Yes,0.690364420413971
531,Yes,0.7107405662536621
532,Yes,0.6899600625038147
533,Yes,0.7694358825683594
534,Yes,0.7516185641288757
535,Yes,0.7412760853767395
536,Yes,0.7292112112045288
537,Yes,0.6846809387207031
538,Yes,0.6447804570198059
539,Yes,0.6893846392631531
540,Yes,0.6663427948951721
541,Yes,0.7346361875534058
542,Yes,0.7126168608665466
543,Yes,0.7415523529052734
544,Yes,0.7165226340293884
545,Yes,0.7263180613517761
546,Yes,0.6663858890533447
547,Yes,0.7301936149597168
548,Yes,0.7093420028686523
549,Yes,0.7261309027671814
550,Yes,0.7024567723274231
551,Yes,0.726368248462677
552,Yes,0.7017800807952881
553,Yes,0.736769437789917
554,Yes,0.7061636447906494
555,Yes,0.7486256957054138
556,Yes,0.7280053496360779
557,Yes,0.678475022315979
558,Yes,0.7063336372375488
559,Yes,0.731679379940033
560,Yes,0.7110678553581238
561,Yes,0.6774678826332092
562,Yes,0.6638078093528748
563,Yes,0.6820600628852844
564,Yes,0.6641607284545898
565,Yes,0.7387048006057739
566,Yes,0.7380613684654236
567,Yes,0.7440435290336609
568,Yes,0.72694993019104
569,Yes,0.7205716371536255
570,Yes,0.6865533590316772
571,Yes,0.7211294770240784
572,Yes,0.6986868977546692
573,Yes,0.7170433402061462
574,Yes,0.6737568974494934
575,Yes,0.7399619817733765
576,Yes,0.7228932976722717
577,Yes,0.7137309908866882
578,Yes,0.69838547706604
579,Yes,0.7213431596755981
580,Yes,0.7063641548156738
581,Yes,0.6763023734092712
582,Yes,0.702454149723053
583,Yes,0.7271208167076111
584,Yes,0.7060087323188782
585,Yes,0.7241411209106445
586,Yes,0.7150264978408813
587,Yes,0.7499303817749023
588,Yes,0.7253755331039429
589,Yes,0.7134232521057129
590,Yes,0.7081772089004517
591,Yes,0.7392345070838928
592,Yes,0.7209818959236145
593,Yes,0.7388355135917664
594,Yes,0.7168472409248352
595,Yes,0.7372515201568604
596,Yes,0.7129812240600586
597,Yes,0.7435604929924011
598,Yes,0.7275661826133728
599,Yes,0.759634792804718
600,Yes,0.7334839105606079
601,Yes,0.7312836050987244
602,Yes,0.7151910662651062
603,Yes,0.7340939044952393
604,Yes,0.7113795280456543
605,Yes,0.7220330238342285
606,Yes,0.707467257976532
607,Yes,0.7407842874526978
608,Yes,0.7113457918167114
609,Yes,0.7317784428596497
610,Yes,0.7130078673362732
611,Yes,0.7327088117599487
612,Yes,0.7215957641601562
613,Yes,0.7084547877311707
614,Yes,0.6950671672821045
615,Yes,0.7312825322151184
616,Yes,0.7145658731460571
617,Yes,0.705342173576355
618,Yes,0.6855335831642151
619,Yes,0.7293177247047424
620,Yes,0.7166011929512024
621,Yes,0.6884636878967285
622,Yes,0.6914907097816467
623,Yes,0.7014101147651672
624,Yes,0.6925700306892395
625,Yes,0.6925429105758667
626,Yes,0.6852020621299744
627,Yes,0.7067351937294006
628,Yes,0.6964837908744812
629,Yes,0.6920221447944641
630,Yes,0.6834119558334351
631,Yes,0.7056519389152527
632,Yes,0.7003534436225891
633,Yes,0.6982284784317017
634,Yes,0.6750774383544922
635,Yes,0.7292441129684448
636,Yes,0.7124921083450317
637,Yes,0.6928218603134155
638,Yes,0.7083479166030884
639,Yes,0.7427158355712891
640,Yes,0.7284864783287048
641,Yes,0.7021613717079163
642,Yes,0.7165915966033936
643,Yes,0.7356839179992676
644,Yes,0.7229728698730469
645,Yes,0.6914188265800476
646,Yes,0.70882648229599
647,Yes,0.7180370688438416
648,Yes,0.7137550115585327
649,Yes,0.6627519726753235
650,Yes,0.6734842658042908
651,Yes,0.686459481716156
652,Yes,0.6739290952682495
653,Yes,0.6815764307975769
654,Yes,0.6870502233505249
655,Yes,0.7079134583473206
656,Yes,0.699413537979126
657,Yes,0.6703977584838867
658,Yes,0.6719606518745422
659,Yes,0.7251065969467163
660,Yes,0.6970584988594055
661,Yes,0.6710454821586609
662,Yes,0.6874465346336365
663,Yes,0.7216172218322754
664,Yes,0.6875482797622681
665,Yes,0.7181121110916138
666,Yes,0.6912497282028198
667,Yes,0.7361987233161926
668,Yes,0.7014272809028625
669,Yes,0.7286738157272339
670,Yes,0.714695155620575
671,Yes,0.7587841153144836
672,Yes,0.7281655073165894
673,Yes,0.715236485004425
674,Yes,0.6756232380867004
675,Yes,0.7238594889640808
676,Yes,0.6870737671852112
677,Yes,0.7194671630859375
678,Yes,0.6891893744468689
679,Yes,0.7233479022979736
680,Yes,0.6922112107276917
681,Yes,0.7294614315032959
682,Yes,0.6902963519096375
683,Yes,0.7399439811706543
684,Yes,0.7048164010047913
685,Yes,0.70097416639328
686,Yes,0.6740413904190063
687,Yes,0.7158553004264832
688,Yes,0.680526852607727
689,Yes,0.6957951188087463
690,Yes,0.6662157773971558
691,Yes,0.7198744416236877
692,Yes,0.687309205532074
693,Yes,0.7244401574134827
694,Yes,0.6768289804458618
695,Yes,0.7200855016708374
696,Yes,0.688831627368927
697,Yes,0.7120246291160583
698,Yes,0.6990437507629395
699,Yes,0.7319028973579407
700,Yes,0.7049868702888489
701,Yes,0.749806821346283
702,Yes,0.7040658593177795
703,Yes,0.7376598119735718
704,Yes,0.6981430649757385
705,Yes,0.6703977584838867
706,Yes,0.6719606518745422
707,Yes,0.7251065969467163
708,Yes,0.6970584988594055
709,Yes,0.7286738157272339
710,Yes,0.714695155620575
711,Yes,0.7587841153144836
712,Yes,0.7281655073165894
713,Yes,0.7198669910430908
714,Yes,0.675812304019928
715,Yes,0.731944739818573
716,Yes,0.6986885070800781
717,Yes,0.6797168254852295
718,Yes,0.6519941687583923
719,Yes,0.6785410046577454
720,Yes,0.6504383087158203
721,Yes,0.7184030413627625
722,Yes,0.7113911509513855
723,Yes,0.7407588958740234
724,Yes,0.7213309407234192
725,Yes,0.678538978099823
726,Yes,0.7020707726478577
727,Yes,0.723351240158081
728,Yes,0.7044037580490112
729,Yes,0.7149550914764404
730,Yes,0.7060672044754028
731,Yes,0.733291506767273
732,Yes,0.7165808081626892
733,Yes,0.7247905135154724
734,Yes,0.7422444820404053
735,Yes,0.7597354650497437
736,Yes,0.7401805520057678
737,Yes,0.7276724576950073
738,Yes,0.7049480080604553
739,Yes,0.7327516078948975
740,Yes,0.7168275117874146
741,Yes,0.725141704082489
742,Yes,0.7208355069160461
743,Yes,0.7476173639297485
744,Yes,0.7286151647567749
745,Yes,0.7397375106811523
746,Yes,0.7234475612640381
747,Yes,0.7346839904785156
748,Yes,0.7153732776641846
749,Yes,0.7305343747138977
750,Yes,0.7362501621246338
751,Yes,0.7581585645675659
752,Yes,0.7390438318252563
753,Yes,0.7162070870399475
754,Yes,0.7058825492858887
755,Yes,0.7293934226036072
756,Yes,0.7139405608177185
757,Yes,0.7573858499526978
758,Yes,0.740002453327179
759,Yes,0.7482269406318665
760,Yes,0.7319434285163879
761,Yes,0.7316511273384094
762,Yes,0.7335676550865173
763,Yes,0.7554052472114563
764,Yes,0.734062135219574
765,Yes,0.7095523476600647
766,Yes,0.6836578249931335
767,Yes,0.7059978246688843
768,Yes,0.6909130811691284
769,Yes,0.7371106147766113
770,Yes,0.7205793857574463
771,Yes,0.7304503917694092
772,Yes,0.7189143896102905
773,Yes,0.7050275802612305
774,Yes,0.7014536261558533
775,Yes,0.7222012281417847
776,Yes,0.7092565894126892
777,Yes,0.7388990521430969
778,Yes,0.7171809077262878
779,Yes,0.7520604133605957
780,Yes,0.734683632850647
781,Yes,0.704506516456604
782,Yes,0.7024648785591125
783,Yes,0.7327761054039001
784,Yes,0.7174006104469299
785,Yes,0.7004804015159607
786,Yes,0.7282869219779968
787,Yes,0.7433529496192932
788,Yes,0.7283493876457214
789,Yes,0.7249400615692139
790,Yes,0.7237380146980286
791,Yes,0.745644748210907
792,Yes,0.730438232421875
793,Yes,0.7224515676498413
794,Yes,0.7027599811553955
795,Yes,0.7494814991950989
796,Yes,0.7377114295959473
797,Yes,0.7281174659729004
798,Yes,0.7289155125617981
799,Yes,0.7606515884399414
800,Yes,0.742514967918396
801,Yes,0.7273500561714172
802,Yes,0.7116338610649109
803,Yes,0.7287782430648804
804,Yes,0.7148887515068054
805,Yes,0.71588534116745
806,Yes,0.7240293622016907
807,Yes,0.7471234202384949
808,Yes,0.7297026515007019
809,Yes,0.7344179749488831
810,Yes,0.7245907187461853
811,Yes,0.7536554932594299
812,Yes,0.733448326587677
813,Yes,0.7370820045471191
814,Yes,0.7208888530731201
815,Yes,0.7591021656990051
816,Yes,0.7396836280822754
817,Yes,0.6664882898330688
818,Yes,0.6672589778900146
819,Yes,0.6908912658691406
820,Yes,0.6878728270530701
821,Yes,0.6363843679428101
822,Yes,0.6687712073326111
823,Yes,0.6759798526763916
824,Yes,0.6730801463127136
825,Yes,0.6621152758598328
826,Yes,0.6834089756011963
827,Yes,0.6975469589233398
828,Yes,0.6955365538597107
829,Yes,0.6143277287483215
830,Yes,0.62825608253479
831,Yes,0.6680654287338257
832,Yes,0.6627229452133179
833,Yes,0.6497372388839722
834,Yes,0.6561644077301025
835,Yes,0.6720677614212036
836,Yes,0.6728082299232483
837,Yes,0.6543630361557007
838,Yes,0.6669800281524658
839,Yes,0.680855929851532
840,Yes,0.6819060444831848
841,Yes,0.6664882898330688
842,Yes,0.6672589778900146
843,Yes,0.6908912658691406
844,Yes,0.6878728270530701
845,Yes,0.6627802848815918
846,Yes,0.6676464676856995
847,Yes,0.695428192615509
848,Yes,0.6957588195800781
849,Yes,0.6943216323852539
850,Yes,0.681189239025116
851,Yes,0.724327027797699
852,Yes,0.7060460448265076
853,Yes,0.6791192293167114
854,Yes,0.6818026900291443
855,Yes,0.7047337889671326
856,Yes,0.6867302060127258
857,Yes,0.6735177636146545
858,Yes,0.6681583523750305
859,Yes,0.7028229236602783
860,Yes,0.6885395050048828
861,Yes,0.72156822681427
862,Yes,0.7055435180664062
863,Yes,0.7198740243911743
864,Yes,0.7035328149795532
865,Yes,0.7061434388160706
866,Yes,0.696414053440094
867,Yes,0.731221616268158
868,Yes,0.7057097554206848
869,Yes,0.6825975179672241
870,Yes,0.685499370098114
871,Yes,0.7147811651229858
872,Yes,0.697931706905365
873,Yes,0.6732070446014404
874,Yes,0.6894344687461853
875,Yes,0.7154662013053894
876,Yes,0.695885181427002
877,Yes,0.7523990273475647
878,Yes,0.7196480631828308
879,Yes,0.7506434321403503
880,Yes,0.7209180593490601
881,Yes,0.69830721616745
882,Yes,0.6791961789131165
883,Yes,0.702202558517456
884,Yes,0.6814417243003845
885,Yes,0.7247309684753418
886,Yes,0.7021998167037964
887,Yes,0.7246893048286438
888,Yes,0.7024120092391968
889,Yes,0.7017434239387512
890,Yes,0.6966835260391235
891,Yes,0.7490824460983276
892,Yes,0.726512610912323
893,Yes,0.7161856889724731
894,Yes,0.687394917011261
895,Yes,0.717988133430481
896,Yes,0.7020459771156311
897,Yes,0.7275923490524292
898,Yes,0.7039054036140442
899,Yes,0.7306559085845947
900,Yes,0.7135582566261292
901,Yes,0.726472020149231
902,Yes,0.7146884202957153
903,Yes,0.7404922842979431
904,Yes,0.7179870009422302
905,Yes,0.7085601091384888
906,Yes,0.6899279952049255
907,Yes,0.7220789194107056
908,Yes,0.7046628594398499
909,Yes,0.7040682435035706
910,Yes,0.7182350158691406
911,Yes,0.7425979375839233
912,Yes,0.7259573936462402
913,Yes,0.691705584526062
914,Yes,0.7178035974502563
915,Yes,0.7465994358062744
916,Yes,0.7364780306816101
917,Yes,0.698058009147644
918,Yes,0.7055870294570923
919,Yes,0.7437556982040405
920,Yes,0.729431688785553
921,Yes,0.7341027855873108
922,Yes,0.7317558526992798
923,Yes,0.7587097883224487
924,Yes,0.740975558757782
925,Yes,0.7190650701522827
926,Yes,0.7014991641044617
927,Yes,0.7305655479431152
928,Yes,0.7139009833335876
929,Yes,0.7255361676216125
930,Yes,0.7018243670463562
931,Yes,0.7212295532226562
932,Yes,0.7042419910430908
933,Yes,0.7243867516517639
934,Yes,0.7090652585029602
935,Yes,0.7307551503181458
936,Yes,0.7159342169761658
937,Yes,0.7295770645141602
938,Yes,0.7087897658348083
939,Yes,0.7489290237426758
940,Yes,0.7325752377510071
941,Yes,0.7221635580062866
942,Yes,0.7207323312759399
943,Yes,0.7385244369506836
944,Yes,0.7238606810569763
945,Yes,0.6903262734413147
946,Yes,0.6570705771446228
947,Yes,0.7194696664810181
948,Yes,0.6979343891143799
949,Yes,0.6510463953018188
950,Yes,0.6354494094848633
951,Yes,0.6634782552719116
952,Yes,0.6460469961166382
953,Yes,0.6590135097503662
954,Yes,0.6840040683746338
955,Yes,0.7282366752624512
956,Yes,0.7142139673233032
957,Yes,0.6721466779708862
958,Yes,0.6677192449569702
959,Yes,0.6899583339691162
960,Yes,0.6710193753242493
961,Yes,0.6837213039398193
962,Yes,0.6594066619873047
963,Yes,0.6895983219146729
964,Yes,0.6752660274505615
965,Yes,0.6675153970718384
966,Yes,0.6386976838111877
967,Yes,0.6508579850196838
968,Yes,0.6358819007873535
969,Yes,0.6753203272819519
970,Yes,0.6706942319869995
971,Yes,0.7012661099433899
972,Yes,0.686496376991272
973,Yes,0.6479997038841248
974,Yes,0.6460241079330444
975,Yes,0.6640235781669617
976,Yes,0.6523523330688477
977,Yes,0.692246675491333
978,Yes,0.6759548783302307
979,Yes,0.6968229413032532
980,Yes,0.6899776458740234
981,Yes,0.6769341230392456
982,Yes,0.7119171619415283
983,Yes,0.7328667044639587
984,Yes,0.7236529588699341
985,Yes,0.6890275478363037
986,Yes,0.6958708763122559
987,Yes,0.7133752703666687
988,Yes,0.7059680819511414
989,Yes,0.6784992218017578
990,Yes,0.6862971186637878
991,Yes,0.7109363079071045
992,Yes,0.7051752805709839
993,Yes,0.6701384782791138
994,Yes,0.6983897089958191
995,Yes,0.7149027585983276
996,Yes,0.7099809050559998
997,Yes,0.7188587188720703
998,Yes,0.7166441082954407
999,Yes,0.734721302986145
1000,Yes,0.7249795794487
1001,Yes,0.6971907019615173
1002,Yes,0.6893805861473083
1003,Yes,0.6985759735107422
1004,Yes,0.6964583992958069
1005,Yes,0.7006688714027405
1006,Yes,0.7010517120361328
1007,Yes,0.7189850211143494
1008,Yes,0.7139483094215393
1009,Yes,0.7053769826889038
1010,Yes,0.6955536007881165
1011,Yes,0.7414383292198181
1012,Yes,0.7128142714500427
1013,Yes,0.7144160270690918
1014,Yes,0.7236629128456116
1015,Yes,0.747187614440918
1016,Yes,0.7208355069160461
1017,Yes,0.6725712418556213
1018,Yes,0.6545212864875793
1019,Yes,0.7092360854148865
1020,Yes,0.6857496500015259
1021,Yes,0.6676358580589294
1022,Yes,0.6715944409370422
1023,Yes,0.7083460092544556
1024,Yes,0.6932700276374817
1025,Yes,0.692761242389679
1026,Yes,0.6866283416748047
1027,Yes,0.7193045020103455
1028,Yes,0.6979336142539978
1029,Yes,0.7243008613586426
1030,Yes,0.7167961001396179
1031,Yes,0.7450886964797974
1032,Yes,0.7282627820968628
1033,Yes,0.6718215346336365
1034,Yes,0.6780380010604858
1035,Yes,0.7091918587684631
1036,Yes,0.6974782347679138
1037,Yes,0.7056190371513367
1038,Yes,0.6930853128433228
1039,Yes,0.7267864346504211
1040,Yes,0.705615222454071
1041,Yes,0.6846199631690979
1042,Yes,0.6880478262901306
1043,Yes,0.7088868021965027
1044,Yes,0.6894674897193909
1045,Yes,0.6946746110916138
1046,Yes,0.6879081726074219
1047,Yes,0.7258471846580505
1048,Yes,0.7109473347663879
1049,Yes,0.6956415772438049
1050,Yes,0.6930573582649231
1051,Yes,0.7350032925605774
1052,Yes,0.7144801020622253
1053,Yes,0.701758086681366
1054,Yes,0.714128315448761
1055,Yes,0.7439490556716919
1056,Yes,0.7239863276481628
1057,Yes,0.6994314193725586
1058,Yes,0.6881790161132812
1059,Yes,0.7276695966720581
1060,Yes,0.7100376486778259
1061,Yes,0.6771111488342285
1062,Yes,0.6445409655570984
1063,Yes,0.7096918821334839
1064,Yes,0.6853585243225098
1065,Yes,0.7243008613586426
1066,Yes,0.7167961001396179
1067,Yes,0.7450886964797974
1068,Yes,0.7282627820968628
1069,Yes,0.6829618811607361
1070,Yes,0.6735836863517761
1071,Yes,0.7083892226219177
1072,Yes,0.687749445438385
1073,Yes,0.7382542490959167
1074,Yes,0.7377879619598389
1075,Yes,0.7545354962348938
1076,Yes,0.7333846092224121
1077,Yes,0.7226089239120483
1078,Yes,0.6842959523200989
1079,Yes,0.7379376292228699
1080,Yes,0.7132708430290222
1081,Yes,0.6997643709182739
1082,Yes,0.6926116943359375
1083,Yes,0.7428179979324341
1084,Yes,0.7201279997825623
1085,Yes,0.7291064858436584
1086,Yes,0.6990596055984497
1087,Yes,0.7385498881340027
1088,Yes,0.7148773074150085
1089,Yes,0.722745418548584
1090,Yes,0.7099879384040833
1091,Yes,0.7510614395141602
1092,Yes,0.7320985198020935
1093,Yes,0.6749274730682373
1094,Yes,0.6959637999534607
1095,Yes,0.7272765040397644
1096,Yes,0.7098120450973511
1097,Yes,0.7208859920501709
1098,Yes,0.6627669334411621
1099,Yes,0.7290669679641724
1100,Yes,0.7035131454467773
1101,Yes,0.7067119479179382
1102,Yes,0.675028383731842
1103,Yes,0.7111326456069946
1104,Yes,0.6864943504333496
1105,Yes,0.6683704853057861
1106,Yes,0.6807544827461243
1107,Yes,0.7242758870124817
1108,Yes,0.707818329334259
1109,Yes,0.7298188805580139
1110,Yes,0.7149224877357483
1111,Yes,0.7311907410621643
1112,Yes,0.7199201583862305
1113,Yes,0.7306791543960571
1114,Yes,0.7056713104248047
1115,Yes,0.7514845728874207
1116,Yes,0.7279926538467407
1117,Yes,0.7257474660873413
1118,Yes,0.7015237212181091
1119,Yes,0.7399466633796692
1120,Yes,0.7170515656471252
1121,Yes,0.711448073387146
1122,Yes,0.695297360420227
1123,Yes,0.7328920960426331
1124,Yes,0.7151573300361633
1125,Yes,0.7000595331192017
1126,Yes,0.6895105242729187
1127,Yes,0.7133654356002808
1128,Yes,0.6967862248420715
1129,Yes,0.7003438472747803
1130,Yes,0.6945909261703491
1131,Yes,0.7125813961029053
1132,Yes,0.6969339847564697
1133,Yes,0.6809247136116028
1134,Yes,0.6513521075248718
1135,Yes,0.7062017917633057
1136,Yes,0.6804869174957275
1137,Yes,0.678551197052002
1138,Yes,0.6514484882354736
1139,Yes,0.69078129529953
1140,Yes,0.65842604637146
1141,Yes,0.6754462122917175
1142,Yes,0.6616665720939636
1143,Yes,0.7151831388473511
1144,Yes,0.6832844018936157
1145,Yes,0.691011369228363
1146,Yes,0.6529434323310852
1147,Yes,0.7099129557609558
1148,Yes,0.6806212663650513
1149,Yes,0.7081927061080933
1150,Yes,0.6991075873374939
1151,Yes,0.7274237275123596
1152,Yes,0.6975598335266113
1153,Yes,0.6656802296638489
1154,Yes,0.642082154750824
1155,Yes,0.6844382882118225
1156,Yes,0.6729109287261963
1157,Yes,0.7134550213813782
1158,Yes,0.7165569067001343
1159,Yes,0.746353268623352
1160,Yes,0.7227221131324768
1161,Yes,0.7056752443313599
1162,Yes,0.6918479204177856
1163,Yes,0.7170482873916626
1164,Yes,0.7024357318878174
1165,Yes,0.6798164248466492
1166,Yes,0.6647946238517761
1167,Yes,0.7028842568397522
1168,Yes,0.6828243732452393
1169,Yes,0.6571744084358215
1170,Yes,0.6523975729942322
1171,Yes,0.6681898236274719
1172,Yes,0.655310869216919
1173,Yes,0.6395245790481567
1174,Yes,0.6793276071548462
1175,Yes,0.7031131386756897
1176,Yes,0.6957371234893799
1177,Yes,0.667012095451355
1178,Yes,0.6624727249145508
1179,Yes,0.6848008036613464
1180,Yes,0.6719935536384583
1181,Yes,0.6531521081924438
1182,Yes,0.6338493227958679
1183,Yes,0.6977378726005554
1184,Yes,0.6840288043022156
1185,Yes,0.6997436881065369
1186,Yes,0.684292197227478
1187,Yes,0.7361326217651367
1188,Yes,0.7227346301078796
1189,Yes,0.7100954055786133
1190,Yes,0.7009251713752747
1191,Yes,0.7234140038490295
1192,Yes,0.7196756601333618
1193,Yes,0.6892085671424866
1194,Yes,0.6977532505989075
1195,Yes,0.7377740144729614
1196,Yes,0.7304347157478333
1197,Yes,0.7004872560501099
1198,Yes,0.6923434138298035
1199,Yes,0.7124764323234558
1200,Yes,0.7068563103675842
1201,Yes,0.6843588948249817
1202,Yes,0.6851411461830139
1203,Yes,0.7002208232879639
1204,Yes,0.6946031451225281
1205,Yes,0.7149147391319275
1206,Yes,0.698545515537262
1207,Yes,0.7052174806594849
1208,Yes,0.6993424296379089
1209,Yes,0.6831293702125549
1210,Yes,0.7021881341934204
1211,Yes,0.7089483737945557
1212,Yes,0.7007293701171875
1213,Yes,0.7283022999763489
1214,Yes,0.7182964086532593
1215,Yes,0.7228766083717346
1216,Yes,0.7137700915336609
1217,Yes,0.6729470491409302
1218,Yes,0.6706047654151917
1219,Yes,0.7020536065101624
1220,Yes,0.6898649334907532
1221,Yes,0.6615831255912781
1222,Yes,0.6668240427970886
1223,Yes,0.6810334324836731
1224,Yes,0.6719250082969666
1225,Yes,0.6820855736732483
1226,Yes,0.7073013782501221
1227,Yes,0.7496317625045776
1228,Yes,0.7315728664398193
1229,Yes,0.6868715286254883
1230,Yes,0.6786274313926697
1231,Yes,0.7063168287277222
1232,Yes,0.6921374201774597
1233,Yes,0.6105384230613708
1234,Yes,0.6282528638839722
1235,Yes,0.6387747526168823
1236,Yes,0.637139081954956
1237,Yes,0.6919711828231812
1238,Yes,0.6831405162811279
1239,Yes,0.7081917524337769
1240,Yes,0.6925609111785889
1241,Yes,0.6615831255912781
1242,Yes,0.6668240427970886
1243,Yes,0.6810334324836731
1244,Yes,0.6719250082969666
1245,Yes,0.6463633179664612
1246,Yes,0.6253775358200073
1247,Yes,0.6697537302970886
1248,Yes,0.6589760184288025
1249,Yes,0.8111460208892822
1250,Yes,0.7711428999900818
1251,Yes,0.8170096278190613
1252,Yes,0.7619651556015015
1253,Yes,0.8059075474739075
1254,Yes,0.7192596197128296
1255,Yes,0.8043524026870728
1256,Yes,0.7479246258735657
1257,Yes,0.7974098920822144
1258,Yes,0.7595555782318115
1259,Yes,0.8303218483924866
1260,Yes,0.77957683801651
1261,Yes,0.7664058804512024
1262,Yes,0.7215827703475952
1263,Yes,0.7726951837539673
1264,Yes,0.724384605884552
1265,Yes,0.793047308921814
1266,Yes,0.7334187626838684
1267,Yes,0.7905189394950867
1268,Yes,0.730312705039978
1269,Yes,0.7988752126693726
1270,Yes,0.7415931224822998
1271,Yes,0.790373682975769
1272,Yes,0.7359558343887329
1273,Yes,0.7820418477058411
1274,Yes,0.7048348188400269
1275,Yes,0.7901269197463989
1276,Yes,0.7250462174415588
1277,Yes,0.8072623610496521
1278,Yes,0.7493838667869568
1279,Yes,0.8084390759468079
1280,Yes,0.7418550848960876
1281,Yes,0.8001946806907654
1282,Yes,0.7454488277435303
1283,Yes,0.8129503130912781
1284,Yes,0.7538126707077026
1285,Yes,0.7973498702049255
1286,Yes,0.7519304752349854
1287,Yes,0.803159236907959
1288,Yes,0.7495485544204712
1289,Yes,0.7883942127227783
1290,Yes,0.7148187160491943
1291,Yes,0.8051515221595764
1292,Yes,0.7474438548088074
1293,Yes,0.8109155893325806
1294,Yes,0.7700226902961731
1295,Yes,0.8039466142654419
1296,Yes,0.7669097185134888
1297,Yes,0.7946304678916931
1298,Yes,0.7449204921722412
1299,Yes,0.7905511260032654
1300,Yes,0.7353798151016235
1301,Yes,0.8044034838676453
1302,Yes,0.753648579120636
1303,Yes,0.8067136406898499
1304,Yes,0.7468305826187134
1305,Yes,0.8116208910942078
1306,Yes,0.7421461343765259
1307,Yes,0.8008095622062683
1308,Yes,0.7449766993522644
1309,Yes,0.8360784649848938
1310,Yes,0.7711319923400879
1311,Yes,0.821611225605011
1312,Yes,0.7661804556846619
1313,Yes,0.7215421795845032
1314,Yes,0.7000453472137451
1315,Yes,0.7342701554298401
1316,Yes,0.7047390341758728
1317,Yes,0.6919862627983093
1318,Yes,0.6877816319465637
1319,Yes,0.7240970730781555
1320,Yes,0.6998128294944763
1321,Yes,0.7132880687713623
1322,Yes,0.6695024967193604
1323,Yes,0.7088868021965027
1324,Yes,0.6744731664657593
1325,Yes,0.684021532535553
1326,Yes,0.6531206965446472
1327,Yes,0.7117570042610168
1328,Yes,0.6791006922721863
1329,Yes,0.7165191769599915
1330,Yes,0.6773777604103088
1331,Yes,0.7448272109031677
1332,Yes,0.7136127948760986
1333,Yes,0.6771970391273499
1334,Yes,0.6485297083854675
1335,Yes,0.696620523929596
1336,Yes,0.6603596806526184
1337,Yes,0.6582764387130737
1338,Yes,0.6578899025917053
1339,Yes,0.7061653137207031
1340,Yes,0.6780779361724854
1341,Yes,0.6862474083900452
1342,Yes,0.6393331289291382
1343,Yes,0.7195210456848145
1344,Yes,0.6809999346733093
1345,Yes,0.6829888820648193
1346,Yes,0.6636925339698792
1347,Yes,0.709916889667511
1348,Yes,0.6724656820297241
1349,Yes,0.700909435749054
1350,Yes,0.667096734046936
1351,Yes,0.7054880857467651
1352,Yes,0.6747526526451111
1353,Yes,0.7018452882766724
1354,Yes,0.6848505735397339
1355,Yes,0.7296137809753418
1356,Yes,0.6976360082626343
1357,Yes,0.6572707891464233
1358,Yes,0.6298179030418396
1359,Yes,0.6947393417358398
1360,Yes,0.6621077656745911
1361,Yes,0.6171378493309021
1362,Yes,0.6390368938446045
1363,Yes,0.6522428393363953
1364,Yes,0.6489541530609131
1365,Yes,0.6854496002197266
1366,Yes,0.7003514766693115
1367,Yes,0.7076134085655212
1368,Yes,0.7030099034309387
1369,Yes,0.7030465602874756
1370,Yes,0.6817247271537781
1371,Yes,0.7132753133773804
1372,Yes,0.708997905254364
1373,Yes,0.6935242414474487
1374,Yes,0.705538809299469
1375,Yes,0.7156062126159668
1376,Yes,0.7120928764343262
1377,Yes,0.658072829246521
1378,Yes,0.6864693760871887
1379,Yes,0.6893351674079895
1380,Yes,0.6907704472541809
1381,Yes,0.7076177597045898
1382,Yes,0.69715815782547
1383,Yes,0.7278011441230774
1384,Yes,0.7182743549346924
1385,Yes,0.6759263277053833
1386,Yes,0.6735073924064636
1387,Yes,0.6919936537742615
1388,Yes,0.6861223578453064
1389,Yes,0.6894237995147705
1390,Yes,0.6867179870605469
1391,Yes,0.7011473774909973
1392,Yes,0.694270133972168
1393,Yes,0.6953138709068298
1394,Yes,0.6918450593948364
1395,Yes,0.7437579035758972
1396,Yes,0.6985836625099182
1397,Yes,0.6979719996452332
1398,Yes,0.6345586180686951
1399,Yes,0.732606828212738
1400,Yes,0.6862863302230835
1401,Yes,0.7135716080665588
1402,Yes,0.678273618221283
1403,Yes,0.762438952922821
1404,Yes,0.7101671099662781
1405,Yes,0.7553443908691406
1406,Yes,0.7065310478210449
1407,Yes,0.7632149457931519
1408,Yes,0.7161676287651062
1409,Yes,0.7402409315109253
1410,Yes,0.6845213174819946
1411,Yes,0.7515227794647217
1412,Yes,0.7052801251411438
1413,Yes,0.7345540523529053
1414,Yes,0.6751354932785034
1415,Yes,0.7444044351577759
1416,Yes,0.6897686719894409
1417,Yes,0.7331820726394653
1418,Yes,0.6857940554618835
1419,Yes,0.7568857073783875
1420,Yes,0.7083970308303833
1421,Yes,0.7364038228988647
1422,Yes,0.6823661923408508
1423,Yes,0.7386337518692017
1424,Yes,0.6931615471839905
1425,Yes,0.6489977240562439
1426,Yes,0.6358405947685242
1427,Yes,0.6614964604377747
1428,Yes,0.6656451225280762
1429,Yes,0.6213617324829102
1430,Yes,0.6122655272483826
1431,Yes,0.6444046497344971
1432,Yes,0.6483442187309265
1433,Yes,0.642528235912323
1434,Yes,0.639805257320404
1435,Yes,0.665975034236908
1436,Yes,0.6730213165283203
1437,Yes,0.612331211566925
1438,Yes,0.6124493479728699
1439,Yes,0.6594082117080688
1440,Yes,0.654507040977478
1441,Yes,0.6862841248512268
1442,Yes,0.7188258767127991
1443,Yes,0.7318137288093567
1444,Yes,0.7224696278572083
1445,Yes,0.6889287233352661
1446,Yes,0.7080641388893127
1447,Yes,0.732196033000946
1448,Yes,0.716643214225769
1449,Yes,0.7499823570251465
1450,Yes,0.7329803705215454
1451,Yes,0.7529064416885376
1452,Yes,0.741166353225708
1453,Yes,0.7001773715019226
1454,Yes,0.6847648024559021
1455,Yes,0.7396305203437805
1456,Yes,0.7274010181427002
1457,Yes,0.697871208190918
1458,Yes,0.7102676033973694
1459,Yes,0.7233026027679443
1460,Yes,0.7134922742843628
1461,Yes,0.7047109603881836
1462,Yes,0.723707377910614
1463,Yes,0.7432708740234375
1464,Yes,0.7318875193595886
1465,Yes,0.6864999532699585
1466,Yes,0.7058781981468201
1467,Yes,0.7150493860244751
1468,Yes,0.704704999923706
1469,Yes,0.7183029055595398
1470,Yes,0.7130853533744812
1471,Yes,0.7447654604911804
1472,Yes,0.729332685470581
1473,Yes,0.6804570555686951
1474,Yes,0.6901431679725647
1475,Yes,0.7139819860458374
1476,Yes,0.7051301598548889
1477,Yes,0.702419638633728
1478,Yes,0.6845247745513916
1479,Yes,0.7396001815795898
1480,Yes,0.7292737364768982
1481,Yes,0.6612095236778259
1482,Yes,0.6474108099937439
1483,Yes,0.6836792826652527
1484,Yes,0.6708921790122986
1485,Yes,0.6850560307502747
1486,Yes,0.6709908843040466
1487,Yes,0.6927700638771057
1488,Yes,0.6838672757148743
1489,Yes,0.6815794110298157
1490,Yes,0.6963819265365601
1491,Yes,0.7144274115562439
1492,Yes,0.7072040438652039
1493,Yes,0.6788048148155212
1494,Yes,0.6980538368225098
1495,Yes,0.7234901785850525
1496,Yes,0.706576943397522
1497,Yes,0.6612095236778259
1498,Yes,0.6474108099937439
1499,Yes,0.6836792826652527
1500,Yes,0.6708921790122986
1501,Yes,0.689021646976471
1502,Yes,0.7129790782928467
1503,Yes,0.7373103499412537
1504,Yes,0.7266358733177185
1505,Yes,0.6533007025718689
1506,Yes,0.6275473833084106
1507,Yes,0.6961982846260071
1508,Yes,0.6631497144699097
1509,Yes,0.6649895310401917
1510,Yes,0.6338493824005127
1511,Yes,0.6946073174476624
1512,Yes,0.6574424505233765
1513,Yes,0.6788409948348999
1514,Yes,0.6400385499000549
1515,Yes,0.6924090385437012
1516,Yes,0.6610516905784607
1517,Yes,0.6736384630203247
1518,Yes,0.6336302161216736
1519,Yes,0.7038069367408752
1520,Yes,0.6759722828865051
1521,Yes,0.6790019273757935
1522,Yes,0.6557493209838867
1523,Yes,0.6898238062858582
1524,Yes,0.6681035161018372
1525,Yes,0.6561298370361328
1526,Yes,0.6606308221817017
1527,Yes,0.6878840923309326
1528,Yes,0.6695672273635864
1529,Yes,0.6965044736862183
1530,Yes,0.6590567827224731
1531,Yes,0.6941044330596924
1532,Yes,0.6662368774414062
1533,Yes,0.6872085332870483
1534,Yes,0.6637751460075378
1535,Yes,0.6948138475418091
1536,Yes,0.6754197478294373
1537,Yes,0.6619288921356201
1538,Yes,0.6705204248428345
1539,Yes,0.6908354163169861
1540,Yes,0.681499183177948
1541,Yes,0.6585428714752197
1542,Yes,0.6581909656524658
1543,Yes,0.6795913577079773
1544,Yes,0.6618264317512512
1545,Yes,0.6797026991844177
1546,Yes,0.6668592095375061
1547,Yes,0.6970699429512024
1548,Yes,0.6867512464523315
1549,Yes,0.6510339379310608
1550,Yes,0.6802663803100586
1551,Yes,0.6909927129745483
1552,Yes,0.6810822486877441
1553,Yes,0.6751096248626709
1554,Yes,0.6613999605178833
1555,Yes,0.6817223429679871
1556,Yes,0.6680712699890137
1557,Yes,0.6908106803894043
1558,Yes,0.6739295721054077
1559,Yes,0.6879708766937256
1560,Yes,0.6762577295303345
1561,Yes,0.6813158988952637
1562,Yes,0.6838498711585999
1563,Yes,0.6794142127037048
1564,Yes,0.6694557666778564
1565,Yes,0.6577975153923035
1566,Yes,0.6624870896339417
1567,Yes,0.6803410649299622
1568,Yes,0.6699959635734558
1569,Yes,0.7177836894989014
1570,Yes,0.714974045753479
1571,Yes,0.7329431772232056
1572,Yes,0.7274602651596069
1573,Yes,0.7316009998321533
1574,Yes,0.7317603826522827
1575,Yes,0.7440733909606934
1576,Yes,0.7372449040412903
1577,Yes,0.6937054991722107
1578,Yes,0.705210268497467
1579,Yes,0.72357177734375
1580,Yes,0.7184133529663086
1581,Yes,0.7228893637657166
1582,Yes,0.7283738851547241
1583,Yes,0.7383881211280823
1584,Yes,0.7369669675827026
1585,Yes,0.6969192028045654
1586,Yes,0.6853391528129578
1587,Yes,0.7100874781608582
1588,Yes,0.701541543006897
1589,Yes,0.7008680105209351
1590,Yes,0.6900943517684937
1591,Yes,0.7298106551170349
1592,Yes,0.7099019885063171
1593,Yes,0.6663628816604614
1594,Yes,0.6332821249961853
1595,Yes,0.7021439075469971
1596,Yes,0.6814185976982117
1597,Yes,0.6805319786071777
1598,Yes,0.6477044224739075
1599,Yes,0.70768141746521
1600,Yes,0.6887211799621582
1601,Yes,0.6973227858543396
1602,Yes,0.678226113319397
1603,Yes,0.7137011885643005
1604,Yes,0.69570392370224
1605,Yes,0.6914584636688232
1606,Yes,0.6762180328369141
1607,Yes,0.7094171643257141
1608,Yes,0.691280722618103
1609,Yes,0.7133055925369263
1610,Yes,0.6999650597572327
1611,Yes,0.7250444293022156
1612,Yes,0.7001266479492188
1613,Yes,0.6909621357917786
1614,Yes,0.7052041888237
1615,Yes,0.7304532527923584
1616,Yes,0.7177764177322388
1617,Yes,0.705230176448822
1618,Yes,0.6928638219833374
1619,Yes,0.7214167714118958
1620,Yes,0.7141448259353638
1621,Yes,0.6886288523674011
1622,Yes,0.7168010473251343
1623,Yes,0.7301574945449829
1624,Yes,0.7321944832801819
1625,Yes,0.6746494174003601
1626,Yes,0.6693248152732849
1627,Yes,0.6987195611000061
1628,Yes,0.698538064956665
1629,Yes,0.6743523478507996
1630,Yes,0.6871081590652466
1631,Yes,0.6892709732055664
1632,Yes,0.6853322386741638
1633,Yes,0.7333133816719055
1634,Yes,0.6927960515022278
1635,Yes,0.7463750243186951
1636,Yes,0.7230260968208313
1637,Yes,0.7280057668685913
1638,Yes,0.7224318385124207
1639,Yes,0.7634144425392151
1640,Yes,0.7368836998939514
1641,Yes,0.727333664894104
1642,Yes,0.6926174163818359
1643,Yes,0.7345536351203918
1644,Yes,0.7065733075141907
1645,Yes,0.7230109572410583
1646,Yes,0.6915483474731445
1647,Yes,0.7185765504837036
1648,Yes,0.6963742971420288
1649,Yes,0.7230109572410583
1650,Yes,0.6915483474731445
1651,Yes,0.7185765504837036
1652,Yes,0.6963742971420288
1653,Yes,0.7020214200019836
1654,Yes,0.6591644883155823
1655,Yes,0.720950186252594
1656,Yes,0.6984546780586243
1657,Yes,0.7301806807518005
1658,Yes,0.7117428779602051
1659,Yes,0.7443933486938477
1660,Yes,0.71819007396698
1661,Yes,0.7277159690856934
1662,Yes,0.7011358737945557
1663,Yes,0.7468960881233215
1664,Yes,0.7198563814163208
1665,Yes,0.7388072609901428
1666,Yes,0.7227036952972412
1667,Yes,0.7486406564712524
1668,Yes,0.722913920879364
1669,Yes,0.7402506470680237
1670,Yes,0.703881025314331
1671,Yes,0.7748042345046997
1672,Yes,0.7504673004150391
1673,Yes,0.7577754855155945
1674,Yes,0.7474961280822754
1675,Yes,0.7555680871009827
1676,Yes,0.7292531728744507
1677,Yes,0.7376033067703247
1678,Yes,0.7261750102043152
1679,Yes,0.7590379118919373
1680,Yes,0.7340046763420105
1681,Yes,0.6186413764953613
1682,Yes,0.6465379595756531
1683,Yes,0.650111973285675
1684,Yes,0.6559951305389404
1685,Yes,0.6064035296440125
1686,Yes,0.6382083296775818
1687,Yes,0.658699631690979
1688,Yes,0.6591427326202393
1689,Yes,0.6244794726371765
1690,Yes,0.6593466997146606
1691,Yes,0.6680307388305664
1692,Yes,0.6705749034881592
1693,Yes,0.5892075300216675
1694,Yes,0.6301506161689758
1695,Yes,0.6279042959213257
1696,Yes,0.6300293207168579
1697,Yes,0.6179623007774353
1698,Yes,0.6284386515617371
1699,Yes,0.6468955874443054
1700,Yes,0.6494158506393433
1701,Yes,0.6318366527557373
1702,Yes,0.633849024772644
1703,Yes,0.6231083869934082
1704,Yes,0.6278688311576843
1705,Yes,0.629936933517456
1706,Yes,0.6427519917488098
1707,Yes,0.6323318481445312
1708,Yes,0.6438876390457153
1709,Yes,0.6290122270584106
1710,Yes,0.6405191421508789
1711,Yes,0.6571557521820068
1712,Yes,0.6572089195251465
1713,Yes,0.6061915755271912
1714,Yes,0.6192756295204163
1715,Yes,0.6328091025352478
1716,Yes,0.6395635604858398
1717,Yes,0.6302635669708252
1718,Yes,0.6312776803970337
1719,Yes,0.6480163335800171
1720,Yes,0.6512471437454224
1721,Yes,0.6183472275733948
1722,Yes,0.6390906572341919
1723,Yes,0.642672598361969
1724,Yes,0.6483430862426758
1725,Yes,0.63107830286026
1726,Yes,0.6413004994392395
1727,Yes,0.6475483179092407
1728,Yes,0.6512196660041809
1729,Yes,0.710898220539093
1730,Yes,0.6946740746498108
1731,Yes,0.7245491147041321
1732,Yes,0.7060906887054443
1733,Yes,0.7142666578292847
1734,Yes,0.6983217597007751
1735,Yes,0.7314928770065308
1736,Yes,0.7108596563339233
1737,Yes,0.722003161907196
1738,Yes,0.720800518989563
1739,Yes,0.7470738887786865
1740,Yes,0.7242899537086487
1741,Yes,0.7343548536300659
1742,Yes,0.7193651795387268
1743,Yes,0.7303573489189148
1744,Yes,0.7117668986320496
1745,Yes,0.7352551817893982
1746,Yes,0.7025358080863953
1747,Yes,0.7198112607002258
1748,Yes,0.7024400234222412
1749,Yes,0.7077723145484924
1750,Yes,0.6996563673019409
1751,Yes,0.729665994644165
1752,Yes,0.7158684730529785
1753,Yes,0.7236221432685852
1754,Yes,0.7050577998161316
1755,Yes,0.7414668798446655
1756,Yes,0.723041296005249
1757,Yes,0.7224763631820679
1758,Yes,0.7020369172096252
1759,Yes,0.7286546230316162
1760,Yes,0.7044047117233276
1761,Yes,0.721205472946167
1762,Yes,0.6783692836761475
1763,Yes,0.7450441718101501
1764,Yes,0.706767201423645
1765,Yes,0.7241849899291992
1766,Yes,0.68186354637146
1767,Yes,0.7313432693481445
1768,Yes,0.6992340683937073
1769,Yes,0.7316821813583374
1770,Yes,0.6830133199691772
1771,Yes,0.7248243093490601
1772,Yes,0.6953901648521423
1773,Yes,0.7032719254493713
1774,Yes,0.6598883271217346
1775,Yes,0.7192239761352539
1776,Yes,0.6822524070739746
1777,Yes,0.7103312015533447
1778,Yes,0.6800180673599243
1779,Yes,0.7220586538314819
1780,Yes,0.6995671391487122
1781,Yes,0.7385284304618835
1782,Yes,0.7090484499931335
1783,Yes,0.7379230260848999
1784,Yes,0.7086466550827026
1785,Yes,0.7303180694580078
1786,Yes,0.6936278939247131
1787,Yes,0.7426851987838745
1788,Yes,0.7070733308792114
1789,Yes,0.71690833568573
1790,Yes,0.6790172457695007
1791,Yes,0.7347745895385742
1792,Yes,0.700671374797821
1793,Yes,0.6847475171089172
1794,Yes,0.6640273332595825
1795,Yes,0.692581057548523
1796,Yes,0.6743480563163757
1797,Yes,0.7128201723098755
1798,Yes,0.6981391906738281
1799,Yes,0.7376047968864441
1800,Yes,0.7189409136772156
1801,Yes,0.702929675579071
1802,Yes,0.6816102266311646
1803,Yes,0.7279012799263
1804,Yes,0.7100167274475098
1805,Yes,0.6261434555053711
1806,Yes,0.6277188062667847
1807,Yes,0.6672239899635315
1808,Yes,0.6501259803771973
1809,Yes,0.6598069071769714
1810,Yes,0.6730925440788269
1811,Yes,0.6814305186271667
1812,Yes,0.6756948232650757
1813,Yes,0.6651096940040588
1814,Yes,0.6673805713653564
1815,Yes,0.6881439089775085
1816,Yes,0.6724309325218201
1817,Yes,0.6730954051017761
1818,Yes,0.6608808040618896
1819,Yes,0.6832423806190491
1820,Yes,0.6687803864479065
1821,Yes,0.6285472512245178
1822,Yes,0.6740637421607971
1823,Yes,0.7012695074081421
1824,Yes,0.6903122663497925
1825,Yes,0.6900873780250549
1826,Yes,0.679138720035553
1827,Yes,0.6921393275260925
1828,Yes,0.680083155632019
1829,Yes,0.6846715211868286
1830,Yes,0.6778349876403809
1831,Yes,0.6931102275848389
1832,Yes,0.6798515915870667
1833,Yes,0.6716011762619019
1834,Yes,0.6688594818115234
1835,Yes,0.6884048581123352
1836,Yes,0.6752239465713501
1837,Yes,0.6910017132759094
1838,Yes,0.6789634823799133
1839,Yes,0.7102477550506592
1840,Yes,0.6946728825569153
1841,Yes,0.6764106154441833
1842,Yes,0.6714133620262146
1843,Yes,0.7105886340141296
1844,Yes,0.6933152079582214
1845,Yes,0.6806531548500061
1846,Yes,0.6458320021629333
1847,Yes,0.7008346319198608
1848,Yes,0.6743513345718384
1849,Yes,0.6759060621261597
1850,Yes,0.6660158038139343
1851,Yes,0.6992141008377075
1852,Yes,0.6807789206504822
1853,Yes,0.6765274405479431
1854,Yes,0.6962720155715942
1855,Yes,0.7110118269920349
1856,Yes,0.6969736814498901
1857,Yes,0.6724555492401123
1858,Yes,0.6677193641662598
1859,Yes,0.6823664903640747
1860,Yes,0.6696664690971375
1861,Yes,0.6677003502845764
1862,Yes,0.6314132809638977
1863,Yes,0.677264928817749
1864,Yes,0.6577950119972229
1865,Yes,0.6735433340072632
1866,Yes,0.6774327754974365
1867,Yes,0.6963213086128235
1868,Yes,0.6840442419052124
1869,Yes,0.678093433380127
1870,Yes,0.6592839956283569
1871,Yes,0.6862208843231201
1872,Yes,0.6702779531478882
1873,Yes,0.7478112578392029
1874,Yes,0.7200236320495605
1875,Yes,0.7630805373191833
1876,Yes,0.7431216239929199
1877,Yes,0.7246367931365967
1878,Yes,0.7057492733001709
1879,Yes,0.7340219020843506
1880,Yes,0.707503080368042
1881,Yes,0.7074170112609863
1882,Yes,0.7079986929893494
1883,Yes,0.7406579256057739
1884,Yes,0.7205818891525269
1885,Yes,0.7065243721008301
1886,Yes,0.6821773648262024
1887,Yes,0.7398881316184998
1888,Yes,0.7179563641548157
1889,Yes,0.7460222244262695
1890,Yes,0.7300008535385132
1891,Yes,0.7649796605110168
1892,Yes,0.7412447929382324
1893,Yes,0.726678729057312
1894,Yes,0.6967071890830994
1895,Yes,0.7371450662612915
1896,Yes,0.7068641781806946
1897,Yes,0.7291457653045654
1898,Yes,0.7157974243164062
1899,Yes,0.7530435919761658
1900,Yes,0.7296210527420044
1901,Yes,0.7160491347312927
1902,Yes,0.703537106513977
1903,Yes,0.7417630553245544
1904,Yes,0.7181984186172485
1905,Yes,0.6977323889732361
1906,Yes,0.6985496878623962
1907,Yes,0.7385445237159729
1908,Yes,0.7133474349975586
1909,Yes,0.7210139036178589
1910,Yes,0.7199978232383728
1911,Yes,0.7513656616210938
1912,Yes,0.7301254272460938
1913,Yes,0.7105891704559326
1914,Yes,0.6964231133460999
1915,Yes,0.728574812412262
1916,Yes,0.7069993019104004
1917,Yes,0.7484448552131653
1918,Yes,0.7547779083251953
1919,Yes,0.7575579881668091
1920,Yes,0.7421945929527283
1921,Yes,0.6847590804100037
1922,Yes,0.6974363327026367
1923,Yes,0.7101876139640808
1924,Yes,0.689647376537323
1925,Yes,0.7207901477813721
1926,Yes,0.7141308784484863
1927,Yes,0.7405117750167847
1928,Yes,0.7225528955459595
1929,Yes,0.7315794229507446
1930,Yes,0.7280340194702148
1931,Yes,0.7504948973655701
1932,Yes,0.7393429279327393
1933,Yes,0.7111415266990662
1934,Yes,0.6944171786308289
1935,Yes,0.74763023853302
1936,Yes,0.718291699886322
1937,Yes,0.7044996023178101
1938,Yes,0.7176032662391663
1939,Yes,0.739456295967102
1940,Yes,0.7269992828369141
1941,Yes,0.7060183882713318
1942,Yes,0.7073925137519836
1943,Yes,0.7383557558059692
1944,Yes,0.7233549356460571
1945,Yes,0.7186374068260193
1946,Yes,0.7107715606689453
1947,Yes,0.7201902866363525
1948,Yes,0.7067752480506897
1949,Yes,0.7002081871032715
1950,Yes,0.6836382746696472
1951,Yes,0.7324702143669128
1952,Yes,0.715589702129364
1953,Yes,0.7022256851196289
1954,Yes,0.7059662938117981
1955,Yes,0.729710042476654
1956,Yes,0.7125879526138306
1957,Yes,0.6787513494491577
1958,Yes,0.6930655241012573
1959,Yes,0.7242282032966614
1960,Yes,0.7096219658851624
1961,Yes,0.6731801629066467
1962,Yes,0.69428950548172
1963,Yes,0.717572808265686
1964,Yes,0.703204333782196
1965,Yes,0.670287549495697
1966,Yes,0.6505104899406433
1967,Yes,0.7096173167228699
1968,Yes,0.6920252442359924
1969,Yes,0.6874639987945557
1970,Yes,0.6899121999740601
1971,Yes,0.7019637227058411
1972,Yes,0.7011349201202393
1973,Yes,0.7566554546356201
1974,Yes,0.7506657838821411
1975,Yes,0.7651749849319458
1976,Yes,0.760028064250946
1977,Yes,0.7418048977851868
1978,Yes,0.751087486743927
1979,Yes,0.7610525488853455
1980,Yes,0.7539103031158447
1981,Yes,0.7324038743972778
1982,Yes,0.7142274379730225
1983,Yes,0.7508084774017334
1984,Yes,0.7503790259361267
1985,Yes,0.7473574876785278
1986,Yes,0.7779274582862854
1987,Yes,0.7660876512527466
1988,Yes,0.7668214440345764
1989,Yes,0.7491961717605591
1990,Yes,0.7494012713432312
1991,Yes,0.7322433590888977
1992,Yes,0.7444947361946106
1993,Yes,0.7014296054840088
1994,Yes,0.7461274862289429
1995,Yes,0.7458224892616272
1996,Yes,0.7447273135185242
1997,Yes,0.7764143943786621
1998,Yes,0.7876019477844238
1999,Yes,0.7711601853370667
2000,Yes,0.778644859790802
2001,Yes,0.717164933681488
2002,Yes,0.7475652098655701
2003,Yes,0.7564992308616638
2004,Yes,0.7582314014434814
2005,Yes,0.734855055809021
2006,Yes,0.7255515456199646
2007,Yes,0.7428884506225586
2008,Yes,0.7474600076675415
2009,Yes,0.7483524680137634
2010,Yes,0.7461282014846802
2011,Yes,0.7469231486320496
2012,Yes,0.7478775978088379
2013,Yes,0.7181296348571777
2014,Yes,0.7355169653892517
2015,Yes,0.7359720468521118
2016,Yes,0.7379395961761475
2017,Yes,0.6717058420181274
2018,Yes,0.6999760866165161
2019,Yes,0.6950637102127075
2020,Yes,0.714764416217804
2021,Yes,0.6947967410087585
2022,Yes,0.705310046672821
2023,Yes,0.7109875082969666
2024,Yes,0.720588743686676
2025,Yes,0.6941059827804565
2026,Yes,0.7283707857131958
2027,Yes,0.7076448798179626
2028,Yes,0.7214459776878357
2029,Yes,0.6837971210479736
2030,Yes,0.6943091154098511
2031,Yes,0.7156070470809937
2032,Yes,0.7258577942848206
2033,Yes,0.6686885356903076
2034,Yes,0.7017688155174255
2035,Yes,0.6969321370124817
2036,Yes,0.7055527567863464
2037,Yes,0.7053552269935608
2038,Yes,0.7114158868789673
2039,Yes,0.7052671909332275
2040,Yes,0.7180476784706116
2041,Yes,0.6690114736557007
2042,Yes,0.7019204497337341
2043,Yes,0.6836385130882263
2044,Yes,0.7039655447006226
2045,Yes,0.6813229918479919
2046,Yes,0.7197061777114868
2047,Yes,0.7042912840843201
2048,Yes,0.7257869839668274
2049,Yes,0.7135156989097595
2050,Yes,0.7209601998329163
2051,Yes,0.7316253185272217
2052,Yes,0.7414878010749817
2053,Yes,0.6615699529647827
2054,Yes,0.6935001015663147
2055,Yes,0.6822901368141174
2056,Yes,0.7032074928283691
2057,Yes,0.6905879378318787
2058,Yes,0.7051073908805847
2059,Yes,0.7204623818397522
2060,Yes,0.7333123087882996
2061,Yes,0.6171630024909973
2062,Yes,0.6241108179092407
2063,Yes,0.6249858140945435
2064,Yes,0.6306502223014832
2065,Yes,0.6840183734893799
2066,Yes,0.7095540761947632
2067,Yes,0.7124550342559814
2068,Yes,0.7267952561378479
2069,Yes,0.685891330242157
2070,Yes,0.7137894630432129
2071,Yes,0.7051326632499695
2072,Yes,0.7163888216018677
2073,Yes,0.6703598499298096
2074,Yes,0.7194034457206726
2075,Yes,0.7100719809532166
2076,Yes,0.7220349907875061
2077,Yes,0.6690114736557007
2078,Yes,0.7019204497337341
2079,Yes,0.6836385130882263
2080,Yes,0.7039655447006226
2081,Yes,0.7283722162246704
2082,Yes,0.7044260501861572
2083,Yes,0.7383962273597717
2084,Yes,0.7148646116256714
2085,Yes,0.7243009805679321
2086,Yes,0.6942558884620667
2087,Yes,0.7234532833099365
2088,Yes,0.68641197681427
2089,Yes,0.7394535541534424
2090,Yes,0.6996363997459412
2091,Yes,0.7222468852996826
2092,Yes,0.6963282227516174
2093,Yes,0.7167088389396667
2094,Yes,0.6915450096130371
2095,Yes,0.7284984588623047
2096,Yes,0.6978384256362915
2097,Yes,0.6628527045249939
2098,Yes,0.6485016345977783
2099,Yes,0.6829468011856079
2100,Yes,0.6551414132118225
2101,Yes,0.7208358645439148
2102,Yes,0.6917027235031128
2103,Yes,0.7258859276771545
2104,Yes,0.6950870156288147
2105,Yes,0.7630870938301086
2106,Yes,0.7211455702781677
2107,Yes,0.7471098899841309
2108,Yes,0.7186909914016724
2109,Yes,0.7419735789299011
2110,Yes,0.7155000567436218
2111,Yes,0.7522130608558655
2112,Yes,0.725290060043335
2113,Yes,0.7875575423240662
2114,Yes,0.7359622716903687
2115,Yes,0.7734734416007996
2116,Yes,0.7305494546890259
2117,Yes,0.7632963061332703
2118,Yes,0.7132619619369507
2119,Yes,0.7710801959037781
2120,Yes,0.7319483160972595
2121,Yes,0.7273980379104614
2122,Yes,0.7067873477935791
2123,Yes,0.739211916923523
2124,Yes,0.7020557522773743
2125,Yes,0.7611322999000549
2126,Yes,0.7338359951972961
2127,Yes,0.7591565847396851
2128,Yes,0.7318885922431946
2129,Yes,0.7318351864814758
2130,Yes,0.6976798176765442
2131,Yes,0.7526267170906067
2132,Yes,0.7095204591751099
2133,Yes,0.7163600921630859
2134,Yes,0.6911396384239197
2135,Yes,0.724302351474762
2136,Yes,0.6908650994300842
2137,Yes,0.761541485786438
2138,Yes,0.704792857170105
2139,Yes,0.7552477121353149
2140,Yes,0.7143486738204956
2141,Yes,0.6876747608184814
2142,Yes,0.683379590511322
2143,Yes,0.7068596482276917
2144,Yes,0.6798666715621948
2145,Yes,0.6545479893684387
2146,Yes,0.662234365940094
2147,Yes,0.6949238777160645
2148,Yes,0.6915894150733948
2149,Yes,0.681029200553894
2150,Yes,0.6894601583480835
2151,Yes,0.715678870677948
2152,Yes,0.7031590938568115
2153,Yes,0.646350085735321
2154,Yes,0.6326385736465454
2155,Yes,0.6730406880378723
2156,Yes,0.6699343919754028
2157,Yes,0.6727450489997864
2158,Yes,0.6654765009880066
2159,Yes,0.6859008073806763
2160,Yes,0.6791872382164001
2161,Yes,0.6948694586753845
2162,Yes,0.6910529732704163
2163,Yes,0.7071134448051453
2164,Yes,0.6975751519203186
2165,Yes,0.6790549755096436
2166,Yes,0.6692231893539429
2167,Yes,0.6867203712463379
2168,Yes,0.6795498132705688
2169,Yes,0.639866054058075
2170,Yes,0.6352251768112183
2171,Yes,0.6759700179100037
2172,Yes,0.6666691899299622
2173,Yes,0.6750176548957825
2174,Yes,0.6713418960571289
2175,Yes,0.6918365359306335
2176,Yes,0.6827822327613831
2177,Yes,0.702052891254425
2178,Yes,0.7001142501831055
2179,Yes,0.7214557528495789
2180,Yes,0.7096787095069885
2181,Yes,0.7086840867996216
2182,Yes,0.6814508438110352
2183,Yes,0.7393447160720825
2184,Yes,0.725757360458374
2185,Yes,0.7066368460655212
2186,Yes,0.6826784014701843
2187,Yes,0.6994908452033997
2188,Yes,0.6870311498641968
2189,Yes,0.6304860711097717
2190,Yes,0.6586059331893921
2191,Yes,0.6726304888725281
2192,Yes,0.6659086346626282
2193,Yes,0.6315045356750488
2194,Yes,0.6399185657501221
2195,Yes,0.675392746925354
2196,Yes,0.6681821942329407
2197,Yes,0.6285654902458191
2198,Yes,0.6430742740631104
2199,Yes,0.6823386549949646
2200,Yes,0.6799348592758179
2201,Yes,0.6192712783813477
2202,Yes,0.6298187375068665
2203,Yes,0.6743014454841614
2204,Yes,0.6608738303184509
2205,Yes,0.600915253162384
2206,Yes,0.6443487405776978
2207,Yes,0.6658996343612671
2208,Yes,0.6602168679237366
2209,Yes,0.6346632242202759
2210,Yes,0.6777295470237732
2211,Yes,0.6747316718101501
2212,Yes,0.6848399639129639
2213,Yes,0.6580726504325867
2214,Yes,0.6935659646987915
2215,Yes,0.6926859021186829
2216,Yes,0.7082087397575378
2217,Yes,0.6495944857597351
2218,Yes,0.6914242506027222
2219,Yes,0.6961087584495544
2220,Yes,0.7103598713874817
2221,Yes,0.643295407295227
2222,Yes,0.6934846639633179
2223,Yes,0.6957883238792419
2224,Yes,0.7138789892196655
2225,Yes,0.6507527232170105
2226,Yes,0.617973268032074
2227,Yes,0.655199408531189
2228,Yes,0.6241713166236877
2229,Yes,0.6993204951286316
2230,Yes,0.6443474292755127
2231,Yes,0.7309156060218811
2232,Yes,0.6831318736076355
2233,Yes,0.6948307156562805
2234,Yes,0.6449700593948364
2235,Yes,0.7224900722503662
2236,Yes,0.6753193736076355
2237,Yes,0.690178632736206
2238,Yes,0.634812593460083
2239,Yes,0.698754608631134
2240,Yes,0.6562509536743164
2241,Yes,0.6564783453941345
2242,Yes,0.706404447555542
2243,Yes,0.6866387128829956
2244,Yes,0.7032359838485718
2245,Yes,0.6602831482887268
2246,Yes,0.6981503963470459
2247,Yes,0.6982211470603943
2248,Yes,0.7343997955322266
2249,Yes,0.7149918675422668
2250,Yes,0.7597669959068298
2251,Yes,0.728615403175354
2252,Yes,0.7529099583625793
2253,Yes,0.6528517007827759
2254,Yes,0.6892793774604797
2255,Yes,0.695523738861084
2256,Yes,0.7218752503395081
2257,Yes,0.6673654913902283
2258,Yes,0.7140733003616333
2259,Yes,0.6925118565559387
2260,Yes,0.7159970998764038
2261,Yes,0.639733076095581
2262,Yes,0.7057960033416748
2263,Yes,0.6967789530754089
2264,Yes,0.7252024412155151
2265,Yes,0.6768714785575867
2266,Yes,0.7299240231513977
2267,Yes,0.7033261060714722
2268,Yes,0.7348883748054504
2269,Yes,0.670161247253418
2270,Yes,0.7327050566673279
2271,Yes,0.7353307008743286
2272,Yes,0.759396493434906
2273,Yes,0.7362212538719177
2274,Yes,0.6674243211746216
2275,Yes,0.760586678981781
2276,Yes,0.7047114968299866
2277,Yes,0.7513550519943237
2278,Yes,0.7116243243217468
2279,Yes,0.7609536647796631
2280,Yes,0.7175495624542236
2281,Yes,0.7343534827232361
2282,Yes,0.6830958127975464
2283,Yes,0.75247722864151
2284,Yes,0.7093619704246521
2285,Yes,0.7437862157821655
2286,Yes,0.7096723318099976
2287,Yes,0.7705288529396057
2288,Yes,0.7253737449645996
2289,Yes,0.6786320805549622
2290,Yes,0.6656716465950012
2291,Yes,0.7120745778083801
2292,Yes,0.7123043537139893
2293,Yes,0.7032739520072937
2294,Yes,0.695199728012085
2295,Yes,0.7061173915863037
2296,Yes,0.7025222182273865
2297,Yes,0.7081490159034729
2298,Yes,0.7087866067886353
2299,Yes,0.7228526473045349
2300,Yes,0.7221364378929138
2301,Yes,0.7002863883972168
2302,Yes,0.6974526047706604
2303,Yes,0.6995446085929871
2304,Yes,0.6977783441543579
2305,Yes,0.7068207263946533
2306,Yes,0.7123039364814758
2307,Yes,0.7072498202323914
2308,Yes,0.712311863899231
2309,Yes,0.7032560706138611
2310,Yes,0.717927873134613
2311,Yes,0.7215107679367065
2312,Yes,0.7243491411209106
2313,Yes,0.6547311544418335
2314,Yes,0.6983423233032227
2315,Yes,0.708601176738739
2316,Yes,0.7122910022735596
2317,Yes,0.6752152442932129
2318,Yes,0.7012659311294556
2319,Yes,0.7017551064491272
2320,Yes,0.7037321329116821
2321,Yes,0.6963844299316406
2322,Yes,0.7110244035720825
2323,Yes,0.7245408296585083
2324,Yes,0.7246452569961548
2325,Yes,0.6887953281402588
2326,Yes,0.7061024904251099
2327,Yes,0.7179113030433655
2328,Yes,0.7144731283187866
2329,Yes,0.6917926073074341
2330,Yes,0.7135489583015442
2331,Yes,0.7201977372169495
2332,Yes,0.7195168137550354
2333,Yes,0.706476628780365
2334,Yes,0.7224417328834534
2335,Yes,0.7261263132095337
2336,Yes,0.7248467803001404
2337,Yes,0.7025198936462402
2338,Yes,0.7136435508728027
2339,Yes,0.7137047648429871
2340,Yes,0.7161266207695007
2341,Yes,0.7000981569290161
2342,Yes,0.7063134908676147
2343,Yes,0.7189716696739197
2344,Yes,0.7224075198173523
2345,Yes,0.7170291543006897
2346,Yes,0.7147376537322998
2347,Yes,0.7123668789863586
2348,Yes,0.7160508632659912
2349,Yes,0.6960405707359314
2350,Yes,0.7135337591171265
2351,Yes,0.723048985004425
2352,Yes,0.7258931994438171
2353,Yes,0.6104053258895874
2354,Yes,0.6143718957901001
2355,Yes,0.629294216632843
2356,Yes,0.6293301582336426
2357,Yes,0.6155949234962463
2358,Yes,0.6406618356704712
2359,Yes,0.6531228423118591
2360,Yes,0.6550551056861877
2361,Yes,0.6182560324668884
2362,Yes,0.6409353613853455
2363,Yes,0.6627832651138306
2364,Yes,0.6624051332473755
2365,Yes,0.5963137745857239
2366,Yes,0.6049274802207947
2367,Yes,0.6240883469581604
2368,Yes,0.6241180896759033
2369,Yes,0.5824959874153137
2370,Yes,0.6034442186355591
2371,Yes,0.6181049942970276
2372,Yes,0.6159894466400146
2373,Yes,0.5988030433654785
2374,Yes,0.6128665804862976
2375,Yes,0.6222900152206421
2376,Yes,0.6203553676605225
2377,Yes,0.617311418056488
2378,Yes,0.6423401832580566
2379,Yes,0.6576418876647949
2380,Yes,0.6603337526321411
2381,Yes,0.6090673208236694
2382,Yes,0.6230494976043701
2383,Yes,0.6272464394569397
2384,Yes,0.6292874217033386
2385,Yes,0.5830212831497192
2386,Yes,0.5707131028175354
2387,Yes,0.6195411682128906
2388,Yes,0.6159122586250305
2389,Yes,0.5978953242301941
2390,Yes,0.6215711832046509
2391,Yes,0.6491560339927673
2392,Yes,0.6429398655891418
2393,Yes,0.5847300887107849
2394,Yes,0.6087612509727478
2395,Yes,0.6298446655273438
2396,Yes,0.6271151304244995
2397,Yes,0.6098325252532959
2398,Yes,0.6234371662139893
2399,Yes,0.656251072883606
2400,Yes,0.6551441550254822
2401,Yes,0.7630192041397095
2402,Yes,0.7083257436752319
2403,Yes,0.7683117389678955
2404,Yes,0.7239547967910767
2405,Yes,0.7531781792640686
2406,Yes,0.6901369094848633
2407,Yes,0.7532618641853333
2408,Yes,0.7033268809318542
2409,Yes,0.763041615486145
2410,Yes,0.6992262601852417
2411,Yes,0.7567996978759766
2412,Yes,0.7081911563873291
2413,Yes,0.742057204246521
2414,Yes,0.6951122283935547
2415,Yes,0.7609780430793762
2416,Yes,0.7080694437026978
2417,Yes,0.6459512710571289
2418,Yes,0.6763275265693665
2419,Yes,0.6991053819656372
2420,Yes,0.6828432083129883
2421,Yes,0.6842122673988342
2422,Yes,0.6979738473892212
2423,Yes,0.7304902672767639
2424,Yes,0.7110492587089539
2425,Yes,0.6619395613670349
2426,Yes,0.6769495606422424
2427,Yes,0.7061054110527039
2428,Yes,0.6879213452339172
2429,Yes,0.6791972517967224
2430,Yes,0.687654972076416
2431,Yes,0.7030907273292542
2432,Yes,0.688059389591217
2433,Yes,0.6789612770080566
2434,Yes,0.6842254400253296
2435,Yes,0.7137203216552734
2436,Yes,0.6979929804801941
2437,Yes,0.668915331363678
2438,Yes,0.6927347779273987
2439,Yes,0.728598952293396
2440,Yes,0.7119742035865784
2441,Yes,0.6809852719306946
2442,Yes,0.6743580102920532
2443,Yes,0.6921390891075134
2444,Yes,0.6777116656303406
2445,Yes,0.6800512671470642
2446,Yes,0.6802465915679932
2447,Yes,0.724401593208313
2448,Yes,0.705773115158081
2449,Yes,0.7291573882102966
2450,Yes,0.706421434879303
2451,Yes,0.7408878207206726
2452,Yes,0.7174943089485168
2453,Yes,0.7161241769790649
2454,Yes,0.6986653804779053
2455,Yes,0.735895037651062
2456,Yes,0.7139593362808228
2457,Yes,0.7294523119926453
2458,Yes,0.7248551249504089
2459,Yes,0.7569913864135742
2460,Yes,0.7311052083969116
2461,Yes,0.728599488735199
2462,Yes,0.7351061105728149
2463,Yes,0.7444295287132263
2464,Yes,0.7280362248420715
2465,Yes,0.7409305572509766
2466,Yes,0.7242184281349182
2467,Yes,0.759331464767456
2468,Yes,0.7398830056190491
2469,Yes,0.7456581592559814
2470,Yes,0.7232034206390381
2471,Yes,0.7502435445785522
2472,Yes,0.7294123768806458
2473,Yes,0.7333394885063171
2474,Yes,0.7211769223213196
2475,Yes,0.750935971736908
2476,Yes,0.725675106048584
2477,Yes,0.7462854385375977
2478,Yes,0.7245225310325623
2479,Yes,0.7422892451286316
2480,Yes,0.7268468141555786
2481,Yes,0.7428531050682068
2482,Yes,0.7384424209594727
2483,Yes,0.7523459196090698
2484,Yes,0.7360543608665466
2485,Yes,0.7483165860176086
2486,Yes,0.739981472492218
2487,Yes,0.7704853415489197
2488,Yes,0.7517386078834534
2489,Yes,0.7407999038696289
2490,Yes,0.7361128330230713
2491,Yes,0.7625240087509155
2492,Yes,0.7449352145195007
2493,Yes,0.7375355362892151
2494,Yes,0.7265837788581848
2495,Yes,0.7474842667579651
2496,Yes,0.731197714805603
2497,Yes,0.7311094403266907
2498,Yes,0.7213596105575562
2499,Yes,0.7584267854690552
2500,Yes,0.734062135219574
2501,Yes,0.7503042221069336
2502,Yes,0.7259820699691772
2503,Yes,0.7524828910827637
2504,Yes,0.733470618724823
2505,Yes,0.7455725073814392
2506,Yes,0.7377729415893555
2507,Yes,0.7723601460456848
2508,Yes,0.7551546096801758
2509,Yes,0.7578477263450623
2510,Yes,0.738917350769043
2511,Yes,0.7747625112533569
2512,Yes,0.7536063194274902
2513,Yes,0.7016757130622864
2514,Yes,0.6983520984649658
2515,Yes,0.7125998139381409
2516,Yes,0.689963698387146
2517,Yes,0.6969213485717773
2518,Yes,0.680018424987793
2519,Yes,0.7348682880401611
2520,Yes,0.7127227783203125
2521,Yes,0.6906898617744446
2522,Yes,0.6956940293312073
2523,Yes,0.7220008373260498
2524,Yes,0.7009568810462952
2525,Yes,0.7417274713516235
2526,Yes,0.735681414604187
2527,Yes,0.7627384066581726
2528,Yes,0.7403084635734558
2529,Yes,0.6849015355110168
2530,Yes,0.6574634909629822
2531,Yes,0.7209102511405945
2532,Yes,0.6997207403182983
2533,Yes,0.7255001068115234
2534,Yes,0.7223104238510132
2535,Yes,0.7421092391014099
2536,Yes,0.7258458137512207
2537,Yes,0.6998569965362549
2538,Yes,0.6878600716590881
2539,Yes,0.6900185942649841
2540,Yes,0.6745320558547974
2541,Yes,0.730866014957428
2542,Yes,0.715552031993866
2543,Yes,0.7317823171615601
2544,Yes,0.712273895740509
2545,Yes,0.7117881178855896
2546,Yes,0.6832262873649597
2547,Yes,0.7203221321105957
2548,Yes,0.6990705728530884
2549,Yes,0.7342302203178406
2550,Yes,0.7105553150177002
2551,Yes,0.7355132102966309
2552,Yes,0.7126173973083496
2553,Yes,0.7260507345199585
2554,Yes,0.7043262720108032
2555,Yes,0.7377413511276245
2556,Yes,0.7136198878288269
2557,Yes,0.746638298034668
2558,Yes,0.7464479207992554
2559,Yes,0.7608097195625305
2560,Yes,0.7324666380882263
2561,Yes,0.7122268676757812
2562,Yes,0.6959144473075867
2563,Yes,0.7231119275093079
2564,Yes,0.6952175498008728
2565,Yes,0.7396289706230164
2566,Yes,0.7252599596977234
2567,Yes,0.7392683625221252
2568,Yes,0.7151908874511719
2569,Yes,0.7175763845443726
2570,Yes,0.7072402834892273
2571,Yes,0.7270889282226562
2572,Yes,0.7070050239562988
2573,Yes,0.7151340246200562
2574,Yes,0.6989380717277527
2575,Yes,0.7287607789039612
2576,Yes,0.7000612020492554
2577,Yes,0.722661018371582
2578,Yes,0.7178812623023987
2579,Yes,0.7207797765731812
2580,Yes,0.7217366695404053
2581,Yes,0.6779364943504333
2582,Yes,0.6889114379882812
2583,Yes,0.6996186971664429
2584,Yes,0.6991194486618042
2585,Yes,0.703368067741394
2586,Yes,0.6996076703071594
2587,Yes,0.7260191440582275
2588,Yes,0.7186329960823059
2589,Yes,0.6869886517524719
2590,Yes,0.7170708775520325
2591,Yes,0.7217769622802734
2592,Yes,0.7152079939842224
2593,Yes,0.7196071743965149
2594,Yes,0.6655187606811523
2595,Yes,0.7239680886268616
2596,Yes,0.6962802410125732
2597,Yes,0.7399539351463318
2598,Yes,0.711433470249176
2599,Yes,0.7283729314804077
2600,Yes,0.7036038637161255
2601,Yes,0.7149518132209778
2602,Yes,0.6726950407028198
2603,Yes,0.7323340773582458
2604,Yes,0.7048258781433105
2605,Yes,0.7303635478019714
2606,Yes,0.7123436331748962
2607,Yes,0.7483103275299072
2608,Yes,0.7241185307502747
2609,Yes,0.7192704677581787
2610,Yes,0.7031079530715942
2611,Yes,0.7344152927398682
2612,Yes,0.711341917514801
2613,Yes,0.7159519195556641
2614,Yes,0.7038890719413757
2615,Yes,0.725762665271759
2616,Yes,0.7030331492424011
2617,Yes,0.7242034077644348
2618,Yes,0.7048349380493164
2619,Yes,0.743736207485199
2620,Yes,0.716794490814209
2621,Yes,0.7456932067871094
2622,Yes,0.7308236956596375
2623,Yes,0.7529192566871643
2624,Yes,0.7320106625556946
2625,Yes,0.7147735357284546
2626,Yes,0.6711956858634949
2627,Yes,0.7258017659187317
2628,Yes,0.7022241353988647
2629,Yes,0.731823205947876
2630,Yes,0.6942043304443359
2631,Yes,0.7430226802825928
2632,Yes,0.7203231453895569
2633,Yes,0.7470105886459351
2634,Yes,0.7111302614212036
2635,Yes,0.7527181506156921
2636,Yes,0.7322415709495544
2637,Yes,0.7456371188163757
2638,Yes,0.7308647632598877
2639,Yes,0.7474448084831238
2640,Yes,0.7296800017356873
2641,Yes,0.685757577419281
2642,Yes,0.6471807956695557
2643,Yes,0.6992368698120117
2644,Yes,0.6792320609092712
2645,Yes,0.7375307679176331
2646,Yes,0.7058102488517761
2647,Yes,0.7390003800392151
2648,Yes,0.7228597402572632
2649,Yes,0.7356071472167969
2650,Yes,0.7104146480560303
2651,Yes,0.7423780560493469
2652,Yes,0.7189513444900513
2653,Yes,0.7445402145385742
2654,Yes,0.7137949466705322
2655,Yes,0.7512212991714478
2656,Yes,0.7330300211906433
2657,Yes,0.7133048176765442
2658,Yes,0.6986501812934875
2659,Yes,0.7368355393409729
2660,Yes,0.7074673771858215
2661,Yes,0.7131870985031128
2662,Yes,0.7023987174034119
2663,Yes,0.7407585382461548
2664,Yes,0.7109072804450989
2665,Yes,0.7105242609977722
2666,Yes,0.6774523854255676
2667,Yes,0.7084334492683411
2668,Yes,0.6854748129844666
2669,Yes,0.7158868312835693
2670,Yes,0.6731525659561157
2671,Yes,0.7107729315757751
2672,Yes,0.6775276064872742
2673,Yes,0.7131870985031128
2674,Yes,0.7023987174034119
2675,Yes,0.7407585382461548
2676,Yes,0.7109072804450989
2677,Yes,0.7155542969703674
2678,Yes,0.6852187514305115
2679,Yes,0.7193635702133179
2680,Yes,0.6911379098892212
2681,Yes,0.7338649034500122
2682,Yes,0.7208633422851562
2683,Yes,0.7353408932685852
2684,Yes,0.7141925096511841
2685,Yes,0.7213696837425232
2686,Yes,0.6849667429924011
2687,Yes,0.7163833379745483
2688,Yes,0.6883901953697205
2689,Yes,0.7068987488746643
2690,Yes,0.6866311430931091
2691,Yes,0.7145538330078125
2692,Yes,0.6911865472793579
2693,Yes,0.7022864818572998
2694,Yes,0.6645132303237915
2695,Yes,0.7198654413223267
2696,Yes,0.6895930767059326
2697,Yes,0.7218621373176575
2698,Yes,0.700722873210907
2699,Yes,0.7416903376579285
2700,Yes,0.7103126645088196
2701,Yes,0.701022744178772
2702,Yes,0.7038043737411499
2703,Yes,0.7323500514030457
2704,Yes,0.7049328684806824
2705,Yes,0.7153640389442444
2706,Yes,0.701819658279419
2707,Yes,0.732384443283081
2708,Yes,0.7113540172576904
2709,Yes,0.6829118132591248
2710,Yes,0.6349462866783142
2711,Yes,0.6987380385398865
2712,Yes,0.6651594042778015
2713,Yes,0.7321144342422485
2714,Yes,0.6900668144226074
2715,Yes,0.7251679301261902
2716,Yes,0.7017824649810791
2717,Yes,0.718654215335846
2718,Yes,0.694732129573822
2719,Yes,0.7215086221694946
2720,Yes,0.6918708682060242
2721,Yes,0.7003099322319031
2722,Yes,0.6763716340065002
2723,Yes,0.7121283411979675
2724,Yes,0.6881400942802429
2725,Yes,0.705811619758606
2726,Yes,0.6575602889060974
2727,Yes,0.7236800789833069
2728,Yes,0.7025544047355652
2729,Yes,0.7084560394287109
2730,Yes,0.6897038221359253
2731,Yes,0.7240177392959595
2732,Yes,0.705326497554779
2733,Yes,0.6854866743087769
2734,Yes,0.6747584342956543
2735,Yes,0.7132056951522827
2736,Yes,0.6921854615211487
2737,Yes,0.7490048408508301
2738,Yes,0.7036491632461548
2739,Yes,0.7398928999900818
2740,Yes,0.7166904211044312
2741,Yes,0.6823800802230835
2742,Yes,0.6950315237045288
2743,Yes,0.7231360077857971
2744,Yes,0.7049457430839539
2745,Yes,0.6779336929321289
2746,Yes,0.6775587797164917
2747,Yes,0.7088135480880737
2748,Yes,0.6928560137748718
2749,Yes,0.6838868856430054
2750,Yes,0.6526234149932861
2751,Yes,0.7120115756988525
2752,Yes,0.6887416839599609
2753,Yes,0.6582074165344238
2754,Yes,0.6695116758346558
2755,Yes,0.6951153874397278
2756,Yes,0.6844601035118103
2757,Yes,0.6555659174919128
2758,Yes,0.6239817142486572
2759,Yes,0.6810595393180847
2760,Yes,0.6645025610923767
2761,Yes,0.7003099322319031
2762,Yes,0.6763716340065002
2763,Yes,0.7121283411979675
2764,Yes,0.6881400942802429
2765,Yes,0.6628398895263672
2766,Yes,0.6677699089050293
2767,Yes,0.682612955570221
2768,Yes,0.6660570502281189
2769,Yes,0.714458167552948
2770,Yes,0.6963884234428406
2771,Yes,0.7213099598884583
2772,Yes,0.7046469449996948
2773,Yes,0.7034552097320557
2774,Yes,0.6783638596534729
2775,Yes,0.7116009593009949
2776,Yes,0.6961380243301392
2777,Yes,0.6840980648994446
2778,Yes,0.6729161143302917
2779,Yes,0.7146171927452087
2780,Yes,0.6941328048706055
2781,Yes,0.6760908961296082
2782,Yes,0.651552140712738
2783,Yes,0.6942675113677979
2784,Yes,0.6807228922843933
2785,Yes,0.6927488446235657
2786,Yes,0.6804925799369812
2787,Yes,0.715588390827179
2788,Yes,0.6958075165748596
2789,Yes,0.7067082524299622
2790,Yes,0.6906328201293945
2791,Yes,0.7354748845100403
2792,Yes,0.7172724604606628
2793,Yes,0.7007735967636108
2794,Yes,0.680515468120575
2795,Yes,0.7106586694717407
2796,Yes,0.6971074938774109
2797,Yes,0.6730997562408447
2798,Yes,0.6713690757751465
2799,Yes,0.7107250690460205
2800,Yes,0.6946033835411072
2801,Yes,0.651284396648407
2802,Yes,0.6119261980056763
2803,Yes,0.6522133946418762
2804,Yes,0.6280755996704102
2805,Yes,0.7011946439743042
2806,Yes,0.6747528314590454
2807,Yes,0.7220094799995422
2808,Yes,0.6892903447151184
2809,Yes,0.7308861017227173
2810,Yes,0.6969597935676575
2811,Yes,0.7419971823692322
2812,Yes,0.713058590888977
2813,Yes,0.6929994225502014
2814,Yes,0.6427997946739197
2815,Yes,0.7286652326583862
2816,Yes,0.6974366307258606
2817,Yes,0.7222161889076233
2818,Yes,0.6973779797554016
2819,Yes,0.7491166591644287
2820,Yes,0.7150855660438538
2821,Yes,0.7288578748703003
2822,Yes,0.7230570316314697
2823,Yes,0.7602023482322693
2824,Yes,0.7297752499580383
2825,Yes,0.727446436882019
2826,Yes,0.6945481300354004
2827,Yes,0.7360753417015076
2828,Yes,0.7073096036911011
2829,Yes,0.7252268195152283
2830,Yes,0.6925523281097412
2831,Yes,0.7317624688148499
2832,Yes,0.6978623867034912
2833,Yes,0.7027889490127563
2834,Yes,0.7113296389579773
2835,Yes,0.7378249764442444
2836,Yes,0.7208309769630432
2837,Yes,0.7233641743659973
2838,Yes,0.7299811840057373
2839,Yes,0.7464792132377625
2840,Yes,0.7308185696601868
2841,Yes,0.7037010788917542
2842,Yes,0.7171955108642578
2843,Yes,0.7367594838142395
2844,Yes,0.7213867902755737
2845,Yes,0.7192400693893433
2846,Yes,0.740204393863678
2847,Yes,0.7304340600967407
2848,Yes,0.7153154611587524
2849,Yes,0.7019568085670471
2850,Yes,0.683362603187561
2851,Yes,0.7400828003883362
2852,Yes,0.7177203893661499
2853,Yes,0.6881261467933655
2854,Yes,0.6990654468536377
2855,Yes,0.7241843342781067
2856,Yes,0.71019446849823
2857,Yes,0.6881669759750366
2858,Yes,0.7183423042297363
2859,Yes,0.746492862701416
2860,Yes,0.7332796454429626
2861,Yes,0.7076054215431213
2862,Yes,0.6995875835418701
2863,Yes,0.7256645560264587
2864,Yes,0.7136931419372559
2865,Yes,0.7116389870643616
2866,Yes,0.7210102081298828
2867,Yes,0.7397566437721252
2868,Yes,0.7244603633880615
2869,Yes,0.7028264999389648
2870,Yes,0.6868256330490112
2871,Yes,0.7198466658592224
2872,Yes,0.7108784317970276
2873,Yes,0.6688506007194519
2874,Yes,0.7088119387626648
2875,Yes,0.7234358191490173
2876,Yes,0.7079199552536011
2877,Yes,0.7124374508857727
2878,Yes,0.7261205911636353
2879,Yes,0.736193060874939
2880,Yes,0.7279262542724609
2881,Yes,0.6539614796638489
2882,Yes,0.6557501554489136
2883,Yes,0.6721263527870178
2884,Yes,0.6776734590530396
2885,Yes,0.676645040512085
2886,Yes,0.7073453068733215
2887,Yes,0.716036319732666
2888,Yes,0.711320161819458
2889,Yes,0.6240304112434387
2890,Yes,0.611947774887085
2891,Yes,0.6547384858131409
2892,Yes,0.6536046266555786
2893,Yes,0.6259016394615173
2894,Yes,0.6126543879508972
2895,Yes,0.6576797366142273
2896,Yes,0.6588354110717773
2897,Yes,0.6331120133399963
2898,Yes,0.656502902507782
2899,Yes,0.6718481183052063
2900,Yes,0.6770583391189575
2901,Yes,0.6434858441352844
2902,Yes,0.6761878132820129
2903,Yes,0.6834000945091248
2904,Yes,0.6815928220748901
2905,Yes,0.6459138989448547
2906,Yes,0.6439375877380371
2907,Yes,0.6784466505050659
2908,Yes,0.68083256483078
2909,Yes,0.6490045785903931
2910,Yes,0.6481918692588806
2911,Yes,0.6613942980766296
2912,Yes,0.6631585359573364
2913,Yes,0.6947451233863831
2914,Yes,0.688655436038971
2915,Yes,0.7317155599594116
2916,Yes,0.70749431848526
2917,Yes,0.691451370716095
2918,Yes,0.6983092427253723
2919,Yes,0.7290244698524475
2920,Yes,0.710832417011261
2921,Yes,0.7079694867134094
2922,Yes,0.7216693162918091
2923,Yes,0.7477787733078003
2924,Yes,0.73501056432724
2925,Yes,0.7222827076911926
2926,Yes,0.7305024266242981
2927,Yes,0.7510805726051331
2928,Yes,0.7333291172981262
2929,Yes,0.7166650891304016
2930,Yes,0.6879082918167114
2931,Yes,0.7342286705970764
2932,Yes,0.7182038426399231
2933,Yes,0.7244718074798584
2934,Yes,0.722983181476593
2935,Yes,0.7351299524307251
2936,Yes,0.7227564454078674
2937,Yes,0.7110745310783386
2938,Yes,0.7263535261154175
2939,Yes,0.7609443068504333
2940,Yes,0.74651700258255
2941,Yes,0.7018629312515259
2942,Yes,0.6960868835449219
2943,Yes,0.7222157120704651
2944,Yes,0.7082318663597107
2945,Yes,0.6563293933868408
2946,Yes,0.6645628213882446
2947,Yes,0.6871502995491028
2948,Yes,0.6784402132034302
2949,Yes,0.6957455277442932
2950,Yes,0.7044817805290222
2951,Yes,0.7319872379302979
2952,Yes,0.7164832949638367
2953,Yes,0.682977020740509
2954,Yes,0.67178875207901
2955,Yes,0.6870471835136414
2956,Yes,0.6759428381919861
2957,Yes,0.6654087901115417
2958,Yes,0.6755026578903198
2959,Yes,0.6970117092132568
2960,Yes,0.6879653930664062
2961,Yes,0.691560685634613
2962,Yes,0.6825147867202759
2963,Yes,0.7108187675476074
2964,Yes,0.6992906332015991
2965,Yes,0.6469287872314453
2966,Yes,0.6623914241790771
2967,Yes,0.6799055337905884
2968,Yes,0.6674845814704895
2969,Yes,0.6813700795173645
2970,Yes,0.6872013211250305
2971,Yes,0.713579535484314
2972,Yes,0.7036508321762085
2973,Yes,0.6794101595878601
2974,Yes,0.6790017485618591
2975,Yes,0.7028858065605164
2976,Yes,0.692838728427887
2977,Yes,0.7347488403320312
2978,Yes,0.7293833494186401
2979,Yes,0.7537076473236084
2980,Yes,0.7345969080924988
2981,Yes,0.6604989767074585
2982,Yes,0.6470920443534851
2983,Yes,0.6745272874832153
2984,Yes,0.655559241771698
2985,Yes,0.7304285168647766
2986,Yes,0.7315698862075806
2987,Yes,0.7528628706932068
2988,Yes,0.7337959408760071
2989,Yes,0.7324475646018982
2990,Yes,0.7285874485969543
2991,Yes,0.7538775205612183
2992,Yes,0.735244631767273
2993,Yes,0.7375665903091431
2994,Yes,0.7161362767219543
2995,Yes,0.7537105679512024
2996,Yes,0.7369672060012817
2997,Yes,0.707134485244751
2998,Yes,0.700664758682251
2999,Yes,0.730402946472168
3000,Yes,0.7138051390647888
3001,Yes,0.7173531651496887
3002,Yes,0.712064802646637
3003,Yes,0.7381708025932312
3004,Yes,0.7190491557121277
3005,Yes,0.7068108320236206
3006,Yes,0.6972578167915344
3007,Yes,0.7246375679969788
3008,Yes,0.704334020614624
3009,Yes,0.7308814525604248
3010,Yes,0.7085708379745483
3011,Yes,0.735309362411499
3012,Yes,0.7205299139022827
3013,Yes,0.7162356972694397
3014,Yes,0.7164571285247803
3015,Yes,0.7323293685913086
3016,Yes,0.7205935716629028
3017,Yes,0.7193130254745483
3018,Yes,0.7287944555282593
3019,Yes,0.7479292154312134
3020,Yes,0.7336045503616333
3021,Yes,0.7150790691375732
3022,Yes,0.7120919823646545
3023,Yes,0.7393060922622681
3024,Yes,0.7239184975624084
3025,Yes,0.6738004088401794
3026,Yes,0.7009275555610657
3027,Yes,0.6997895240783691
3028,Yes,0.6872627139091492
3029,Yes,0.73157799243927
3030,Yes,0.7229928970336914
3031,Yes,0.7477486729621887
3032,Yes,0.731387197971344
3033,Yes,0.7311421632766724
3034,Yes,0.7153468728065491
3035,Yes,0.7352192401885986
3036,Yes,0.7198006510734558
3037,Yes,0.7147810459136963
3038,Yes,0.7101061344146729
3039,Yes,0.7286819815635681
3040,Yes,0.7113016247749329
3041,Yes,0.7492814660072327
3042,Yes,0.7236858010292053
3043,Yes,0.76451575756073
3044,Yes,0.7362347841262817
3045,Yes,0.751442551612854
3046,Yes,0.7288637161254883
3047,Yes,0.7636831998825073
3048,Yes,0.7346082925796509
3049,Yes,0.7467273473739624
3050,Yes,0.7368404269218445
3051,Yes,0.7768230438232422
3052,Yes,0.745137631893158
3053,Yes,0.7172786593437195
3054,Yes,0.679858922958374
3055,Yes,0.7353297472000122
3056,Yes,0.7109587788581848
3057,Yes,0.7278203368186951
3058,Yes,0.7024050951004028
3059,Yes,0.7428903579711914
3060,Yes,0.7117374539375305
3061,Yes,0.7324016094207764
3062,Yes,0.7135598659515381
3063,Yes,0.7495303750038147
3064,Yes,0.7206254601478577
3065,Yes,0.74830561876297
3066,Yes,0.7124315500259399
3067,Yes,0.752537190914154
3068,Yes,0.722345769405365
3069,Yes,0.7577065229415894
3070,Yes,0.7335476279258728
3071,Yes,0.770038902759552
3072,Yes,0.7419679760932922
3073,Yes,0.7268010377883911
3074,Yes,0.7088385224342346
3075,Yes,0.7506654262542725
3076,Yes,0.7185590267181396
3077,Yes,0.7717143297195435
3078,Yes,0.7315720319747925
3079,Yes,0.7705159187316895
3080,Yes,0.7426266074180603
3081,Yes,0.7553895711898804
3082,Yes,0.7219889163970947
3083,Yes,0.7616363167762756
3084,Yes,0.7346380352973938
3085,Yes,0.7324761748313904
3086,Yes,0.7136226296424866
3087,Yes,0.7518932819366455
3088,Yes,0.7227321267127991
3089,Yes,0.7064688801765442
3090,Yes,0.7148101329803467
3091,Yes,0.7194004058837891
3092,Yes,0.7267332673072815
3093,Yes,0.6882535219192505
3094,Yes,0.7345856428146362
3095,Yes,0.7416781187057495
3096,Yes,0.7470068335533142
3097,Yes,0.7311829924583435
3098,Yes,0.7336015105247498
3099,Yes,0.7463143467903137
3100,Yes,0.7457119226455688
3101,Yes,0.6828513145446777
3102,Yes,0.6866282224655151
3103,Yes,0.7086707949638367
3104,Yes,0.7174211740493774
3105,Yes,0.7116983532905579
3106,Yes,0.7254586815834045
3107,Yes,0.7391223907470703
3108,Yes,0.7439677715301514
3109,Yes,0.7111667394638062
3110,Yes,0.7137088775634766
3111,Yes,0.7368972897529602
3112,Yes,0.7383474707603455
3113,Yes,0.6849663853645325
3114,Yes,0.7174845933914185
3115,Yes,0.7067893147468567
3116,Yes,0.7185965776443481
3117,Yes,0.703894317150116
3118,Yes,0.7395764589309692
3119,Yes,0.7558096051216125
3120,Yes,0.7609591484069824
3121,Yes,0.7118827104568481
3122,Yes,0.7288281917572021
3123,Yes,0.735604465007782
3124,Yes,0.7410903573036194
3125,Yes,0.7311829924583435
3126,Yes,0.7336015105247498
3127,Yes,0.7463143467903137
3128,Yes,0.7457119226455688
3129,Yes,0.6882535219192505
3130,Yes,0.7345856428146362
3131,Yes,0.7416781187057495
3132,Yes,0.7470068335533142
3133,Yes,0.6893838047981262
3134,Yes,0.7113645076751709
3135,Yes,0.7251394391059875
3136,Yes,0.7291373610496521
3137,Yes,0.7181965112686157
3138,Yes,0.7205049395561218
3139,Yes,0.7330852150917053
3140,Yes,0.7328543663024902
3141,Yes,0.7036845088005066
3142,Yes,0.7076780200004578
3143,Yes,0.7499643564224243
3144,Yes,0.736232578754425
3145,Yes,0.734087347984314
3146,Yes,0.731897234916687
3147,Yes,0.7409553527832031
3148,Yes,0.7200538516044617
3149,Yes,0.7282957434654236
3150,Yes,0.7228820323944092
3151,Yes,0.7347741723060608
3152,Yes,0.7287828922271729
3153,Yes,0.6858915686607361
3154,Yes,0.6610666513442993
3155,Yes,0.7038461565971375
3156,Yes,0.6895070672035217
3157,Yes,0.7018828988075256
3158,Yes,0.6894708275794983
3159,Yes,0.708440363407135
3160,Yes,0.6970936059951782
3161,Yes,0.7092918753623962
3162,Yes,0.7118757367134094
3163,Yes,0.7268226742744446
3164,Yes,0.7156411409378052
3165,Yes,0.6977112889289856
3166,Yes,0.6846364140510559
3167,Yes,0.7185774445533752
3168,Yes,0.7113020420074463
3169,Yes,0.6260215044021606
3170,Yes,0.6337171792984009
3171,Yes,0.6499610543251038
3172,Yes,0.6548397541046143
3173,Yes,0.6331400275230408
3174,Yes,0.6490840315818787
3175,Yes,0.6521914005279541
3176,Yes,0.6596140265464783
3177,Yes,0.654326856136322
3178,Yes,0.6467920541763306
3179,Yes,0.6554936170578003
3180,Yes,0.6647598743438721
3181,Yes,0.6069431304931641
3182,Yes,0.6142391562461853
3183,Yes,0.6514332890510559
3184,Yes,0.6587494611740112
3185,Yes,0.670786440372467
3186,Yes,0.6798846125602722
3187,Yes,0.6852751970291138
3188,Yes,0.691704511642456
3189,Yes,0.6414099931716919
3190,Yes,0.6419405341148376
3191,Yes,0.6756234765052795
3192,Yes,0.6790395379066467
3193,Yes,0.6324544548988342
3194,Yes,0.6341164112091064
3195,Yes,0.6577810049057007
3196,Yes,0.6647421717643738
3197,Yes,0.5967110395431519
3198,Yes,0.5964699983596802
3199,Yes,0.6446513533592224
3200,Yes,0.6511020660400391
3201,Yes,0.6708913445472717
3202,Yes,0.6720218658447266
3203,Yes,0.68463534116745
3204,Yes,0.6693901419639587
3205,Yes,0.6647223830223083
3206,Yes,0.6803629994392395
3207,Yes,0.6900202035903931
3208,Yes,0.6793932914733887
3209,Yes,0.7010380029678345
3210,Yes,0.6722621321678162
3211,Yes,0.7411739230155945
3212,Yes,0.7230343222618103
3213,Yes,0.7034537196159363
3214,Yes,0.729284942150116
3215,Yes,0.7328901886940002
3216,Yes,0.7235491275787354
3217,Yes,0.7222253680229187
3218,Yes,0.7289078831672668
3219,Yes,0.7375714778900146
3220,Yes,0.7227740287780762
3221,Yes,0.6850096583366394
3222,Yes,0.6909571290016174
3223,Yes,0.7137345671653748
3224,Yes,0.7004587054252625
3225,Yes,0.6622470617294312
3226,Yes,0.684414267539978
3227,Yes,0.7017133831977844
3228,Yes,0.6882495284080505
3229,Yes,0.7033346891403198
3230,Yes,0.6869630217552185
3231,Yes,0.707656741142273
3232,Yes,0.6945645213127136
3233,Yes,0.6666157841682434
3234,Yes,0.6857430934906006
3235,Yes,0.7055071592330933
3236,Yes,0.6927298307418823
3237,Yes,0.7045782208442688
3238,Yes,0.7091836929321289
3239,Yes,0.7118592262268066
3240,Yes,0.700233519077301
3241,Yes,0.6856101155281067
3242,Yes,0.7054197192192078
3243,Yes,0.7240813374519348
3244,Yes,0.7078802585601807
3245,Yes,0.6882530450820923
3246,Yes,0.7113627195358276
3247,Yes,0.7140689492225647
3248,Yes,0.7075425386428833
3249,Yes,0.665795624256134
3250,Yes,0.7186003923416138
3251,Yes,0.7069205045700073
3252,Yes,0.7218910455703735
3253,Yes,0.6577383279800415
3254,Yes,0.7046070694923401
3255,Yes,0.7183446884155273
3256,Yes,0.7324501872062683
3257,Yes,0.6774184703826904
3258,Yes,0.7108365893363953
3259,Yes,0.7076329588890076
3260,Yes,0.7167205810546875
3261,Yes,0.6806812882423401
3262,Yes,0.7022371292114258
3263,Yes,0.713333785533905
3264,Yes,0.7287173271179199
3265,Yes,0.6628603935241699
3266,Yes,0.7121430039405823
3267,Yes,0.7015905380249023
3268,Yes,0.7165724039077759
3269,Yes,0.6756009459495544
3270,Yes,0.7070041298866272
3271,Yes,0.7143199443817139
3272,Yes,0.7296886444091797
3273,Yes,0.6769119501113892
3274,Yes,0.7100893259048462
3275,Yes,0.6964970827102661
3276,Yes,0.7153224349021912
3277,Yes,0.665795624256134
3278,Yes,0.7186003923416138
3279,Yes,0.7069205045700073
3280,Yes,0.7218910455703735
3281,Yes,0.6556504964828491
3282,Yes,0.6876929402351379
3283,Yes,0.6963112950325012
3284,Yes,0.7162536382675171
3285,Yes,0.6775050759315491
3286,Yes,0.7044525146484375
3287,Yes,0.6951683163642883
3288,Yes,0.7113233208656311
3289,Yes,0.6803284287452698
3290,Yes,0.7102934718132019
3291,Yes,0.7126341462135315
3292,Yes,0.7172245383262634
3293,Yes,0.6860837936401367
3294,Yes,0.7122949361801147
3295,Yes,0.7114859819412231
3296,Yes,0.7312816381454468
3297,Yes,0.723747968673706
3298,Yes,0.6896771788597107
3299,Yes,0.7339754700660706
3300,Yes,0.7153717279434204
3301,Yes,0.7196186184883118
3302,Yes,0.7239382863044739
3303,Yes,0.7491117119789124
3304,Yes,0.7360821962356567
3305,Yes,0.6867870688438416
3306,Yes,0.7037323713302612
3307,Yes,0.72625732421875
3308,Yes,0.7100743055343628
3309,Yes,0.7154991626739502
3310,Yes,0.6896915435791016
3311,Yes,0.7379359602928162
3312,Yes,0.7248892188072205
3313,Yes,0.6984888315200806
3314,Yes,0.6743791103363037
3315,Yes,0.7136053442955017
3316,Yes,0.7018090486526489
3317,Yes,0.7083847522735596
3318,Yes,0.7238706350326538
3319,Yes,0.7425858974456787
3320,Yes,0.729579746723175
3321,Yes,0.7324674129486084
3322,Yes,0.7394804358482361
3323,Yes,0.7392104864120483
3324,Yes,0.7263281941413879
3325,Yes,0.7323951721191406
3326,Yes,0.7440919876098633
3327,Yes,0.7521562576293945
3328,Yes,0.73695969581604
3329,Yes,0.6722317934036255
3330,Yes,0.6859861612319946
3331,Yes,0.7007471919059753
3332,Yes,0.6932494044303894
3333,Yes,0.6771908402442932
3334,Yes,0.6828389167785645
3335,Yes,0.6972509026527405
3336,Yes,0.6947715878486633
3337,Yes,0.6877278685569763
3338,Yes,0.6617174744606018
3339,Yes,0.7121002674102783
3340,Yes,0.7060665488243103
3341,Yes,0.6758924126625061
3342,Yes,0.6882577538490295
3343,Yes,0.7048349380493164
3344,Yes,0.7030064463615417
3345,Yes,0.7062901854515076
3346,Yes,0.7092171907424927
3347,Yes,0.7215538620948792
3348,Yes,0.7139517664909363
3349,Yes,0.6395707130432129
3350,Yes,0.6256734132766724
3351,Yes,0.6714205145835876
3352,Yes,0.6645617485046387
3353,Yes,0.6919952034950256
3354,Yes,0.708411455154419
3355,Yes,0.7240248322486877
3356,Yes,0.7185500860214233
3357,Yes,0.7212696671485901
3358,Yes,0.7407935261726379
3359,Yes,0.7465023398399353
3360,Yes,0.7391932010650635
3361,Yes,0.707314670085907
3362,Yes,0.6998794674873352
3363,Yes,0.7298942804336548
3364,Yes,0.7072891592979431
3365,Yes,0.7191126942634583
3366,Yes,0.7038525938987732
3367,Yes,0.7424345016479492
3368,Yes,0.7183797359466553
3369,Yes,0.7352719902992249
3370,Yes,0.722012460231781
3371,Yes,0.7477526664733887
3372,Yes,0.7205492258071899
3373,Yes,0.723297655582428
3374,Yes,0.6907006502151489
3375,Yes,0.7290888428688049
3376,Yes,0.7078782320022583
3377,Yes,0.6992393732070923
3378,Yes,0.7164784073829651
3379,Yes,0.7390491366386414
3380,Yes,0.7172824740409851
3381,Yes,0.7230148315429688
3382,Yes,0.7035114765167236
3383,Yes,0.7450175285339355
3384,Yes,0.7182618379592896
3385,Yes,0.710431694984436
3386,Yes,0.6780651211738586
3387,Yes,0.7303447127342224
3388,Yes,0.7048556804656982
3389,Yes,0.7365288138389587
3390,Yes,0.7318404316902161
3391,Yes,0.7488449811935425
3392,Yes,0.7246018052101135
3393,Yes,0.7044301629066467
3394,Yes,0.6857715249061584
3395,Yes,0.7130430340766907
3396,Yes,0.6875662803649902
3397,Yes,0.6814141869544983
3398,Yes,0.6238847970962524
3399,Yes,0.676939070224762
3400,Yes,0.6526806950569153
3401,Yes,0.6994953155517578
3402,Yes,0.6589341759681702
3403,Yes,0.7178247570991516
3404,Yes,0.6894911527633667
3405,Yes,0.7096038460731506
3406,Yes,0.6798034310340881
3407,Yes,0.7013416290283203
3408,Yes,0.6772283911705017
3409,Yes,0.6633285880088806
3410,Yes,0.6699213981628418
3411,Yes,0.6778749823570251
3412,Yes,0.6588260531425476
3413,Yes,0.7241126894950867
3414,Yes,0.6910315155982971
3415,Yes,0.689012348651886
3416,Yes,0.6662228107452393
3417,Yes,0.7020487189292908
3418,Yes,0.6807399392127991
3419,Yes,0.7074233293533325
3420,Yes,0.6877802014350891
3421,Yes,0.7175783514976501
3422,Yes,0.6891510486602783
3423,Yes,0.7192020416259766
3424,Yes,0.6892141103744507
3425,Yes,0.7312795519828796
3426,Yes,0.7209831476211548
3427,Yes,0.7182621955871582
3428,Yes,0.7024422883987427
3429,Yes,0.7013354301452637
3430,Yes,0.6649176478385925
3431,Yes,0.7044222950935364
3432,Yes,0.675363302230835
3433,Yes,0.698930561542511
3434,Yes,0.6743515133857727
3435,Yes,0.6988194584846497
3436,Yes,0.6730523705482483
3437,Yes,0.7002959251403809
3438,Yes,0.6694964170455933
3439,Yes,0.6982787847518921
3440,Yes,0.6713437438011169
3441,Yes,0.6368679404258728
3442,Yes,0.6417707800865173
3443,Yes,0.6854402422904968
3444,Yes,0.6842473149299622
3445,Yes,0.6667240262031555
3446,Yes,0.6710471510887146
3447,Yes,0.6802031397819519
3448,Yes,0.6834462285041809
3449,Yes,0.6289863586425781
3450,Yes,0.6347242593765259
3451,Yes,0.6749396920204163
3452,Yes,0.6745409965515137
3453,Yes,0.6213089227676392
3454,Yes,0.6262022256851196
3455,Yes,0.6573194265365601
3456,Yes,0.6556912064552307
3457,Yes,0.646729588508606
3458,Yes,0.6387460827827454
3459,Yes,0.6720794439315796
3460,Yes,0.6714633107185364
3461,Yes,0.6635076999664307
3462,Yes,0.6571457386016846
3463,Yes,0.6960580945014954
3464,Yes,0.6919159293174744
3465,Yes,0.6394407153129578
3466,Yes,0.6380797624588013
3467,Yes,0.6601170897483826
3468,Yes,0.6621434688568115
3469,Yes,0.6425198316574097
3470,Yes,0.6602252125740051
3471,Yes,0.6759528517723083
3472,Yes,0.6741161942481995
3473,Yes,0.6235296130180359
3474,Yes,0.6557137370109558
3475,Yes,0.6781549453735352
3476,Yes,0.6783577799797058
3477,Yes,0.6361973881721497
3478,Yes,0.6502338647842407
3479,Yes,0.6600028872489929
3480,Yes,0.6610734462738037
3481,Yes,0.6721716523170471
3482,Yes,0.6568101048469543
3483,Yes,0.702890932559967
3484,Yes,0.6980154514312744
3485,Yes,0.6789588928222656
3486,Yes,0.6544959545135498
3487,Yes,0.694251298904419
3488,Yes,0.6888839602470398
3489,Yes,0.6747444272041321
3490,Yes,0.6616085171699524
3491,Yes,0.6735776662826538
3492,Yes,0.6710225939750671
3493,Yes,0.6417121291160583
3494,Yes,0.641040027141571
3495,Yes,0.6660457849502563
3496,Yes,0.664475679397583
3497,Yes,0.67119961977005
3498,Yes,0.6807321310043335
3499,Yes,0.7034480571746826
3500,Yes,0.7013516426086426
3501,Yes,0.6943696737289429
3502,Yes,0.6612658500671387
3503,Yes,0.6900946497917175
3504,Yes,0.6851869225502014
3505,Yes,0.6318811178207397
3506,Yes,0.6756097078323364
3507,Yes,0.6702278256416321
3508,Yes,0.6895910501480103
3509,Yes,0.6602816581726074
3510,Yes,0.6926313638687134
3511,Yes,0.6859830021858215
3512,Yes,0.7069740295410156
3513,Yes,0.6434165239334106
3514,Yes,0.6799633502960205
3515,Yes,0.6688360571861267
3516,Yes,0.6925449371337891
3517,Yes,0.6122614741325378
3518,Yes,0.649154007434845
3519,Yes,0.642656683921814
3520,Yes,0.6679146885871887
3521,Yes,0.6941657066345215
3522,Yes,0.6948025226593018
3523,Yes,0.74106365442276
3524,Yes,0.7219089865684509
3525,Yes,0.714198112487793
3526,Yes,0.7017995715141296
3527,Yes,0.7275094985961914
3528,Yes,0.7095667719841003
3529,Yes,0.6854724884033203
3530,Yes,0.6815903782844543
3531,Yes,0.720447301864624
3532,Yes,0.6995298862457275
3533,Yes,0.7035826444625854
3534,Yes,0.7191544771194458
3535,Yes,0.7498544454574585
3536,Yes,0.7314896583557129
3537,Yes,0.6958078742027283
3538,Yes,0.7088391184806824
3539,Yes,0.7475476861000061
3540,Yes,0.7271533012390137
3541,Yes,0.7013475298881531
3542,Yes,0.6998291015625
3543,Yes,0.7309785485267639
3544,Yes,0.7091469168663025
3545,Yes,0.7010563611984253
3546,Yes,0.6909636855125427
3547,Yes,0.7240643501281738
3548,Yes,0.7108513116836548
3549,Yes,0.6888734102249146
3550,Yes,0.6824041604995728
3551,Yes,0.7115266919136047
3552,Yes,0.695610523223877
3553,Yes,0.741884708404541
3554,Yes,0.7113131880760193
3555,Yes,0.7493811249732971
3556,Yes,0.7146857976913452
3557,Yes,0.7025057077407837
3558,Yes,0.6908072233200073
3559,Yes,0.7172576189041138
3560,Yes,0.6892280578613281
3561,Yes,0.7336203455924988
3562,Yes,0.682931661605835
3563,Yes,0.7237942218780518
3564,Yes,0.6833948493003845
3565,Yes,0.7110979557037354
3566,Yes,0.6667245626449585
3567,Yes,0.726150393486023
3568,Yes,0.6902266144752502
3569,Yes,0.7184603214263916
3570,Yes,0.6761566996574402
3571,Yes,0.7242895364761353
3572,Yes,0.6878111958503723
3573,Yes,0.7376281023025513
3574,Yes,0.7017977237701416
3575,Yes,0.7424312233924866
3576,Yes,0.7092176675796509
3577,Yes,0.7196950912475586
3578,Yes,0.7078858613967896
3579,Yes,0.7390680313110352
3580,Yes,0.7040650248527527
3581,Yes,0.7347981929779053
3582,Yes,0.7095127701759338
3583,Yes,0.7520814538002014
3584,Yes,0.7131832242012024
3585,Yes,0.7309892773628235
3586,Yes,0.7013318538665771
3587,Yes,0.7483149766921997
3588,Yes,0.7106083631515503
3589,Yes,0.73050457239151
3590,Yes,0.7098575234413147
3591,Yes,0.7524521946907043
3592,Yes,0.7158887982368469
3593,Yes,0.734703779220581
3594,Yes,0.7215532064437866
3595,Yes,0.7609257102012634
3596,Yes,0.7238458395004272
3597,Yes,0.725070595741272
3598,Yes,0.6888576745986938
3599,Yes,0.7238576412200928
3600,Yes,0.6889945268630981
3601,Yes,0.7463494539260864
3602,Yes,0.6717178225517273
3603,Yes,0.7539019584655762
3604,Yes,0.7189168334007263
3605,Yes,0.722780704498291
3606,Yes,0.6884258389472961
3607,Yes,0.7355741858482361
3608,Yes,0.7041592001914978
3609,Yes,0.7453324794769287
3610,Yes,0.7413773536682129
3611,Yes,0.7710645198822021
3612,Yes,0.7371607422828674
3613,Yes,0.7092341184616089
3614,Yes,0.712007462978363
3615,Yes,0.7567449808120728
3616,Yes,0.7165544629096985
3617,Yes,0.7517892122268677
3618,Yes,0.7225905656814575
3619,Yes,0.7568667531013489
3620,Yes,0.7154501080513
3621,Yes,0.722780704498291
3622,Yes,0.6884258389472961
3623,Yes,0.7355741858482361
3624,Yes,0.7041592001914978
3625,Yes,0.7537542581558228
3626,Yes,0.7035483717918396
3627,Yes,0.7591372132301331
3628,Yes,0.7242711186408997
3629,Yes,0.7555909752845764
3630,Yes,0.7156268954277039
3631,Yes,0.7644553780555725
3632,Yes,0.7295653820037842
3633,Yes,0.7384400367736816
3634,Yes,0.7143688201904297
3635,Yes,0.7521524429321289
3636,Yes,0.7200080752372742
3637,Yes,0.7401676177978516
3638,Yes,0.7095319628715515
3639,Yes,0.7549945712089539
3640,Yes,0.7245690822601318
3641,Yes,0.723169207572937
3642,Yes,0.688985288143158
3643,Yes,0.7382658123970032
3644,Yes,0.7041856050491333
3645,Yes,0.6579946279525757
3646,Yes,0.6506588459014893
3647,Yes,0.6883070468902588
3648,Yes,0.654653012752533
3649,Yes,0.7319444417953491
3650,Yes,0.692300021648407
3651,Yes,0.7484671473503113
3652,Yes,0.7127030491828918
3653,Yes,0.763651430606842
3654,Yes,0.7488994598388672
3655,Yes,0.755264937877655
3656,Yes,0.7203742861747742
3657,Yes,0.7498037815093994
3658,Yes,0.7322845458984375
3659,Yes,0.7702606916427612
3660,Yes,0.7340413331985474
3661,Yes,0.7299677729606628
3662,Yes,0.6980187892913818
3663,Yes,0.7454948425292969
3664,Yes,0.7093475461006165
3665,Yes,0.7448911666870117
3666,Yes,0.7133595943450928
3667,Yes,0.7499109506607056
3668,Yes,0.7188892364501953
3669,Yes,0.6942721605300903
3670,Yes,0.6675026416778564
3671,Yes,0.7133678793907166
3672,Yes,0.6807453632354736
3673,Yes,0.7156246900558472
3674,Yes,0.6914036273956299
3675,Yes,0.7334463000297546
3676,Yes,0.7027832865715027
3677,Yes,0.7129420638084412
3678,Yes,0.6959347724914551
3679,Yes,0.7394003868103027
3680,Yes,0.7150959968566895
3681,Yes,0.670129120349884
3682,Yes,0.6771085858345032
3683,Yes,0.7250248789787292
3684,Yes,0.6986849308013916
3685,Yes,0.6817700862884521
3686,Yes,0.6781254410743713
3687,Yes,0.7062700390815735
3688,Yes,0.6847155094146729
3689,Yes,0.6905978322029114
3690,Yes,0.6758601665496826
3691,Yes,0.7281165719032288
3692,Yes,0.7009304761886597
3693,Yes,0.7134343385696411
3694,Yes,0.6766554117202759
3695,Yes,0.7200488448143005
3696,Yes,0.6884954571723938
3697,Yes,0.7079929113388062
3698,Yes,0.6963728666305542
3699,Yes,0.7298045754432678
3700,Yes,0.7032729983329773
3701,Yes,0.6959429383277893
3702,Yes,0.6561822295188904
3703,Yes,0.7164231538772583
3704,Yes,0.6884617209434509
3705,Yes,0.7090753316879272
3706,Yes,0.6931347250938416
3707,Yes,0.7364933490753174
3708,Yes,0.7062837481498718
3709,Yes,0.6883293986320496
3710,Yes,0.69671630859375
3711,Yes,0.736487865447998
3712,Yes,0.708375096321106
3713,Yes,0.7167968153953552
3714,Yes,0.7307903170585632
3715,Yes,0.7599654793739319
3716,Yes,0.7346792221069336
3717,Yes,0.7485930323600769
3718,Yes,0.7260888814926147
3719,Yes,0.7600780129432678
3720,Yes,0.7289195656776428
3721,Yes,0.7444273233413696
3722,Yes,0.7212816476821899
3723,Yes,0.756558895111084
3724,Yes,0.7250958681106567
3725,Yes,0.7331661581993103
3726,Yes,0.7033247947692871
3727,Yes,0.7443470358848572
3728,Yes,0.7181363701820374
3729,Yes,0.752223551273346
3730,Yes,0.7211734056472778
3731,Yes,0.7611355185508728
3732,Yes,0.7296503782272339
3733,Yes,0.7419625520706177
3734,Yes,0.7220391631126404
3735,Yes,0.757868766784668
3736,Yes,0.7304820418357849
3737,Yes,0.7402223348617554
3738,Yes,0.7189368009567261
3739,Yes,0.7563576102256775
3740,Yes,0.7264193296432495
3741,Yes,0.718329131603241
3742,Yes,0.7175394296646118
3743,Yes,0.7573581337928772
3744,Yes,0.727470338344574
3745,Yes,0.6648682355880737
3746,Yes,0.668051540851593
3747,Yes,0.6846904754638672
3748,Yes,0.6656481027603149
3749,Yes,0.6806920170783997
3750,Yes,0.6617370843887329
3751,Yes,0.7001848816871643
3752,Yes,0.6822100281715393
3753,Yes,0.6712188124656677
3754,Yes,0.6514793634414673
3755,Yes,0.7032445073127747
3756,Yes,0.6843395233154297
3757,Yes,0.6434391140937805
3758,Yes,0.6613251566886902
3759,Yes,0.6842559576034546
3760,Yes,0.6676336526870728
3761,Yes,0.6738930940628052
3762,Yes,0.7033119797706604
3763,Yes,0.7107990384101868
3764,Yes,0.7131644487380981
3765,Yes,0.6745039820671082
3766,Yes,0.6903353929519653
3767,Yes,0.6856172680854797
3768,Yes,0.6892375349998474
3769,Yes,0.6926449537277222
3770,Yes,0.6984334588050842
3771,Yes,0.7020294070243835
3772,Yes,0.7010273337364197
3773,Yes,0.6603051424026489
3774,Yes,0.7022554874420166
3775,Yes,0.703343391418457
3776,Yes,0.7099881768226624
3777,Yes,0.6798120141029358
3778,Yes,0.6695894002914429
3779,Yes,0.6776502728462219
3780,Yes,0.6644214391708374
3781,Yes,0.7051506638526917
3782,Yes,0.696186363697052
3783,Yes,0.7282759547233582
3784,Yes,0.7078850865364075
3785,Yes,0.7008309364318848
3786,Yes,0.6843041181564331
3787,Yes,0.6958167552947998
3788,Yes,0.6890993714332581
3789,Yes,0.6965356469154358
3790,Yes,0.6862577795982361
3791,Yes,0.7200702428817749
3792,Yes,0.6955471634864807
3793,Yes,0.6661568880081177
3794,Yes,0.6420643329620361
3795,Yes,0.7065288424491882
3796,Yes,0.6830272674560547
3797,Yes,0.7208077311515808
3798,Yes,0.7361048460006714
3799,Yes,0.7570815086364746
3800,Yes,0.7242870330810547
3801,Yes,0.693453311920166
3802,Yes,0.6902848482131958
3803,Yes,0.7188074588775635
3804,Yes,0.6969187259674072
3805,Yes,0.7048341035842896
3806,Yes,0.689368724822998
3807,Yes,0.7232604026794434
3808,Yes,0.7000353336334229
3809,Yes,0.7054041624069214
3810,Yes,0.7091203927993774
3811,Yes,0.7269152402877808
3812,Yes,0.7139033675193787
3813,Yes,0.7050695419311523
3814,Yes,0.6841407418251038
3815,Yes,0.7340095639228821
3816,Yes,0.7192065715789795
3817,Yes,0.6660410165786743
3818,Yes,0.6315067410469055
3819,Yes,0.689888596534729
3820,Yes,0.6695116758346558
3821,Yes,0.7292823195457458
3822,Yes,0.7293890118598938
3823,Yes,0.7444960474967957
3824,Yes,0.733252763748169
3825,Yes,0.6766868233680725
3826,Yes,0.6523406505584717
3827,Yes,0.7161948680877686
3828,Yes,0.7009926438331604
3829,Yes,0.6700092554092407
3830,Yes,0.663628876209259
3831,Yes,0.7091274261474609
3832,Yes,0.6918516755104065
3833,Yes,0.6906948685646057
3834,Yes,0.698837399482727
3835,Yes,0.7172591686248779
3836,Yes,0.6991713643074036
3837,Yes,0.7193015217781067
3838,Yes,0.7172412276268005
3839,Yes,0.7323147654533386
3840,Yes,0.7108897566795349
3841,Yes,0.6738754510879517
3842,Yes,0.7183244228363037
3843,Yes,0.7445071339607239
3844,Yes,0.7404489517211914
3845,Yes,0.6907091736793518
3846,Yes,0.7144060134887695
3847,Yes,0.728550374507904
3848,Yes,0.7287685871124268
3849,Yes,0.6506999135017395
3850,Yes,0.6924686431884766
3851,Yes,0.6962909698486328
3852,Yes,0.695134699344635
3853,Yes,0.6831724643707275
3854,Yes,0.6919841766357422
3855,Yes,0.6965458989143372
3856,Yes,0.6965548992156982
3857,Yes,0.699958086013794
3858,Yes,0.7054096460342407
3859,Yes,0.7116303443908691
3860,Yes,0.7179295420646667
3861,Yes,0.7108808159828186
3862,Yes,0.7026612758636475
3863,Yes,0.7304570078849792
3864,Yes,0.7261384725570679
3865,Yes,0.7011420130729675
3866,Yes,0.7034026384353638
3867,Yes,0.7058919072151184
3868,Yes,0.6984184980392456
3869,Yes,0.6743822693824768
3870,Yes,0.6966258883476257
3871,Yes,0.7016201019287109
3872,Yes,0.6982029676437378
3873,Yes,0.6971307396888733
3874,Yes,0.7123724818229675
3875,Yes,0.7040753960609436
3876,Yes,0.7023701071739197
3877,Yes,0.6738754510879517
3878,Yes,0.7183244228363037
3879,Yes,0.7445071339607239
3880,Yes,0.7404489517211914
3881,Yes,0.6763906478881836
3882,Yes,0.6794476509094238
3883,Yes,0.6910212635993958
3884,Yes,0.6877251267433167
3885,Yes,0.686371386051178
3886,Yes,0.6824327707290649
3887,Yes,0.7035373449325562
3888,Yes,0.7051663994789124
3889,Yes,0.7235039472579956
3890,Yes,0.6587091088294983
3891,Yes,0.7381651997566223
3892,Yes,0.6896049380302429
3893,Yes,0.7653644680976868
3894,Yes,0.734926700592041
3895,Yes,0.7719701528549194
3896,Yes,0.73860764503479
3897,Yes,0.7365739941596985
3898,Yes,0.6938090324401855
3899,Yes,0.7444254755973816
3900,Yes,0.7049990296363831
3901,Yes,0.7516573667526245
3902,Yes,0.7274210453033447
3903,Yes,0.7728888392448425
3904,Yes,0.7368713021278381
3905,Yes,0.7071383595466614
3906,Yes,0.6890375018119812
3907,Yes,0.7349708080291748
3908,Yes,0.6976560950279236
3909,Yes,0.7471140027046204
3910,Yes,0.7097095251083374
3911,Yes,0.7687200903892517
3912,Yes,0.7295621037483215
3913,Yes,0.7526761889457703
3914,Yes,0.719103217124939
3915,Yes,0.7726439833641052
3916,Yes,0.7367717623710632
3917,Yes,0.7425348162651062
3918,Yes,0.7124095559120178
3919,Yes,0.7552847862243652
3920,Yes,0.7226468324661255
3921,Yes,0.7282742261886597
3922,Yes,0.7234101891517639
3923,Yes,0.7589564323425293
3924,Yes,0.7276657223701477
3925,Yes,0.6707195043563843
3926,Yes,0.6328602433204651
3927,Yes,0.6739237308502197
3928,Yes,0.640785813331604
3929,Yes,0.7102394104003906
3930,Yes,0.6925739645957947
3931,Yes,0.7244954109191895
3932,Yes,0.6974602341651917
3933,Yes,0.7512515783309937
3934,Yes,0.7362509965896606
3935,Yes,0.7617451548576355
3936,Yes,0.7378433346748352
3937,Yes,0.7606594562530518
3938,Yes,0.7384200096130371
3939,Yes,0.783959150314331
3940,Yes,0.7411227226257324
3941,Yes,0.7112360596656799
3942,Yes,0.6414299011230469
3943,Yes,0.7239865660667419
3944,Yes,0.6844241619110107
3945,Yes,0.7725912928581238
3946,Yes,0.7054360508918762
3947,Yes,0.7646162509918213
3948,Yes,0.7167040705680847
3949,Yes,0.7456634044647217
3950,Yes,0.7109335064888
3951,Yes,0.7531026005744934
3952,Yes,0.7139737010002136
3953,Yes,0.7367807626724243
3954,Yes,0.7105212211608887
3955,Yes,0.7541848421096802
3956,Yes,0.7077182531356812
3957,Yes,0.7650720477104187
3958,Yes,0.7021111249923706
3959,Yes,0.7578112483024597
3960,Yes,0.7098767757415771
3961,Yes,0.7403333783149719
3962,Yes,0.7005006074905396
3963,Yes,0.7755454182624817
3964,Yes,0.7297055721282959
3965,Yes,0.7414512038230896
3966,Yes,0.6836909651756287
3967,Yes,0.7464362978935242
3968,Yes,0.7069928050041199
3969,Yes,0.729587972164154
3970,Yes,0.7053446769714355
3971,Yes,0.7370495796203613
3972,Yes,0.7311345934867859
3973,Yes,0.7385161519050598
3974,Yes,0.7427958846092224
3975,Yes,0.7614583969116211
3976,Yes,0.7509101629257202
3977,Yes,0.7518263459205627
3978,Yes,0.7374762892723083
3979,Yes,0.764561116695404
3980,Yes,0.7495279908180237
3981,Yes,0.7236223816871643
3982,Yes,0.7712787985801697
3983,Yes,0.7651903629302979
3984,Yes,0.760102391242981
3985,Yes,0.6705489158630371
3986,Yes,0.6931912899017334
3987,Yes,0.6978820562362671
3988,Yes,0.7088991403579712
3989,Yes,0.6417773962020874
3990,Yes,0.6790199279785156
3991,Yes,0.6789649724960327
3992,Yes,0.6903405785560608
3993,Yes,0.6592245697975159
3994,Yes,0.6750577688217163
3995,Yes,0.6856869459152222
3996,Yes,0.6933464407920837
3997,Yes,0.6817059516906738
3998,Yes,0.7136431336402893
3999,Yes,0.7122330665588379
4000,Yes,0.7125848531723022
4001,Yes,0.710578978061676
4002,Yes,0.6707102060317993
4003,Yes,0.7280080318450928
4004,Yes,0.6880279779434204
4005,Yes,0.6952149271965027
4006,Yes,0.6632788181304932
4007,Yes,0.7254174947738647
4008,Yes,0.691851019859314
4009,Yes,0.7207655906677246
4010,Yes,0.6803311705589294
4011,Yes,0.7305236458778381
4012,Yes,0.698723554611206
4013,Yes,0.7153965830802917
4014,Yes,0.6831185221672058
4015,Yes,0.7364370822906494
4016,Yes,0.7068116664886475
4017,Yes,0.7220461964607239
4018,Yes,0.6727525591850281
4019,Yes,0.7207764983177185
4020,Yes,0.6870750188827515
4021,Yes,0.7207655906677246
4022,Yes,0.6803311705589294
4023,Yes,0.7305236458778381
4024,Yes,0.698723554611206
4025,Yes,0.6902080774307251
4026,Yes,0.6888041496276855
4027,Yes,0.7408676147460938
4028,Yes,0.7037688493728638
4029,Yes,0.697445273399353
4030,Yes,0.6566362977027893
4031,Yes,0.7198565006256104
4032,Yes,0.6870657205581665
4033,Yes,0.6946448087692261
4034,Yes,0.6735108494758606
4035,Yes,0.7205390334129333
4036,Yes,0.7122281193733215
4037,Yes,0.6749356389045715
4038,Yes,0.6863675713539124
4039,Yes,0.7039366364479065
4040,Yes,0.6893728971481323
4041,Yes,0.713711142539978
4042,Yes,0.7089362740516663
4043,Yes,0.725955069065094
4044,Yes,0.7102524042129517
4045,Yes,0.6990439295768738
4046,Yes,0.7145484089851379
4047,Yes,0.7218738198280334
4048,Yes,0.7168335914611816
4049,Yes,0.6559747457504272
4050,Yes,0.6410015225410461
4051,Yes,0.6944217681884766
4052,Yes,0.6800623536109924
4053,Yes,0.6666723489761353
4054,Yes,0.675204873085022
4055,Yes,0.6986225843429565
4056,Yes,0.6929789185523987
4057,Yes,0.6745585203170776
4058,Yes,0.697786808013916
4059,Yes,0.7105718851089478
4060,Yes,0.7069531083106995
4061,Yes,0.6865777373313904
4062,Yes,0.6677246689796448
4063,Yes,0.7262714505195618
4064,Yes,0.7075583338737488
4065,Yes,0.6807178854942322
4066,Yes,0.7057052254676819
4067,Yes,0.7292559146881104
4068,Yes,0.7146308422088623
4069,Yes,0.6907921433448792
4070,Yes,0.6647524237632751
4071,Yes,0.703872561454773
4072,Yes,0.682173490524292
4073,Yes,0.6906659007072449
4074,Yes,0.6943207383155823
4075,Yes,0.7100481390953064
4076,Yes,0.7011147737503052
4077,Yes,0.6962823271751404
4078,Yes,0.6967267990112305
4079,Yes,0.7369266152381897
4080,Yes,0.7249926328659058
4081,Yes,0.701199471950531
4082,Yes,0.6921712160110474
4083,Yes,0.7270900011062622
4084,Yes,0.7121840119361877
4085,Yes,0.6707078814506531
4086,Yes,0.6619677543640137
4087,Yes,0.7062652707099915
4088,Yes,0.6897279024124146
4089,Yes,0.6836727857589722
4090,Yes,0.6830632090568542
4091,Yes,0.7101942300796509
4092,Yes,0.6957957148551941
4093,Yes,0.6703650951385498
4094,Yes,0.6782388687133789
4095,Yes,0.7007764577865601
4096,Yes,0.682959794998169
4097,Yes,0.6478290557861328
4098,Yes,0.6943489909172058
4099,Yes,0.6870504021644592
4100,Yes,0.7066073417663574
4101,Yes,0.6568776965141296
4102,Yes,0.7099606990814209
4103,Yes,0.6990345120429993
4104,Yes,0.7233750224113464
4105,Yes,0.6426588892936707
4106,Yes,0.6703899502754211
4107,Yes,0.6974542737007141
4108,Yes,0.7125771045684814
4109,Yes,0.6434305310249329
4110,Yes,0.686863362789154
4111,Yes,0.6617010235786438
4112,Yes,0.6844911575317383
4113,Yes,0.6331572532653809
4114,Yes,0.6649183034896851
4115,Yes,0.6827459335327148
4116,Yes,0.7007142901420593
4117,Yes,0.6340287327766418
4118,Yes,0.7125864624977112
4119,Yes,0.7023561596870422
4120,Yes,0.7235003113746643
4121,Yes,0.6404573321342468
4122,Yes,0.6896403431892395
4123,Yes,0.6846186518669128
4124,Yes,0.7049001455307007
4125,Yes,0.6337253451347351
4126,Yes,0.6655445098876953
4127,Yes,0.6676516532897949
4128,Yes,0.6884804368019104
4129,Yes,0.7089754939079285
4130,Yes,0.6545683741569519
4131,Yes,0.711280882358551
4132,Yes,0.6911290287971497
4133,Yes,0.759397566318512
4134,Yes,0.7349910736083984
4135,Yes,0.7508382797241211
4136,Yes,0.7334263324737549
4137,Yes,0.7373007535934448
4138,Yes,0.7308552265167236
4139,Yes,0.7475003600120544
4140,Yes,0.7359947562217712
4141,Yes,0.7104364633560181
4142,Yes,0.7122358083724976
4143,Yes,0.7351611852645874
4144,Yes,0.7226470708847046
4145,Yes,0.7070893049240112
4146,Yes,0.6865724921226501
4147,Yes,0.7224525809288025
4148,Yes,0.7051262259483337
4149,Yes,0.6913366913795471
4150,Yes,0.6864748597145081
4151,Yes,0.6996521353721619
4152,Yes,0.6843481659889221
4153,Yes,0.6940714120864868
4154,Yes,0.687438428401947
4155,Yes,0.7130782008171082
4156,Yes,0.6992062330245972
4157,Yes,0.6951127052307129
4158,Yes,0.671917736530304
4159,Yes,0.6928204894065857
4160,Yes,0.6819126605987549
4161,Yes,0.7023338079452515
4162,Yes,0.7003467082977295
4163,Yes,0.7391598224639893
4164,Yes,0.7226823568344116
4165,Yes,0.6876471042633057
4166,Yes,0.658119797706604
4167,Yes,0.7058994174003601
4168,Yes,0.6990762948989868
4169,Yes,0.7205161452293396
4170,Yes,0.7149819135665894
4171,Yes,0.7340709567070007
4172,Yes,0.722119152545929
4173,Yes,0.6680602431297302
4174,Yes,0.6879583597183228
4175,Yes,0.6984466910362244
4176,Yes,0.6914032101631165
4177,Yes,0.6781376600265503
4178,Yes,0.6823084354400635
4179,Yes,0.6929896473884583
4180,Yes,0.6863985061645508
4181,Yes,0.7165059447288513
4182,Yes,0.7009587287902832
4183,Yes,0.7325989007949829
4184,Yes,0.7132346034049988
4185,Yes,0.6952210664749146
4186,Yes,0.6888064742088318
4187,Yes,0.6976396441459656
4188,Yes,0.6867994666099548
4189,Yes,0.7309108376502991
4190,Yes,0.6951153874397278
4191,Yes,0.7183957695960999
4192,Yes,0.7067400813102722
4193,Yes,0.7174757719039917
4194,Yes,0.6906549334526062
4195,Yes,0.7114325761795044
4196,Yes,0.697301983833313
4197,Yes,0.6933860778808594
4198,Yes,0.6529460549354553
4199,Yes,0.6960319876670837
4200,Yes,0.6774128079414368
4201,Yes,0.7072016596794128
4202,Yes,0.6975513100624084
4203,Yes,0.7190579175949097
4204,Yes,0.7034667134284973
4205,Yes,0.7273063063621521
4206,Yes,0.7278017997741699
4207,Yes,0.7292054295539856
4208,Yes,0.7117756605148315
4209,Yes,0.714389443397522
4210,Yes,0.6984310150146484
4211,Yes,0.7247859835624695
4212,Yes,0.7106732130050659
4213,Yes,0.70439213514328
4214,Yes,0.678482711315155
4215,Yes,0.7095677256584167
4216,Yes,0.6898530125617981
4217,Yes,0.7208353877067566
4218,Yes,0.6837537884712219
4219,Yes,0.7093408107757568
4220,Yes,0.693600594997406
4221,Yes,0.7200096249580383
4222,Yes,0.7111895680427551
4223,Yes,0.7462117671966553
4224,Yes,0.7234117388725281
4225,Yes,0.6289334893226624
4226,Yes,0.6581873893737793
4227,Yes,0.6632717251777649
4228,Yes,0.7031359076499939
4229,Yes,0.6012303233146667
4230,Yes,0.6499364376068115
4231,Yes,0.6481042504310608
4232,Yes,0.6909613609313965
4233,Yes,0.616065263748169
4234,Yes,0.6638428568840027
4235,Yes,0.6320917010307312
4236,Yes,0.6595231294631958
4237,Yes,0.629740297794342
4238,Yes,0.6779617071151733
4239,Yes,0.6615775227546692
4240,Yes,0.7006540894508362
4241,Yes,0.6292849183082581
4242,Yes,0.6708394885063171
4243,Yes,0.6630364060401917
4244,Yes,0.7047005891799927
4245,Yes,0.6289787292480469
4246,Yes,0.6867676973342896
4247,Yes,0.6505991816520691
4248,Yes,0.6903972625732422
4249,Yes,0.6130002737045288
4250,Yes,0.6487305164337158
4251,Yes,0.6449172496795654
4252,Yes,0.6825217604637146
4253,Yes,0.6369693875312805
4254,Yes,0.683403491973877
4255,Yes,0.6749621629714966
4256,Yes,0.7042189240455627
4257,Yes,0.7214948534965515
4258,Yes,0.7012034058570862
4259,Yes,0.7110015749931335
4260,Yes,0.6928125619888306
4261,Yes,0.695800244808197
4262,Yes,0.6840677261352539
4263,Yes,0.712253987789154
4264,Yes,0.6982688903808594
4265,Yes,0.6886804699897766
4266,Yes,0.6926532983779907
4267,Yes,0.7239697575569153
4268,Yes,0.7035512924194336
4269,Yes,0.6890997886657715
4270,Yes,0.6810936331748962
4271,Yes,0.7086420059204102
4272,Yes,0.6889354586601257
4273,Yes,0.6639822125434875
4274,Yes,0.6322012543678284
4275,Yes,0.6827481985092163
4276,Yes,0.666124165058136
4277,Yes,0.7156904339790344
4278,Yes,0.7216594219207764
4279,Yes,0.7254757285118103
4280,Yes,0.7126301527023315
4281,Yes,0.7032122611999512
4282,Yes,0.6995807886123657
4283,Yes,0.7353795766830444
4284,Yes,0.7215576767921448
4285,Yes,0.6999196410179138
4286,Yes,0.677706241607666
4287,Yes,0.7100575566291809
4288,Yes,0.6896170973777771
4289,Yes,0.7541661262512207
4290,Yes,0.7109665870666504
4291,Yes,0.7373926639556885
4292,Yes,0.695129930973053
4293,Yes,0.7310016751289368
4294,Yes,0.6953458189964294
4295,Yes,0.738088071346283
4296,Yes,0.7078766822814941
4297,Yes,0.6800110936164856
4298,Yes,0.6844485402107239
4299,Yes,0.7279327511787415
4300,Yes,0.6920514106750488
4301,Yes,0.6842072010040283
4302,Yes,0.6794980764389038
4303,Yes,0.7362381219863892
4304,Yes,0.6989908814430237
4305,Yes,0.7167921662330627
4306,Yes,0.6667748689651489
4307,Yes,0.720923900604248
4308,Yes,0.6865620613098145
4309,Yes,0.7587647438049316
4310,Yes,0.7187236547470093
4311,Yes,0.7538883686065674
4312,Yes,0.7174794673919678
4313,Yes,0.6812717318534851
4314,Yes,0.6542857885360718
4315,Yes,0.6810487508773804
4316,Yes,0.6523497104644775
4317,Yes,0.7400097250938416
4318,Yes,0.7001348733901978
4319,Yes,0.7496179342269897
4320,Yes,0.7131474018096924
4321,Yes,0.7336238622665405
4322,Yes,0.6875413656234741
4323,Yes,0.7393062710762024
4324,Yes,0.7050983905792236
4325,Yes,0.7253929972648621
4326,Yes,0.7022430300712585
4327,Yes,0.7372375726699829
4328,Yes,0.7028273940086365
4329,Yes,0.6844344735145569
4330,Yes,0.67936772108078
4331,Yes,0.6980424523353577
4332,Yes,0.6706998348236084
4333,Yes,0.7496702671051025
4334,Yes,0.7174858450889587
4335,Yes,0.7308154702186584
4336,Yes,0.6982194185256958
4337,Yes,0.7260123491287231
4338,Yes,0.7012490630149841
4339,Yes,0.7383531332015991
4340,Yes,0.7064008712768555
4341,Yes,0.7259628772735596
4342,Yes,0.6941423416137695
4343,Yes,0.719594419002533
4344,Yes,0.6901392936706543
4345,Yes,0.7104925513267517
4346,Yes,0.6858493685722351
4347,Yes,0.7174165844917297
4348,Yes,0.6789671182632446
4349,Yes,0.7339733242988586
4350,Yes,0.6976232528686523
4351,Yes,0.7523216605186462
4352,Yes,0.7154196500778198
4353,Yes,0.7544584274291992
4354,Yes,0.7057611346244812
4355,Yes,0.7371837496757507
4356,Yes,0.7035959362983704
4357,Yes,0.7165254950523376
4358,Yes,0.68558269739151
4359,Yes,0.7265308499336243
4360,Yes,0.6900663375854492
4361,Yes,0.7078317999839783
4362,Yes,0.6722196936607361
4363,Yes,0.6986254453659058
4364,Yes,0.6617575287818909
4365,Yes,0.7302494645118713
4366,Yes,0.6902936697006226
4367,Yes,0.7317970991134644
4368,Yes,0.6939498782157898
4369,Yes,0.6885821223258972
4370,Yes,0.6683801412582397
4371,Yes,0.7284317016601562
4372,Yes,0.7225310206413269
4373,Yes,0.6668331027030945
4374,Yes,0.6908296942710876
4375,Yes,0.7060595750808716
4376,Yes,0.7009268999099731
4377,Yes,0.6964971423149109
4378,Yes,0.7163437008857727
4379,Yes,0.7237488031387329
4380,Yes,0.7188183069229126
4381,Yes,0.6593762636184692
4382,Yes,0.672161877155304
4383,Yes,0.6957613825798035
4384,Yes,0.6892744898796082
4385,Yes,0.7245185971260071
4386,Yes,0.7232159972190857
4387,Yes,0.7278150916099548
4388,Yes,0.7178928852081299
4389,Yes,0.7118061780929565
4390,Yes,0.7111712694168091
4391,Yes,0.7329034805297852
4392,Yes,0.7325934767723083
4393,Yes,0.6904301047325134
4394,Yes,0.6731129288673401
4395,Yes,0.6959220170974731
4396,Yes,0.6846714615821838
4397,Yes,0.68142169713974
4398,Yes,0.6929666996002197
4399,Yes,0.7117965221405029
4400,Yes,0.7073575854301453
4401,Yes,0.6868366599082947
4402,Yes,0.6538622379302979
4403,Yes,0.6956559419631958
4404,Yes,0.6651647686958313
4405,Yes,0.6988511681556702
4406,Yes,0.6893946528434753
4407,Yes,0.7198998332023621
4408,Yes,0.6993441581726074
4409,Yes,0.6925304532051086
4410,Yes,0.6609466075897217
4411,Yes,0.721023678779602
4412,Yes,0.694496750831604
4413,Yes,0.6766778230667114
4414,Yes,0.6419755816459656
4415,Yes,0.6970934867858887
4416,Yes,0.6719120144844055
