item,label,p_yes
1,Yes,0.7626284956932068
2,Yes,0.7657343745231628
3,Yes,0.7715796232223511
4,Yes,0.7755074501037598
5,Yes,0.6689497828483582
6,Yes,0.6704416871070862
7,Yes,0.6975431442260742
8,Yes,0.6971431374549866
9,Yes,0.6563363671302795
10,Yes,0.6463171243667603
11,Yes,0.6502883434295654
12,Yes,0.6349905729293823
13,Yes,0.6896191239356995
14,Yes,0.6599269509315491
15,Yes,0.6875502467155457
16,Yes,0.6804254651069641
17,Yes,0.6703184247016907
18,Yes,0.6695170402526855
19,Yes,0.6640873551368713
20,Yes,0.6626648306846619
21,Yes,0.6783955693244934
22,Yes,0.6620409488677979
23,Yes,0.6537184715270996
24,Yes,0.6583210229873657
25,Yes,0.749009907245636
26,Yes,0.7619720101356506
27,Yes,0.7364031672477722
28,Yes,0.7483468651771545
29,Yes,0.6651977896690369
30,Yes,0.6621447205543518
31,Yes,0.6480307579040527
32,Yes,0.636938214302063
33,Yes,0.7109860181808472
34,Yes,0.704467236995697
35,Yes,0.7072988748550415
36,Yes,0.692540168762207
37,Yes,0.6859265565872192
38,Yes,0.6605109572410583
39,Yes,0.6530947089195251
40,Yes,0.6508603096008301
41,Yes,0.6800262331962585
42,Yes,0.66400146484375
43,Yes,0.6636395454406738
44,Yes,0.6563428044319153
45,Yes,0.6764476299285889
46,Yes,0.6523774266242981
47,Yes,0.625551164150238
48,Yes,0.5394899249076843
49,Yes,0.6279414892196655
50,Yes,0.600732684135437
51,Yes,0.5892231464385986
52,Yes,0.5916244983673096
53,Yes,0.6706946492195129
54,Yes,0.6476371884346008
55,Yes,0.6482939720153809
56,Yes,0.6190024018287659
57,Yes,0.6230351328849792
58,Yes,0.6243698596954346
59,Yes,0.5978491902351379
60,Yes,0.5889122486114502
61,Yes,0.6275233626365662
62,Yes,0.60313880443573
63,Yes,0.6414036750793457
64,Yes,0.6229516863822937
65,Yes,0.6038045883178711
66,Yes,0.5899742245674133
67,Yes,0.6149043440818787
68,Yes,0.6078820824623108
69,Yes,0.6969239115715027
70,Yes,0.6442838311195374
71,Yes,0.6655733585357666
72,Yes,0.6029168367385864
73,Yes,0.6309953331947327
74,Yes,0.6279907822608948
75,Yes,0.6166663765907288
76,Yes,0.6331021189689636
77,Yes,0.6005602478981018
78,Yes,0.5835851430892944
79,Yes,0.5906073451042175
80,Yes,0.5957791209220886
81,Yes,0.6568916440010071
82,Yes,0.6398237347602844
83,Yes,0.6356900930404663
84,Yes,0.6194847822189331
85,Yes,0.6457500457763672
86,Yes,0.6801317930221558
87,Yes,0.5866568088531494
88,Yes,0.5760568976402283
89,Yes,0.7192105054855347
90,Yes,0.708879828453064
91,Yes,0.6468899250030518
92,Yes,0.6482204794883728
93,Yes,0.7552422881126404
94,Yes,0.7673604488372803
95,Yes,0.7200880646705627
96,Yes,0.7211409211158752
97,Yes,0.6683793067932129
98,Yes,0.6377208232879639
99,Yes,0.620455265045166
100,Yes,0.6093723177909851
101,Yes,0.6877882480621338
102,Yes,0.6902565360069275
103,Yes,0.6431369781494141
104,Yes,0.6505745053291321
105,Yes,0.6921197175979614
106,Yes,0.6620924472808838
107,Yes,0.604807436466217
108,Yes,0.6130070090293884
109,Yes,0.7221685647964478
110,Yes,0.6862398386001587
111,Yes,0.6522014737129211
112,Yes,0.6417121291160583
113,Yes,0.6270816326141357
114,Yes,0.6235257983207703
115,Yes,0.6065863966941833
116,Yes,0.6044491529464722
117,Yes,0.6474950313568115
118,Yes,0.7012685537338257
119,Yes,0.6580293774604797
120,Yes,0.6513879895210266
121,Yes,0.7195190191268921
122,Yes,0.6969022154808044
123,Yes,0.6406780481338501
124,Yes,0.6493017673492432
125,Yes,0.6707596778869629
126,Yes,0.6754806637763977
127,Yes,0.6535879373550415
128,Yes,0.6694921851158142
129,Yes,0.7271617650985718
130,Yes,0.6794628500938416
131,Yes,0.6645346879959106
132,Yes,0.6577258110046387
133,Yes,0.6920653581619263
134,Yes,0.6757592558860779
135,Yes,0.690971851348877
136,Yes,0.6551923155784607
137,Yes,0.7019904255867004
138,Yes,0.6350369453430176
139,Yes,0.6392010450363159
140,Yes,0.5935010313987732
141,Yes,0.6568103432655334
142,Yes,0.6272445917129517
143,Yes,0.6431082487106323
144,Yes,0.6123203039169312
145,Yes,0.7174253463745117
146,Yes,0.7018899917602539
147,Yes,0.686782956123352
148,Yes,0.6558785438537598
149,Yes,0.7019904255867004
150,Yes,0.6350369453430176
151,Yes,0.6392010450363159
152,Yes,0.5935010313987732
153,Yes,0.6944629549980164
154,Yes,0.650701105594635
155,Yes,0.6828528046607971
156,Yes,0.6581101417541504
157,Yes,0.6606359481811523
158,Yes,0.6396798491477966
159,Yes,0.6508814096450806
160,Yes,0.6410700678825378
161,Yes,0.648436427116394
162,Yes,0.6169707179069519
163,Yes,0.6617226600646973
164,Yes,0.6344984769821167
165,Yes,0.7205113768577576
166,Yes,0.6582877039909363
167,Yes,0.6859527230262756
168,Yes,0.6570422649383545
169,Yes,0.7380178570747375
170,Yes,0.6693456172943115
171,Yes,0.6930682063102722
172,Yes,0.6706108450889587
173,Yes,0.7088531255722046
174,Yes,0.6474497318267822
175,Yes,0.6502054333686829
176,Yes,0.6177368760108948
177,Yes,0.6897110342979431
178,Yes,0.6802693605422974
179,Yes,0.701015055179596
180,Yes,0.6640432476997375
181,Yes,0.7340137362480164
182,Yes,0.6659106016159058
183,Yes,0.6654537916183472
184,Yes,0.5846279263496399
185,Yes,0.6771578788757324
186,Yes,0.6539546847343445
187,Yes,0.6872784495353699
188,Yes,0.6829800009727478
189,Yes,0.7895297408103943
190,Yes,0.7588131427764893
191,Yes,0.7519406676292419
192,Yes,0.7274777293205261
193,Yes,0.6283873319625854
194,Yes,0.6010093092918396
195,Yes,0.5828090310096741
196,Yes,0.5784041285514832
197,Yes,0.7949582934379578
198,Yes,0.7670246362686157
199,Yes,0.7670713663101196
200,Yes,0.7371584177017212
201,Yes,0.7334768176078796
202,Yes,0.7074833512306213
203,Yes,0.7265742421150208
204,Yes,0.6949045062065125
205,Yes,0.6813870668411255
206,Yes,0.657696545124054
207,Yes,0.6612246632575989
208,Yes,0.6281301379203796
209,Yes,0.6802400946617126
210,Yes,0.6550166606903076
211,Yes,0.6709356904029846
212,Yes,0.6482399106025696
213,Yes,0.6958782076835632
214,Yes,0.6592501401901245
215,Yes,0.6640239953994751
216,Yes,0.6256494522094727
217,Yes,0.7560660243034363
218,Yes,0.707430899143219
219,Yes,0.7332394123077393
220,Yes,0.7093487977981567
221,Yes,0.702170193195343
222,Yes,0.6603900194168091
223,Yes,0.6822396516799927
224,Yes,0.664324164390564
225,Yes,0.6613461971282959
226,Yes,0.7371587753295898
227,Yes,0.6585454940795898
228,Yes,0.7068898677825928
229,Yes,0.7645775675773621
230,Yes,0.7416215538978577
231,Yes,0.7369924783706665
232,Yes,0.7274328470230103
233,Yes,0.6644152402877808
234,Yes,0.7441365122795105
235,Yes,0.6268802285194397
236,Yes,0.7278234958648682
237,Yes,0.6278016567230225
238,Yes,0.694217324256897
239,Yes,0.5904202461242676
240,Yes,0.665608286857605
241,Yes,0.6935279369354248
242,Yes,0.7962952852249146
243,Yes,0.5800628066062927
244,Yes,0.744629979133606
245,Yes,0.6855260729789734
246,Yes,0.7614508867263794
247,Yes,0.579831063747406
248,Yes,0.7310261130332947
249,Yes,0.6681498885154724
250,Yes,0.7381945252418518
251,Yes,0.6623404026031494
252,Yes,0.727270781993866
253,Yes,0.7047119140625
254,Yes,0.7328775525093079
255,Yes,0.6878926157951355
256,Yes,0.7389478087425232
257,Yes,0.6864723563194275
258,Yes,0.7517994046211243
259,Yes,0.6512058973312378
260,Yes,0.7386966347694397
261,Yes,0.6740543842315674
262,Yes,0.7383996248245239
263,Yes,0.6730309724807739
264,Yes,0.7558164000511169
265,Yes,0.6634258031845093
266,Yes,0.6841939091682434
267,Yes,0.6176424622535706
268,Yes,0.656552255153656
269,Yes,0.6940203905105591
270,Yes,0.7292725443840027
271,Yes,0.6676324605941772
272,Yes,0.7126317024230957
273,Yes,0.6808630228042603
274,Yes,0.6795163154602051
275,Yes,0.6505126357078552
276,Yes,0.6774448156356812
277,Yes,0.6868773102760315
278,Yes,0.6618951559066772
279,Yes,0.5722548961639404
280,Yes,0.570807695388794
281,Yes,0.700374960899353
282,Yes,0.6567620635032654
283,Yes,0.61822509765625
284,Yes,0.6220603585243225
285,Yes,0.7016212940216064
286,Yes,0.6788538098335266
287,Yes,0.6587104201316833
288,Yes,0.6444926857948303
289,Yes,0.6684355139732361
290,Yes,0.5591157078742981
291,Yes,0.6251545548439026
292,Yes,0.5890172719955444
293,Yes,0.7161543369293213
294,Yes,0.681294858455658
295,Yes,0.6796818971633911
296,Yes,0.6514518857002258
297,Yes,0.7434614300727844
298,Yes,0.6703974008560181
299,Yes,0.670918881893158
300,Yes,0.6412385702133179
301,Yes,0.7041473388671875
302,Yes,0.6751930117607117
303,Yes,0.6751158833503723
304,Yes,0.6299349665641785
305,Yes,0.6520497798919678
306,Yes,0.6707831025123596
307,Yes,0.6482040286064148
308,Yes,0.6323875188827515
309,Yes,0.6869012117385864
310,Yes,0.6300491690635681
311,Yes,0.6188381910324097
312,Yes,0.5209921002388
313,Yes,0.7360994815826416
314,Yes,0.765110969543457
315,Yes,0.7147459983825684
316,Yes,0.6779965758323669
317,Yes,0.6948326826095581
318,Yes,0.6499732136726379
319,Yes,0.6477477550506592
320,Yes,0.6256158947944641
321,Yes,0.6679383516311646
322,Yes,0.7120903134346008
323,Yes,0.657876193523407
324,Yes,0.6589373350143433
325,Yes,0.6593486070632935
326,Yes,0.6099268198013306
327,Yes,0.6280782222747803
328,Yes,0.5561571717262268
329,Yes,0.6917025446891785
330,Yes,0.6937508583068848
331,Yes,0.6890026330947876
332,Yes,0.6573588252067566
333,Yes,0.728007435798645
334,Yes,0.7285892367362976
335,Yes,0.7300294041633606
336,Yes,0.7121736407279968
337,Yes,0.649470329284668
338,Yes,0.5925580859184265
339,Yes,0.6484696269035339
340,Yes,0.6632091999053955
341,Yes,0.6593062877655029
342,Yes,0.6052948832511902
343,Yes,0.6286459565162659
344,Yes,0.6249356865882874
345,Yes,0.7053923010826111
346,Yes,0.6549294590950012
347,Yes,0.6623111367225647
348,Yes,0.6220846176147461
349,Yes,0.7466185092926025
350,Yes,0.7232431769371033
351,Yes,0.7381190657615662
352,Yes,0.7203084826469421
353,Yes,0.7322197556495667
354,Yes,0.720596194267273
355,Yes,0.730471134185791
356,Yes,0.7002313733100891
357,Yes,0.7694141864776611
358,Yes,0.6956729292869568
359,Yes,0.7199841141700745
360,Yes,0.6824738383293152
361,Yes,0.7245277166366577
362,Yes,0.7018812894821167
363,Yes,0.6906402707099915
364,Yes,0.6591478586196899
365,Yes,0.7057070732116699
366,Yes,0.6618070006370544
367,Yes,0.6736613512039185
368,Yes,0.625278115272522
369,Yes,0.6937767863273621
370,Yes,0.6640864014625549
371,Yes,0.732043981552124
372,Yes,0.7072010636329651
373,Yes,0.7202123999595642
374,Yes,0.6903573274612427
375,Yes,0.6954337358474731
376,Yes,0.6581595540046692
377,Yes,0.7125418782234192
378,Yes,0.6686623692512512
379,Yes,0.6620087027549744
380,Yes,0.6392150521278381
381,Yes,0.7189881801605225
382,Yes,0.6968868970870972
383,Yes,0.7112652063369751
384,Yes,0.7005468010902405
385,Yes,0.7704484462738037
386,Yes,0.7168283462524414
387,Yes,0.7330838441848755
388,Yes,0.7002330422401428
389,Yes,0.7237230539321899
390,Yes,0.6994070410728455
391,Yes,0.7112047672271729
392,Yes,0.6551072597503662
393,Yes,0.7237126231193542
394,Yes,0.6778627634048462
395,Yes,0.7381730079650879
396,Yes,0.7041672468185425
397,Yes,0.68724125623703
398,Yes,0.642169177532196
399,Yes,0.6623371243476868
400,Yes,0.6505300998687744
401,Yes,0.6267008781433105
402,Yes,0.5715678334236145
403,Yes,0.5954386591911316
404,Yes,0.5634036064147949
405,Yes,0.7037515044212341
406,Yes,0.6544849872589111
407,Yes,0.7003285884857178
408,Yes,0.6365221738815308
409,Yes,0.7065713405609131
410,Yes,0.6775705814361572
411,Yes,0.6801295280456543
412,Yes,0.6681224703788757
413,Yes,0.7532919645309448
414,Yes,0.6928473114967346
415,Yes,0.7197871804237366
416,Yes,0.6652193069458008
417,Yes,0.5756338834762573
418,Yes,0.5733408331871033
419,Yes,0.6021351218223572
420,Yes,0.5806804299354553
421,Yes,0.6560590267181396
422,Yes,0.6548020839691162
423,Yes,0.6338861584663391
424,Yes,0.6350609660148621
425,Yes,0.6494768261909485
426,Yes,0.6935169100761414
427,Yes,0.6532749533653259
428,Yes,0.6589518189430237
429,Yes,0.6939648389816284
430,Yes,0.6908788084983826
431,Yes,0.6865747570991516
432,Yes,0.681699812412262
433,Yes,0.6284825801849365
434,Yes,0.62069171667099
435,Yes,0.6295627951622009
436,Yes,0.62712162733078
437,Yes,0.6243752837181091
438,Yes,0.6504828333854675
439,Yes,0.6431140899658203
440,Yes,0.6372249126434326
441,Yes,0.680245578289032
442,Yes,0.6659031510353088
443,Yes,0.6560974717140198
444,Yes,0.6520357131958008
445,Yes,0.6635008454322815
446,Yes,0.6526303887367249
447,Yes,0.656762957572937
448,Yes,0.6488237380981445
449,Yes,0.6602315306663513
450,Yes,0.6335904002189636
451,Yes,0.6287573575973511
452,Yes,0.6057834029197693
453,Yes,0.6736875772476196
454,Yes,0.6457091569900513
455,Yes,0.6401620507240295
456,Yes,0.6260644793510437
457,Yes,0.6605768203735352
458,Yes,0.6003682017326355
459,Yes,0.6200112104415894
460,Yes,0.5416009426116943
461,Yes,0.6739671230316162
462,Yes,0.6389971375465393
463,Yes,0.6520450115203857
464,Yes,0.5549182891845703
465,Yes,0.7178366780281067
466,Yes,0.7120293378829956
467,Yes,0.6934158205986023
468,Yes,0.6924683451652527
469,Yes,0.6427596807479858
470,Yes,0.6207401752471924
471,Yes,0.6556544899940491
472,Yes,0.6157839894294739
473,Yes,0.6716935634613037
474,Yes,0.6653546690940857
475,Yes,0.6407962441444397
476,Yes,0.5784053802490234
477,Yes,0.6310461163520813
478,Yes,0.6412967443466187
479,Yes,0.6271768808364868
480,Yes,0.6146929860115051
481,Yes,0.6768204569816589
482,Yes,0.6704484820365906
483,Yes,0.6397603750228882
484,Yes,0.6212363839149475
485,Yes,0.7292867302894592
486,Yes,0.7187390923500061
487,Yes,0.6957112550735474
488,Yes,0.6552735567092896
489,Yes,0.632933497428894
490,Yes,0.6503910422325134
491,Yes,0.6136384010314941
492,Yes,0.602846622467041
493,Yes,0.7069166898727417
494,Yes,0.6933592557907104
495,Yes,0.7020673155784607
496,Yes,0.6921989321708679
497,Yes,0.7651345133781433
498,Yes,0.7010596990585327
499,Yes,0.7414026260375977
500,Yes,0.729232668876648
501,Yes,0.7138746976852417
502,Yes,0.6911066174507141
503,Yes,0.6617810726165771
504,Yes,0.6398589611053467
505,Yes,0.6988593339920044
506,Yes,0.698447048664093
507,Yes,0.6865061521530151
508,Yes,0.6569526791572571
509,Yes,0.6166945099830627
510,Yes,0.5871248841285706
511,Yes,0.5820719599723816
512,Yes,0.5669015645980835
513,Yes,0.667499840259552
514,Yes,0.6262197494506836
515,Yes,0.6290101408958435
516,Yes,0.5991212129592896
517,Yes,0.7040457725524902
518,Yes,0.6694881916046143
519,Yes,0.6896188855171204
520,Yes,0.6533896327018738
521,Yes,0.6933401226997375
522,Yes,0.6735177040100098
523,Yes,0.6859991550445557
524,Yes,0.6627212166786194
525,Yes,0.7049340605735779
526,Yes,0.6923370957374573
527,Yes,0.7016642689704895
528,Yes,0.6729640364646912
529,Yes,0.6694006323814392
530,Yes,0.6203925013542175
531,Yes,0.6372995376586914
532,Yes,0.6044787764549255
533,Yes,0.6909313797950745
534,Yes,0.6652948260307312
535,Yes,0.6716383099555969
536,Yes,0.628980815410614
537,Yes,0.7175203561782837
538,Yes,0.7115402817726135
539,Yes,0.6710509657859802
540,Yes,0.6378968358039856
541,Yes,0.6890891790390015
542,Yes,0.6356847882270813
543,Yes,0.6579263210296631
544,Yes,0.6209122538566589
545,Yes,0.7721164226531982
546,Yes,0.7085679173469543
547,Yes,0.7726698517799377
548,Yes,0.7110925912857056
549,Yes,0.776218831539154
550,Yes,0.7374438047409058
551,Yes,0.7305624485015869
552,Yes,0.6957530379295349
553,Yes,0.6585186123847961
554,Yes,0.6138638257980347
555,Yes,0.6617308855056763
556,Yes,0.6246897578239441
557,Yes,0.690030038356781
558,Yes,0.6387271285057068
559,Yes,0.6709077954292297
560,Yes,0.634585976600647
561,Yes,0.672279953956604
562,Yes,0.6601348519325256
563,Yes,0.6580187082290649
564,Yes,0.6497812271118164
565,Yes,0.6201187968254089
566,Yes,0.6143909096717834
567,Yes,0.6346266269683838
568,Yes,0.6353473663330078
569,Yes,0.6709095239639282
570,Yes,0.6128460764884949
571,Yes,0.6595122814178467
572,Yes,0.6227990984916687
573,Yes,0.6673974394798279
574,Yes,0.6307091116905212
575,Yes,0.647083044052124
576,Yes,0.614425003528595
577,Yes,0.6776416301727295
578,Yes,0.6299920678138733
579,Yes,0.6232624053955078
580,Yes,0.5226339101791382
581,Yes,0.6923803687095642
582,Yes,0.6558550596237183
583,Yes,0.6569393873214722
584,Yes,0.6161003112792969
585,Yes,0.7084332704544067
586,Yes,0.6913703680038452
587,Yes,0.7253345847129822
588,Yes,0.6909924149513245
589,Yes,0.6581525206565857
590,Yes,0.6258673071861267
591,Yes,0.62876296043396
592,Yes,0.6104826331138611
593,Yes,0.6745230555534363
594,Yes,0.6445569396018982
595,Yes,0.65260910987854
596,Yes,0.6195015907287598
597,Yes,0.6695675849914551
598,Yes,0.6672845482826233
599,Yes,0.6458038091659546
600,Yes,0.6456427574157715
601,Yes,0.6546300649642944
602,Yes,0.6460294127464294
603,Yes,0.666556715965271
604,Yes,0.6460570693016052
605,Yes,0.6634914875030518
606,Yes,0.6373550891876221
607,Yes,0.6545706987380981
608,Yes,0.6105472445487976
609,Yes,0.712330162525177
610,Yes,0.6452800035476685
611,Yes,0.6647648215293884
612,Yes,0.6124534606933594
613,Yes,0.682050347328186
614,Yes,0.6383634805679321
615,Yes,0.6258100271224976
616,Yes,0.5976861119270325
617,Yes,0.6977225542068481
618,Yes,0.6750696897506714
619,Yes,0.7255083322525024
620,Yes,0.687457263469696
621,Yes,0.6820980906486511
622,Yes,0.6480163931846619
623,Yes,0.7121401429176331
624,Yes,0.6185247898101807
625,Yes,0.6458575129508972
626,Yes,0.5896137952804565
627,Yes,0.6069831252098083
628,Yes,0.5798856019973755
629,Yes,0.6633908152580261
630,Yes,0.569901704788208
631,Yes,0.6334723830223083
632,Yes,0.616225004196167
633,Yes,0.7035718560218811
634,Yes,0.6617779731750488
635,Yes,0.6659964323043823
636,Yes,0.6267471313476562
637,Yes,0.6302122473716736
638,Yes,0.5659419894218445
639,Yes,0.6428549885749817
640,Yes,0.603090226650238
641,Yes,0.6548686623573303
642,Yes,0.6214209198951721
643,Yes,0.6455357670783997
644,Yes,0.5904824733734131
645,Yes,0.6330730319023132
646,Yes,0.5666524171829224
647,Yes,0.6061298251152039
648,Yes,0.5667265057563782
649,Yes,0.7372590899467468
650,Yes,0.6512877941131592
651,Yes,0.7073981761932373
652,Yes,0.6614822149276733
653,Yes,0.6395636796951294
654,Yes,0.5860443115234375
655,Yes,0.6274912357330322
656,Yes,0.625214695930481
657,Yes,0.6495316028594971
658,Yes,0.5947340726852417
659,Yes,0.6515083312988281
660,Yes,0.6597453951835632
661,Yes,0.686495304107666
662,Yes,0.6419345736503601
663,Yes,0.6436511874198914
664,Yes,0.6087090969085693
665,Yes,0.687904953956604
666,Yes,0.6490050554275513
667,Yes,0.6658087968826294
668,Yes,0.607417643070221
669,Yes,0.6631292104721069
670,Yes,0.6223161220550537
671,Yes,0.6225588917732239
672,Yes,0.6085060238838196
673,Yes,0.6686499714851379
674,Yes,0.6425839066505432
675,Yes,0.6410573720932007
676,Yes,0.6110589504241943
677,Yes,0.6686819791793823
678,Yes,0.6305493712425232
679,Yes,0.627214252948761
680,Yes,0.635040819644928
681,Yes,0.7197369337081909
682,Yes,0.6615402102470398
683,Yes,0.6471616625785828
684,Yes,0.6193608045578003
685,Yes,0.6764184236526489
686,Yes,0.6339772343635559
687,Yes,0.6662423610687256
688,Yes,0.6336350440979004
689,Yes,0.6319028735160828
690,Yes,0.5853878259658813
691,Yes,0.6372981071472168
692,Yes,0.6392276287078857
693,Yes,0.7078282833099365
694,Yes,0.6406621932983398
695,Yes,0.7196623682975769
696,Yes,0.6804319024085999
697,Yes,0.6094179153442383
698,Yes,0.5703365206718445
699,Yes,0.569916844367981
700,Yes,0.5830992460250854
701,Yes,0.7435662746429443
702,Yes,0.6906821131706238
703,Yes,0.6991997957229614
704,Yes,0.6641148924827576
705,Yes,0.6495316028594971
706,Yes,0.5947340726852417
707,Yes,0.6515083312988281
708,Yes,0.6597453951835632
709,Yes,0.6631292104721069
710,Yes,0.6223161220550537
711,Yes,0.6225588917732239
712,Yes,0.6085060238838196
713,Yes,0.6623536944389343
714,Yes,0.6114948987960815
715,Yes,0.6408743858337402
716,Yes,0.6245811581611633
717,Yes,0.7098513245582581
718,Yes,0.6809857487678528
719,Yes,0.652748167514801
720,Yes,0.6401202082633972
721,Yes,0.6854181289672852
722,Yes,0.6313691139221191
723,Yes,0.6612000465393066
724,Yes,0.6425698399543762
725,Yes,0.6805122494697571
726,Yes,0.6342832446098328
727,Yes,0.6428364515304565
728,Yes,0.6185153126716614
729,Yes,0.6874158382415771
730,Yes,0.6393738389015198
731,Yes,0.6528796553611755
732,Yes,0.6161157488822937
733,Yes,0.7164033055305481
734,Yes,0.6603661775588989
735,Yes,0.6474825143814087
736,Yes,0.6149827241897583
737,Yes,0.6905103325843811
738,Yes,0.6624740362167358
739,Yes,0.6802831292152405
740,Yes,0.6416731476783752
741,Yes,0.6956773400306702
742,Yes,0.6712727546691895
743,Yes,0.7279435992240906
744,Yes,0.678856611251831
745,Yes,0.7016244530677795
746,Yes,0.6592685580253601
747,Yes,0.6976742744445801
748,Yes,0.656915545463562
749,Yes,0.687480628490448
750,Yes,0.6486454010009766
751,Yes,0.6723268032073975
752,Yes,0.6240270137786865
753,Yes,0.6823002696037292
754,Yes,0.658557116985321
755,Yes,0.6704343557357788
756,Yes,0.6637919545173645
757,Yes,0.6898486614227295
758,Yes,0.6382879614830017
759,Yes,0.6592972874641418
760,Yes,0.6166992783546448
761,Yes,0.7202262878417969
762,Yes,0.7056097388267517
763,Yes,0.7296525239944458
764,Yes,0.7009047269821167
765,Yes,0.6907858848571777
766,Yes,0.6591546535491943
767,Yes,0.6627991199493408
768,Yes,0.639708936214447
769,Yes,0.6173672080039978
770,Yes,0.6286755204200745
771,Yes,0.5890774726867676
772,Yes,0.5997918844223022
773,Yes,0.6349887847900391
774,Yes,0.6345679759979248
775,Yes,0.6065114140510559
776,Yes,0.5523580312728882
777,Yes,0.6184642910957336
778,Yes,0.6090845465660095
779,Yes,0.5848898887634277
780,Yes,0.5822727084159851
781,Yes,0.5657042860984802
782,Yes,0.6117732524871826
783,Yes,0.603365421295166
784,Yes,0.5868880152702332
785,Yes,0.6265999674797058
786,Yes,0.6237518191337585
787,Yes,0.602840006351471
788,Yes,0.5526979565620422
789,Yes,0.6237087249755859
790,Yes,0.6527807712554932
791,Yes,0.6293187141418457
792,Yes,0.5617293119430542
793,Yes,0.552678108215332
794,Yes,0.634959876537323
795,Yes,0.604581356048584
796,Yes,0.5926010012626648
797,Yes,0.602294385433197
798,Yes,0.5808360576629639
799,Yes,0.5682996511459351
800,Yes,0.5328370332717896
801,Yes,0.6140161752700806
802,Yes,0.6008244156837463
803,Yes,0.5524753332138062
804,Yes,0.5626671314239502
805,Yes,0.6018199920654297
806,Yes,0.6108548641204834
807,Yes,0.5572147965431213
808,Yes,0.5923276543617249
809,Yes,0.5937268733978271
810,Yes,0.6033077239990234
811,Yes,0.5794394612312317
812,Yes,0.5697318315505981
813,Yes,0.6054990291595459
814,Yes,0.6212167739868164
815,Yes,0.5641853213310242
816,Yes,0.5731743574142456
817,Yes,0.7214698791503906
818,Yes,0.6651744246482849
819,Yes,0.7001463770866394
820,Yes,0.661722719669342
821,Yes,0.712609052658081
822,Yes,0.6728904843330383
823,Yes,0.702785074710846
824,Yes,0.6615898609161377
825,Yes,0.6747774481773376
826,Yes,0.6265760660171509
827,Yes,0.6476773619651794
828,Yes,0.6120637655258179
829,Yes,0.713921070098877
830,Yes,0.699118971824646
831,Yes,0.6184465885162354
832,Yes,0.6104399561882019
833,Yes,0.6866663694381714
834,Yes,0.6374102830886841
835,Yes,0.6486444473266602
836,Yes,0.6097171902656555
837,Yes,0.7093778848648071
838,Yes,0.666934072971344
839,Yes,0.7291181087493896
840,Yes,0.678915798664093
841,Yes,0.7214698791503906
842,Yes,0.6651744246482849
843,Yes,0.7001463770866394
844,Yes,0.661722719669342
845,Yes,0.7686996459960938
846,Yes,0.6989184021949768
847,Yes,0.680446982383728
848,Yes,0.6424152255058289
849,Yes,0.7123724818229675
850,Yes,0.7064768075942993
851,Yes,0.7015190720558167
852,Yes,0.6900202631950378
853,Yes,0.6692373752593994
854,Yes,0.6438213586807251
855,Yes,0.6463590264320374
856,Yes,0.6587479114532471
857,Yes,0.6551946997642517
858,Yes,0.6046379208564758
859,Yes,0.6555283069610596
860,Yes,0.6179103255271912
861,Yes,0.6645394563674927
862,Yes,0.6742722392082214
863,Yes,0.7032459378242493
864,Yes,0.6970279216766357
865,Yes,0.7341686487197876
866,Yes,0.7329971194267273
867,Yes,0.7073849439620972
868,Yes,0.713584303855896
869,Yes,0.678663432598114
870,Yes,0.6888426542282104
871,Yes,0.6307380199432373
872,Yes,0.6398151516914368
873,Yes,0.6740201115608215
874,Yes,0.6714891195297241
875,Yes,0.6397292613983154
876,Yes,0.6529049873352051
877,Yes,0.7114989757537842
878,Yes,0.7196311354637146
879,Yes,0.702009379863739
880,Yes,0.7163779735565186
881,Yes,0.6988795399665833
882,Yes,0.7139655351638794
883,Yes,0.6668834686279297
884,Yes,0.6793279051780701
885,Yes,0.6542253494262695
886,Yes,0.6985283493995667
887,Yes,0.6250488758087158
888,Yes,0.6456185579299927
889,Yes,0.6589779853820801
890,Yes,0.6519505977630615
891,Yes,0.6347631812095642
892,Yes,0.6380584836006165
893,Yes,0.6844377517700195
894,Yes,0.6778324842453003
895,Yes,0.6436547636985779
896,Yes,0.6450048089027405
897,Yes,0.7683589458465576
898,Yes,0.6858862042427063
899,Yes,0.7244218587875366
900,Yes,0.6963028311729431
901,Yes,0.7280734777450562
902,Yes,0.6710777282714844
903,Yes,0.7308656573295593
904,Yes,0.6988279223442078
905,Yes,0.6966705322265625
906,Yes,0.652503252029419
907,Yes,0.6704084277153015
908,Yes,0.6551889181137085
909,Yes,0.6902357339859009
910,Yes,0.6694056987762451
911,Yes,0.6919634938240051
912,Yes,0.6783692836761475
913,Yes,0.7145883440971375
914,Yes,0.675897479057312
915,Yes,0.6992549896240234
916,Yes,0.6633661389350891
917,Yes,0.7428584694862366
918,Yes,0.7091962099075317
919,Yes,0.7340219616889954
920,Yes,0.7170680165290833
921,Yes,0.7777211666107178
922,Yes,0.728906512260437
923,Yes,0.7696180939674377
924,Yes,0.7288416624069214
925,Yes,0.7286197543144226
926,Yes,0.6867139339447021
927,Yes,0.7206957936286926
928,Yes,0.6785629987716675
929,Yes,0.7137640714645386
930,Yes,0.6434553861618042
931,Yes,0.6766296029090881
932,Yes,0.6356170177459717
933,Yes,0.6952109336853027
934,Yes,0.664997935295105
935,Yes,0.6761314868927002
936,Yes,0.6500117778778076
937,Yes,0.7209392786026001
938,Yes,0.6840450167655945
939,Yes,0.6940999031066895
940,Yes,0.6548866629600525
941,Yes,0.7004881501197815
942,Yes,0.6195144653320312
943,Yes,0.6764336228370667
944,Yes,0.6367588043212891
945,Yes,0.6699686050415039
946,Yes,0.6703343987464905
947,Yes,0.675477147102356
948,Yes,0.6665017604827881
949,Yes,0.7612633109092712
950,Yes,0.7318776845932007
951,Yes,0.7679118514060974
952,Yes,0.7167154550552368
953,Yes,0.6615443229675293
954,Yes,0.6740369200706482
955,Yes,0.6906708478927612
956,Yes,0.6660228371620178
957,Yes,0.6861239671707153
958,Yes,0.6583741307258606
959,Yes,0.6547877788543701
960,Yes,0.646162748336792
961,Yes,0.7206315398216248
962,Yes,0.6929477453231812
963,Yes,0.693432092666626
964,Yes,0.6673021912574768
965,Yes,0.700394332408905
966,Yes,0.684731662273407
967,Yes,0.6841657161712646
968,Yes,0.6537873148918152
969,Yes,0.6857332587242126
970,Yes,0.6469821929931641
971,Yes,0.6645167469978333
972,Yes,0.6497544646263123
973,Yes,0.7333510518074036
974,Yes,0.7129281163215637
975,Yes,0.7131403088569641
976,Yes,0.6962329745292664
977,Yes,0.7032229900360107
978,Yes,0.6945114135742188
979,Yes,0.6680272221565247
980,Yes,0.6498743295669556
981,Yes,0.6771404147148132
982,Yes,0.657595157623291
983,Yes,0.6356184482574463
984,Yes,0.628241777420044
985,Yes,0.7051135301589966
986,Yes,0.6786409616470337
987,Yes,0.6735166907310486
988,Yes,0.6495165228843689
989,Yes,0.6906135678291321
990,Yes,0.6529114246368408
991,Yes,0.6274757981300354
992,Yes,0.5403012037277222
993,Yes,0.6582159996032715
994,Yes,0.6208509802818298
995,Yes,0.6386409401893616
996,Yes,0.612546980381012
997,Yes,0.736587405204773
998,Yes,0.7143397331237793
999,Yes,0.7091987133026123
1000,Yes,0.6857463121414185
1001,Yes,0.6686695218086243
1002,Yes,0.6437888741493225
1003,Yes,0.6432326436042786
1004,Yes,0.6148145794868469
1005,Yes,0.6931989789009094
1006,Yes,0.6683058142662048
1007,Yes,0.6704966425895691
1008,Yes,0.6399930119514465
1009,Yes,0.7357295751571655
1010,Yes,0.7209603190422058
1011,Yes,0.7674950957298279
1012,Yes,0.723602294921875
1013,Yes,0.684502899646759
1014,Yes,0.6534261703491211
1015,Yes,0.6799724698066711
1016,Yes,0.670451819896698
1017,Yes,0.7364529967308044
1018,Yes,0.6915922164916992
1019,Yes,0.709098219871521
1020,Yes,0.6664482951164246
1021,Yes,0.7643846273422241
1022,Yes,0.7191149592399597
1023,Yes,0.7531247735023499
1024,Yes,0.7372845411300659
1025,Yes,0.717640221118927
1026,Yes,0.6523290276527405
1027,Yes,0.6571391820907593
1028,Yes,0.617239773273468
1029,Yes,0.7713068723678589
1030,Yes,0.720542848110199
1031,Yes,0.742169201374054
1032,Yes,0.7015175223350525
1033,Yes,0.6535258889198303
1034,Yes,0.6139037013053894
1035,Yes,0.6126824021339417
1036,Yes,0.6225334405899048
1037,Yes,0.7258360981941223
1038,Yes,0.6877171993255615
1039,Yes,0.6947320103645325
1040,Yes,0.6911673545837402
1041,Yes,0.7365618944168091
1042,Yes,0.7223917841911316
1043,Yes,0.7036343216896057
1044,Yes,0.7002085447311401
1045,Yes,0.7266880869865417
1046,Yes,0.68346107006073
1047,Yes,0.6909336447715759
1048,Yes,0.66754150390625
1049,Yes,0.7072067856788635
1050,Yes,0.6644549369812012
1051,Yes,0.68305504322052
1052,Yes,0.6522084474563599
1053,Yes,0.7594396471977234
1054,Yes,0.7441089153289795
1055,Yes,0.7665510177612305
1056,Yes,0.7432830333709717
1057,Yes,0.676946759223938
1058,Yes,0.618152379989624
1059,Yes,0.6551401615142822
1060,Yes,0.6556506752967834
1061,Yes,0.6928568482398987
1062,Yes,0.6662405133247375
1063,Yes,0.6933500170707703
1064,Yes,0.6481984853744507
1065,Yes,0.7713068723678589
1066,Yes,0.720542848110199
1067,Yes,0.742169201374054
1068,Yes,0.7015175223350525
1069,Yes,0.7631145715713501
1070,Yes,0.7136216759681702
1071,Yes,0.7456698417663574
1072,Yes,0.6896265149116516
1073,Yes,0.7120791077613831
1074,Yes,0.7079170942306519
1075,Yes,0.7321686148643494
1076,Yes,0.7116556763648987
1077,Yes,0.7433016896247864
1078,Yes,0.7272561192512512
1079,Yes,0.741929292678833
1080,Yes,0.712634265422821
1081,Yes,0.755871593952179
1082,Yes,0.7113514542579651
1083,Yes,0.7161164283752441
1084,Yes,0.6783202886581421
1085,Yes,0.7804861664772034
1086,Yes,0.7350956201553345
1087,Yes,0.7622379064559937
1088,Yes,0.7363192439079285
1089,Yes,0.74785977602005
1090,Yes,0.7268987894058228
1091,Yes,0.7360157370567322
1092,Yes,0.7182721495628357
1093,Yes,0.6615344285964966
1094,Yes,0.6038523316383362
1095,Yes,0.6578617095947266
1096,Yes,0.6204211711883545
1097,Yes,0.749158501625061
1098,Yes,0.72095787525177
1099,Yes,0.7509642243385315
1100,Yes,0.7075086236000061
1101,Yes,0.7194455862045288
1102,Yes,0.7004914879798889
1103,Yes,0.7143616676330566
1104,Yes,0.7056484818458557
1105,Yes,0.6261306405067444
1106,Yes,0.5890834927558899
1107,Yes,0.6306778192520142
1108,Yes,0.6096319556236267
1109,Yes,0.6257122159004211
1110,Yes,0.5572707653045654
1111,Yes,0.62104731798172
1112,Yes,0.612593412399292
1113,Yes,0.6960630416870117
1114,Yes,0.6606195569038391
1115,Yes,0.7299950122833252
1116,Yes,0.685461699962616
1117,Yes,0.7209506630897522
1118,Yes,0.6097580194473267
1119,Yes,0.6839314103126526
1120,Yes,0.6226968765258789
1121,Yes,0.6377711296081543
1122,Yes,0.5586889386177063
1123,Yes,0.5903130769729614
1124,Yes,0.5853493213653564
1125,Yes,0.7035080194473267
1126,Yes,0.6478188037872314
1127,Yes,0.6867559552192688
1128,Yes,0.6786297559738159
1129,Yes,0.6861616969108582
1130,Yes,0.6487128138542175
1131,Yes,0.708573043346405
1132,Yes,0.6247639060020447
1133,Yes,0.6685596108436584
1134,Yes,0.6249953508377075
1135,Yes,0.6937435269355774
1136,Yes,0.6529974341392517
1137,Yes,0.6852611899375916
1138,Yes,0.673244059085846
1139,Yes,0.6756889224052429
1140,Yes,0.6255825757980347
1141,Yes,0.6574000120162964
1142,Yes,0.6634112000465393
1143,Yes,0.6938247084617615
1144,Yes,0.651846706867218
1145,Yes,0.6843922734260559
1146,Yes,0.638038158416748
1147,Yes,0.6530474424362183
1148,Yes,0.6153618693351746
1149,Yes,0.6290343999862671
1150,Yes,0.6432560086250305
1151,Yes,0.6585032939910889
1152,Yes,0.6518094539642334
1153,Yes,0.7013499736785889
1154,Yes,0.7031335830688477
1155,Yes,0.6727654933929443
1156,Yes,0.6303703188896179
1157,Yes,0.7197760343551636
1158,Yes,0.7232082486152649
1159,Yes,0.7091576457023621
1160,Yes,0.6793464422225952
1161,Yes,0.7207459807395935
1162,Yes,0.6804270148277283
1163,Yes,0.7436777353286743
1164,Yes,0.6831273436546326
1165,Yes,0.7394649386405945
1166,Yes,0.7260337471961975
1167,Yes,0.7220152020454407
1168,Yes,0.6691387891769409
1169,Yes,0.6744804978370667
1170,Yes,0.6499796509742737
1171,Yes,0.6648604273796082
1172,Yes,0.6581190824508667
1173,Yes,0.6543650031089783
1174,Yes,0.6307194232940674
1175,Yes,0.6536077857017517
1176,Yes,0.6447762250900269
1177,Yes,0.6766979694366455
1178,Yes,0.6495542526245117
1179,Yes,0.6846321821212769
1180,Yes,0.6479892134666443
1181,Yes,0.6970099806785583
1182,Yes,0.7116140723228455
1183,Yes,0.7185840010643005
1184,Yes,0.7095933556556702
1185,Yes,0.7152862548828125
1186,Yes,0.6997056007385254
1187,Yes,0.7303264737129211
1188,Yes,0.7077484130859375
1189,Yes,0.7018000483512878
1190,Yes,0.6768890023231506
1191,Yes,0.7002032399177551
1192,Yes,0.6882129907608032
1193,Yes,0.7723323702812195
1194,Yes,0.710314154624939
1195,Yes,0.7115201354026794
1196,Yes,0.6720436215400696
1197,Yes,0.7382293343544006
1198,Yes,0.7010258436203003
1199,Yes,0.7160192131996155
1200,Yes,0.6844615936279297
1201,Yes,0.7868078351020813
1202,Yes,0.7642708420753479
1203,Yes,0.7979856133460999
1204,Yes,0.7649394869804382
1205,Yes,0.7482506632804871
1206,Yes,0.7279309034347534
1207,Yes,0.7471864223480225
1208,Yes,0.7076692581176758
1209,Yes,0.742332935333252
1210,Yes,0.6927043199539185
1211,Yes,0.6827501654624939
1212,Yes,0.585946798324585
1213,Yes,0.748383104801178
1214,Yes,0.7188045382499695
1215,Yes,0.7382692098617554
1216,Yes,0.7078944444656372
1217,Yes,0.7029789686203003
1218,Yes,0.6639150977134705
1219,Yes,0.6837446093559265
1220,Yes,0.6580129265785217
1221,Yes,0.6608588099479675
1222,Yes,0.616200864315033
1223,Yes,0.6739552021026611
1224,Yes,0.6181436777114868
1225,Yes,0.6473706960678101
1226,Yes,0.6421352624893188
1227,Yes,0.662813127040863
1228,Yes,0.6257456541061401
1229,Yes,0.706281840801239
1230,Yes,0.6368655562400818
1231,Yes,0.706231415271759
1232,Yes,0.6448121666908264
1233,Yes,0.6707113981246948
1234,Yes,0.6153535842895508
1235,Yes,0.6618497967720032
1236,Yes,0.60615074634552
1237,Yes,0.6940091848373413
1238,Yes,0.6438223719596863
1239,Yes,0.697645902633667
1240,Yes,0.6689547300338745
1241,Yes,0.6608588099479675
1242,Yes,0.616200864315033
1243,Yes,0.6739552021026611
1244,Yes,0.6181436777114868
1245,Yes,0.7148910760879517
1246,Yes,0.6961668133735657
1247,Yes,0.6667981147766113
1248,Yes,0.6338735222816467
1249,Yes,0.625931441783905
1250,Yes,0.6247183680534363
1251,Yes,0.6661262512207031
1252,Yes,0.6604828238487244
1253,Yes,0.7829074263572693
1254,Yes,0.7451835870742798
1255,Yes,0.7539801597595215
1256,Yes,0.7397328615188599
1257,Yes,0.633813738822937
1258,Yes,0.6331732869148254
1259,Yes,0.6511675119400024
1260,Yes,0.6227915287017822
1261,Yes,0.685849130153656
1262,Yes,0.6662558317184448
1263,Yes,0.67289137840271
1264,Yes,0.659866452217102
1265,Yes,0.6480980515480042
1266,Yes,0.6276988387107849
1267,Yes,0.6446569561958313
1268,Yes,0.6355471014976501
1269,Yes,0.6414826512336731
1270,Yes,0.593519389629364
1271,Yes,0.649409294128418
1272,Yes,0.6227056980133057
1273,Yes,0.6779605150222778
1274,Yes,0.6319485306739807
1275,Yes,0.6726954579353333
1276,Yes,0.5982345342636108
1277,Yes,0.701888382434845
1278,Yes,0.6695891618728638
1279,Yes,0.6870718598365784
1280,Yes,0.6752033829689026
1281,Yes,0.6603057384490967
1282,Yes,0.6347008347511292
1283,Yes,0.6403229832649231
1284,Yes,0.6158437728881836
1285,Yes,0.6867907643318176
1286,Yes,0.6610575914382935
1287,Yes,0.6549221873283386
1288,Yes,0.5996725559234619
1289,Yes,0.6298009753227234
1290,Yes,0.5931669473648071
1291,Yes,0.6533063054084778
1292,Yes,0.6154911518096924
1293,Yes,0.7063306570053101
1294,Yes,0.6432142853736877
1295,Yes,0.6384515166282654
1296,Yes,0.5747035145759583
1297,Yes,0.6853660941123962
1298,Yes,0.6691526770591736
1299,Yes,0.6789610385894775
1300,Yes,0.6117324829101562
1301,Yes,0.6827149391174316
1302,Yes,0.7166516184806824
1303,Yes,0.7212764620780945
1304,Yes,0.6982088685035706
1305,Yes,0.7132020592689514
1306,Yes,0.6617758870124817
1307,Yes,0.6583073735237122
1308,Yes,0.6435033679008484
1309,Yes,0.7310288548469543
1310,Yes,0.7068203687667847
1311,Yes,0.7119988203048706
1312,Yes,0.650762677192688
1313,Yes,0.6832767128944397
1314,Yes,0.6228709816932678
1315,Yes,0.6352865695953369
1316,Yes,0.6316778659820557
1317,Yes,0.6546525359153748
1318,Yes,0.6084833741188049
1319,Yes,0.6171678900718689
1320,Yes,0.6090090274810791
1321,Yes,0.659651517868042
1322,Yes,0.610122561454773
1323,Yes,0.6469682455062866
1324,Yes,0.6390089988708496
1325,Yes,0.6925413608551025
1326,Yes,0.6556321978569031
1327,Yes,0.6741505265235901
1328,Yes,0.6573765873908997
1329,Yes,0.7614566087722778
1330,Yes,0.6996260285377502
1331,Yes,0.7142911553382874
1332,Yes,0.6769111156463623
1333,Yes,0.7621280550956726
1334,Yes,0.7042781710624695
1335,Yes,0.7300994396209717
1336,Yes,0.683746337890625
1337,Yes,0.6471936702728271
1338,Yes,0.6084163784980774
1339,Yes,0.66306072473526
1340,Yes,0.6722126007080078
1341,Yes,0.6748147010803223
1342,Yes,0.6189923286437988
1343,Yes,0.6727941632270813
1344,Yes,0.6394549012184143
1345,Yes,0.6838358640670776
1346,Yes,0.6576456427574158
1347,Yes,0.7000821232795715
1348,Yes,0.6902255415916443
1349,Yes,0.7346611618995667
1350,Yes,0.6831352114677429
1351,Yes,0.699559211730957
1352,Yes,0.6714250445365906
1353,Yes,0.7258420586585999
1354,Yes,0.6891763210296631
1355,Yes,0.7496894001960754
1356,Yes,0.6790701746940613
1357,Yes,0.7364045977592468
1358,Yes,0.6979397535324097
1359,Yes,0.6608328223228455
1360,Yes,0.6282287836074829
1361,Yes,0.6248120665550232
1362,Yes,0.6157986521720886
1363,Yes,0.6180075407028198
1364,Yes,0.6022463440895081
1365,Yes,0.6449059844017029
1366,Yes,0.608914315700531
1367,Yes,0.5981292724609375
1368,Yes,0.5873798131942749
1369,Yes,0.6059619188308716
1370,Yes,0.6105073094367981
1371,Yes,0.6317621469497681
1372,Yes,0.6189152002334595
1373,Yes,0.6022082567214966
1374,Yes,0.6159470677375793
1375,Yes,0.5907034277915955
1376,Yes,0.5840408802032471
1377,Yes,0.5960280895233154
1378,Yes,0.5999215841293335
1379,Yes,0.586572527885437
1380,Yes,0.5928105115890503
1381,Yes,0.6655352115631104
1382,Yes,0.6911699175834656
1383,Yes,0.6916595697402954
1384,Yes,0.7162732481956482
1385,Yes,0.6018438339233398
1386,Yes,0.6030410528182983
1387,Yes,0.5883449912071228
1388,Yes,0.5847192406654358
1389,Yes,0.6465230584144592
1390,Yes,0.6645456552505493
1391,Yes,0.6609957814216614
1392,Yes,0.6275119185447693
1393,Yes,0.683933436870575
1394,Yes,0.6326375007629395
1395,Yes,0.6494699716567993
1396,Yes,0.6280043125152588
1397,Yes,0.6633943915367126
1398,Yes,0.6870881915092468
1399,Yes,0.6822246313095093
1400,Yes,0.6835417747497559
1401,Yes,0.6776161193847656
1402,Yes,0.6138830184936523
1403,Yes,0.6154144406318665
1404,Yes,0.5974791646003723
1405,Yes,0.6885297298431396
1406,Yes,0.6591912508010864
1407,Yes,0.6916144490242004
1408,Yes,0.6578627228736877
1409,Yes,0.6901549100875854
1410,Yes,0.6500862240791321
1411,Yes,0.6541855931282043
1412,Yes,0.6306014060974121
1413,Yes,0.6541914343833923
1414,Yes,0.6362747550010681
1415,Yes,0.6595104336738586
1416,Yes,0.6288883090019226
1417,Yes,0.6186450123786926
1418,Yes,0.6206256151199341
1419,Yes,0.6341999173164368
1420,Yes,0.6569047570228577
1421,Yes,0.7019570469856262
1422,Yes,0.668474555015564
1423,Yes,0.6738049387931824
1424,Yes,0.6340677738189697
1425,Yes,0.6746397018432617
1426,Yes,0.6631640791893005
1427,Yes,0.7003377079963684
1428,Yes,0.6569104194641113
1429,Yes,0.6900368332862854
1430,Yes,0.6930720210075378
1431,Yes,0.7014557719230652
1432,Yes,0.6845528483390808
1433,Yes,0.7374057173728943
1434,Yes,0.6956912875175476
1435,Yes,0.7039850950241089
1436,Yes,0.6817021369934082
1437,Yes,0.7258017659187317
1438,Yes,0.7208034992218018
1439,Yes,0.6680260300636292
1440,Yes,0.6597450971603394
1441,Yes,0.6824814081192017
1442,Yes,0.6083342432975769
1443,Yes,0.6180688142776489
1444,Yes,0.5619357228279114
1445,Yes,0.6825693845748901
1446,Yes,0.6287188529968262
1447,Yes,0.6647348999977112
1448,Yes,0.6644369959831238
1449,Yes,0.730038583278656
1450,Yes,0.6998616456985474
1451,Yes,0.7195481657981873
1452,Yes,0.6758907437324524
1453,Yes,0.7150856256484985
1454,Yes,0.7325626611709595
1455,Yes,0.6814069151878357
1456,Yes,0.663273811340332
1457,Yes,0.6660995483398438
1458,Yes,0.6166531443595886
1459,Yes,0.6326884031295776
1460,Yes,0.5930618643760681
1461,Yes,0.6909917593002319
1462,Yes,0.6606109738349915
1463,Yes,0.6720607280731201
1464,Yes,0.6475803852081299
1465,Yes,0.6620839834213257
1466,Yes,0.5960904955863953
1467,Yes,0.5350382924079895
1468,Yes,0.5204976201057434
1469,Yes,0.6963647603988647
1470,Yes,0.6468444466590881
1471,Yes,0.6493581533432007
1472,Yes,0.6271231770515442
1473,Yes,0.722091555595398
1474,Yes,0.7415924072265625
1475,Yes,0.7384588718414307
1476,Yes,0.7271627187728882
1477,Yes,0.7781683206558228
1478,Yes,0.7354041934013367
1479,Yes,0.7742154002189636
1480,Yes,0.7498094439506531
1481,Yes,0.7422927618026733
1482,Yes,0.673486053943634
1483,Yes,0.6667051911354065
1484,Yes,0.6485900282859802
1485,Yes,0.7497352361679077
1486,Yes,0.747663140296936
1487,Yes,0.7275704145431519
1488,Yes,0.7257125377655029
1489,Yes,0.6455543041229248
1490,Yes,0.6342997550964355
1491,Yes,0.6391091346740723
1492,Yes,0.6392441391944885
1493,Yes,0.6790834069252014
1494,Yes,0.7096448540687561
1495,Yes,0.6573663353919983
1496,Yes,0.6800479888916016
1497,Yes,0.7422927618026733
1498,Yes,0.673486053943634
1499,Yes,0.6667051911354065
1500,Yes,0.6485900282859802
1501,Yes,0.679634690284729
1502,Yes,0.707815945148468
1503,Yes,0.6626894474029541
1504,Yes,0.6777803897857666
1505,Yes,0.6445467472076416
1506,Yes,0.6671244502067566
1507,Yes,0.6001243591308594
1508,Yes,0.6314548254013062
1509,Yes,0.7254581451416016
1510,Yes,0.8082150816917419
1511,Yes,0.716606855392456
1512,Yes,0.7552329897880554
1513,Yes,0.6567313075065613
1514,Yes,0.6513553261756897
1515,Yes,0.61356520652771
1516,Yes,0.6269254088401794
1517,Yes,0.6774129271507263
1518,Yes,0.6453263163566589
1519,Yes,0.7100203633308411
1520,Yes,0.730707585811615
1521,Yes,0.6516522765159607
1522,Yes,0.5914084315299988
1523,Yes,0.6078518033027649
1524,Yes,0.5890350341796875
1525,Yes,0.6137780547142029
1526,Yes,0.5830224752426147
1527,Yes,0.607735276222229
1528,Yes,0.6017616987228394
1529,Yes,0.6687902212142944
1530,Yes,0.6248998045921326
1531,Yes,0.6326950788497925
1532,Yes,0.5922481417655945
1533,Yes,0.6517999172210693
1534,Yes,0.665887713432312
1535,Yes,0.629693329334259
1536,Yes,0.627526044845581
1537,Yes,0.6846321821212769
1538,Yes,0.6616547703742981
1539,Yes,0.637965977191925
1540,Yes,0.6192319393157959
1541,Yes,0.6522077322006226
1542,Yes,0.6568239331245422
1543,Yes,0.6574537754058838
1544,Yes,0.6349809169769287
1545,Yes,0.6941879987716675
1546,Yes,0.6661343574523926
1547,Yes,0.6530786156654358
1548,Yes,0.6411213874816895
1549,Yes,0.6673463582992554
1550,Yes,0.6100659966468811
1551,Yes,0.5971807837486267
1552,Yes,0.5974820852279663
1553,Yes,0.6948830485343933
1554,Yes,0.6624737977981567
1555,Yes,0.6507333517074585
1556,Yes,0.628966748714447
1557,Yes,0.7089762091636658
1558,Yes,0.6510109305381775
1559,Yes,0.7035787105560303
1560,Yes,0.65775066614151
1561,Yes,0.7060645818710327
1562,Yes,0.6652548909187317
1563,Yes,0.6857286691665649
1564,Yes,0.6645257472991943
1565,Yes,0.6246612071990967
1566,Yes,0.6400340795516968
1567,Yes,0.6245245337486267
1568,Yes,0.617290735244751
1569,Yes,0.715315580368042
1570,Yes,0.6261157989501953
1571,Yes,0.6242548227310181
1572,Yes,0.6012460589408875
1573,Yes,0.6894913911819458
1574,Yes,0.6567227244377136
1575,Yes,0.650797963142395
1576,Yes,0.6333968639373779
1577,Yes,0.6654437780380249
1578,Yes,0.6229637861251831
1579,Yes,0.6086320281028748
1580,Yes,0.599360466003418
1581,Yes,0.6761921644210815
1582,Yes,0.6368087530136108
1583,Yes,0.6084707975387573
1584,Yes,0.6145520806312561
1585,Yes,0.6682766079902649
1586,Yes,0.6528840065002441
1587,Yes,0.6418893933296204
1588,Yes,0.6158905029296875
1589,Yes,0.6665010452270508
1590,Yes,0.6520095467567444
1591,Yes,0.6887237429618835
1592,Yes,0.659034788608551
1593,Yes,0.6314730644226074
1594,Yes,0.6106184720993042
1595,Yes,0.6011425256729126
1596,Yes,0.5879858732223511
1597,Yes,0.7084651589393616
1598,Yes,0.6852129697799683
1599,Yes,0.6739069223403931
1600,Yes,0.6409733891487122
1601,Yes,0.6783714294433594
1602,Yes,0.6248435974121094
1603,Yes,0.6547335982322693
1604,Yes,0.6396346688270569
1605,Yes,0.6783163547515869
1606,Yes,0.6234755516052246
1607,Yes,0.6641017198562622
1608,Yes,0.6279634833335876
1609,Yes,0.6927081346511841
1610,Yes,0.6653677225112915
1611,Yes,0.6628684997558594
1612,Yes,0.6429629921913147
1613,Yes,0.7343086004257202
1614,Yes,0.7307764887809753
1615,Yes,0.7233144640922546
1616,Yes,0.7143734097480774
1617,Yes,0.7196882963180542
1618,Yes,0.6826374530792236
1619,Yes,0.7119481563568115
1620,Yes,0.6915932893753052
1621,Yes,0.6939926743507385
1622,Yes,0.6483408212661743
1623,Yes,0.6559858918190002
1624,Yes,0.6368081569671631
1625,Yes,0.7070827484130859
1626,Yes,0.6767871975898743
1627,Yes,0.6766384243965149
1628,Yes,0.6653980612754822
1629,Yes,0.8103245496749878
1630,Yes,0.7684022188186646
1631,Yes,0.7731415629386902
1632,Yes,0.7461671829223633
1633,Yes,0.5929735898971558
1634,Yes,0.5862433314323425
1635,Yes,0.6095319986343384
1636,Yes,0.6170010566711426
1637,Yes,0.6308603882789612
1638,Yes,0.6160884499549866
1639,Yes,0.5901109576225281
1640,Yes,0.5995882749557495
1641,Yes,0.6201064586639404
1642,Yes,0.6257352828979492
1643,Yes,0.6174741387367249
1644,Yes,0.6115795373916626
1645,Yes,0.6236632466316223
1646,Yes,0.6163579225540161
1647,Yes,0.6114153861999512
1648,Yes,0.6046855449676514
1649,Yes,0.6236632466316223
1650,Yes,0.6163579225540161
1651,Yes,0.6114153861999512
1652,Yes,0.6046855449676514
1653,Yes,0.5672449469566345
1654,Yes,0.5746589303016663
1655,Yes,0.5767519474029541
1656,Yes,0.5964117050170898
1657,Yes,0.6159844994544983
1658,Yes,0.60272216796875
1659,Yes,0.6076899170875549
1660,Yes,0.6061262488365173
1661,Yes,0.6168816089630127
1662,Yes,0.6012119054794312
1663,Yes,0.5996546149253845
1664,Yes,0.6051135659217834
1665,Yes,0.6933642625808716
1666,Yes,0.636934220790863
1667,Yes,0.6373874545097351
1668,Yes,0.5516355037689209
1669,Yes,0.7252307534217834
1670,Yes,0.6578060984611511
1671,Yes,0.6719449162483215
1672,Yes,0.5963425636291504
1673,Yes,0.7602778673171997
1674,Yes,0.7220636010169983
1675,Yes,0.7052310705184937
1676,Yes,0.6301912069320679
1677,Yes,0.7142562866210938
1678,Yes,0.6286227703094482
1679,Yes,0.6377776861190796
1680,Yes,0.571994423866272
1681,Yes,0.6968287229537964
1682,Yes,0.6661224961280823
1683,Yes,0.6507532000541687
1684,Yes,0.6286898255348206
1685,Yes,0.6443104147911072
1686,Yes,0.6384907364845276
1687,Yes,0.6414801478385925
1688,Yes,0.6548779010772705
1689,Yes,0.6311364769935608
1690,Yes,0.6228670477867126
1691,Yes,0.6305604577064514
1692,Yes,0.5997911691665649
1693,Yes,0.74900883436203
1694,Yes,0.7443221807479858
1695,Yes,0.7575516104698181
1696,Yes,0.7432395815849304
1697,Yes,0.6860482692718506
1698,Yes,0.6748001575469971
1699,Yes,0.6766341924667358
1700,Yes,0.6699613928794861
1701,Yes,0.6821730732917786
1702,Yes,0.6623386740684509
1703,Yes,0.6804417371749878
1704,Yes,0.6599540114402771
1705,Yes,0.7072123289108276
1706,Yes,0.6501055955886841
1707,Yes,0.6550112366676331
1708,Yes,0.636347770690918
1709,Yes,0.6799936294555664
1710,Yes,0.6375098824501038
1711,Yes,0.6572723388671875
1712,Yes,0.6565773487091064
1713,Yes,0.6859791278839111
1714,Yes,0.6589040160179138
1715,Yes,0.6683108806610107
1716,Yes,0.6305555105209351
1717,Yes,0.7025296688079834
1718,Yes,0.6775546073913574
1719,Yes,0.6802038550376892
1720,Yes,0.673919677734375
1721,Yes,0.6691297292709351
1722,Yes,0.6065074801445007
1723,Yes,0.6586920022964478
1724,Yes,0.628775954246521
1725,Yes,0.7169162034988403
1726,Yes,0.7070155739784241
1727,Yes,0.713031530380249
1728,Yes,0.6770415902137756
1729,Yes,0.6976789832115173
1730,Yes,0.66485995054245
1731,Yes,0.6661611795425415
1732,Yes,0.6152245998382568
1733,Yes,0.7196204662322998
1734,Yes,0.6946055889129639
1735,Yes,0.700104296207428
1736,Yes,0.6732712984085083
1737,Yes,0.6801766753196716
1738,Yes,0.6348963379859924
1739,Yes,0.6564916372299194
1740,Yes,0.606101393699646
1741,Yes,0.675565242767334
1742,Yes,0.5973119139671326
1743,Yes,0.6227973699569702
1744,Yes,0.5468001961708069
1745,Yes,0.6967307925224304
1746,Yes,0.660354495048523
1747,Yes,0.7188887000083923
1748,Yes,0.6882482767105103
1749,Yes,0.6305782794952393
1750,Yes,0.6073940992355347
1751,Yes,0.5958601236343384
1752,Yes,0.5782325863838196
1753,Yes,0.7234213948249817
1754,Yes,0.6897901892662048
1755,Yes,0.7063294053077698
1756,Yes,0.6652178168296814
1757,Yes,0.6715614199638367
1758,Yes,0.6407216787338257
1759,Yes,0.6619669198989868
1760,Yes,0.6280070543289185
1761,Yes,0.7259986996650696
1762,Yes,0.7489418387413025
1763,Yes,0.7584612965583801
1764,Yes,0.740041196346283
1765,Yes,0.6895859241485596
1766,Yes,0.6770743727684021
1767,Yes,0.6673955917358398
1768,Yes,0.6439098715782166
1769,Yes,0.6616320013999939
1770,Yes,0.6245101094245911
1771,Yes,0.6554485559463501
1772,Yes,0.6481013894081116
1773,Yes,0.6781419515609741
1774,Yes,0.6548044681549072
1775,Yes,0.6571351885795593
1776,Yes,0.643130362033844
1777,Yes,0.6327829957008362
1778,Yes,0.5751913189888
1779,Yes,0.6155938506126404
1780,Yes,0.5796190500259399
1781,Yes,0.6890998482704163
1782,Yes,0.6353764533996582
1783,Yes,0.6424046158790588
1784,Yes,0.607849657535553
1785,Yes,0.6704897284507751
1786,Yes,0.6583259105682373
1787,Yes,0.6732750535011292
1788,Yes,0.6510213613510132
1789,Yes,0.6469488739967346
1790,Yes,0.599734902381897
1791,Yes,0.6098929643630981
1792,Yes,0.6076355576515198
1793,Yes,0.7073119282722473
1794,Yes,0.6995474696159363
1795,Yes,0.6925440430641174
1796,Yes,0.682580292224884
1797,Yes,0.6570690870285034
1798,Yes,0.616136908531189
1799,Yes,0.6545403003692627
1800,Yes,0.6283520460128784
1801,Yes,0.6891155242919922
1802,Yes,0.6729605793952942
1803,Yes,0.7000629901885986
1804,Yes,0.6699724197387695
1805,Yes,0.6456907987594604
1806,Yes,0.6354036927223206
1807,Yes,0.6323738694190979
1808,Yes,0.6171227693557739
1809,Yes,0.6597987413406372
1810,Yes,0.5773372054100037
1811,Yes,0.600707471370697
1812,Yes,0.5211336016654968
1813,Yes,0.6871029138565063
1814,Yes,0.6491737961769104
1815,Yes,0.6710177063941956
1816,Yes,0.6116542220115662
1817,Yes,0.7532614469528198
1818,Yes,0.712576687335968
1819,Yes,0.7132173180580139
1820,Yes,0.6626266241073608
1821,Yes,0.7468876838684082
1822,Yes,0.6874850988388062
1823,Yes,0.6948390603065491
1824,Yes,0.6338678598403931
1825,Yes,0.7567259073257446
1826,Yes,0.719849705696106
1827,Yes,0.7186368107795715
1828,Yes,0.6610867977142334
1829,Yes,0.7287650108337402
1830,Yes,0.6759994029998779
1831,Yes,0.7008270621299744
1832,Yes,0.6431896090507507
1833,Yes,0.7505767345428467
1834,Yes,0.6964303851127625
1835,Yes,0.7043656706809998
1836,Yes,0.6641119718551636
1837,Yes,0.7269205451011658
1838,Yes,0.6811555027961731
1839,Yes,0.7293892502784729
1840,Yes,0.6440855860710144
1841,Yes,0.6757782101631165
1842,Yes,0.6195176243782043
1843,Yes,0.6714304685592651
1844,Yes,0.622022271156311
1845,Yes,0.67707359790802
1846,Yes,0.6239279508590698
1847,Yes,0.6811519265174866
1848,Yes,0.6272706389427185
1849,Yes,0.6856083273887634
1850,Yes,0.6455962657928467
1851,Yes,0.6633190512657166
1852,Yes,0.6148942112922668
1853,Yes,0.6988913416862488
1854,Yes,0.6748000979423523
1855,Yes,0.7075860500335693
1856,Yes,0.6519240736961365
1857,Yes,0.751460611820221
1858,Yes,0.7422208786010742
1859,Yes,0.7547380924224854
1860,Yes,0.6694901585578918
1861,Yes,0.6916576623916626
1862,Yes,0.6367325782775879
1863,Yes,0.6451470255851746
1864,Yes,0.6163293719291687
1865,Yes,0.643965482711792
1866,Yes,0.6056044697761536
1867,Yes,0.6317514777183533
1868,Yes,0.5864100456237793
1869,Yes,0.7380242347717285
1870,Yes,0.7154514789581299
1871,Yes,0.6969934701919556
1872,Yes,0.660973310470581
1873,Yes,0.6108039021492004
1874,Yes,0.593853235244751
1875,Yes,0.6272087693214417
1876,Yes,0.6018022894859314
1877,Yes,0.6356855630874634
1878,Yes,0.5932939052581787
1879,Yes,0.6264858841896057
1880,Yes,0.592767059803009
1881,Yes,0.659035325050354
1882,Yes,0.6132655739784241
1883,Yes,0.6709051728248596
1884,Yes,0.6289346814155579
1885,Yes,0.6873977184295654
1886,Yes,0.5986971259117126
1887,Yes,0.7100765705108643
1888,Yes,0.6577370762825012
1889,Yes,0.6695746183395386
1890,Yes,0.6197296977043152
1891,Yes,0.6486474871635437
1892,Yes,0.6010867357254028
1893,Yes,0.6656103730201721
1894,Yes,0.6191853284835815
1895,Yes,0.6232215762138367
1896,Yes,0.6033830046653748
1897,Yes,0.6728459596633911
1898,Yes,0.6141639351844788
1899,Yes,0.6314053535461426
1900,Yes,0.5956867337226868
1901,Yes,0.6262081861495972
1902,Yes,0.5753880143165588
1903,Yes,0.6022151708602905
1904,Yes,0.574824869632721
1905,Yes,0.6745601296424866
1906,Yes,0.641649603843689
1907,Yes,0.6497963070869446
1908,Yes,0.6492055654525757
1909,Yes,0.6243080496788025
1910,Yes,0.59995436668396
1911,Yes,0.644709050655365
1912,Yes,0.6090249419212341
1913,Yes,0.6625577211380005
1914,Yes,0.6489022374153137
1915,Yes,0.6312553882598877
1916,Yes,0.6052016615867615
1917,Yes,0.6255431175231934
1918,Yes,0.6140628457069397
1919,Yes,0.5972257256507874
1920,Yes,0.5938422679901123
1921,Yes,0.6771177649497986
1922,Yes,0.6146965026855469
1923,Yes,0.6484281420707703
1924,Yes,0.624238908290863
1925,Yes,0.6540012955665588
1926,Yes,0.6124018430709839
1927,Yes,0.6286848783493042
1928,Yes,0.5931901931762695
1929,Yes,0.6983230710029602
1930,Yes,0.6495170593261719
1931,Yes,0.5948352813720703
1932,Yes,0.5936900973320007
1933,Yes,0.5798507332801819
1934,Yes,0.5425869822502136
1935,Yes,0.5969480276107788
1936,Yes,0.5916029810905457
1937,Yes,0.6787362098693848
1938,Yes,0.6563429832458496
1939,Yes,0.6420665979385376
1940,Yes,0.6276111602783203
1941,Yes,0.6676347851753235
1942,Yes,0.6387003064155579
1943,Yes,0.6642359495162964
1944,Yes,0.6478798985481262
1945,Yes,0.6959998607635498
1946,Yes,0.6795234084129333
1947,Yes,0.6604182124137878
1948,Yes,0.6434611678123474
1949,Yes,0.6756336688995361
1950,Yes,0.6446694731712341
1951,Yes,0.6756982207298279
1952,Yes,0.6620833277702332
1953,Yes,0.6703518629074097
1954,Yes,0.6243831515312195
1955,Yes,0.6556788682937622
1956,Yes,0.6335388422012329
1957,Yes,0.6415374875068665
1958,Yes,0.6183496117591858
1959,Yes,0.6260751485824585
1960,Yes,0.6208454966545105
1961,Yes,0.6880905628204346
1962,Yes,0.6543737053871155
1963,Yes,0.6448310017585754
1964,Yes,0.6330873370170593
1965,Yes,0.6905437111854553
1966,Yes,0.7197600603103638
1967,Yes,0.6553335189819336
1968,Yes,0.6644712686538696
1969,Yes,0.6759824752807617
1970,Yes,0.6587561964988708
1971,Yes,0.6470864415168762
1972,Yes,0.5997031927108765
1973,Yes,0.7389410734176636
1974,Yes,0.6780673265457153
1975,Yes,0.6871237754821777
1976,Yes,0.6496833562850952
1977,Yes,0.6382095217704773
1978,Yes,0.6135619878768921
1979,Yes,0.6192182898521423
1980,Yes,0.55027836561203
1981,Yes,0.6641176342964172
1982,Yes,0.6471090912818909
1983,Yes,0.6782744526863098
1984,Yes,0.6290700435638428
1985,Yes,0.6716147661209106
1986,Yes,0.6744169592857361
1987,Yes,0.7072552442550659
1988,Yes,0.6578949093818665
1989,Yes,0.6701763272285461
1990,Yes,0.6819625496864319
1991,Yes,0.6675247550010681
1992,Yes,0.6327211260795593
1993,Yes,0.7011738419532776
1994,Yes,0.6732972860336304
1995,Yes,0.6822552680969238
1996,Yes,0.6202468276023865
1997,Yes,0.675049901008606
1998,Yes,0.6546227335929871
1999,Yes,0.6418381333351135
2000,Yes,0.6064672470092773
2001,Yes,0.7157827615737915
2002,Yes,0.7110175490379333
2003,Yes,0.7193110585212708
2004,Yes,0.6881000399589539
2005,Yes,0.6971591711044312
2006,Yes,0.6977171301841736
2007,Yes,0.6916629672050476
2008,Yes,0.6381123661994934
2009,Yes,0.7005280256271362
2010,Yes,0.686987042427063
2011,Yes,0.7273885011672974
2012,Yes,0.6634426116943359
2013,Yes,0.7324522137641907
2014,Yes,0.7085608243942261
2015,Yes,0.7294270396232605
2016,Yes,0.619621753692627
2017,Yes,0.7465944886207581
2018,Yes,0.684639036655426
2019,Yes,0.6933684945106506
2020,Yes,0.6654196977615356
2021,Yes,0.6718990802764893
2022,Yes,0.6260814666748047
2023,Yes,0.6413590312004089
2024,Yes,0.6292020678520203
2025,Yes,0.708956778049469
2026,Yes,0.6879621744155884
2027,Yes,0.6949405670166016
2028,Yes,0.6624599099159241
2029,Yes,0.6789110898971558
2030,Yes,0.6158673763275146
2031,Yes,0.6306480169296265
2032,Yes,0.617438018321991
2033,Yes,0.7573649883270264
2034,Yes,0.7150739431381226
2035,Yes,0.7230355143547058
2036,Yes,0.6913896203041077
2037,Yes,0.7129084467887878
2038,Yes,0.664313793182373
2039,Yes,0.6908702850341797
2040,Yes,0.6657531261444092
2041,Yes,0.7025279402732849
2042,Yes,0.67605060338974
2043,Yes,0.6893604397773743
2044,Yes,0.6404761672019958
2045,Yes,0.6633934378623962
2046,Yes,0.6166923642158508
2047,Yes,0.6136742830276489
2048,Yes,0.6139561533927917
2049,Yes,0.6770680546760559
2050,Yes,0.6709930300712585
2051,Yes,0.6909126043319702
2052,Yes,0.6833772659301758
2053,Yes,0.7054960131645203
2054,Yes,0.6792206764221191
2055,Yes,0.6958728432655334
2056,Yes,0.6809512376785278
2057,Yes,0.7259246706962585
2058,Yes,0.6860796213150024
2059,Yes,0.6725667119026184
2060,Yes,0.6813614368438721
2061,Yes,0.685228168964386
2062,Yes,0.6754630208015442
2063,Yes,0.6848562359809875
2064,Yes,0.6802723407745361
2065,Yes,0.6517508029937744
2066,Yes,0.5604144334793091
2067,Yes,0.5904521942138672
2068,Yes,0.6144192218780518
2069,Yes,0.7064864635467529
2070,Yes,0.6804683208465576
2071,Yes,0.6842951774597168
2072,Yes,0.6413513422012329
2073,Yes,0.73911052942276
2074,Yes,0.6749060153961182
2075,Yes,0.7010231614112854
2076,Yes,0.6799783706665039
2077,Yes,0.7025279402732849
2078,Yes,0.67605060338974
2079,Yes,0.6893604397773743
2080,Yes,0.6404761672019958
2081,Yes,0.65160071849823
2082,Yes,0.5932430624961853
2083,Yes,0.6262809038162231
2084,Yes,0.6204727292060852
2085,Yes,0.6635735034942627
2086,Yes,0.6654403805732727
2087,Yes,0.6525553464889526
2088,Yes,0.6173290014266968
2089,Yes,0.7394802570343018
2090,Yes,0.7203047275543213
2091,Yes,0.7263204455375671
2092,Yes,0.7113968133926392
2093,Yes,0.6918581128120422
2094,Yes,0.681824803352356
2095,Yes,0.6965517401695251
2096,Yes,0.6714714169502258
2097,Yes,0.6456156969070435
2098,Yes,0.6125332713127136
2099,Yes,0.6086022257804871
2100,Yes,0.5833407044410706
2101,Yes,0.6229174733161926
2102,Yes,0.5915407538414001
2103,Yes,0.625542163848877
2104,Yes,0.5936304926872253
2105,Yes,0.6752795577049255
2106,Yes,0.6457245945930481
2107,Yes,0.6744411587715149
2108,Yes,0.6172864437103271
2109,Yes,0.6597046852111816
2110,Yes,0.6004765033721924
2111,Yes,0.613064169883728
2112,Yes,0.5828240513801575
2113,Yes,0.7022256851196289
2114,Yes,0.6682506799697876
2115,Yes,0.6763516068458557
2116,Yes,0.6353752613067627
2117,Yes,0.7531049847602844
2118,Yes,0.7063852548599243
2119,Yes,0.7392809987068176
2120,Yes,0.6958681344985962
2121,Yes,0.6908900737762451
2122,Yes,0.6581946611404419
2123,Yes,0.6193025708198547
2124,Yes,0.5749490857124329
2125,Yes,0.6729880571365356
2126,Yes,0.5974368453025818
2127,Yes,0.6391414403915405
2128,Yes,0.5581177473068237
2129,Yes,0.6590348482131958
2130,Yes,0.5981140732765198
2131,Yes,0.6264451146125793
2132,Yes,0.5648195147514343
2133,Yes,0.6537096500396729
2134,Yes,0.6151519417762756
2135,Yes,0.6409425139427185
2136,Yes,0.6105526089668274
2137,Yes,0.6875000596046448
2138,Yes,0.6272872090339661
2139,Yes,0.6308950781822205
2140,Yes,0.5700292587280273
2141,Yes,0.6624433994293213
2142,Yes,0.6360153555870056
2143,Yes,0.6538772583007812
2144,Yes,0.6390158534049988
2145,Yes,0.7131606340408325
2146,Yes,0.6538394093513489
2147,Yes,0.6615437865257263
2148,Yes,0.6063446402549744
2149,Yes,0.683659553527832
2150,Yes,0.6693218350410461
2151,Yes,0.633463978767395
2152,Yes,0.607306718826294
2153,Yes,0.6368812322616577
2154,Yes,0.6025707721710205
2155,Yes,0.6150979995727539
2156,Yes,0.5977519154548645
2157,Yes,0.6282901167869568
2158,Yes,0.590705394744873
2159,Yes,0.6109602451324463
2160,Yes,0.5920936465263367
2161,Yes,0.7266592979431152
2162,Yes,0.7089235782623291
2163,Yes,0.7000492215156555
2164,Yes,0.669808030128479
2165,Yes,0.7000705003738403
2166,Yes,0.6418536305427551
2167,Yes,0.6971042156219482
2168,Yes,0.6331067681312561
2169,Yes,0.6870288252830505
2170,Yes,0.6639243364334106
2171,Yes,0.6548944115638733
2172,Yes,0.5929451584815979
2173,Yes,0.7013230919837952
2174,Yes,0.6636199355125427
2175,Yes,0.6943836212158203
2176,Yes,0.6450906991958618
2177,Yes,0.6449131369590759
2178,Yes,0.6214026808738708
2179,Yes,0.6001362204551697
2180,Yes,0.5476327538490295
2181,Yes,0.6528549194335938
2182,Yes,0.6613419055938721
2183,Yes,0.653235912322998
2184,Yes,0.6405550837516785
2185,Yes,0.6718764305114746
2186,Yes,0.6791943907737732
2187,Yes,0.6441397666931152
2188,Yes,0.6311002373695374
2189,Yes,0.6530013680458069
2190,Yes,0.6430734992027283
2191,Yes,0.6277229189872742
2192,Yes,0.6362114548683167
2193,Yes,0.7002381682395935
2194,Yes,0.7076600193977356
2195,Yes,0.664827823638916
2196,Yes,0.6708986163139343
2197,Yes,0.7631792426109314
2198,Yes,0.7476135492324829
2199,Yes,0.7230137586593628
2200,Yes,0.7225117087364197
2201,Yes,0.6698538661003113
2202,Yes,0.6697834730148315
2203,Yes,0.6384700536727905
2204,Yes,0.6470490097999573
2205,Yes,0.7319663166999817
2206,Yes,0.7029621601104736
2207,Yes,0.6676393747329712
2208,Yes,0.6731489300727844
2209,Yes,0.7009458541870117
2210,Yes,0.6675505638122559
2211,Yes,0.6704093813896179
2212,Yes,0.6741313338279724
2213,Yes,0.6818696856498718
2214,Yes,0.6647034287452698
2215,Yes,0.624023973941803
2216,Yes,0.6296898722648621
2217,Yes,0.6516123414039612
2218,Yes,0.6353276968002319
2219,Yes,0.6453947424888611
2220,Yes,0.6380172967910767
2221,Yes,0.6046533584594727
2222,Yes,0.578572690486908
2223,Yes,0.5806321501731873
2224,Yes,0.5678758025169373
2225,Yes,0.720312237739563
2226,Yes,0.7063249945640564
2227,Yes,0.6720685362815857
2228,Yes,0.6762939095497131
2229,Yes,0.6964433193206787
2230,Yes,0.7123459577560425
2231,Yes,0.6708548665046692
2232,Yes,0.6773285269737244
2233,Yes,0.7602306604385376
2234,Yes,0.7683873176574707
2235,Yes,0.7079985737800598
2236,Yes,0.7140570878982544
2237,Yes,0.7015622854232788
2238,Yes,0.6834868788719177
2239,Yes,0.6590324640274048
2240,Yes,0.6562497615814209
2241,Yes,0.7579059600830078
2242,Yes,0.7236710786819458
2243,Yes,0.6573427319526672
2244,Yes,0.7229579091072083
2245,Yes,0.7024292349815369
2246,Yes,0.7243251204490662
2247,Yes,0.6703702211380005
2248,Yes,0.7284122705459595
2249,Yes,0.7055508494377136
2250,Yes,0.6767417788505554
2251,Yes,0.654262363910675
2252,Yes,0.6717488765716553
2253,Yes,0.7201094031333923
2254,Yes,0.6892014741897583
2255,Yes,0.6485664248466492
2256,Yes,0.6538367867469788
2257,Yes,0.7039783596992493
2258,Yes,0.6572996973991394
2259,Yes,0.6561662554740906
2260,Yes,0.6471160054206848
2261,Yes,0.6527352929115295
2262,Yes,0.599071741104126
2263,Yes,0.6138291358947754
2264,Yes,0.6309793591499329
2265,Yes,0.6870866417884827
2266,Yes,0.6802825927734375
2267,Yes,0.6201151013374329
2268,Yes,0.6236032247543335
2269,Yes,0.6369487047195435
2270,Yes,0.650354266166687
2271,Yes,0.6551160216331482
2272,Yes,0.6370221376419067
2273,Yes,0.6496067643165588
2274,Yes,0.6211901307106018
2275,Yes,0.6421233415603638
2276,Yes,0.6384562849998474
2277,Yes,0.7242149710655212
2278,Yes,0.7222505211830139
2279,Yes,0.7129531502723694
2280,Yes,0.6936277151107788
2281,Yes,0.6791684627532959
2282,Yes,0.6893311142921448
2283,Yes,0.6550050973892212
2284,Yes,0.6502274870872498
2285,Yes,0.6761685609817505
2286,Yes,0.6567164063453674
2287,Yes,0.6608340740203857
2288,Yes,0.6530717015266418
2289,Yes,0.6508947014808655
2290,Yes,0.6644020676612854
2291,Yes,0.654207170009613
2292,Yes,0.6572549343109131
2293,Yes,0.5994586944580078
2294,Yes,0.5917841196060181
2295,Yes,0.5735936760902405
2296,Yes,0.6035263538360596
2297,Yes,0.6639394760131836
2298,Yes,0.6191691160202026
2299,Yes,0.6131143569946289
2300,Yes,0.610893726348877
2301,Yes,0.6311174035072327
2302,Yes,0.626570463180542
2303,Yes,0.634291410446167
2304,Yes,0.6270776391029358
2305,Yes,0.6579301953315735
2306,Yes,0.6181300282478333
2307,Yes,0.6810144782066345
2308,Yes,0.6373463273048401
2309,Yes,0.6706908941268921
2310,Yes,0.6676431894302368
2311,Yes,0.7094584703445435
2312,Yes,0.6952444911003113
2313,Yes,0.6791636347770691
2314,Yes,0.6555271744728088
2315,Yes,0.6755161285400391
2316,Yes,0.63884037733078
2317,Yes,0.6815189719200134
2318,Yes,0.6591111421585083
2319,Yes,0.6314577460289001
2320,Yes,0.5538701415061951
2321,Yes,0.6727346777915955
2322,Yes,0.6274831295013428
2323,Yes,0.6493948101997375
2324,Yes,0.6331800222396851
2325,Yes,0.6495662927627563
2326,Yes,0.6478024125099182
2327,Yes,0.6485116481781006
2328,Yes,0.6416942477226257
2329,Yes,0.6881940364837646
2330,Yes,0.6576345562934875
2331,Yes,0.6588205695152283
2332,Yes,0.6350517272949219
2333,Yes,0.6716082692146301
2334,Yes,0.6083420515060425
2335,Yes,0.6229977607727051
2336,Yes,0.591996967792511
2337,Yes,0.6396804451942444
2338,Yes,0.6003709435462952
2339,Yes,0.6004080176353455
2340,Yes,0.5827360153198242
2341,Yes,0.6984326839447021
2342,Yes,0.6601487994194031
2343,Yes,0.6817534565925598
2344,Yes,0.6546176671981812
2345,Yes,0.7109892964363098
2346,Yes,0.6642390489578247
2347,Yes,0.7230881452560425
2348,Yes,0.6934207677841187
2349,Yes,0.7103005647659302
2350,Yes,0.6684641242027283
2351,Yes,0.6757709383964539
2352,Yes,0.6433200240135193
2353,Yes,0.6465202569961548
2354,Yes,0.6363474130630493
2355,Yes,0.629980742931366
2356,Yes,0.6351947784423828
2357,Yes,0.6645815372467041
2358,Yes,0.6437309980392456
2359,Yes,0.5993745923042297
2360,Yes,0.6277017593383789
2361,Yes,0.6578508615493774
2362,Yes,0.6569789052009583
2363,Yes,0.6359410285949707
2364,Yes,0.6458454728126526
2365,Yes,0.6509485244750977
2366,Yes,0.612258791923523
2367,Yes,0.6340543031692505
2368,Yes,0.6311380863189697
2369,Yes,0.6933093070983887
2370,Yes,0.6957167387008667
2371,Yes,0.6668589115142822
2372,Yes,0.6796797513961792
2373,Yes,0.6329782009124756
2374,Yes,0.6207747459411621
2375,Yes,0.5858046412467957
2376,Yes,0.6024091839790344
2377,Yes,0.6567220091819763
2378,Yes,0.6644997000694275
2379,Yes,0.5983153581619263
2380,Yes,0.6394131779670715
2381,Yes,0.6823809146881104
2382,Yes,0.6644823551177979
2383,Yes,0.6044245958328247
2384,Yes,0.6218222975730896
2385,Yes,0.6069985628128052
2386,Yes,0.6214905381202698
2387,Yes,0.6350478529930115
2388,Yes,0.6098144054412842
2389,Yes,0.699863851070404
2390,Yes,0.7508965134620667
2391,Yes,0.7367665767669678
2392,Yes,0.7569351196289062
2393,Yes,0.6353737711906433
2394,Yes,0.640992283821106
2395,Yes,0.6310449838638306
2396,Yes,0.635342001914978
2397,Yes,0.6622740030288696
2398,Yes,0.6695480942726135
2399,Yes,0.5830278992652893
2400,Yes,0.5938426852226257
2401,Yes,0.742015540599823
2402,Yes,0.6939674019813538
2403,Yes,0.7201116681098938
2404,Yes,0.6852960586547852
2405,Yes,0.7416494488716125
2406,Yes,0.6638695597648621
2407,Yes,0.7060098648071289
2408,Yes,0.6632425785064697
2409,Yes,0.7693682909011841
2410,Yes,0.7285279035568237
2411,Yes,0.7459654211997986
2412,Yes,0.6997755765914917
2413,Yes,0.7356982827186584
2414,Yes,0.6681222915649414
2415,Yes,0.7155810594558716
2416,Yes,0.6529338359832764
2417,Yes,0.6735550761222839
2418,Yes,0.6177470684051514
2419,Yes,0.6043995022773743
2420,Yes,0.6041091680526733
2421,Yes,0.6647284626960754
2422,Yes,0.6237300038337708
2423,Yes,0.6255675554275513
2424,Yes,0.5581997036933899
2425,Yes,0.6043946146965027
2426,Yes,0.5702992081642151
2427,Yes,0.5973185300827026
2428,Yes,0.5789923667907715
2429,Yes,0.7010350823402405
2430,Yes,0.6827867031097412
2431,Yes,0.7061855792999268
2432,Yes,0.5945934057235718
2433,Yes,0.6432308554649353
2434,Yes,0.6272326707839966
2435,Yes,0.6376116871833801
2436,Yes,0.6030313372612
2437,Yes,0.6401589512825012
2438,Yes,0.6125728487968445
2439,Yes,0.6240138411521912
2440,Yes,0.59935462474823
2441,Yes,0.6714950203895569
2442,Yes,0.6673011183738708
2443,Yes,0.670006513595581
2444,Yes,0.6387938261032104
2445,Yes,0.6490459442138672
2446,Yes,0.6191145777702332
2447,Yes,0.6388224363327026
2448,Yes,0.6109296679496765
2449,Yes,0.6626064777374268
2450,Yes,0.6205964684486389
2451,Yes,0.6241945028305054
2452,Yes,0.6440308690071106
2453,Yes,0.6566442251205444
2454,Yes,0.6282243132591248
2455,Yes,0.6252045035362244
2456,Yes,0.6218236684799194
2457,Yes,0.6685964465141296
2458,Yes,0.6284385919570923
2459,Yes,0.652694821357727
2460,Yes,0.6461929678916931
2461,Yes,0.6281577944755554
2462,Yes,0.6337462663650513
2463,Yes,0.6400895118713379
2464,Yes,0.6404577493667603
2465,Yes,0.7178129553794861
2466,Yes,0.6746991276741028
2467,Yes,0.6981895565986633
2468,Yes,0.66496741771698
2469,Yes,0.7082506418228149
2470,Yes,0.6541889309883118
2471,Yes,0.6501911282539368
2472,Yes,0.6596135497093201
2473,Yes,0.681596040725708
2474,Yes,0.6359351873397827
2475,Yes,0.6962302327156067
2476,Yes,0.651776909828186
2477,Yes,0.7310174703598022
2478,Yes,0.7272751927375793
2479,Yes,0.7200234532356262
2480,Yes,0.6684593558311462
2481,Yes,0.7013490200042725
2482,Yes,0.6557365655899048
2483,Yes,0.6455642580986023
2484,Yes,0.6092276573181152
2485,Yes,0.7131270170211792
2486,Yes,0.6924618482589722
2487,Yes,0.7249280214309692
2488,Yes,0.6826455593109131
2489,Yes,0.6713376045227051
2490,Yes,0.6357896327972412
2491,Yes,0.6391423940658569
2492,Yes,0.6157559752464294
2493,Yes,0.7170276641845703
2494,Yes,0.6814790368080139
2495,Yes,0.6909397840499878
2496,Yes,0.6357948184013367
2497,Yes,0.7707123160362244
2498,Yes,0.728579580783844
2499,Yes,0.7696135640144348
2500,Yes,0.726661205291748
2501,Yes,0.6854637265205383
2502,Yes,0.6289945840835571
2503,Yes,0.6293438076972961
2504,Yes,0.6217449307441711
2505,Yes,0.6649515628814697
2506,Yes,0.5844485759735107
2507,Yes,0.610909104347229
2508,Yes,0.5990743041038513
2509,Yes,0.7104074358940125
2510,Yes,0.6644310355186462
2511,Yes,0.6981390118598938
2512,Yes,0.6804487109184265
2513,Yes,0.6325154900550842
2514,Yes,0.5401989221572876
2515,Yes,0.5242958068847656
2516,Yes,0.5598016381263733
2517,Yes,0.6862626075744629
2518,Yes,0.6719996929168701
2519,Yes,0.6177361607551575
2520,Yes,0.5516161322593689
2521,Yes,0.6894961595535278
2522,Yes,0.6547365784645081
2523,Yes,0.6018871068954468
2524,Yes,0.6001483201980591
2525,Yes,0.7060905694961548
2526,Yes,0.6697599291801453
2527,Yes,0.6530013084411621
2528,Yes,0.5997481942176819
2529,Yes,0.6891725659370422
2530,Yes,0.669297993183136
2531,Yes,0.651347815990448
2532,Yes,0.5709888339042664
2533,Yes,0.7279638648033142
2534,Yes,0.6787967085838318
2535,Yes,0.6818497180938721
2536,Yes,0.6266516447067261
2537,Yes,0.6439710259437561
2538,Yes,0.5499434471130371
2539,Yes,0.5284436345100403
2540,Yes,0.561682403087616
2541,Yes,0.677263081073761
2542,Yes,0.6226247549057007
2543,Yes,0.6090772747993469
2544,Yes,0.5741196870803833
2545,Yes,0.6664141416549683
2546,Yes,0.6539616584777832
2547,Yes,0.6507933139801025
2548,Yes,0.6540655493736267
2549,Yes,0.6793691515922546
2550,Yes,0.6619983911514282
2551,Yes,0.675740122795105
2552,Yes,0.645407497882843
2553,Yes,0.6517114043235779
2554,Yes,0.6167454719543457
2555,Yes,0.6483142971992493
2556,Yes,0.6462714672088623
2557,Yes,0.6137608289718628
2558,Yes,0.653007447719574
2559,Yes,0.6938595175743103
2560,Yes,0.6971400380134583
2561,Yes,0.6459683179855347
2562,Yes,0.6235615015029907
2563,Yes,0.661130428314209
2564,Yes,0.6476962566375732
2565,Yes,0.6929111480712891
2566,Yes,0.6683812141418457
2567,Yes,0.7086478471755981
2568,Yes,0.6910297870635986
2569,Yes,0.7146948575973511
2570,Yes,0.7075926661491394
2571,Yes,0.7045075297355652
2572,Yes,0.6915006637573242
2573,Yes,0.6661964058876038
2574,Yes,0.6408708095550537
2575,Yes,0.6444392800331116
2576,Yes,0.6212644577026367
2577,Yes,0.7497730255126953
2578,Yes,0.7100771069526672
2579,Yes,0.7121101021766663
2580,Yes,0.6944894790649414
2581,Yes,0.6654523611068726
2582,Yes,0.6275017261505127
2583,Yes,0.6410681009292603
2584,Yes,0.6266200542449951
2585,Yes,0.7142378091812134
2586,Yes,0.6820787191390991
2587,Yes,0.7215341925621033
2588,Yes,0.7032445073127747
2589,Yes,0.6760221719741821
2590,Yes,0.6559977531433105
2591,Yes,0.6491060853004456
2592,Yes,0.6449688673019409
2593,Yes,0.7302790284156799
2594,Yes,0.6875181198120117
2595,Yes,0.7112610340118408
2596,Yes,0.6622412204742432
2597,Yes,0.7217140793800354
2598,Yes,0.6888287663459778
2599,Yes,0.7078443765640259
2600,Yes,0.6772496104240417
2601,Yes,0.6855706572532654
2602,Yes,0.6433069109916687
2603,Yes,0.6993163824081421
2604,Yes,0.6630332469940186
2605,Yes,0.726317822933197
2606,Yes,0.6907204985618591
2607,Yes,0.7301231622695923
2608,Yes,0.6760702729225159
2609,Yes,0.7419185638427734
2610,Yes,0.6796557903289795
2611,Yes,0.6914869546890259
2612,Yes,0.6584268808364868
2613,Yes,0.7408385872840881
2614,Yes,0.6605669856071472
2615,Yes,0.7166197299957275
2616,Yes,0.6363950967788696
2617,Yes,0.7028212547302246
2618,Yes,0.6562995910644531
2619,Yes,0.6964113116264343
2620,Yes,0.6839105486869812
2621,Yes,0.7265552282333374
2622,Yes,0.644602358341217
2623,Yes,0.6755871772766113
2624,Yes,0.5805057883262634
2625,Yes,0.6859975457191467
2626,Yes,0.6693175435066223
2627,Yes,0.6944304704666138
2628,Yes,0.6570386290550232
2629,Yes,0.7520684003829956
2630,Yes,0.7208208441734314
2631,Yes,0.7270914912223816
2632,Yes,0.6930220127105713
2633,Yes,0.7193455696105957
2634,Yes,0.6784113645553589
2635,Yes,0.6978771686553955
2636,Yes,0.6657747626304626
2637,Yes,0.7289649248123169
2638,Yes,0.6950221657752991
2639,Yes,0.722629964351654
2640,Yes,0.702482283115387
2641,Yes,0.7070010900497437
2642,Yes,0.6622960567474365
2643,Yes,0.6567656397819519
2644,Yes,0.6215729117393494
2645,Yes,0.7402185201644897
2646,Yes,0.7130948305130005
2647,Yes,0.7536497116088867
2648,Yes,0.7344785332679749
2649,Yes,0.7308549880981445
2650,Yes,0.6686045527458191
2651,Yes,0.6955649256706238
2652,Yes,0.679703414440155
2653,Yes,0.7600787281990051
2654,Yes,0.7225304245948792
2655,Yes,0.7181888818740845
2656,Yes,0.6962468028068542
2657,Yes,0.7021645307540894
2658,Yes,0.6529795527458191
2659,Yes,0.690616250038147
2660,Yes,0.6549319624900818
2661,Yes,0.718079149723053
2662,Yes,0.6882103085517883
2663,Yes,0.7163578867912292
2664,Yes,0.6706773638725281
2665,Yes,0.7006227374076843
2666,Yes,0.6847480535507202
2667,Yes,0.6697304844856262
2668,Yes,0.6479397416114807
2669,Yes,0.7507030367851257
2670,Yes,0.7234312295913696
2671,Yes,0.6947921514511108
2672,Yes,0.6576387882232666
2673,Yes,0.718079149723053
2674,Yes,0.6882103085517883
2675,Yes,0.7163578867912292
2676,Yes,0.6706773638725281
2677,Yes,0.6721765398979187
2678,Yes,0.6560649871826172
2679,Yes,0.6907002329826355
2680,Yes,0.6683906316757202
2681,Yes,0.6604561805725098
2682,Yes,0.6220505237579346
2683,Yes,0.6238270998001099
2684,Yes,0.6367931962013245
2685,Yes,0.7393190264701843
2686,Yes,0.7457407712936401
2687,Yes,0.7396726012229919
2688,Yes,0.6921991109848022
2689,Yes,0.6878014802932739
2690,Yes,0.6523727178573608
2691,Yes,0.6375253200531006
2692,Yes,0.622074544429779
2693,Yes,0.7088217735290527
2694,Yes,0.7030696272850037
2695,Yes,0.6784184575080872
2696,Yes,0.6488888263702393
2697,Yes,0.6793381571769714
2698,Yes,0.6277283430099487
2699,Yes,0.6384605169296265
2700,Yes,0.6250044703483582
2701,Yes,0.7601913809776306
2702,Yes,0.728674054145813
2703,Yes,0.7361896634101868
2704,Yes,0.713318943977356
2705,Yes,0.7080092430114746
2706,Yes,0.6595345735549927
2707,Yes,0.6616303324699402
2708,Yes,0.6100105047225952
2709,Yes,0.7120645642280579
2710,Yes,0.6182942390441895
2711,Yes,0.6184305548667908
2712,Yes,0.5904527306556702
2713,Yes,0.6373282670974731
2714,Yes,0.6068222522735596
2715,Yes,0.6614876985549927
2716,Yes,0.6607506275177002
2717,Yes,0.6866034865379333
2718,Yes,0.6666212677955627
2719,Yes,0.6766461730003357
2720,Yes,0.6297371983528137
2721,Yes,0.6545500159263611
2722,Yes,0.6250212788581848
2723,Yes,0.6378377079963684
2724,Yes,0.6176636219024658
2725,Yes,0.6971390843391418
2726,Yes,0.6334366202354431
2727,Yes,0.6958447694778442
2728,Yes,0.6618071794509888
2729,Yes,0.6790380477905273
2730,Yes,0.6244850754737854
2731,Yes,0.6574070453643799
2732,Yes,0.6053512096405029
2733,Yes,0.6614232063293457
2734,Yes,0.6314172744750977
2735,Yes,0.6304572820663452
2736,Yes,0.6138870120048523
2737,Yes,0.6977383494377136
2738,Yes,0.6656277775764465
2739,Yes,0.6775962114334106
2740,Yes,0.6376506090164185
2741,Yes,0.6638481616973877
2742,Yes,0.634735643863678
2743,Yes,0.6702115535736084
2744,Yes,0.6261900663375854
2745,Yes,0.5663992762565613
2746,Yes,0.5309414863586426
2747,Yes,0.5864477753639221
2748,Yes,0.5828365683555603
2749,Yes,0.6617213487625122
2750,Yes,0.6008466482162476
2751,Yes,0.642797589302063
2752,Yes,0.6209356188774109
2753,Yes,0.6415340304374695
2754,Yes,0.625791072845459
2755,Yes,0.6426330804824829
2756,Yes,0.6479666829109192
2757,Yes,0.6742480397224426
2758,Yes,0.634320080280304
2759,Yes,0.7084435224533081
2760,Yes,0.6005116701126099
2761,Yes,0.6545500159263611
2762,Yes,0.6250212788581848
2763,Yes,0.6378377079963684
2764,Yes,0.6176636219024658
2765,Yes,0.7385880351066589
2766,Yes,0.6736587882041931
2767,Yes,0.7063385844230652
2768,Yes,0.6783671379089355
2769,Yes,0.6914390921592712
2770,Yes,0.6926068663597107
2771,Yes,0.6813427209854126
2772,Yes,0.6709498763084412
2773,Yes,0.6628361940383911
2774,Yes,0.5949235558509827
2775,Yes,0.6661525964736938
2776,Yes,0.6481137275695801
2777,Yes,0.6345502138137817
2778,Yes,0.5692116618156433
2779,Yes,0.6189535856246948
2780,Yes,0.5780125260353088
2781,Yes,0.6901775598526001
2782,Yes,0.6429193019866943
2783,Yes,0.670069694519043
2784,Yes,0.6273778080940247
2785,Yes,0.7034490704536438
2786,Yes,0.617031991481781
2787,Yes,0.6825999617576599
2788,Yes,0.6367843151092529
2789,Yes,0.6693546175956726
2790,Yes,0.5707131028175354
2791,Yes,0.6514886617660522
2792,Yes,0.5816386342048645
2793,Yes,0.7177237272262573
2794,Yes,0.6422659754753113
2795,Yes,0.7267203330993652
2796,Yes,0.6649714708328247
2797,Yes,0.6863415241241455
2798,Yes,0.5677271485328674
2799,Yes,0.6493024230003357
2800,Yes,0.5916471481323242
2801,Yes,0.6926160454750061
2802,Yes,0.6755627393722534
2803,Yes,0.6958526968955994
2804,Yes,0.6775627136230469
2805,Yes,0.683333158493042
2806,Yes,0.665091335773468
2807,Yes,0.6826640367507935
2808,Yes,0.6537090539932251
2809,Yes,0.6824074387550354
2810,Yes,0.6600246429443359
2811,Yes,0.6779849529266357
2812,Yes,0.6508743166923523
2813,Yes,0.6672321557998657
2814,Yes,0.6895809173583984
2815,Yes,0.6762061715126038
2816,Yes,0.6753383874893188
2817,Yes,0.6584571003913879
2818,Yes,0.6339173316955566
2819,Yes,0.6159909963607788
2820,Yes,0.6287099123001099
2821,Yes,0.7105317711830139
2822,Yes,0.6896499395370483
2823,Yes,0.7198673486709595
2824,Yes,0.6944515109062195
2825,Yes,0.6570817232131958
2826,Yes,0.6431747674942017
2827,Yes,0.6425157785415649
2828,Yes,0.6241878867149353
2829,Yes,0.6783754229545593
2830,Yes,0.6627644896507263
2831,Yes,0.6362727284431458
2832,Yes,0.6106188893318176
2833,Yes,0.6741557717323303
2834,Yes,0.6757382750511169
2835,Yes,0.6566429138183594
2836,Yes,0.6220006942749023
2837,Yes,0.7204713821411133
2838,Yes,0.6993964910507202
2839,Yes,0.705220103263855
2840,Yes,0.6746418476104736
2841,Yes,0.6296430230140686
2842,Yes,0.604889452457428
2843,Yes,0.6218741536140442
2844,Yes,0.6260536313056946
2845,Yes,0.7227946519851685
2846,Yes,0.7247021794319153
2847,Yes,0.6889525055885315
2848,Yes,0.7097906470298767
2849,Yes,0.8066034913063049
2850,Yes,0.7536334991455078
2851,Yes,0.7703996896743774
2852,Yes,0.7498968839645386
2853,Yes,0.6215655207633972
2854,Yes,0.6015001535415649
2855,Yes,0.6267855763435364
2856,Yes,0.6564557552337646
2857,Yes,0.6331302523612976
2858,Yes,0.5949366688728333
2859,Yes,0.5740595459938049
2860,Yes,0.5825841426849365
2861,Yes,0.6777627468109131
2862,Yes,0.6677366495132446
2863,Yes,0.6485161781311035
2864,Yes,0.6463005542755127
2865,Yes,0.6898422241210938
2866,Yes,0.7080692648887634
2867,Yes,0.6804125308990479
2868,Yes,0.661726176738739
2869,Yes,0.6966696381568909
2870,Yes,0.6720437407493591
2871,Yes,0.6632719039916992
2872,Yes,0.6376280784606934
2873,Yes,0.6762869954109192
2874,Yes,0.6598040461540222
2875,Yes,0.6415702700614929
2876,Yes,0.6248776316642761
2877,Yes,0.6791506409645081
2878,Yes,0.6539300680160522
2879,Yes,0.6422154903411865
2880,Yes,0.6104313731193542
2881,Yes,0.6681076884269714
2882,Yes,0.6656893491744995
2883,Yes,0.6929659247398376
2884,Yes,0.6754372715950012
2885,Yes,0.7722331881523132
2886,Yes,0.7632917761802673
2887,Yes,0.7773473858833313
2888,Yes,0.7622549533843994
2889,Yes,0.7175604104995728
2890,Yes,0.7147480249404907
2891,Yes,0.7415415644645691
2892,Yes,0.7146448493003845
2893,Yes,0.7188208699226379
2894,Yes,0.7336608171463013
2895,Yes,0.7110523581504822
2896,Yes,0.6305749416351318
2897,Yes,0.672171413898468
2898,Yes,0.6649928689002991
2899,Yes,0.6908111572265625
2900,Yes,0.6933008432388306
2901,Yes,0.6719430088996887
2902,Yes,0.6415826678276062
2903,Yes,0.625997006893158
2904,Yes,0.5377227663993835
2905,Yes,0.6953140497207642
2906,Yes,0.6945991516113281
2907,Yes,0.6987970471382141
2908,Yes,0.6973347067832947
2909,Yes,0.6864930987358093
2910,Yes,0.6581840515136719
2911,Yes,0.6748420596122742
2912,Yes,0.6755518913269043
2913,Yes,0.6708174347877502
2914,Yes,0.6742177605628967
2915,Yes,0.6239138841629028
2916,Yes,0.6235325336456299
2917,Yes,0.7090451717376709
2918,Yes,0.6918016076087952
2919,Yes,0.6634073257446289
2920,Yes,0.6655756831169128
2921,Yes,0.6981143355369568
2922,Yes,0.6669065952301025
2923,Yes,0.645788311958313
2924,Yes,0.6303917169570923
2925,Yes,0.6812134981155396
2926,Yes,0.6710944771766663
2927,Yes,0.6432329416275024
2928,Yes,0.6449606418609619
2929,Yes,0.756637692451477
2930,Yes,0.7388520836830139
2931,Yes,0.6900399327278137
2932,Yes,0.6594294905662537
2933,Yes,0.7045080661773682
2934,Yes,0.6613059043884277
2935,Yes,0.648504376411438
2936,Yes,0.6284892559051514
2937,Yes,0.6577534675598145
2938,Yes,0.6945938467979431
2939,Yes,0.6715298295021057
2940,Yes,0.653106153011322
2941,Yes,0.7361862659454346
2942,Yes,0.6945614814758301
2943,Yes,0.6960165500640869
2944,Yes,0.6621069312095642
2945,Yes,0.6634765863418579
2946,Yes,0.6287693381309509
2947,Yes,0.6577938199043274
2948,Yes,0.650209903717041
2949,Yes,0.6637021899223328
2950,Yes,0.6370385885238647
2951,Yes,0.6438620686531067
2952,Yes,0.6359171867370605
2953,Yes,0.6788172125816345
2954,Yes,0.662465512752533
2955,Yes,0.6734957695007324
2956,Yes,0.6440201997756958
2957,Yes,0.658363938331604
2958,Yes,0.6408292651176453
2959,Yes,0.6650614142417908
2960,Yes,0.6584178805351257
2961,Yes,0.6561911702156067
2962,Yes,0.6212608218193054
2963,Yes,0.6714187264442444
2964,Yes,0.6703037619590759
2965,Yes,0.6979371905326843
2966,Yes,0.7081573605537415
2967,Yes,0.7132530808448792
2968,Yes,0.6950696706771851
2969,Yes,0.6747676134109497
2970,Yes,0.669498085975647
2971,Yes,0.6832091808319092
2972,Yes,0.6830694079399109
2973,Yes,0.6506779789924622
2974,Yes,0.6259588599205017
2975,Yes,0.6569523215293884
2976,Yes,0.6769025325775146
2977,Yes,0.6568447351455688
2978,Yes,0.6746312975883484
2979,Yes,0.6749465465545654
2980,Yes,0.6401327848434448
2981,Yes,0.6369518041610718
2982,Yes,0.6523513197898865
2983,Yes,0.5848210453987122
2984,Yes,0.5730339884757996
2985,Yes,0.6736717224121094
2986,Yes,0.6946882605552673
2987,Yes,0.6803448796272278
2988,Yes,0.6686689853668213
2989,Yes,0.6445826888084412
2990,Yes,0.6571081876754761
2991,Yes,0.6299455165863037
2992,Yes,0.5980706810951233
2993,Yes,0.6671452522277832
2994,Yes,0.6698519587516785
2995,Yes,0.5982272624969482
2996,Yes,0.6002683043479919
2997,Yes,0.606853723526001
2998,Yes,0.5768601894378662
2999,Yes,0.5658041834831238
3000,Yes,0.577872633934021
3001,Yes,0.6419554948806763
3002,Yes,0.6506863236427307
3003,Yes,0.6368046402931213
3004,Yes,0.6103543043136597
3005,Yes,0.6344754695892334
3006,Yes,0.6216373443603516
3007,Yes,0.6136502027511597
3008,Yes,0.581517219543457
3009,Yes,0.6691176891326904
3010,Yes,0.6544433236122131
3011,Yes,0.6175549030303955
3012,Yes,0.6120822429656982
3013,Yes,0.6600973606109619
3014,Yes,0.6381240487098694
3015,Yes,0.6205576062202454
3016,Yes,0.5598901510238647
3017,Yes,0.6586459279060364
3018,Yes,0.6298406720161438
3019,Yes,0.57012939453125
3020,Yes,0.5937269926071167
3021,Yes,0.7124575972557068
3022,Yes,0.6893113851547241
3023,Yes,0.6643557548522949
3024,Yes,0.5660234093666077
3025,Yes,0.6732809543609619
3026,Yes,0.6386850476264954
3027,Yes,0.6182767748832703
3028,Yes,0.5734372735023499
3029,Yes,0.6381058096885681
3030,Yes,0.6230020523071289
3031,Yes,0.5915141105651855
3032,Yes,0.5812368392944336
3033,Yes,0.6785911917686462
3034,Yes,0.6515450477600098
3035,Yes,0.637274444103241
3036,Yes,0.6324732303619385
3037,Yes,0.6744053959846497
3038,Yes,0.6588881015777588
3039,Yes,0.633673369884491
3040,Yes,0.6280397772789001
3041,Yes,0.5835173726081848
3042,Yes,0.5484236478805542
3043,Yes,0.5663473606109619
3044,Yes,0.5848370790481567
3045,Yes,0.650517463684082
3046,Yes,0.6306299567222595
3047,Yes,0.6529136300086975
3048,Yes,0.6155796051025391
3049,Yes,0.6902246475219727
3050,Yes,0.6798533201217651
3051,Yes,0.7101460695266724
3052,Yes,0.6771777272224426
3053,Yes,0.6417621374130249
3054,Yes,0.6252241134643555
3055,Yes,0.6841186881065369
3056,Yes,0.6541168093681335
3057,Yes,0.647409200668335
3058,Yes,0.6069217324256897
3059,Yes,0.6245117783546448
3060,Yes,0.568865180015564
3061,Yes,0.6676249504089355
3062,Yes,0.6163157224655151
3063,Yes,0.647721529006958
3064,Yes,0.6046675443649292
3065,Yes,0.6498986482620239
3066,Yes,0.6270844340324402
3067,Yes,0.6449320316314697
3068,Yes,0.5975252389907837
3069,Yes,0.6884429454803467
3070,Yes,0.6455568075180054
3071,Yes,0.6314374804496765
3072,Yes,0.613572359085083
3073,Yes,0.6686989068984985
3074,Yes,0.6523746252059937
3075,Yes,0.6600707769393921
3076,Yes,0.6376661658287048
3077,Yes,0.6896573901176453
3078,Yes,0.6499550342559814
3079,Yes,0.6332963705062866
3080,Yes,0.5886491537094116
3081,Yes,0.6463743448257446
3082,Yes,0.6473730206489563
3083,Yes,0.6573504209518433
3084,Yes,0.6162673830986023
3085,Yes,0.6684094667434692
3086,Yes,0.6383149027824402
3087,Yes,0.6617263555526733
3088,Yes,0.614277720451355
3089,Yes,0.6921676397323608
3090,Yes,0.6544346809387207
3091,Yes,0.7122716307640076
3092,Yes,0.6877454519271851
3093,Yes,0.6847341656684875
3094,Yes,0.62617427110672
3095,Yes,0.6485646367073059
3096,Yes,0.6158994436264038
3097,Yes,0.7395318746566772
3098,Yes,0.6959502100944519
3099,Yes,0.7112683653831482
3100,Yes,0.6930059790611267
3101,Yes,0.7087534070014954
3102,Yes,0.6527586579322815
3103,Yes,0.6839349865913391
3104,Yes,0.6065728664398193
3105,Yes,0.704926073551178
3106,Yes,0.6796587705612183
3107,Yes,0.7523441910743713
3108,Yes,0.7002572417259216
3109,Yes,0.6846126317977905
3110,Yes,0.6573304533958435
3111,Yes,0.6875459551811218
3112,Yes,0.6913696527481079
3113,Yes,0.6625626087188721
3114,Yes,0.5848098993301392
3115,Yes,0.625325620174408
3116,Yes,0.5580090880393982
3117,Yes,0.7058575749397278
3118,Yes,0.6916153430938721
3119,Yes,0.700673520565033
3120,Yes,0.6631208062171936
3121,Yes,0.7232401967048645
3122,Yes,0.6860031485557556
3123,Yes,0.7045298218727112
3124,Yes,0.6766095757484436
3125,Yes,0.7395318746566772
3126,Yes,0.6959502100944519
3127,Yes,0.7112683653831482
3128,Yes,0.6930059790611267
3129,Yes,0.6847341656684875
3130,Yes,0.62617427110672
3131,Yes,0.6485646367073059
3132,Yes,0.6158994436264038
3133,Yes,0.7183075547218323
3134,Yes,0.6989895105361938
3135,Yes,0.7106356024742126
3136,Yes,0.6859791278839111
3137,Yes,0.6234554052352905
3138,Yes,0.5934779644012451
3139,Yes,0.5775282382965088
3140,Yes,0.5877094268798828
3141,Yes,0.6239052414894104
3142,Yes,0.6039136648178101
3143,Yes,0.6205653548240662
3144,Yes,0.6150828003883362
3145,Yes,0.6830535531044006
3146,Yes,0.6518630981445312
3147,Yes,0.6633701324462891
3148,Yes,0.6663869619369507
3149,Yes,0.6756717562675476
3150,Yes,0.6419695019721985
3151,Yes,0.6439235806465149
3152,Yes,0.6429349780082703
3153,Yes,0.6510028839111328
3154,Yes,0.6639582514762878
3155,Yes,0.5931811928749084
3156,Yes,0.6075308322906494
3157,Yes,0.6691747307777405
3158,Yes,0.6605449318885803
3159,Yes,0.6429978609085083
3160,Yes,0.6291705965995789
3161,Yes,0.6609017252922058
3162,Yes,0.6460051536560059
3163,Yes,0.6249558329582214
3164,Yes,0.5951914191246033
3165,Yes,0.6974129676818848
3166,Yes,0.6906694769859314
3167,Yes,0.6462433338165283
3168,Yes,0.6434970498085022
3169,Yes,0.6566376090049744
3170,Yes,0.5959435105323792
3171,Yes,0.6291031241416931
3172,Yes,0.6123543381690979
3173,Yes,0.7138147950172424
3174,Yes,0.6726769804954529
3175,Yes,0.6963647603988647
3176,Yes,0.6659773588180542
3177,Yes,0.7010266780853271
3178,Yes,0.6261886954307556
3179,Yes,0.7064805626869202
3180,Yes,0.6341400742530823
3181,Yes,0.6848641633987427
3182,Yes,0.6662101149559021
3183,Yes,0.6750410795211792
3184,Yes,0.6396158337593079
3185,Yes,0.7053837180137634
3186,Yes,0.6845710277557373
3187,Yes,0.6845439672470093
3188,Yes,0.6564751267433167
3189,Yes,0.6252433061599731
3190,Yes,0.6180567145347595
3191,Yes,0.6198916435241699
3192,Yes,0.634870707988739
3193,Yes,0.6491519808769226
3194,Yes,0.6278961300849915
3195,Yes,0.6372089982032776
3196,Yes,0.6133267879486084
3197,Yes,0.6615378856658936
3198,Yes,0.6364349126815796
3199,Yes,0.6788610816001892
3200,Yes,0.6080326437950134
3201,Yes,0.6592115759849548
3202,Yes,0.6532680988311768
3203,Yes,0.645454466342926
3204,Yes,0.6676733493804932
3205,Yes,0.7422072887420654
3206,Yes,0.7117542028427124
3207,Yes,0.7044337391853333
3208,Yes,0.7193931341171265
3209,Yes,0.6643224954605103
3210,Yes,0.6568544507026672
3211,Yes,0.6308892965316772
3212,Yes,0.6508408188819885
3213,Yes,0.6932845711708069
3214,Yes,0.6789295077323914
3215,Yes,0.6585714221000671
3216,Yes,0.6601355671882629
3217,Yes,0.6865673065185547
3218,Yes,0.6181313991546631
3219,Yes,0.5729832053184509
3220,Yes,0.5786019563674927
3221,Yes,0.6467927098274231
3222,Yes,0.6058403849601746
3223,Yes,0.5881842374801636
3224,Yes,0.5932997465133667
3225,Yes,0.6743260025978088
3226,Yes,0.6951954960823059
3227,Yes,0.7021344900131226
3228,Yes,0.7164968848228455
3229,Yes,0.6430158615112305
3230,Yes,0.6503931879997253
3231,Yes,0.6533291935920715
3232,Yes,0.6391065716743469
3233,Yes,0.632300615310669
3234,Yes,0.6147009134292603
3235,Yes,0.6224323511123657
3236,Yes,0.6335610747337341
3237,Yes,0.6387302279472351
3238,Yes,0.6226750016212463
3239,Yes,0.6270798444747925
3240,Yes,0.6276626586914062
3241,Yes,0.6586089730262756
3242,Yes,0.6396273970603943
3243,Yes,0.6145692467689514
3244,Yes,0.6367037296295166
3245,Yes,0.7765281200408936
3246,Yes,0.7615141868591309
3247,Yes,0.7441160678863525
3248,Yes,0.758397102355957
3249,Yes,0.7901475429534912
3250,Yes,0.7583667039871216
3251,Yes,0.7073231339454651
3252,Yes,0.7006929516792297
3253,Yes,0.6350191831588745
3254,Yes,0.5910201072692871
3255,Yes,0.673265278339386
3256,Yes,0.6399692893028259
3257,Yes,0.6844624280929565
3258,Yes,0.6556370854377747
3259,Yes,0.6676864624023438
3260,Yes,0.6475391983985901
3261,Yes,0.6652159690856934
3262,Yes,0.6551569700241089
3263,Yes,0.6203175187110901
3264,Yes,0.6149724125862122
3265,Yes,0.6649947166442871
3266,Yes,0.6415956020355225
3267,Yes,0.6481473445892334
3268,Yes,0.6204419732093811
3269,Yes,0.6787360906600952
3270,Yes,0.653264045715332
3271,Yes,0.7009691596031189
3272,Yes,0.676559329032898
3273,Yes,0.6989222168922424
3274,Yes,0.6711872220039368
3275,Yes,0.6653454303741455
3276,Yes,0.617687463760376
3277,Yes,0.7901475429534912
3278,Yes,0.7583667039871216
3279,Yes,0.7073231339454651
3280,Yes,0.7006929516792297
3281,Yes,0.6793588995933533
3282,Yes,0.6684350371360779
3283,Yes,0.6724487543106079
3284,Yes,0.6476725339889526
3285,Yes,0.6750586628913879
3286,Yes,0.6431978940963745
3287,Yes,0.594640851020813
3288,Yes,0.5945831537246704
3289,Yes,0.7116988301277161
3290,Yes,0.6834033727645874
3291,Yes,0.6703516840934753
3292,Yes,0.6600489020347595
3293,Yes,0.7258862853050232
3294,Yes,0.7000539302825928
3295,Yes,0.6580783128738403
3296,Yes,0.6333644986152649
3297,Yes,0.7334532141685486
3298,Yes,0.7183065414428711
3299,Yes,0.7407152652740479
3300,Yes,0.704748809337616
3301,Yes,0.6671893000602722
3302,Yes,0.6399077773094177
3303,Yes,0.6238387823104858
3304,Yes,0.621333658695221
3305,Yes,0.6448021531105042
3306,Yes,0.6544933319091797
3307,Yes,0.630192756652832
3308,Yes,0.6368349194526672
3309,Yes,0.6637772917747498
3310,Yes,0.6424348950386047
3311,Yes,0.6845776438713074
3312,Yes,0.6758297085762024
3313,Yes,0.6854344010353088
3314,Yes,0.6676064133644104
3315,Yes,0.6490480303764343
3316,Yes,0.6382356286048889
3317,Yes,0.660979151725769
3318,Yes,0.6514274477958679
3319,Yes,0.648947536945343
3320,Yes,0.6423527002334595
3321,Yes,0.6860781311988831
3322,Yes,0.6580109596252441
3323,Yes,0.6546269059181213
3324,Yes,0.6414200663566589
3325,Yes,0.6617595553398132
3326,Yes,0.6597365736961365
3327,Yes,0.6682103872299194
3328,Yes,0.6595867276191711
3329,Yes,0.7377724647521973
3330,Yes,0.6999740600585938
3331,Yes,0.7356066703796387
3332,Yes,0.6930699348449707
3333,Yes,0.6771891713142395
3334,Yes,0.6218070983886719
3335,Yes,0.6952922940254211
3336,Yes,0.6671513319015503
3337,Yes,0.7543346881866455
3338,Yes,0.7351632118225098
3339,Yes,0.7423052787780762
3340,Yes,0.7198126912117004
3341,Yes,0.6735381484031677
3342,Yes,0.6571170687675476
3343,Yes,0.712722897529602
3344,Yes,0.6842466592788696
3345,Yes,0.7311621308326721
3346,Yes,0.7093222737312317
3347,Yes,0.7393118143081665
3348,Yes,0.7042595744132996
3349,Yes,0.7113595604896545
3350,Yes,0.7282613515853882
3351,Yes,0.7251877188682556
3352,Yes,0.7025681734085083
3353,Yes,0.6795257329940796
3354,Yes,0.6386201977729797
3355,Yes,0.6682858467102051
3356,Yes,0.6576268076896667
3357,Yes,0.7099339962005615
3358,Yes,0.6859228014945984
3359,Yes,0.7325509190559387
3360,Yes,0.6809234023094177
3361,Yes,0.7167650461196899
3362,Yes,0.7110604047775269
3363,Yes,0.7089715003967285
3364,Yes,0.7255396842956543
3365,Yes,0.6414018273353577
3366,Yes,0.6480488181114197
3367,Yes,0.6183709502220154
3368,Yes,0.6517085433006287
3369,Yes,0.6601839065551758
3370,Yes,0.6821807622909546
3371,Yes,0.6461306810379028
3372,Yes,0.6632177233695984
3373,Yes,0.6668568253517151
3374,Yes,0.6540114879608154
3375,Yes,0.6432352662086487
3376,Yes,0.6425312161445618
3377,Yes,0.6682212948799133
3378,Yes,0.6351904273033142
3379,Yes,0.5960013270378113
3380,Yes,0.6119428873062134
3381,Yes,0.6457433700561523
3382,Yes,0.6299962401390076
3383,Yes,0.6172675490379333
3384,Yes,0.6268656849861145
3385,Yes,0.6677752733230591
3386,Yes,0.6755622625350952
3387,Yes,0.6448489427566528
3388,Yes,0.6523147821426392
3389,Yes,0.62221360206604
3390,Yes,0.6271446347236633
3391,Yes,0.5804115533828735
3392,Yes,0.6001132130622864
3393,Yes,0.6785305738449097
3394,Yes,0.6372455954551697
3395,Yes,0.6426853537559509
3396,Yes,0.6708419322967529
3397,Yes,0.6593568921089172
3398,Yes,0.6439875960350037
3399,Yes,0.6673237681388855
3400,Yes,0.6353095769882202
3401,Yes,0.7455123066902161
3402,Yes,0.7346678376197815
3403,Yes,0.7164154648780823
3404,Yes,0.7160155177116394
3405,Yes,0.7131710052490234
3406,Yes,0.6862059235572815
3407,Yes,0.6706503033638
3408,Yes,0.6404266357421875
3409,Yes,0.7889304757118225
3410,Yes,0.7657254934310913
3411,Yes,0.7698765993118286
3412,Yes,0.7533456087112427
3413,Yes,0.7933961749076843
3414,Yes,0.7818223237991333
3415,Yes,0.7179708480834961
3416,Yes,0.712357759475708
3417,Yes,0.7040635943412781
3418,Yes,0.6769709587097168
3419,Yes,0.6919743418693542
3420,Yes,0.6823605895042419
3421,Yes,0.6797912120819092
3422,Yes,0.677179753780365
3423,Yes,0.6880347728729248
3424,Yes,0.6838753819465637
3425,Yes,0.7104977369308472
3426,Yes,0.6944364905357361
3427,Yes,0.6878509521484375
3428,Yes,0.6788681149482727
3429,Yes,0.7051458358764648
3430,Yes,0.6778122782707214
3431,Yes,0.6845149993896484
3432,Yes,0.6649648547172546
3433,Yes,0.6689208149909973
3434,Yes,0.6566455960273743
3435,Yes,0.6929060816764832
3436,Yes,0.6756628751754761
3437,Yes,0.6800166964530945
3438,Yes,0.665444016456604
3439,Yes,0.6949660181999207
3440,Yes,0.6812999248504639
3441,Yes,0.6025781035423279
3442,Yes,0.6353392601013184
3443,Yes,0.6005784869194031
3444,Yes,0.6124633550643921
3445,Yes,0.6639811396598816
3446,Yes,0.6611037254333496
3447,Yes,0.6298081874847412
3448,Yes,0.6455055475234985
3449,Yes,0.6794127225875854
3450,Yes,0.6654438972473145
3451,Yes,0.6334962248802185
3452,Yes,0.6336864829063416
3453,Yes,0.6900932788848877
3454,Yes,0.7089357972145081
3455,Yes,0.7042444944381714
3456,Yes,0.713222324848175
3457,Yes,0.6823274493217468
3458,Yes,0.7194575071334839
3459,Yes,0.673266589641571
3460,Yes,0.6855890154838562
3461,Yes,0.5833476781845093
3462,Yes,0.5709997415542603
3463,Yes,0.5859455466270447
3464,Yes,0.5800978541374207
3465,Yes,0.6444792151451111
3466,Yes,0.6464208960533142
3467,Yes,0.6311134696006775
3468,Yes,0.6424694657325745
3469,Yes,0.6757178902626038
3470,Yes,0.7096131443977356
3471,Yes,0.6831851005554199
3472,Yes,0.7030693888664246
3473,Yes,0.6543086767196655
3474,Yes,0.6547055840492249
3475,Yes,0.6455990076065063
3476,Yes,0.6533634066581726
3477,Yes,0.5927591323852539
3478,Yes,0.5564254522323608
3479,Yes,0.591948926448822
3480,Yes,0.5952689051628113
3481,Yes,0.6473388671875
3482,Yes,0.6403311491012573
3483,Yes,0.6479904651641846
3484,Yes,0.6492636203765869
3485,Yes,0.6014881134033203
3486,Yes,0.5809877514839172
3487,Yes,0.598957359790802
3488,Yes,0.5892350673675537
3489,Yes,0.6693034172058105
3490,Yes,0.6301897168159485
3491,Yes,0.6566572189331055
3492,Yes,0.6658947467803955
3493,Yes,0.6401923894882202
3494,Yes,0.6399033069610596
3495,Yes,0.6328032612800598
3496,Yes,0.6411274075508118
3497,Yes,0.6689247488975525
3498,Yes,0.6619201898574829
3499,Yes,0.6977066397666931
3500,Yes,0.709902822971344
3501,Yes,0.5758774876594543
3502,Yes,0.5524173378944397
3503,Yes,0.6158509254455566
3504,Yes,0.6086912751197815
3505,Yes,0.6699072122573853
3506,Yes,0.6674190759658813
3507,Yes,0.6481335759162903
3508,Yes,0.6471556425094604
3509,Yes,0.7168139815330505
3510,Yes,0.686355471611023
3511,Yes,0.6662101149559021
3512,Yes,0.6774671077728271
3513,Yes,0.760848343372345
3514,Yes,0.6749958992004395
3515,Yes,0.695594072341919
3516,Yes,0.6743642687797546
3517,Yes,0.7055778503417969
3518,Yes,0.7173260450363159
3519,Yes,0.666727602481842
3520,Yes,0.6882158517837524
3521,Yes,0.725890576839447
3522,Yes,0.7116652131080627
3523,Yes,0.725405752658844
3524,Yes,0.7207959890365601
3525,Yes,0.6637555956840515
3526,Yes,0.65831059217453
3527,Yes,0.7048747539520264
3528,Yes,0.6807853579521179
3529,Yes,0.7713585495948792
3530,Yes,0.7505099177360535
3531,Yes,0.7450430989265442
3532,Yes,0.7314151525497437
3533,Yes,0.6840435266494751
3534,Yes,0.6490201950073242
3535,Yes,0.6343467235565186
3536,Yes,0.6274678111076355
3537,Yes,0.6870720982551575
3538,Yes,0.6355292797088623
3539,Yes,0.6196864247322083
3540,Yes,0.6140817403793335
3541,Yes,0.6727049946784973
3542,Yes,0.6202265620231628
3543,Yes,0.6364592909812927
3544,Yes,0.6345344185829163
3545,Yes,0.6739143133163452
3546,Yes,0.6447499394416809
3547,Yes,0.6547302603721619
3548,Yes,0.6406807899475098
3549,Yes,0.7300747036933899
3550,Yes,0.7344844937324524
3551,Yes,0.7236691117286682
3552,Yes,0.7155058979988098
3553,Yes,0.6867370009422302
3554,Yes,0.6673305630683899
3555,Yes,0.6814440488815308
3556,Yes,0.6799584627151489
3557,Yes,0.6525198221206665
3558,Yes,0.6121810078620911
3559,Yes,0.6453719139099121
3560,Yes,0.6299524903297424
3561,Yes,0.7077755331993103
3562,Yes,0.6755838394165039
3563,Yes,0.6689722537994385
3564,Yes,0.6682264804840088
3565,Yes,0.7040481567382812
3566,Yes,0.6609014868736267
3567,Yes,0.6798606514930725
3568,Yes,0.6532803177833557
3569,Yes,0.662097156047821
3570,Yes,0.6016532778739929
3571,Yes,0.6644730567932129
3572,Yes,0.6347988843917847
3573,Yes,0.699623167514801
3574,Yes,0.6865401268005371
3575,Yes,0.6925054788589478
3576,Yes,0.6644173264503479
3577,Yes,0.7052605748176575
3578,Yes,0.6067945957183838
3579,Yes,0.6171844005584717
3580,Yes,0.6142661571502686
3581,Yes,0.5752728581428528
3582,Yes,0.5846626162528992
3583,Yes,0.6015838980674744
3584,Yes,0.6336705684661865
3585,Yes,0.6827646493911743
3586,Yes,0.6327816843986511
3587,Yes,0.6675150990486145
3588,Yes,0.6593725085258484
3589,Yes,0.6740093231201172
3590,Yes,0.6287983655929565
3591,Yes,0.6534028053283691
3592,Yes,0.6357284784317017
3593,Yes,0.725921630859375
3594,Yes,0.7094951868057251
3595,Yes,0.7464964389801025
3596,Yes,0.7325829863548279
3597,Yes,0.654863178730011
3598,Yes,0.6217829585075378
3599,Yes,0.625791072845459
3600,Yes,0.6130343675613403
3601,Yes,0.7590110898017883
3602,Yes,0.7323691844940186
3603,Yes,0.7389610409736633
3604,Yes,0.712419331073761
3605,Yes,0.7000908255577087
3606,Yes,0.6786962151527405
3607,Yes,0.679012656211853
3608,Yes,0.6752001643180847
3609,Yes,0.7210472226142883
3610,Yes,0.6902770400047302
3611,Yes,0.7162646055221558
3612,Yes,0.6885128617286682
3613,Yes,0.6470592021942139
3614,Yes,0.6446858048439026
3615,Yes,0.6416157484054565
3616,Yes,0.6466375589370728
3617,Yes,0.6879991888999939
3618,Yes,0.6825910806655884
3619,Yes,0.7114794254302979
3620,Yes,0.6769617795944214
3621,Yes,0.7000908255577087
3622,Yes,0.6786962151527405
3623,Yes,0.679012656211853
3624,Yes,0.6752001643180847
3625,Yes,0.7143306136131287
3626,Yes,0.7026641368865967
3627,Yes,0.6685537099838257
3628,Yes,0.6584062576293945
3629,Yes,0.6675350666046143
3630,Yes,0.6525011658668518
3631,Yes,0.6534767746925354
3632,Yes,0.6572891473770142
3633,Yes,0.7011889815330505
3634,Yes,0.6690976023674011
3635,Yes,0.6435588598251343
3636,Yes,0.614747166633606
3637,Yes,0.6969628930091858
3638,Yes,0.6099938750267029
3639,Yes,0.6086515188217163
3640,Yes,0.6083718538284302
3641,Yes,0.7215756773948669
3642,Yes,0.6534969210624695
3643,Yes,0.6818127036094666
3644,Yes,0.6627204418182373
3645,Yes,0.6768932342529297
3646,Yes,0.6563495397567749
3647,Yes,0.6499919891357422
3648,Yes,0.6487860083580017
3649,Yes,0.6909083724021912
3650,Yes,0.6607106924057007
3651,Yes,0.6734696626663208
3652,Yes,0.6476684212684631
3653,Yes,0.7590979337692261
3654,Yes,0.7034235596656799
3655,Yes,0.7123376727104187
3656,Yes,0.7011725902557373
3657,Yes,0.6965310573577881
3658,Yes,0.6874350905418396
3659,Yes,0.7169448733329773
3660,Yes,0.6638820767402649
3661,Yes,0.6987069249153137
3662,Yes,0.6405439972877502
3663,Yes,0.6486501097679138
3664,Yes,0.6164072155952454
3665,Yes,0.7560181021690369
3666,Yes,0.6989985704421997
3667,Yes,0.7225860357284546
3668,Yes,0.6937628984451294
3669,Yes,0.804307758808136
3670,Yes,0.7599087953567505
3671,Yes,0.7781768441200256
3672,Yes,0.7369812726974487
3673,Yes,0.7345374822616577
3674,Yes,0.7115417718887329
3675,Yes,0.7142041921615601
3676,Yes,0.685449481010437
3677,Yes,0.7097027897834778
3678,Yes,0.6941108107566833
3679,Yes,0.7417508959770203
3680,Yes,0.7459492683410645
3681,Yes,0.6933184862136841
3682,Yes,0.6424824595451355
3683,Yes,0.688261091709137
3684,Yes,0.6523745656013489
3685,Yes,0.6848006844520569
3686,Yes,0.6291114687919617
3687,Yes,0.6933032274246216
3688,Yes,0.6668295860290527
3689,Yes,0.7072411775588989
3690,Yes,0.685741126537323
3691,Yes,0.7545742392539978
3692,Yes,0.7477705478668213
3693,Yes,0.7052699327468872
3694,Yes,0.6443338990211487
3695,Yes,0.7056857943534851
3696,Yes,0.6745174527168274
3697,Yes,0.7803193926811218
3698,Yes,0.753767728805542
3699,Yes,0.7758897542953491
3700,Yes,0.7126173973083496
3701,Yes,0.6718125939369202
3702,Yes,0.6498882174491882
3703,Yes,0.6483413577079773
3704,Yes,0.6491797566413879
3705,Yes,0.6659998297691345
3706,Yes,0.6019265651702881
3707,Yes,0.6427212357521057
3708,Yes,0.6540272235870361
3709,Yes,0.7173622846603394
3710,Yes,0.6688314080238342
3711,Yes,0.70841383934021
3712,Yes,0.6711651682853699
3713,Yes,0.6414380073547363
3714,Yes,0.6139189004898071
3715,Yes,0.5355612635612488
3716,Yes,0.5197656154632568
3717,Yes,0.6724202632904053
3718,Yes,0.6818851232528687
3719,Yes,0.6457410454750061
3720,Yes,0.5463184714317322
3721,Yes,0.6494507193565369
3722,Yes,0.5308806896209717
3723,Yes,0.5188331604003906
3724,Yes,0.5361928939819336
3725,Yes,0.6491544842720032
3726,Yes,0.6407573223114014
3727,Yes,0.6247876882553101
3728,Yes,0.515616238117218
3729,Yes,0.6851940155029297
3730,Yes,0.6212072968482971
3731,Yes,0.6558187007904053
3732,Yes,0.5600407719612122
3733,Yes,0.6514370441436768
3734,Yes,0.6231659054756165
3735,Yes,0.5470958352088928
3736,Yes,0.5508149266242981
3737,Yes,0.6376389861106873
3738,Yes,0.5833435654640198
3739,Yes,0.5423423647880554
3740,No,0.48377805948257446
3741,Yes,0.6860541105270386
3742,Yes,0.6697708964347839
3743,Yes,0.6708618998527527
3744,Yes,0.5583292245864868
3745,Yes,0.6737372279167175
3746,Yes,0.6699972748756409
3747,Yes,0.682751476764679
3748,Yes,0.6778586506843567
3749,Yes,0.6728238463401794
3750,Yes,0.6619543433189392
3751,Yes,0.6565825343132019
3752,Yes,0.6478517651557922
3753,Yes,0.666114330291748
3754,Yes,0.6772835850715637
3755,Yes,0.6525973677635193
3756,Yes,0.6583318114280701
3757,Yes,0.6539259552955627
3758,Yes,0.6391816139221191
3759,Yes,0.6742463707923889
3760,Yes,0.6679845452308655
3761,Yes,0.6896500587463379
3762,Yes,0.6473649740219116
3763,Yes,0.6829490065574646
3764,Yes,0.5764473080635071
3765,Yes,0.732198178768158
3766,Yes,0.5973979234695435
3767,Yes,0.6161614060401917
3768,Yes,0.6411389112472534
3769,Yes,0.7446610927581787
3770,Yes,0.6909827589988708
3771,Yes,0.7239642143249512
3772,Yes,0.6295326352119446
3773,Yes,0.7009158730506897
3774,Yes,0.6442368626594543
3775,Yes,0.6986450552940369
3776,Yes,0.5859817266464233
3777,Yes,0.6609046459197998
3778,Yes,0.6793146729469299
3779,Yes,0.6681113243103027
3780,Yes,0.669797420501709
3781,Yes,0.6532796025276184
3782,Yes,0.6568867564201355
3783,Yes,0.6394452452659607
3784,Yes,0.6355343461036682
3785,Yes,0.6506447792053223
3786,Yes,0.659999430179596
3787,Yes,0.6475532054901123
3788,Yes,0.6451765894889832
3789,Yes,0.6855602860450745
3790,Yes,0.6930308938026428
3791,Yes,0.6693182587623596
3792,Yes,0.6692168116569519
3793,Yes,0.6931900382041931
3794,Yes,0.695266604423523
3795,Yes,0.615192174911499
3796,Yes,0.6297603249549866
3797,Yes,0.6400845050811768
3798,Yes,0.66306072473526
3799,Yes,0.692065417766571
3800,Yes,0.6923653483390808
3801,Yes,0.7007858753204346
3802,Yes,0.6772351861000061
3803,Yes,0.7190076112747192
3804,Yes,0.700932502746582
3805,Yes,0.6410382986068726
3806,Yes,0.6231176853179932
3807,Yes,0.6841723322868347
3808,Yes,0.6708265542984009
3809,Yes,0.6246213316917419
3810,Yes,0.638522744178772
3811,Yes,0.640292227268219
3812,Yes,0.6048299670219421
3813,Yes,0.5966271162033081
3814,Yes,0.5981428027153015
3815,Yes,0.5656512379646301
3816,Yes,0.576817512512207
3817,Yes,0.6118304133415222
3818,Yes,0.603398323059082
3819,Yes,0.5449870228767395
3820,Yes,0.5472106337547302
3821,Yes,0.654240071773529
3822,Yes,0.590157687664032
3823,Yes,0.5353127121925354
3824,Yes,0.5319750905036926
3825,Yes,0.5883235931396484
3826,Yes,0.5832902193069458
3827,Yes,0.6062719821929932
3828,Yes,0.5821436047554016
3829,Yes,0.6675570607185364
3830,Yes,0.670635461807251
3831,Yes,0.5560859441757202
3832,Yes,0.5060994625091553
3833,Yes,0.6427834630012512
3834,Yes,0.6308857202529907
3835,Yes,0.5607091188430786
3836,Yes,0.5589295625686646
3837,Yes,0.6524618864059448
3838,Yes,0.6497917175292969
3839,Yes,0.650591254234314
3840,Yes,0.6265740394592285
3841,Yes,0.6432437300682068
3842,Yes,0.630667507648468
3843,Yes,0.6726686954498291
3844,Yes,0.6515265107154846
3845,Yes,0.6770853996276855
3846,Yes,0.6342962980270386
3847,Yes,0.6423493027687073
3848,Yes,0.6261593699455261
3849,Yes,0.6966936588287354
3850,Yes,0.6383336186408997
3851,Yes,0.648664116859436
3852,Yes,0.6254028677940369
3853,Yes,0.6877751350402832
3854,Yes,0.6603919863700867
3855,Yes,0.6557549834251404
3856,Yes,0.5933550596237183
3857,Yes,0.7076218128204346
3858,Yes,0.6685600280761719
3859,Yes,0.6424769163131714
3860,Yes,0.6234320402145386
3861,Yes,0.7300570011138916
3862,Yes,0.7039592266082764
3863,Yes,0.740609347820282
3864,Yes,0.7147853970527649
3865,Yes,0.7099013328552246
3866,Yes,0.6980633735656738
3867,Yes,0.7059195041656494
3868,Yes,0.6895198822021484
3869,Yes,0.713724672794342
3870,Yes,0.7055822610855103
3871,Yes,0.7139930725097656
3872,Yes,0.6466048955917358
3873,Yes,0.6877143979072571
3874,Yes,0.6229488849639893
3875,Yes,0.6570302844047546
3876,Yes,0.5813388824462891
3877,Yes,0.6432437300682068
3878,Yes,0.630667507648468
3879,Yes,0.6726686954498291
3880,Yes,0.6515265107154846
3881,Yes,0.6895702481269836
3882,Yes,0.647693395614624
3883,Yes,0.685940146446228
3884,Yes,0.6481084227561951
3885,Yes,0.682680070400238
3886,Yes,0.6128784418106079
3887,Yes,0.6524698138237
3888,Yes,0.6124130487442017
3889,Yes,0.6810290813446045
3890,Yes,0.6609944105148315
3891,Yes,0.6549107432365417
3892,Yes,0.6143783330917358
3893,Yes,0.7264003753662109
3894,Yes,0.7043493986129761
3895,Yes,0.6957802772521973
3896,Yes,0.6576866507530212
3897,Yes,0.6809629201889038
3898,Yes,0.6468927264213562
3899,Yes,0.6872550249099731
3900,Yes,0.6311540603637695
3901,Yes,0.6923408508300781
3902,Yes,0.6862058043479919
3903,Yes,0.6821843981742859
3904,Yes,0.6749078035354614
3905,Yes,0.6929107308387756
3906,Yes,0.6548531651496887
3907,Yes,0.6776816844940186
3908,Yes,0.6509076952934265
3909,Yes,0.7334953546524048
3910,Yes,0.6740159392356873
3911,Yes,0.6819013953208923
3912,Yes,0.6593438386917114
3913,Yes,0.6929250955581665
3914,Yes,0.6582528352737427
3915,Yes,0.7098831534385681
3916,Yes,0.6828171014785767
3917,Yes,0.6996526718139648
3918,Yes,0.675709068775177
3919,Yes,0.6755862832069397
3920,Yes,0.6418434381484985
3921,Yes,0.685814380645752
3922,Yes,0.6431531310081482
3923,Yes,0.656752347946167
3924,Yes,0.6457352638244629
3925,Yes,0.7030503749847412
3926,Yes,0.6714951992034912
3927,Yes,0.6907434463500977
3928,Yes,0.6701309680938721
3929,Yes,0.6468186378479004
3930,Yes,0.5826972126960754
3931,Yes,0.6024167537689209
3932,Yes,0.5247029662132263
3933,Yes,0.6599501371383667
3934,Yes,0.6465314626693726
3935,Yes,0.6363020539283752
3936,Yes,0.6082028746604919
3937,Yes,0.7470422387123108
3938,Yes,0.7154524922370911
3939,Yes,0.7328037619590759
3940,Yes,0.7326308488845825
3941,Yes,0.7182626724243164
3942,Yes,0.7073253393173218
3943,Yes,0.7321239709854126
3944,Yes,0.6647051572799683
3945,Yes,0.7514370679855347
3946,Yes,0.698560893535614
3947,Yes,0.745937705039978
3948,Yes,0.6633730530738831
3949,Yes,0.736541748046875
3950,Yes,0.6908732056617737
3951,Yes,0.7110640406608582
3952,Yes,0.6984856128692627
3953,Yes,0.7421935200691223
3954,Yes,0.7036247849464417
3955,Yes,0.7085362076759338
3956,Yes,0.6790245771408081
3957,Yes,0.7409588694572449
3958,Yes,0.7114689350128174
3959,Yes,0.7385727763175964
3960,Yes,0.7375367283821106
3961,Yes,0.785024106502533
3962,Yes,0.7398314476013184
3963,Yes,0.7461367845535278
3964,Yes,0.6821170449256897
3965,Yes,0.7384248971939087
3966,Yes,0.7141942381858826
3967,Yes,0.6996716260910034
3968,Yes,0.6855582594871521
3969,Yes,0.719802737236023
3970,Yes,0.6988151669502258
3971,Yes,0.6765366196632385
3972,Yes,0.6204333305358887
3973,Yes,0.7283732295036316
3974,Yes,0.680755078792572
3975,Yes,0.6932170987129211
3976,Yes,0.6373275518417358
3977,Yes,0.7183908224105835
3978,Yes,0.6436088681221008
3979,Yes,0.6713011264801025
3980,Yes,0.6166880130767822
3981,Yes,0.7272167205810547
3982,Yes,0.6964494585990906
3983,Yes,0.7149845361709595
3984,Yes,0.6724086403846741
3985,Yes,0.6887819170951843
3986,Yes,0.6936138272285461
3987,Yes,0.6642493009567261
3988,Yes,0.6748986840248108
3989,Yes,0.6814653873443604
3990,Yes,0.6699142456054688
3991,Yes,0.6601898074150085
3992,Yes,0.6814672350883484
3993,Yes,0.6760756373405457
3994,Yes,0.673780620098114
3995,Yes,0.6579180359840393
3996,Yes,0.6776629090309143
3997,Yes,0.6807006001472473
3998,Yes,0.7064568996429443
3999,Yes,0.708174467086792
4000,Yes,0.6872356534004211
4001,Yes,0.6283466219902039
4002,Yes,0.6179308891296387
4003,Yes,0.6268765926361084
4004,Yes,0.6215275526046753
4005,Yes,0.6503641605377197
4006,Yes,0.6321025490760803
4007,Yes,0.5971372723579407
4008,Yes,0.6064237356185913
4009,Yes,0.6347829699516296
4010,Yes,0.6096846461296082
4011,Yes,0.613632321357727
4012,Yes,0.6202287673950195
4013,Yes,0.6125196814537048
4014,Yes,0.6033472418785095
4015,Yes,0.5797163844108582
4016,Yes,0.5862172245979309
4017,Yes,0.6741042733192444
4018,Yes,0.6644888520240784
4019,Yes,0.6077387928962708
4020,Yes,0.6280785202980042
4021,Yes,0.6347829699516296
4022,Yes,0.6096846461296082
4023,Yes,0.613632321357727
4024,Yes,0.6202287673950195
4025,Yes,0.6533071994781494
4026,Yes,0.656096875667572
4027,Yes,0.6542624831199646
4028,Yes,0.6577340364456177
4029,Yes,0.6481282711029053
4030,Yes,0.6737967133522034
4031,Yes,0.6488649249076843
4032,Yes,0.6528171896934509
4033,Yes,0.664398193359375
4034,Yes,0.636803388595581
4035,Yes,0.666944146156311
4036,Yes,0.6632291674613953
4037,Yes,0.6743941307067871
4038,Yes,0.6422260403633118
4039,Yes,0.6333763003349304
4040,Yes,0.6097328662872314
4041,Yes,0.6270979046821594
4042,Yes,0.6254788041114807
4043,Yes,0.6658682823181152
4044,Yes,0.6853089928627014
4045,Yes,0.6729586720466614
4046,Yes,0.6618199348449707
4047,Yes,0.6258989572525024
4048,Yes,0.6194463968276978
4049,Yes,0.6865435838699341
4050,Yes,0.708922266960144
4051,Yes,0.7120538949966431
4052,Yes,0.7210022211074829
4053,Yes,0.6519309282302856
4054,Yes,0.6286299228668213
4055,Yes,0.5920770168304443
4056,Yes,0.6277240514755249
4057,Yes,0.6665554046630859
4058,Yes,0.6560938358306885
4059,Yes,0.6201658844947815
4060,Yes,0.6351325511932373
4061,Yes,0.7087132930755615
4062,Yes,0.7083895206451416
4063,Yes,0.6666293740272522
4064,Yes,0.6944097876548767
4065,Yes,0.661689281463623
4066,Yes,0.6550735235214233
4067,Yes,0.6435111165046692
4068,Yes,0.6182897090911865
4069,Yes,0.7185972929000854
4070,Yes,0.6939833760261536
4071,Yes,0.6533221006393433
4072,Yes,0.6835252642631531
4073,Yes,0.6754732131958008
4074,Yes,0.688677966594696
4075,Yes,0.6484643816947937
4076,Yes,0.703730583190918
4077,Yes,0.7022577524185181
4078,Yes,0.7013761401176453
4079,Yes,0.6857868432998657
4080,Yes,0.6876744031906128
4081,Yes,0.6058667898178101
4082,Yes,0.6044344305992126
4083,Yes,0.6093941926956177
4084,Yes,0.6573057174682617
4085,Yes,0.6720325946807861
4086,Yes,0.6576524972915649
4087,Yes,0.6533647775650024
4088,Yes,0.6440974473953247
4089,Yes,0.6357109546661377
4090,Yes,0.6189038157463074
4091,Yes,0.6423224806785583
4092,Yes,0.6784875988960266
4093,Yes,0.6588075757026672
4094,Yes,0.6487051844596863
4095,Yes,0.6636605858802795
4096,Yes,0.6527208685874939
4097,Yes,0.6317582726478577
4098,Yes,0.6746544241905212
4099,Yes,0.6333754658699036
4100,Yes,0.6641348004341125
4101,Yes,0.5867803692817688
4102,Yes,0.6012459397315979
4103,Yes,0.5594001412391663
4104,Yes,0.5995305180549622
4105,Yes,0.7642652988433838
4106,Yes,0.7462722659111023
4107,Yes,0.7491631507873535
4108,Yes,0.7465673685073853
4109,Yes,0.635223925113678
4110,Yes,0.6349059343338013
4111,Yes,0.5696372985839844
4112,Yes,0.5895929932594299
4113,Yes,0.6114529967308044
4114,Yes,0.6145455837249756
4115,Yes,0.6133884191513062
4116,Yes,0.6261578798294067
4117,Yes,0.6411621570587158
4118,Yes,0.6309813261032104
4119,Yes,0.6151607632637024
4120,Yes,0.6172803640365601
4121,Yes,0.6783090233802795
4122,Yes,0.6545911431312561
4123,Yes,0.6284586191177368
4124,Yes,0.6501408815383911
4125,Yes,0.6794332265853882
4126,Yes,0.7157915830612183
4127,Yes,0.6677489876747131
4128,Yes,0.6963288187980652
4129,Yes,0.6412976384162903
4130,Yes,0.6143736243247986
4131,Yes,0.6214789152145386
4132,Yes,0.5855730175971985
4133,Yes,0.6958910226821899
4134,Yes,0.6704816818237305
4135,Yes,0.6840237379074097
4136,Yes,0.6594324707984924
4137,Yes,0.6815745830535889
4138,Yes,0.5941016674041748
4139,Yes,0.6355310082435608
4140,Yes,0.5433866381645203
4141,Yes,0.6408822536468506
4142,Yes,0.6141773462295532
4143,Yes,0.6216800808906555
4144,Yes,0.5939882397651672
4145,Yes,0.6326969861984253
4146,Yes,0.5957387685775757
4147,Yes,0.6297581791877747
4148,Yes,0.6071560382843018
4149,Yes,0.7138611674308777
4150,Yes,0.6637656688690186
4151,Yes,0.7253051400184631
4152,Yes,0.660064697265625
4153,Yes,0.6470540761947632
4154,Yes,0.5991610288619995
4155,Yes,0.6298894286155701
4156,Yes,0.5866988301277161
4157,Yes,0.6763365268707275
4158,Yes,0.5979313254356384
4159,Yes,0.6284483671188354
4160,Yes,0.6096806526184082
4161,Yes,0.678807258605957
4162,Yes,0.6467035412788391
4163,Yes,0.6628240346908569
4164,Yes,0.6417979001998901
4165,Yes,0.6819690465927124
4166,Yes,0.6875203251838684
4167,Yes,0.687440812587738
4168,Yes,0.6409542560577393
4169,Yes,0.6618584394454956
4170,Yes,0.6282830238342285
4171,Yes,0.6452614068984985
4172,Yes,0.6013404726982117
4173,Yes,0.6569569706916809
4174,Yes,0.6127626299858093
4175,Yes,0.6197368502616882
4176,Yes,0.5775105953216553
4177,Yes,0.6317367553710938
4178,Yes,0.5761957764625549
4179,Yes,0.5875659584999084
4180,Yes,0.5375463962554932
4181,Yes,0.5892444252967834
4182,Yes,0.5889715552330017
4183,Yes,0.5893884897232056
4184,Yes,0.6308280229568481
4185,Yes,0.7518591284751892
4186,Yes,0.739689826965332
4187,Yes,0.7255250811576843
4188,Yes,0.7310013771057129
4189,Yes,0.6762226819992065
4190,Yes,0.6912625432014465
4191,Yes,0.6970411539077759
4192,Yes,0.664404571056366
4193,Yes,0.7017714977264404
4194,Yes,0.6679548025131226
4195,Yes,0.6699426770210266
4196,Yes,0.6633561253547668
4197,Yes,0.7180922031402588
4198,Yes,0.7248339653015137
4199,Yes,0.6383108496665955
4200,Yes,0.6366332769393921
4201,Yes,0.6758309602737427
4202,Yes,0.6632764935493469
4203,Yes,0.6477429270744324
4204,Yes,0.6286551356315613
4205,Yes,0.7432145476341248
4206,Yes,0.7254117131233215
4207,Yes,0.703087329864502
4208,Yes,0.7113142609596252
4209,Yes,0.6467177867889404
4210,Yes,0.6503269672393799
4211,Yes,0.620949923992157
4212,Yes,0.6138866543769836
4213,Yes,0.6848540902137756
4214,Yes,0.666925311088562
4215,Yes,0.6687171459197998
4216,Yes,0.6445623636245728
4217,Yes,0.7256711721420288
4218,Yes,0.6840875744819641
4219,Yes,0.6603949069976807
4220,Yes,0.6571270227432251
4221,Yes,0.7059295773506165
4222,Yes,0.7036368250846863
4223,Yes,0.7080948352813721
4224,Yes,0.686682403087616
4225,Yes,0.6774399280548096
4226,Yes,0.6580718755722046
4227,Yes,0.6674454808235168
4228,Yes,0.6600360870361328
4229,Yes,0.6201441287994385
4230,Yes,0.6268887519836426
4231,Yes,0.6267646551132202
4232,Yes,0.6327974796295166
4233,Yes,0.6403824687004089
4234,Yes,0.6606566905975342
4235,Yes,0.6202018857002258
4236,Yes,0.6419294476509094
4237,Yes,0.6664696335792542
4238,Yes,0.6170720458030701
4239,Yes,0.6323239803314209
4240,Yes,0.6407544612884521
4241,Yes,0.6162917017936707
4242,Yes,0.6173298358917236
4243,Yes,0.6408008337020874
4244,Yes,0.6346350908279419
4245,Yes,0.6603037714958191
4246,Yes,0.6537464261054993
4247,Yes,0.645261824131012
4248,Yes,0.6354901790618896
4249,Yes,0.6898688673973083
4250,Yes,0.6704041957855225
4251,Yes,0.5928640365600586
4252,Yes,0.5963744521141052
4253,Yes,0.6660187840461731
4254,Yes,0.6691390872001648
4255,Yes,0.6669653654098511
4256,Yes,0.667839527130127
4257,Yes,0.6611804962158203
4258,Yes,0.67772376537323
4259,Yes,0.6687650680541992
4260,Yes,0.6790233254432678
4261,Yes,0.6608069539070129
4262,Yes,0.6636638045310974
4263,Yes,0.6524645090103149
4264,Yes,0.6657820343971252
4265,Yes,0.6564071774482727
4266,Yes,0.6409323811531067
4267,Yes,0.6248574256896973
4268,Yes,0.6453333497047424
4269,Yes,0.6549975872039795
4270,Yes,0.6480557918548584
4271,Yes,0.6134341359138489
4272,Yes,0.6083508729934692
4273,Yes,0.6734418869018555
4274,Yes,0.7189058065414429
4275,Yes,0.6896011233329773
4276,Yes,0.7076830863952637
4277,Yes,0.6036239862442017
4278,Yes,0.6410306096076965
4279,Yes,0.5935099720954895
4280,Yes,0.6243479251861572
4281,Yes,0.6732224822044373
4282,Yes,0.6584635972976685
4283,Yes,0.6786783337593079
4284,Yes,0.6667096614837646
4285,Yes,0.6371886134147644
4286,Yes,0.6537619829177856
4287,Yes,0.6750490069389343
4288,Yes,0.6881918907165527
4289,Yes,0.7146925330162048
4290,Yes,0.6709449291229248
4291,Yes,0.6997395753860474
4292,Yes,0.6651582717895508
4293,Yes,0.6948936581611633
4294,Yes,0.6404358744621277
4295,Yes,0.6694723963737488
4296,Yes,0.6360474228858948
4297,Yes,0.6713076829910278
4298,Yes,0.6553308367729187
4299,Yes,0.6475909948348999
4300,Yes,0.623285174369812
4301,Yes,0.6212800145149231
4302,Yes,0.575829267501831
4303,Yes,0.6349264979362488
4304,Yes,0.624504804611206
4305,Yes,0.6759268641471863
4306,Yes,0.6787448525428772
4307,Yes,0.6671157479286194
4308,Yes,0.6396973133087158
4309,Yes,0.7123393416404724
4310,Yes,0.6834165453910828
4311,Yes,0.7065666913986206
4312,Yes,0.6624982953071594
4313,Yes,0.6904155015945435
4314,Yes,0.6728229522705078
4315,Yes,0.6400322318077087
4316,Yes,0.6343255043029785
4317,Yes,0.6345791220664978
4318,Yes,0.5978958010673523
4319,Yes,0.6459272503852844
4320,Yes,0.6165990233421326
4321,Yes,0.6615156531333923
4322,Yes,0.6279916167259216
4323,Yes,0.6603361964225769
4324,Yes,0.6409110426902771
4325,Yes,0.6074358224868774
4326,Yes,0.5479820370674133
4327,Yes,0.5987073183059692
4328,Yes,0.5953333973884583
4329,Yes,0.6527954339981079
4330,Yes,0.6332666873931885
4331,Yes,0.6354905366897583
4332,Yes,0.6229327917098999
4333,Yes,0.6589357852935791
4334,Yes,0.5959503650665283
4335,Yes,0.6099237203598022
4336,Yes,0.5550307035446167
4337,Yes,0.649097740650177
4338,Yes,0.6305727362632751
4339,Yes,0.617171049118042
4340,Yes,0.5936487913131714
4341,Yes,0.6985041499137878
4342,Yes,0.702172577381134
4343,Yes,0.6788322925567627
4344,Yes,0.6130203604698181
4345,Yes,0.7101548910140991
4346,Yes,0.6972055435180664
4347,Yes,0.6838024854660034
4348,Yes,0.643450140953064
4349,Yes,0.6994295120239258
4350,Yes,0.6653769612312317
4351,Yes,0.674010157585144
4352,Yes,0.6523602604866028
4353,Yes,0.6691222190856934
4354,Yes,0.6578303575515747
4355,Yes,0.6541888117790222
4356,Yes,0.6164052486419678
4357,Yes,0.6679695844650269
4358,Yes,0.6218322515487671
4359,Yes,0.6560903191566467
4360,Yes,0.613017737865448
4361,Yes,0.7177013158798218
4362,Yes,0.681529700756073
4363,Yes,0.662635087966919
4364,Yes,0.6369230151176453
4365,Yes,0.6111586689949036
4366,Yes,0.5470525026321411
4367,Yes,0.6042208075523376
4368,Yes,0.595404863357544
4369,Yes,0.6988192796707153
4370,Yes,0.7108933329582214
4371,Yes,0.6787016987800598
4372,Yes,0.7011926174163818
4373,Yes,0.6784080266952515
4374,Yes,0.7253166437149048
4375,Yes,0.6955381631851196
4376,Yes,0.7288118004798889
4377,Yes,0.619128406047821
4378,Yes,0.6544415950775146
4379,Yes,0.6114575862884521
4380,Yes,0.6422073245048523
4381,Yes,0.6418099403381348
4382,Yes,0.6643186807632446
4383,Yes,0.6643692255020142
4384,Yes,0.6857234835624695
4385,Yes,0.7464702725410461
4386,Yes,0.7324304580688477
4387,Yes,0.748244047164917
4388,Yes,0.7759816646575928
4389,Yes,0.6278419494628906
4390,Yes,0.6176363825798035
4391,Yes,0.6285787224769592
4392,Yes,0.651091456413269
4393,Yes,0.6575755476951599
4394,Yes,0.661370038986206
4395,Yes,0.6618092656135559
4396,Yes,0.6760939955711365
4397,Yes,0.6831262707710266
4398,Yes,0.717690110206604
4399,Yes,0.679472804069519
4400,Yes,0.7170920968055725
4401,Yes,0.6429766416549683
4402,Yes,0.6286205053329468
4403,Yes,0.6386470794677734
4404,Yes,0.6131939888000488
4405,Yes,0.6910764575004578
4406,Yes,0.6369762420654297
4407,Yes,0.6254075765609741
4408,Yes,0.5669263005256653
4409,Yes,0.6525746583938599
4410,Yes,0.6508378386497498
4411,Yes,0.6940246820449829
4412,Yes,0.673410952091217
4413,Yes,0.6802804470062256
4414,Yes,0.650608241558075
4415,Yes,0.65207839012146
4416,Yes,0.6339083909988403
