item,label,p_yes
1,Yes,0.5471428036689758
2,Yes,0.6135830283164978
3,Yes,0.6328354477882385
4,Yes,0.7123748660087585
5,No,0.3885499835014343
6,No,0.41794079542160034
7,No,0.48724785447120667
8,Yes,0.5382676720619202
9,No,0.41711699962615967
10,No,0.43784916400909424
11,No,0.4342811703681946
12,No,0.47333747148513794
13,No,0.39916977286338806
14,No,0.3955319821834564
15,No,0.46123409271240234
16,No,0.48663145303726196
17,No,0.41301482915878296
18,No,0.44897615909576416
19,No,0.5034655928611755
20,Yes,0.5470147132873535
21,No,0.3851523697376251
22,No,0.442914754152298
23,No,0.48038801550865173
24,Yes,0.5367527604103088
25,Yes,0.6338625550270081
26,Yes,0.8073409795761108
27,Yes,0.6454374194145203
28,Yes,0.7579358816146851
29,No,0.4320277273654938
30,No,0.43206703662872314
31,No,0.4314817488193512
32,No,0.4778003990650177
33,No,0.44853806495666504
34,No,0.47346654534339905
35,Yes,0.5248125195503235
36,Yes,0.6064825057983398
37,No,0.4058350920677185
38,No,0.4409095346927643
39,No,0.45947402715682983
40,Yes,0.5192704200744629
41,No,0.4004254937171936
42,No,0.4519161581993103
43,No,0.45039013028144836
44,Yes,0.5477689504623413
45,No,0.4371166527271271
46,No,0.4641714096069336
47,No,0.4818677008152008
48,Yes,0.5327568650245667
49,No,0.41153088212013245
50,No,0.4026222229003906
51,No,0.44325166940689087
52,No,0.4785595238208771
53,No,0.46163323521614075
54,No,0.47773537039756775
55,Yes,0.5539968609809875
56,Yes,0.5712084174156189
57,No,0.4077349603176117
58,No,0.44368976354599
59,No,0.47170424461364746
60,Yes,0.5107399225234985
61,No,0.48942941427230835
62,No,0.4948979318141937
63,Yes,0.6111754179000854
64,Yes,0.636194109916687
65,No,0.4717586636543274
66,No,0.4758460521697998
67,Yes,0.5293153524398804
68,Yes,0.5437138080596924
69,No,0.4342576265335083
70,No,0.42463064193725586
71,No,0.4898756146430969
72,Yes,0.5079419016838074
73,No,0.39504289627075195
74,No,0.38552236557006836
75,No,0.43259716033935547
76,No,0.4853566884994507
77,No,0.4138029217720032
78,No,0.41385430097579956
79,No,0.5021531581878662
80,Yes,0.5212410688400269
81,No,0.44477513432502747
82,No,0.45018213987350464
83,No,0.45084860920906067
84,No,0.43514108657836914
85,No,0.3400122821331024
86,No,0.42696183919906616
87,No,0.2582157850265503
88,No,0.2381548285484314
89,No,0.4151667058467865
90,No,0.4065970480442047
91,No,0.407296359539032
92,No,0.452291339635849
93,Yes,0.5665497183799744
94,Yes,0.5181287527084351
95,Yes,0.5933721661567688
96,Yes,0.571684718132019
97,No,0.4103873074054718
98,No,0.39537131786346436
99,No,0.43309423327445984
100,No,0.4295704960823059
101,No,0.4489591717720032
102,No,0.4475078880786896
103,No,0.47116532921791077
104,No,0.491070419549942
105,No,0.37778836488723755
106,No,0.31152409315109253
107,No,0.3659747540950775
108,No,0.3586033582687378
109,No,0.4697376489639282
110,No,0.4712883532047272
111,No,0.4573410153388977
112,No,0.45427417755126953
113,No,0.3771972358226776
114,No,0.3150362968444824
115,No,0.37319377064704895
116,No,0.35409310460090637
117,No,0.4075360596179962
118,No,0.4672558009624481
119,No,0.41644859313964844
120,No,0.4027051031589508
121,No,0.36495891213417053
122,No,0.33645957708358765
123,No,0.36525243520736694
124,No,0.3405188322067261
125,No,0.43869030475616455
126,No,0.43093132972717285
127,No,0.4806080162525177
128,No,0.49746015667915344
129,No,0.4254232347011566
130,No,0.4153520464897156
131,No,0.4654456079006195
132,No,0.46485981345176697
133,No,0.4255352020263672
134,No,0.3938482105731964
135,No,0.3692246973514557
136,No,0.43759602308273315
137,No,0.35372400283813477
138,No,0.37302303314208984
139,No,0.3704521954059601
140,No,0.40765640139579773
141,No,0.3910514712333679
142,No,0.3957926332950592
143,No,0.3986111283302307
144,No,0.4291676878929138
145,No,0.4120931625366211
146,No,0.48252880573272705
147,No,0.5008041858673096
148,No,0.4999605715274811
149,No,0.35372400283813477
150,No,0.37302303314208984
151,No,0.3704521954059601
152,No,0.40765640139579773
153,Yes,0.5338887572288513
154,No,0.4697609543800354
155,Yes,0.6370691657066345
156,Yes,0.6242946982383728
157,No,0.36590954661369324
158,No,0.3775724470615387
159,No,0.4250311553478241
160,No,0.4361608922481537
161,No,0.3773549199104309
162,No,0.3868110477924347
163,No,0.4493192434310913
164,Yes,0.5114752054214478
165,No,0.47122707962989807
166,No,0.45234212279319763
167,Yes,0.5129131078720093
168,Yes,0.544363796710968
169,No,0.45298030972480774
170,No,0.4461345374584198
171,No,0.4890492260456085
172,Yes,0.5437202453613281
173,No,0.39876657724380493
174,No,0.4097305238246918
175,No,0.4591321349143982
176,Yes,0.5416858196258545
177,No,0.4294496178627014
178,No,0.4340841472148895
179,No,0.4811849296092987
180,Yes,0.5382726192474365
181,No,0.3425185978412628
182,No,0.35992899537086487
183,No,0.38125449419021606
184,No,0.4145689904689789
185,No,0.4411484897136688
186,No,0.43556785583496094
187,No,0.46776559948921204
188,No,0.5041528344154358
189,Yes,0.6058403849601746
190,Yes,0.6012101173400879
191,Yes,0.5780529379844666
192,Yes,0.6476317644119263
193,No,0.39487165212631226
194,No,0.38366520404815674
195,No,0.4096987843513489
196,No,0.4705195724964142
197,Yes,0.5980955958366394
198,Yes,0.6094495058059692
199,Yes,0.6225773096084595
200,Yes,0.6659607887268066
201,No,0.42995598912239075
202,No,0.41356584429740906
203,No,0.46809104084968567
204,Yes,0.5155516862869263
205,No,0.33015719056129456
206,No,0.3817873001098633
207,No,0.3691030442714691
208,No,0.42035195231437683
209,No,0.306474506855011
210,No,0.36175963282585144
211,No,0.42477869987487793
212,No,0.47281500697135925
213,No,0.4119093418121338
214,No,0.409641832113266
215,No,0.3995031714439392
216,No,0.45194926857948303
217,No,0.43770164251327515
218,No,0.41302362084388733
219,No,0.5015763640403748
220,Yes,0.5526828169822693
221,No,0.3780340552330017
222,No,0.3629513382911682
223,No,0.4225965738296509
224,No,0.47018155455589294
225,No,0.3539799451828003
226,No,0.47581979632377625
227,No,0.42154696583747864
228,Yes,0.5645139813423157
229,No,0.3845423758029938
230,No,0.47274914383888245
231,No,0.38426077365875244
232,No,0.43873363733291626
233,No,0.4508921802043915
234,Yes,0.5445973873138428
235,No,0.46778321266174316
236,Yes,0.5590614676475525
237,No,0.3314446806907654
238,No,0.3412576913833618
239,No,0.2875936031341553
240,No,0.38097885251045227
241,No,0.4097401201725006
242,Yes,0.5122149586677551
243,No,0.4345664083957672
244,Yes,0.5363244414329529
245,No,0.43885815143585205
246,Yes,0.5199016332626343
247,No,0.42464375495910645
248,Yes,0.5122619867324829
249,No,0.39819660782814026
250,Yes,0.5414646863937378
251,No,0.4367992877960205
252,Yes,0.5749860405921936
253,No,0.36834773421287537
254,No,0.3573632836341858
255,No,0.3534645140171051
256,Yes,0.5323511362075806
257,No,0.44899237155914307
258,Yes,0.5457255840301514
259,No,0.4604584872722626
260,Yes,0.6075282096862793
261,No,0.3758019208908081
262,No,0.48955515027046204
263,No,0.44134005904197693
264,Yes,0.5989132523536682
265,No,0.3815756142139435
266,No,0.39769279956817627
267,No,0.3716752529144287
268,No,0.45494145154953003
269,No,0.37703371047973633
270,No,0.4161325693130493
271,No,0.3813181519508362
272,No,0.44790831208229065
273,No,0.3995664715766907
274,No,0.46010324358940125
275,No,0.499166876077652
276,Yes,0.5486003756523132
277,No,0.35065311193466187
278,No,0.407630056142807
279,No,0.37299084663391113
280,No,0.4344622492790222
281,No,0.39991405606269836
282,No,0.5042433142662048
283,No,0.45939555764198303
284,Yes,0.546052873134613
285,No,0.4037211835384369
286,No,0.45325738191604614
287,No,0.5020801424980164
288,Yes,0.5591011047363281
289,No,0.37398093938827515
290,No,0.35769781470298767
291,No,0.3569251596927643
292,No,0.4698321223258972
293,No,0.33086657524108887
294,No,0.37450772523880005
295,No,0.3754233121871948
296,No,0.4532298445701599
297,No,0.40596914291381836
298,No,0.4410955309867859
299,No,0.41655203700065613
300,Yes,0.5314226150512695
301,No,0.37834590673446655
302,No,0.4687390625476837
303,No,0.46192872524261475
304,Yes,0.5524297952651978
305,No,0.3820379376411438
306,No,0.41772979497909546
307,No,0.38134899735450745
308,No,0.41474974155426025
309,No,0.45243731141090393
310,No,0.444903701543808
311,No,0.43382057547569275
312,No,0.4556649625301361
313,No,0.45543497800827026
314,No,0.4485471248626709
315,No,0.47485166788101196
316,Yes,0.5039876699447632
317,No,0.4055550992488861
318,No,0.4395054876804352
319,No,0.42897987365722656
320,No,0.45637252926826477
321,No,0.45638540387153625
322,Yes,0.5142161250114441
323,No,0.45682278275489807
324,No,0.49969273805618286
325,No,0.4376618266105652
326,No,0.4120505452156067
327,No,0.48102256655693054
328,Yes,0.5102134346961975
329,No,0.4883060157299042
330,No,0.45734184980392456
331,No,0.48602011799812317
332,No,0.4977213442325592
333,No,0.47702497243881226
334,No,0.4698631167411804
335,Yes,0.550736665725708
336,Yes,0.5473333597183228
337,No,0.25333884358406067
338,No,0.151688352227211
339,No,0.31895819306373596
340,No,0.4474257528781891
341,No,0.35377445816993713
342,No,0.3157077431678772
343,No,0.3820301592350006
344,No,0.4899669587612152
345,No,0.38741016387939453
346,No,0.31556954979896545
347,No,0.44194015860557556
348,No,0.4632282853126526
349,No,0.43407750129699707
350,No,0.43521347641944885
351,Yes,0.5225653648376465
352,Yes,0.6007624268531799
353,No,0.3938359320163727
354,No,0.44054490327835083
355,Yes,0.5331358909606934
356,Yes,0.6131289601325989
357,No,0.42521560192108154
358,No,0.3784767687320709
359,No,0.4897548258304596
360,Yes,0.5091629028320312
361,No,0.4521954655647278
362,No,0.4541865885257721
363,No,0.4700285792350769
364,Yes,0.5219313502311707
365,No,0.41971349716186523
366,No,0.35446983575820923
367,No,0.4558139443397522
368,No,0.4813976287841797
369,No,0.43599680066108704
370,No,0.4072611331939697
371,No,0.48895180225372314
372,Yes,0.5457512736320496
373,No,0.4118088185787201
374,No,0.39670395851135254
375,No,0.45052680373191833
376,No,0.46258115768432617
377,No,0.4073997139930725
378,No,0.3834134042263031
379,No,0.44487252831459045
380,No,0.5027580261230469
381,Yes,0.5408942103385925
382,Yes,0.5253125429153442
383,Yes,0.6027199625968933
384,Yes,0.7028213143348694
385,No,0.485502153635025
386,No,0.42459121346473694
387,Yes,0.5651282072067261
388,Yes,0.6411156058311462
389,No,0.43950173258781433
390,No,0.3981722593307495
391,No,0.41385969519615173
392,No,0.46952804923057556
393,No,0.4424179792404175
394,No,0.3836488425731659
395,Yes,0.5251286029815674
396,Yes,0.5874404311180115
397,No,0.3559612035751343
398,No,0.3130245506763458
399,No,0.403006374835968
400,No,0.4565146267414093
401,No,0.3198806941509247
402,No,0.3137799799442291
403,No,0.3959414064884186
404,No,0.3868609070777893
405,No,0.3822004795074463
406,No,0.3401053547859192
407,No,0.5007827281951904
408,No,0.4715041220188141
409,No,0.4683113396167755
410,Yes,0.5100127458572388
411,Yes,0.571977972984314
412,Yes,0.5884031057357788
413,Yes,0.5294462442398071
414,Yes,0.5476843118667603
415,Yes,0.5365954637527466
416,Yes,0.5542425513267517
417,No,0.34207016229629517
418,No,0.29235783219337463
419,No,0.3729202449321747
420,No,0.3574807941913605
421,No,0.4078790545463562
422,No,0.3969919681549072
423,No,0.456620454788208
424,No,0.5036724805831909
425,No,0.42835336923599243
426,No,0.4724953770637512
427,No,0.48878517746925354
428,Yes,0.5389126539230347
429,No,0.4751061201095581
430,No,0.43886619806289673
431,Yes,0.5383662581443787
432,Yes,0.5698965787887573
433,No,0.3692934215068817
434,No,0.4031405448913574
435,No,0.4857179820537567
436,Yes,0.5114328265190125
437,No,0.37978148460388184
438,No,0.4374401569366455
439,No,0.45754343271255493
440,No,0.47076231241226196
441,No,0.39579617977142334
442,No,0.4180997908115387
443,No,0.4874924421310425
444,Yes,0.5201699733734131
445,No,0.4240072965621948
446,No,0.4596462845802307
447,Yes,0.553011417388916
448,Yes,0.5610697865486145
449,No,0.39166542887687683
450,No,0.3987104296684265
451,No,0.4393938183784485
452,No,0.4534321129322052
453,No,0.43783438205718994
454,No,0.4218945801258087
455,No,0.43533748388290405
456,No,0.4565899968147278
457,No,0.332324743270874
458,No,0.36098721623420715
459,No,0.3705783486366272
460,No,0.36171114444732666
461,No,0.36296018958091736
462,No,0.32825738191604614
463,No,0.3913959264755249
464,No,0.382530152797699
465,No,0.42670485377311707
466,No,0.42451873421669006
467,No,0.4493853747844696
468,No,0.478796124458313
469,No,0.39031124114990234
470,No,0.38563939929008484
471,No,0.4784093201160431
472,No,0.47471269965171814
473,No,0.3614450991153717
474,No,0.3847658932209015
475,No,0.38991615176200867
476,No,0.3932938277721405
477,No,0.3337661623954773
478,No,0.3491956889629364
479,No,0.45048022270202637
480,No,0.46307215094566345
481,No,0.48253723978996277
482,No,0.45111083984375
483,No,0.499140202999115
484,Yes,0.5077517032623291
485,Yes,0.509466290473938
486,No,0.495066374540329
487,Yes,0.5101923942565918
488,No,0.4653288722038269
489,No,0.4287397563457489
490,No,0.41661423444747925
491,No,0.3995679020881653
492,No,0.387847900390625
493,No,0.45348334312438965
494,No,0.426979124546051
495,No,0.45424094796180725
496,No,0.4684965908527374
497,Yes,0.634667694568634
498,Yes,0.5131774544715881
499,Yes,0.605814516544342
500,Yes,0.6036615967750549
501,No,0.48585832118988037
502,No,0.42348363995552063
503,No,0.46720004081726074
504,No,0.4629628360271454
505,Yes,0.5415596961975098
506,No,0.4205860495567322
507,Yes,0.5109474062919617
508,No,0.5019978284835815
509,No,0.413815438747406
510,No,0.38980039954185486
511,No,0.3996473252773285
512,No,0.397714763879776
513,No,0.4802631139755249
514,No,0.45249390602111816
515,No,0.39063987135887146
516,No,0.46425360441207886
517,No,0.4708765745162964
518,No,0.37127113342285156
519,No,0.45717111229896545
520,Yes,0.5530672073364258
521,No,0.39214950799942017
522,No,0.40413588285446167
523,No,0.4731593430042267
524,Yes,0.532875120639801
525,No,0.4067215025424957
526,No,0.3954908847808838
527,No,0.43542417883872986
528,No,0.5008337497711182
529,No,0.37284669280052185
530,No,0.3625471591949463
531,No,0.36990228295326233
532,No,0.43638327717781067
533,No,0.35499629378318787
534,No,0.32750487327575684
535,No,0.37586891651153564
536,No,0.4256837069988251
537,No,0.38788166642189026
538,No,0.3970510959625244
539,No,0.3709629774093628
540,No,0.4170468747615814
541,No,0.37874600291252136
542,No,0.3582833707332611
543,No,0.38589584827423096
544,No,0.4694035053253174
545,No,0.47043269872665405
546,No,0.4061334431171417
547,Yes,0.5365220308303833
548,No,0.4859180450439453
549,Yes,0.527379035949707
550,Yes,0.5090466737747192
551,Yes,0.5246210098266602
552,Yes,0.5307400822639465
553,No,0.30317920446395874
554,No,0.3458135426044464
555,No,0.4433063864707947
556,No,0.45171019434928894
557,No,0.4575059711933136
558,No,0.30741918087005615
559,No,0.40694335103034973
560,No,0.3783690929412842
561,No,0.3263285458087921
562,No,0.3521134853363037
563,No,0.4239426851272583
564,No,0.43330708146095276
565,No,0.23831607401371002
566,No,0.227161705493927
567,No,0.33999213576316833
568,No,0.3590671420097351
569,No,0.40280449390411377
570,No,0.34692472219467163
571,No,0.4336737096309662
572,No,0.42945948243141174
573,No,0.4285047948360443
574,No,0.4063940644264221
575,No,0.4703362286090851
576,No,0.4771542549133301
577,No,0.47835201025009155
578,No,0.4500516653060913
579,No,0.4764072000980377
580,No,0.4707159101963043
581,No,0.4515882432460785
582,No,0.4327642321586609
583,No,0.500091552734375
584,No,0.47415611147880554
585,No,0.4488988220691681
586,No,0.4640776515007019
587,Yes,0.5807260274887085
588,Yes,0.5769829750061035
589,No,0.42373040318489075
590,No,0.4127534031867981
591,No,0.4713249206542969
592,No,0.4710850119590759
593,No,0.40397316217422485
594,No,0.41651222109794617
595,No,0.4333488643169403
596,No,0.4234321415424347
597,No,0.3739815950393677
598,No,0.4104223847389221
599,No,0.413251131772995
600,No,0.4440564513206482
601,No,0.4769342839717865
602,No,0.48434048891067505
603,Yes,0.5760311484336853
604,Yes,0.5765395164489746
605,No,0.4199417233467102
606,No,0.3975820541381836
607,No,0.4055003523826599
608,No,0.3755263388156891
609,No,0.36323052644729614
610,No,0.2486106902360916
611,No,0.41821780800819397
612,No,0.44426870346069336
613,No,0.47985759377479553
614,No,0.4375295042991638
615,No,0.4880894422531128
616,Yes,0.5128127336502075
617,No,0.4976058006286621
618,No,0.4629429280757904
619,Yes,0.5534617900848389
620,Yes,0.5824362635612488
621,No,0.4482594430446625
622,No,0.4228687286376953
623,No,0.4558957517147064
624,Yes,0.5815529227256775
625,No,0.47814223170280457
626,No,0.4125034809112549
627,No,0.4699763059616089
628,No,0.45763662457466125
629,No,0.4343155026435852
630,No,0.23277351260185242
631,No,0.38803714513778687
632,No,0.4287989139556885
633,No,0.39515402913093567
634,No,0.33970463275909424
635,No,0.48236456513404846
636,No,0.5035543441772461
637,No,0.41974765062332153
638,No,0.27346035838127136
639,No,0.37766408920288086
640,No,0.43347764015197754
641,No,0.3595984876155853
642,No,0.36349329352378845
643,No,0.4745783805847168
644,No,0.49352866411209106
645,No,0.42103031277656555
646,No,0.30300989747047424
647,No,0.3718335032463074
648,No,0.36619773507118225
649,No,0.4847531318664551
650,No,0.3859451115131378
651,No,0.4894142150878906
652,Yes,0.5083391070365906
653,No,0.446444571018219
654,No,0.4125502109527588
655,No,0.42192384600639343
656,No,0.4825698733329773
657,No,0.3796049952507019
658,No,0.313041090965271
659,No,0.42982152104377747
660,Yes,0.5025230050086975
661,No,0.43395060300827026
662,No,0.44087445735931396
663,Yes,0.5259060263633728
664,Yes,0.5560946464538574
665,No,0.4263233542442322
666,No,0.4113476276397705
667,Yes,0.5251612067222595
668,Yes,0.5580443739891052
669,No,0.3963358700275421
670,No,0.40365955233573914
671,No,0.4598919451236725
672,No,0.49653711915016174
673,No,0.4050106704235077
674,No,0.4196843206882477
675,No,0.4472910463809967
676,No,0.4786641299724579
677,No,0.4214531183242798
678,No,0.4133123755455017
679,No,0.4264625310897827
680,No,0.4976792335510254
681,No,0.4651830196380615
682,No,0.4573325216770172
683,No,0.49393895268440247
684,Yes,0.5085916519165039
685,No,0.39802566170692444
686,No,0.3873555064201355
687,No,0.4767782390117645
688,Yes,0.5426324605941772
689,No,0.3683737814426422
690,No,0.3585021197795868
691,No,0.40305718779563904
692,No,0.497799813747406
693,No,0.4719538688659668
694,No,0.4247787892818451
695,Yes,0.5400317311286926
696,Yes,0.5857928395271301
697,No,0.39050889015197754
698,No,0.3062806725502014
699,No,0.35242146253585815
700,No,0.39965227246284485
701,Yes,0.5191325545310974
702,No,0.4914233088493347
703,Yes,0.5422186255455017
704,Yes,0.5950392484664917
705,No,0.3796049952507019
706,No,0.313041090965271
707,No,0.42982152104377747
708,Yes,0.5025230050086975
709,No,0.3963358700275421
710,No,0.40365955233573914
711,No,0.4598919451236725
712,No,0.49653711915016174
713,No,0.36210641264915466
714,No,0.3738689124584198
715,No,0.4190198481082916
716,No,0.4981922209262848
717,No,0.35571375489234924
718,No,0.4034622013568878
719,No,0.4405651092529297
720,No,0.4910133481025696
721,No,0.3688640892505646
722,No,0.3565770089626312
723,No,0.37381502985954285
724,No,0.42072102427482605
725,No,0.4825808107852936
726,No,0.42591235041618347
727,Yes,0.5076451897621155
728,No,0.493670254945755
729,No,0.48626255989074707
730,No,0.4396876096725464
731,No,0.4897269308567047
732,No,0.4909459948539734
733,No,0.36321502923965454
734,No,0.2982197701931
735,No,0.3731815814971924
736,No,0.39796537160873413
737,No,0.3705204427242279
738,No,0.31329604983329773
739,No,0.42659488320350647
740,No,0.360665500164032
741,No,0.37941861152648926
742,No,0.3499070703983307
743,No,0.47500258684158325
744,No,0.45428013801574707
745,No,0.4641810655593872
746,No,0.4409703314304352
747,Yes,0.5465776920318604
748,Yes,0.5396422743797302
749,No,0.420037180185318
750,No,0.36886391043663025
751,No,0.48498815298080444
752,No,0.46725237369537354
753,No,0.44310739636421204
754,No,0.4096633493900299
755,Yes,0.510504961013794
756,Yes,0.5040720105171204
757,No,0.37874671816825867
758,No,0.32288187742233276
759,No,0.4290209412574768
760,No,0.44067618250846863
761,Yes,0.5283492803573608
762,No,0.49468356370925903
763,Yes,0.5496525168418884
764,Yes,0.5678066611289978
765,No,0.3872561454772949
766,No,0.35670626163482666
767,No,0.4063364565372467
768,No,0.44608932733535767
769,No,0.366472452878952
770,No,0.3714490234851837
771,No,0.4090278744697571
772,No,0.4136812090873718
773,No,0.30274125933647156
774,No,0.34813955426216125
775,No,0.37086760997772217
776,No,0.35723549127578735
777,No,0.2987089455127716
778,No,0.37698987126350403
779,No,0.3630453944206238
780,No,0.37690532207489014
781,No,0.39563363790512085
782,No,0.4657030403614044
783,Yes,0.5105103254318237
784,No,0.48154398798942566
785,No,0.3988558053970337
786,No,0.3644096255302429
787,No,0.3858817517757416
788,No,0.3694571554660797
789,No,0.42502856254577637
790,No,0.4342598617076874
791,No,0.4647741913795471
792,No,0.4645267724990845
793,No,0.3598412871360779
794,No,0.46621236205101013
795,No,0.3847586214542389
796,No,0.38223180174827576
797,No,0.3595820963382721
798,No,0.368602454662323
799,No,0.38647520542144775
800,No,0.36277011036872864
801,No,0.3316526710987091
802,No,0.33229541778564453
803,No,0.3909091055393219
804,No,0.37111732363700867
805,No,0.3555079400539398
806,No,0.343071311712265
807,No,0.37588974833488464
808,No,0.3927047848701477
809,No,0.3496098518371582
810,No,0.3789004981517792
811,No,0.474942147731781
812,No,0.453847199678421
813,No,0.3478008508682251
814,No,0.4103296101093292
815,No,0.4360141158103943
816,No,0.42269444465637207
817,No,0.42178088426589966
818,No,0.34468039870262146
819,Yes,0.5075172781944275
820,No,0.49186888337135315
821,No,0.3854105472564697
822,No,0.33389317989349365
823,No,0.46244099736213684
824,No,0.4333619475364685
825,No,0.36935776472091675
826,No,0.3372996747493744
827,No,0.4211818277835846
828,No,0.4096250534057617
829,No,0.424784779548645
830,No,0.42277655005455017
831,No,0.33517083525657654
832,No,0.3669353723526001
833,No,0.4258754551410675
834,No,0.39784330129623413
835,No,0.4761289656162262
836,No,0.4666646420955658
837,No,0.44957852363586426
838,No,0.40624281764030457
839,Yes,0.5725023746490479
840,Yes,0.5404717326164246
841,No,0.42178088426589966
842,No,0.34468039870262146
843,Yes,0.5075172781944275
844,No,0.49186888337135315
845,No,0.49559178948402405
846,No,0.4602821171283722
847,Yes,0.5366172194480896
848,Yes,0.5286390781402588
849,Yes,0.5540338158607483
850,Yes,0.54026859998703
851,Yes,0.6082345247268677
852,Yes,0.6501373052597046
853,No,0.4691348969936371
854,No,0.49921268224716187
855,Yes,0.5338204503059387
856,Yes,0.5858128666877747
857,No,0.4302366375923157
858,No,0.451301634311676
859,Yes,0.5378341674804688
860,No,0.4971044361591339
861,No,0.40258944034576416
862,Yes,0.5335201025009155
863,Yes,0.6215044260025024
864,Yes,0.6556879878044128
865,No,0.5026528239250183
866,Yes,0.5051586627960205
867,Yes,0.5132734179496765
868,No,0.4784711003303528
869,No,0.341858834028244
870,No,0.3342984616756439
871,No,0.3861609995365143
872,No,0.32528242468833923
873,No,0.4515131711959839
874,No,0.4301378130912781
875,No,0.5004786849021912
876,No,0.44786229729652405
877,No,0.454915314912796
878,No,0.4474327266216278
879,No,0.4697996973991394
880,No,0.4362339377403259
881,Yes,0.5066472291946411
882,Yes,0.5308831930160522
883,Yes,0.5050743818283081
884,No,0.4501326084136963
885,No,0.4303433895111084
886,No,0.4230601489543915
887,No,0.4283519387245178
888,No,0.38244736194610596
889,No,0.4155811369419098
890,No,0.39889875054359436
891,No,0.44753000140190125
892,No,0.40638765692710876
893,No,0.3908374011516571
894,No,0.358615905046463
895,No,0.4255888760089874
896,No,0.37384459376335144
897,No,0.46407705545425415
898,No,0.35450050234794617
899,Yes,0.5299665331840515
900,Yes,0.5286746621131897
901,Yes,0.5625467300415039
902,Yes,0.5317431092262268
903,Yes,0.6729415655136108
904,Yes,0.7059301733970642
905,No,0.423345148563385
906,No,0.4058447778224945
907,Yes,0.5265024304389954
908,Yes,0.5684217214584351
909,No,0.4041725993156433
910,No,0.3994824290275574
911,Yes,0.518659234046936
912,Yes,0.5700675845146179
913,No,0.41155824065208435
914,No,0.3249938488006592
915,No,0.392366886138916
916,No,0.40560078620910645
917,No,0.3658485412597656
918,No,0.3857043385505676
919,Yes,0.5232385993003845
920,Yes,0.6125003099441528
921,Yes,0.5755031704902649
922,Yes,0.5422905087471008
923,Yes,0.6185967922210693
924,Yes,0.6678134799003601
925,No,0.413390576839447
926,No,0.38829243183135986
927,Yes,0.5682520866394043
928,Yes,0.5776850581169128
929,No,0.3599448502063751
930,No,0.3044176399707794
931,No,0.41547641158103943
932,No,0.4150540232658386
933,No,0.44974079728126526
934,No,0.4424900710582733
935,Yes,0.5049373507499695
936,Yes,0.5591294169425964
937,No,0.41743820905685425
938,No,0.4133399724960327
939,No,0.4282727837562561
940,No,0.41917550563812256
941,No,0.45161983370780945
942,No,0.3856728971004486
943,No,0.46582111716270447
944,No,0.44648614525794983
945,No,0.29134324193000793
946,No,0.3487459421157837
947,No,0.33590811491012573
948,No,0.3310304880142212
949,No,0.48162615299224854
950,No,0.486415296792984
951,Yes,0.604513943195343
952,Yes,0.5862720012664795
953,No,0.37722650170326233
954,No,0.4130847752094269
955,No,0.4290127158164978
956,No,0.4126366674900055
957,No,0.4456196427345276
958,No,0.39462149143218994
959,No,0.4176364541053772
960,No,0.43982210755348206
961,No,0.36409619450569153
962,No,0.37230271100997925
963,No,0.4960824251174927
964,No,0.47750532627105713
965,No,0.3861069679260254
966,No,0.44397857785224915
967,No,0.4765802025794983
968,No,0.47456374764442444
969,No,0.3672582805156708
970,No,0.3619644343852997
971,No,0.41263195872306824
972,No,0.432891845703125
973,No,0.4080623388290405
974,No,0.4286564290523529
975,No,0.4942229986190796
976,Yes,0.5137527585029602
977,No,0.4775228500366211
978,No,0.45948681235313416
979,No,0.47881531715393066
980,Yes,0.5064544081687927
981,No,0.4340628683567047
982,No,0.3885478079319
983,No,0.43235188722610474
984,No,0.3984362781047821
985,No,0.4558197557926178
986,No,0.4149797260761261
987,No,0.4786931276321411
988,No,0.5034707188606262
989,No,0.44167014956474304
990,No,0.4465181529521942
991,No,0.4437828063964844
992,No,0.46674463152885437
993,No,0.4114464223384857
994,No,0.272310346364975
995,No,0.4131616950035095
996,No,0.37593671679496765
997,No,0.4755608141422272
998,No,0.4222944974899292
999,No,0.4862297773361206
1000,No,0.5003166794776917
1001,No,0.4129118323326111
1002,No,0.37004998326301575
1003,No,0.4055209755897522
1004,No,0.40319034457206726
1005,No,0.3530677855014801
1006,No,0.33415958285331726
1007,No,0.44445452094078064
1008,No,0.4201202690601349
1009,No,0.39899760484695435
1010,No,0.4037187099456787
1011,Yes,0.5108242034912109
1012,Yes,0.5250577926635742
1013,No,0.3860514163970947
1014,No,0.377350389957428
1015,No,0.44961047172546387
1016,No,0.46081939339637756
1017,No,0.3769713342189789
1018,No,0.37880203127861023
1019,No,0.44561824202537537
1020,No,0.4602397084236145
1021,No,0.3983950614929199
1022,No,0.4598619341850281
1023,Yes,0.5609031915664673
1024,Yes,0.6005620360374451
1025,No,0.38062602281570435
1026,No,0.38112640380859375
1027,No,0.42244353890419006
1028,No,0.42843472957611084
1029,No,0.41149502992630005
1030,No,0.42159199714660645
1031,No,0.4967881739139557
1032,Yes,0.5328654646873474
1033,No,0.35370659828186035
1034,No,0.3146267533302307
1035,No,0.40385785698890686
1036,No,0.44104447960853577
1037,No,0.35112687945365906
1038,No,0.3678187131881714
1039,No,0.4586077034473419
1040,Yes,0.5100873708724976
1041,No,0.35720014572143555
1042,No,0.3776121437549591
1043,No,0.3857743740081787
1044,No,0.4089690148830414
1045,No,0.3301037847995758
1046,No,0.3361368775367737
1047,No,0.3670751750469208
1048,No,0.38246607780456543
1049,No,0.40525153279304504
1050,No,0.4085279107093811
1051,No,0.4475800693035126
1052,No,0.48032325506210327
1053,No,0.4577927887439728
1054,No,0.4763123095035553
1055,Yes,0.5552371144294739
1056,Yes,0.6129140853881836
1057,No,0.40990933775901794
1058,No,0.37051498889923096
1059,No,0.4664067029953003
1060,No,0.4775581657886505
1061,No,0.3856271803379059
1062,No,0.42005303502082825
1063,No,0.4834950566291809
1064,No,0.47105395793914795
1065,No,0.41149502992630005
1066,No,0.42159199714660645
1067,No,0.4967881739139557
1068,Yes,0.5328654646873474
1069,No,0.38903671503067017
1070,No,0.37975773215293884
1071,Yes,0.5193326473236084
1072,No,0.46860697865486145
1073,No,0.47505995631217957
1074,No,0.4930134117603302
1075,Yes,0.5581433773040771
1076,Yes,0.5831294655799866
1077,No,0.47229430079460144
1078,No,0.4588555097579956
1079,Yes,0.513256311416626
1080,Yes,0.558199405670166
1081,No,0.5035117864608765
1082,Yes,0.5279827117919922
1083,No,0.46723321080207825
1084,No,0.49334385991096497
1085,No,0.5029204487800598
1086,No,0.4372224807739258
1087,Yes,0.5308037400245667
1088,Yes,0.5922518372535706
1089,Yes,0.5355618596076965
1090,Yes,0.5068067908287048
1091,Yes,0.5616671442985535
1092,Yes,0.5528021454811096
1093,No,0.38824963569641113
1094,No,0.3495693802833557
1095,No,0.3903343081474304
1096,No,0.39594703912734985
1097,No,0.4074719250202179
1098,No,0.46214672923088074
1099,No,0.4597170054912567
1100,No,0.46909192204475403
1101,No,0.49543479084968567
1102,No,0.45152321457862854
1103,No,0.4864613115787506
1104,Yes,0.5470208525657654
1105,No,0.39717525243759155
1106,No,0.3122546672821045
1107,No,0.3934968411922455
1108,No,0.39571624994277954
1109,No,0.4136204123497009
1110,No,0.3374815583229065
1111,No,0.4506465792655945
1112,No,0.4823863208293915
1113,Yes,0.5483533143997192
1114,Yes,0.6255500912666321
1115,Yes,0.6209974884986877
1116,Yes,0.6680181622505188
1117,No,0.44345423579216003
1118,No,0.3411236107349396
1119,No,0.4728769361972809
1120,No,0.44619038701057434
1121,No,0.36843010783195496
1122,No,0.3326401710510254
1123,No,0.43686410784721375
1124,No,0.4239867925643921
1125,No,0.49057111144065857
1126,Yes,0.5264097452163696
1127,Yes,0.6130381226539612
1128,Yes,0.6664067506790161
1129,No,0.40130317211151123
1130,No,0.3960196077823639
1131,No,0.4950583875179291
1132,Yes,0.5475854277610779
1133,No,0.4148498773574829
1134,No,0.36495164036750793
1135,Yes,0.5787145495414734
1136,Yes,0.6285528540611267
1137,No,0.43852499127388
1138,No,0.4683631658554077
1139,No,0.48025256395339966
1140,No,0.4899332523345947
1141,No,0.3960859477519989
1142,No,0.3815820515155792
1143,No,0.48057320713996887
1144,No,0.49011629819869995
1145,No,0.4298943877220154
1146,No,0.4072015583515167
1147,No,0.3905486762523651
1148,No,0.38344112038612366
1149,No,0.3126235008239746
1150,No,0.32316070795059204
1151,No,0.46634241938591003
1152,No,0.5003038644790649
1153,No,0.43329939246177673
1154,No,0.47918179631233215
1155,No,0.49973705410957336
1156,Yes,0.5510449409484863
1157,No,0.489777535200119
1158,No,0.4281688630580902
1159,No,0.4660888612270355
1160,No,0.4509313106536865
1161,Yes,0.5147841572761536
1162,No,0.47100499272346497
1163,Yes,0.6059057712554932
1164,Yes,0.5713605880737305
1165,No,0.4938082695007324
1166,No,0.4509396553039551
1167,No,0.4725677967071533
1168,No,0.5016304850578308
1169,No,0.3588164150714874
1170,No,0.3835655748844147
1171,No,0.45146793127059937
1172,No,0.4728640615940094
1173,No,0.4225332736968994
1174,No,0.39359068870544434
1175,No,0.4845826029777527
1176,Yes,0.5312731266021729
1177,No,0.3786253035068512
1178,No,0.38831740617752075
1179,Yes,0.5189183950424194
1180,Yes,0.5733877420425415
1181,No,0.4425208568572998
1182,No,0.4627457857131958
1183,Yes,0.5222551822662354
1184,Yes,0.5654817819595337
1185,No,0.4767785370349884
1186,No,0.4904828369617462
1187,Yes,0.507475733757019
1188,No,0.4976911246776581
1189,No,0.3547247052192688
1190,No,0.38330337405204773
1191,No,0.4003857970237732
1192,No,0.4167026877403259
1193,No,0.5006455183029175
1194,Yes,0.5053181648254395
1195,Yes,0.5208446979522705
1196,Yes,0.5138359665870667
1197,No,0.4245339632034302
1198,No,0.42597365379333496
1199,Yes,0.5090556144714355
1200,No,0.47801655530929565
1201,Yes,0.6338473558425903
1202,Yes,0.5808298587799072
1203,Yes,0.7250953912734985
1204,Yes,0.6959055662155151
1205,No,0.4572078287601471
1206,No,0.463369756937027
1207,Yes,0.5239202976226807
1208,Yes,0.5166443586349487
1209,No,0.48234957456588745
1210,No,0.44970616698265076
1211,No,0.4440275728702545
1212,No,0.45935219526290894
1213,No,0.46249979734420776
1214,No,0.42783212661743164
1215,Yes,0.5604900121688843
1216,Yes,0.5516372919082642
1217,No,0.4810100495815277
1218,No,0.4390316307544708
1219,No,0.4896232485771179
1220,Yes,0.5068979859352112
1221,No,0.4380054771900177
1222,No,0.4427386224269867
1223,Yes,0.5366683006286621
1224,Yes,0.5704181790351868
1225,No,0.42451179027557373
1226,No,0.4719781279563904
1227,No,0.4541182816028595
1228,No,0.45685824751853943
1229,No,0.47702494263648987
1230,No,0.4355553090572357
1231,Yes,0.5511072874069214
1232,Yes,0.5353912115097046
1233,No,0.40502503514289856
1234,No,0.3417935371398926
1235,No,0.4330725073814392
1236,No,0.4415214955806732
1237,Yes,0.5087016820907593
1238,No,0.4800502359867096
1239,Yes,0.5649566650390625
1240,Yes,0.5809801816940308
1241,No,0.4380054771900177
1242,No,0.4427386224269867
1243,Yes,0.5366683006286621
1244,Yes,0.5704181790351868
1245,No,0.45864638686180115
1246,No,0.46132922172546387
1247,No,0.47357800602912903
1248,No,0.4707401394844055
1249,No,0.31803426146507263
1250,No,0.30892425775527954
1251,No,0.4304431676864624
1252,No,0.4689391255378723
1253,No,0.455396443605423
1254,Yes,0.5092828869819641
1255,No,0.494838684797287
1256,Yes,0.5460006594657898
1257,No,0.36931800842285156
1258,No,0.39240026473999023
1259,No,0.35804638266563416
1260,No,0.3478456437587738
1261,No,0.37940433621406555
1262,No,0.3738136887550354
1263,No,0.4346866011619568
1264,No,0.45457735657691956
1265,No,0.3486528992652893
1266,No,0.33494535088539124
1267,No,0.38246551156044006
1268,No,0.41269323229789734
1269,No,0.25945016741752625
1270,No,0.24280884861946106
1271,No,0.4005148410797119
1272,No,0.40848276019096375
1273,No,0.4075556993484497
1274,No,0.42760536074638367
1275,No,0.4619738459587097
1276,No,0.4474993348121643
1277,Yes,0.5278577208518982
1278,Yes,0.5083742737770081
1279,Yes,0.5604817271232605
1280,Yes,0.6021310687065125
1281,No,0.3914504647254944
1282,No,0.3696698546409607
1283,No,0.41621634364128113
1284,No,0.41627776622772217
1285,No,0.4494434893131256
1286,No,0.416934609413147
1287,No,0.4396107792854309
1288,No,0.42615634202957153
1289,No,0.3896189033985138
1290,No,0.38699474930763245
1291,No,0.4448144733905792
1292,No,0.4731455147266388
1293,No,0.3896346092224121
1294,No,0.36867189407348633
1295,No,0.37985923886299133
1296,No,0.3872748017311096
1297,No,0.35035204887390137
1298,No,0.32883384823799133
1299,No,0.3436112403869629
1300,No,0.3799828588962555
1301,No,0.4067966938018799
1302,No,0.45093244314193726
1303,Yes,0.5215539932250977
1304,Yes,0.5377681255340576
1305,No,0.3714710772037506
1306,No,0.3326551914215088
1307,No,0.33479100465774536
1308,No,0.35182371735572815
1309,No,0.3662426769733429
1310,No,0.2890258729457855
1311,No,0.3663787543773651
1312,No,0.35838788747787476
1313,No,0.37098175287246704
1314,No,0.2619304358959198
1315,No,0.37458929419517517
1316,No,0.3990415930747986
1317,No,0.39770492911338806
1318,No,0.30992332100868225
1319,No,0.3741196095943451
1320,No,0.38930419087409973
1321,No,0.4037516713142395
1322,No,0.3245040476322174
1323,No,0.4346810281276703
1324,No,0.4439723789691925
1325,No,0.45000919699668884
1326,No,0.39580658078193665
1327,Yes,0.5096431970596313
1328,No,0.4997427761554718
1329,No,0.47262269258499146
1330,No,0.40749087929725647
1331,Yes,0.5075722336769104
1332,No,0.4645437002182007
1333,Yes,0.5335832834243774
1334,No,0.4653943181037903
1335,Yes,0.6146090626716614
1336,Yes,0.567137598991394
1337,No,0.3604904115200043
1338,No,0.2997080087661743
1339,No,0.44594794511795044
1340,No,0.46669456362724304
1341,No,0.3796689212322235
1342,No,0.378557026386261
1343,No,0.4976751208305359
1344,No,0.48358049988746643
1345,No,0.36888551712036133
1346,No,0.38179996609687805
1347,No,0.49919411540031433
1348,Yes,0.5145100951194763
1349,Yes,0.5061498284339905
1350,No,0.4338209331035614
1351,Yes,0.551005482673645
1352,Yes,0.5385509133338928
1353,No,0.3897242248058319
1354,No,0.3464071452617645
1355,Yes,0.5191364288330078
1356,No,0.4652726352214813
1357,No,0.4133561849594116
1358,No,0.37941572070121765
1359,No,0.4236302375793457
1360,No,0.4000604450702667
1361,No,0.35459059476852417
1362,No,0.31534522771835327
1363,No,0.3840497136116028
1364,No,0.4202703535556793
1365,No,0.355215460062027
1366,No,0.34788405895233154
1367,No,0.3949386179447174
1368,No,0.4129406213760376
1369,No,0.33508020639419556
1370,No,0.42175784707069397
1371,No,0.41513997316360474
1372,No,0.43970155715942383
1373,No,0.3906657099723816
1374,No,0.3871457874774933
1375,No,0.40028467774391174
1376,No,0.386256605386734
1377,No,0.34140583872795105
1378,No,0.3642093539237976
1379,No,0.3802836239337921
1380,No,0.3907040059566498
1381,No,0.45573943853378296
1382,Yes,0.5176711082458496
1383,Yes,0.5777405500411987
1384,Yes,0.6220843195915222
1385,No,0.37001699209213257
1386,No,0.3528796434402466
1387,No,0.3432592749595642
1388,No,0.38247260451316833
1389,No,0.36693429946899414
1390,No,0.4257851839065552
1391,No,0.4194973111152649
1392,No,0.4550240933895111
1393,No,0.4267166256904602
1394,No,0.31186801195144653
1395,No,0.3758031129837036
1396,No,0.38258281350135803
1397,No,0.3683984577655792
1398,No,0.4235025942325592
1399,No,0.38571396470069885
1400,No,0.4444425702095032
1401,No,0.4043433666229248
1402,No,0.4084612727165222
1403,No,0.37412580847740173
1404,No,0.39459726214408875
1405,No,0.4557403326034546
1406,No,0.45611298084259033
1407,No,0.4831322431564331
1408,Yes,0.5540460348129272
1409,No,0.3805485665798187
1410,No,0.38477733731269836
1411,No,0.38906508684158325
1412,No,0.4603757858276367
1413,No,0.4035702049732208
1414,No,0.40185466408729553
1415,No,0.3875446915626526
1416,No,0.45641276240348816
1417,No,0.23333477973937988
1418,No,0.12762776017189026
1419,No,0.38447120785713196
1420,No,0.35378825664520264
1421,No,0.47237783670425415
1422,No,0.4809151887893677
1423,No,0.46949252486228943
1424,No,0.5043944716453552
1425,No,0.3649253249168396
1426,No,0.3993452787399292
1427,No,0.3945654332637787
1428,No,0.3878260552883148
1429,No,0.4211808741092682
1430,No,0.35697686672210693
1431,No,0.4346371591091156
1432,No,0.4185125231742859
1433,No,0.4384814500808716
1434,No,0.44803574681282043
1435,No,0.47856736183166504
1436,No,0.4922287166118622
1437,No,0.4166089594364166
1438,No,0.4341663122177124
1439,No,0.3718681335449219
1440,No,0.3680766522884369
1441,No,0.38224342465400696
1442,No,0.40127894282341003
1443,No,0.4325810670852661
1444,No,0.48073214292526245
1445,No,0.4152551591396332
1446,No,0.4129072427749634
1447,No,0.49848440289497375
1448,Yes,0.5470088124275208
1449,No,0.45052284002304077
1450,No,0.43810176849365234
1451,Yes,0.5696688294410706
1452,Yes,0.6045101284980774
1453,No,0.4629291296005249
1454,Yes,0.5222693681716919
1455,Yes,0.5128699541091919
1456,Yes,0.5585953593254089
1457,No,0.3665398061275482
1458,No,0.37964606285095215
1459,No,0.4179166257381439
1460,No,0.483145147562027
1461,No,0.425403892993927
1462,No,0.47326239943504333
1463,No,0.500136137008667
1464,Yes,0.5263257622718811
1465,No,0.4299173355102539
1466,No,0.45959290862083435
1467,No,0.45259609818458557
1468,No,0.48983505368232727
1469,No,0.3726382553577423
1470,No,0.43843913078308105
1471,No,0.4405296742916107
1472,No,0.470011830329895
1473,Yes,0.5351058840751648
1474,Yes,0.5235419273376465
1475,Yes,0.5971598029136658
1476,Yes,0.5827455520629883
1477,Yes,0.5798015594482422
1478,Yes,0.5743180513381958
1479,Yes,0.6624572277069092
1480,Yes,0.6673470139503479
1481,Yes,0.5945706963539124
1482,Yes,0.5586293935775757
1483,Yes,0.5982521772384644
1484,Yes,0.5764281153678894
1485,Yes,0.514886736869812
1486,Yes,0.5395054817199707
1487,Yes,0.5589871406555176
1488,Yes,0.5750707983970642
1489,No,0.4247187376022339
1490,No,0.2896449565887451
1491,No,0.43860453367233276
1492,No,0.3660045266151428
1493,No,0.4644116759300232
1494,No,0.4536263346672058
1495,Yes,0.5112428665161133
1496,Yes,0.5060777068138123
1497,Yes,0.5945706963539124
1498,Yes,0.5586293935775757
1499,Yes,0.5982521772384644
1500,Yes,0.5764281153678894
1501,No,0.4861636757850647
1502,No,0.40785500407218933
1503,No,0.4442001283168793
1504,No,0.4203876852989197
1505,No,0.4304995834827423
1506,No,0.4107934534549713
1507,No,0.4639366567134857
1508,No,0.41520243883132935
1509,No,0.4724496901035309
1510,No,0.4800163805484772
1511,Yes,0.5292461514472961
1512,No,0.4886443614959717
1513,No,0.428205668926239
1514,No,0.33820226788520813
1515,No,0.423391193151474
1516,No,0.34996551275253296
1517,No,0.47376346588134766
1518,No,0.4242965579032898
1519,Yes,0.5745013356208801
1520,Yes,0.5342299938201904
1521,No,0.39621952176094055
1522,No,0.35309940576553345
1523,No,0.45080190896987915
1524,No,0.4400652348995209
1525,No,0.37014463543891907
1526,No,0.3408650755882263
1527,No,0.39771661162376404
1528,No,0.37711572647094727
1529,No,0.4550090730190277
1530,No,0.4267673194408417
1531,No,0.4750107526779175
1532,No,0.47326236963272095
1533,No,0.4303078353404999
1534,No,0.40471914410591125
1535,No,0.43902790546417236
1536,No,0.4508884847164154
1537,No,0.4267916977405548
1538,No,0.4243468940258026
1539,No,0.45318740606307983
1540,No,0.46990352869033813
1541,No,0.36175692081451416
1542,No,0.39391958713531494
1543,Yes,0.5095809698104858
1544,Yes,0.5136319994926453
1545,No,0.4095243215560913
1546,No,0.38222673535346985
1547,No,0.37484702467918396
1548,No,0.38285398483276367
1549,No,0.3908384442329407
1550,No,0.3473840653896332
1551,No,0.41342535614967346
1552,No,0.4210589826107025
1553,No,0.42461463809013367
1554,No,0.4047495424747467
1555,No,0.4652411639690399
1556,Yes,0.5062623620033264
1557,Yes,0.5231061577796936
1558,No,0.4066771864891052
1559,Yes,0.5143910050392151
1560,Yes,0.5102099180221558
1561,No,0.48608675599098206
1562,No,0.46960484981536865
1563,Yes,0.5475342869758606
1564,Yes,0.5686006546020508
1565,No,0.4099465310573578
1566,No,0.42482423782348633
1567,Yes,0.5073179602622986
1568,Yes,0.5215732455253601
1569,No,0.46105557680130005
1570,No,0.44153347611427307
1571,No,0.41938167810440063
1572,No,0.41477757692337036
1573,No,0.3658517897129059
1574,No,0.32927456498146057
1575,No,0.408622682094574
1576,No,0.3782159984111786
1577,No,0.36545702815055847
1578,No,0.3804231286048889
1579,No,0.36777785420417786
1580,No,0.3895472586154938
1581,No,0.3482835590839386
1582,No,0.3223645091056824
1583,No,0.3239167630672455
1584,No,0.3117457926273346
1585,No,0.47296082973480225
1586,No,0.4634733200073242
1587,Yes,0.5196802020072937
1588,Yes,0.5753728747367859
1589,Yes,0.5227442383766174
1590,No,0.4871568977832794
1591,Yes,0.5619643926620483
1592,Yes,0.6172184944152832
1593,Yes,0.5083750486373901
1594,No,0.46649184823036194
1595,No,0.4903123378753662
1596,Yes,0.5048487782478333
1597,Yes,0.5129633545875549
1598,No,0.48260658979415894
1599,No,0.47975751757621765
1600,No,0.49761858582496643
1601,Yes,0.5391808152198792
1602,No,0.4751497209072113
1603,Yes,0.5621159076690674
1604,Yes,0.6070626378059387
1605,No,0.49734044075012207
1606,No,0.49111831188201904
1607,Yes,0.5645285248756409
1608,Yes,0.5831068754196167
1609,No,0.4741648733615875
1610,No,0.48418334126472473
1611,Yes,0.5272806286811829
1612,Yes,0.559789776802063
1613,Yes,0.6500352025032043
1614,Yes,0.6120507717132568
1615,Yes,0.6217488646507263
1616,Yes,0.6544832587242126
1617,No,0.3680911660194397
1618,No,0.30955731868743896
1619,No,0.49555933475494385
1620,No,0.48068904876708984
1621,No,0.4412554204463959
1622,No,0.4284416139125824
1623,No,0.48929911851882935
1624,No,0.4954278767108917
1625,Yes,0.5073750019073486
1626,No,0.48948991298675537
1627,Yes,0.5050334334373474
1628,Yes,0.5173715949058533
1629,Yes,0.7193886637687683
1630,Yes,0.7309897541999817
1631,Yes,0.7693167924880981
1632,Yes,0.7376728057861328
1633,No,0.39028286933898926
1634,No,0.45583048462867737
1635,No,0.49187609553337097
1636,Yes,0.5537525415420532
1637,No,0.4098082482814789
1638,No,0.4232708513736725
1639,No,0.4941423833370209
1640,Yes,0.509718656539917
1641,No,0.4225575625896454
1642,No,0.47178491950035095
1643,No,0.4904223382472992
1644,Yes,0.5385854840278625
1645,No,0.39749133586883545
1646,No,0.41812843084335327
1647,No,0.47702276706695557
1648,Yes,0.5286567807197571
1649,No,0.39749133586883545
1650,No,0.41812843084335327
1651,No,0.47702276706695557
1652,Yes,0.5286567807197571
1653,No,0.43856993317604065
1654,No,0.4564998745918274
1655,Yes,0.523505687713623
1656,Yes,0.5842111706733704
1657,No,0.3824578821659088
1658,No,0.42581889033317566
1659,Yes,0.5299472212791443
1660,Yes,0.5767900943756104
1661,No,0.45112279057502747
1662,No,0.4435311257839203
1663,Yes,0.5235361456871033
1664,Yes,0.5699302554130554
1665,No,0.3744969666004181
1666,No,0.41020381450653076
1667,No,0.39948707818984985
1668,No,0.41566503047943115
1669,No,0.4193405508995056
1670,No,0.45445382595062256
1671,No,0.3932122588157654
1672,No,0.4165259599685669
1673,No,0.45556291937828064
1674,No,0.4787152111530304
1675,No,0.48593127727508545
1676,Yes,0.5393469333648682
1677,No,0.3597511351108551
1678,No,0.39925500750541687
1679,No,0.39102259278297424
1680,No,0.43047165870666504
1681,No,0.3684217035770416
1682,No,0.34704768657684326
1683,No,0.3770018219947815
1684,No,0.3975159823894501
1685,No,0.38428646326065063
1686,No,0.3712046146392822
1687,No,0.43184953927993774
1688,No,0.48931199312210083
1689,No,0.2847317159175873
1690,No,0.3168533146381378
1691,No,0.3568219244480133
1692,No,0.3906697630882263
1693,No,0.47133487462997437
1694,Yes,0.54888916015625
1695,Yes,0.5705661177635193
1696,Yes,0.6416199207305908
1697,No,0.38360676169395447
1698,No,0.4054163694381714
1699,No,0.4868469536304474
1700,Yes,0.5145441293716431
1701,No,0.40230852365493774
1702,No,0.43511223793029785
1703,No,0.4603796899318695
1704,Yes,0.5342826247215271
1705,No,0.3895706534385681
1706,No,0.31729066371917725
1707,No,0.37244072556495667
1708,No,0.39519354701042175
1709,No,0.42870983481407166
1710,No,0.3726247251033783
1711,No,0.42227715253829956
1712,No,0.46254944801330566
1713,No,0.4289495348930359
1714,No,0.4040505886077881
1715,No,0.4251658320426941
1716,No,0.431266725063324
1717,No,0.37437236309051514
1718,No,0.3235246539115906
1719,No,0.42150628566741943
1720,No,0.43975961208343506
1721,No,0.4225379228591919
1722,No,0.34519878029823303
1723,No,0.3966526985168457
1724,No,0.3923870325088501
1725,No,0.3604854345321655
1726,No,0.3311666250228882
1727,No,0.44764432311058044
1728,No,0.45639568567276
1729,No,0.4310119152069092
1730,No,0.3996451199054718
1731,Yes,0.5346754789352417
1732,Yes,0.5031585097312927
1733,No,0.4832181930541992
1734,No,0.4949878454208374
1735,Yes,0.5749565362930298
1736,Yes,0.6189606785774231
1737,No,0.40265384316444397
1738,No,0.38819143176078796
1739,No,0.48361876606941223
1740,No,0.4845096170902252
1741,No,0.46147024631500244
1742,No,0.446826308965683
1743,No,0.4433217942714691
1744,No,0.45309126377105713
1745,No,0.47154030203819275
1746,Yes,0.5113411545753479
1747,Yes,0.6165003180503845
1748,Yes,0.6576822400093079
1749,No,0.4118659198284149
1750,No,0.3588431477546692
1751,No,0.4655122756958008
1752,No,0.5012110471725464
1753,No,0.39950430393218994
1754,No,0.3560899496078491
1755,Yes,0.5403825640678406
1756,Yes,0.5465312004089355
1757,No,0.4777466058731079
1758,No,0.47184017300605774
1759,Yes,0.6120574474334717
1760,Yes,0.6446471810340881
1761,No,0.4850945472717285
1762,Yes,0.5354359745979309
1763,Yes,0.5516666173934937
1764,Yes,0.6305028796195984
1765,No,0.41238147020339966
1766,No,0.35159844160079956
1767,Yes,0.5125846266746521
1768,No,0.4598560333251953
1769,No,0.3279082775115967
1770,No,0.35776540637016296
1771,Yes,0.5046337842941284
1772,No,0.48704007267951965
1773,No,0.48194628953933716
1774,No,0.4149852991104126
1775,No,0.5032081604003906
1776,No,0.4973529875278473
1777,No,0.3722693622112274
1778,No,0.28594598174095154
1779,No,0.4259224236011505
1780,No,0.31942954659461975
1781,No,0.3886764943599701
1782,No,0.30826887488365173
1783,No,0.4557048976421356
1784,No,0.4435623288154602
1785,No,0.4909171164035797
1786,No,0.4089653789997101
1787,Yes,0.5466697216033936
1788,Yes,0.522059977054596
1789,No,0.43157604336738586
1790,No,0.34179019927978516
1791,No,0.44933435320854187
1792,No,0.44801652431488037
1793,No,0.4499070346355438
1794,No,0.4030557870864868
1795,No,0.47107455134391785
1796,Yes,0.5265395045280457
1797,No,0.4738883078098297
1798,No,0.4024794101715088
1799,Yes,0.5231488347053528
1800,Yes,0.5329869389533997
1801,No,0.44892966747283936
1802,No,0.4604916274547577
1803,No,0.4735521078109741
1804,No,0.487175852060318
1805,No,0.3964298665523529
1806,No,0.2778170108795166
1807,No,0.3932071328163147
1808,No,0.41544121503829956
1809,No,0.41030317544937134
1810,No,0.4391244351863861
1811,No,0.46515366435050964
1812,Yes,0.5031757354736328
1813,No,0.39613524079322815
1814,No,0.4074594974517822
1815,No,0.38427504897117615
1816,No,0.3844023048877716
1817,Yes,0.6053045988082886
1818,Yes,0.5495211482048035
1819,Yes,0.5395014882087708
1820,Yes,0.5444999933242798
1821,Yes,0.5222620964050293
1822,Yes,0.5229005813598633
1823,No,0.4872255027294159
1824,No,0.4619938135147095
1825,Yes,0.5112879872322083
1826,Yes,0.5153703689575195
1827,Yes,0.5064124464988708
1828,No,0.5009422898292542
1829,No,0.4689888060092926
1830,Yes,0.5032394528388977
1831,No,0.4973897337913513
1832,Yes,0.5281053781509399
1833,Yes,0.5199474096298218
1834,No,0.45711052417755127
1835,Yes,0.5097899436950684
1836,Yes,0.546593427658081
1837,No,0.47057273983955383
1838,No,0.4712805151939392
1839,Yes,0.5414448380470276
1840,Yes,0.5177270770072937
1841,No,0.42670753598213196
1842,No,0.4476145803928375
1843,No,0.4899572730064392
1844,Yes,0.5345830917358398
1845,No,0.37046459317207336
1846,No,0.3378247022628784
1847,No,0.4484115540981293
1848,No,0.4777330160140991
1849,No,0.45267072319984436
1850,No,0.4880060851573944
1851,Yes,0.5288134217262268
1852,Yes,0.5769453048706055
1853,No,0.4682813882827759
1854,Yes,0.5092200636863708
1855,Yes,0.5376580357551575
1856,Yes,0.5819917917251587
1857,Yes,0.5366913080215454
1858,Yes,0.5844722986221313
1859,Yes,0.6219799518585205
1860,Yes,0.6177908778190613
1861,No,0.43520766496658325
1862,No,0.4590643048286438
1863,No,0.44807133078575134
1864,No,0.4694373905658722
1865,No,0.39173424243927
1866,No,0.3853079080581665
1867,No,0.43066346645355225
1868,No,0.43254750967025757
1869,No,0.4379078447818756
1870,No,0.48018163442611694
1871,No,0.503186821937561
1872,Yes,0.5682829022407532
1873,No,0.20831647515296936
1874,No,0.3192998468875885
1875,No,0.16850019991397858
1876,No,0.24675476551055908
1877,No,0.367639422416687
1878,No,0.37797170877456665
1879,No,0.403190016746521
1880,No,0.41612663865089417
1881,No,0.38764840364456177
1882,No,0.3187076449394226
1883,No,0.40929698944091797
1884,No,0.4444064199924469
1885,No,0.3617892563343048
1886,No,0.38147321343421936
1887,No,0.4607860743999481
1888,Yes,0.5252071022987366
1889,No,0.3930758833885193
1890,No,0.3810161352157593
1891,No,0.39014092087745667
1892,No,0.3548010587692261
1893,No,0.40285301208496094
1894,No,0.34261876344680786
1895,No,0.35294705629348755
1896,No,0.32642343640327454
1897,No,0.3379897475242615
1898,No,0.2895027697086334
1899,No,0.3272072374820709
1900,No,0.36931508779525757
1901,No,0.3204886019229889
1902,No,0.31145355105400085
1903,No,0.30338090658187866
1904,No,0.35567376017570496
1905,No,0.4525673985481262
1906,No,0.47450485825538635
1907,Yes,0.5239554047584534
1908,Yes,0.560749351978302
1909,No,0.37584781646728516
1910,No,0.3560481369495392
1911,No,0.40124526619911194
1912,No,0.45227256417274475
1913,No,0.3476339280605316
1914,No,0.30833330750465393
1915,No,0.38901960849761963
1916,No,0.43585634231567383
1917,No,0.20253102481365204
1918,No,0.22756639122962952
1919,No,0.19866612553596497
1920,No,0.25267601013183594
1921,No,0.31660738587379456
1922,No,0.3084055781364441
1923,No,0.33032193779945374
1924,No,0.4210303723812103
1925,No,0.40131521224975586
1926,No,0.36713072657585144
1927,No,0.39065977931022644
1928,No,0.4452560245990753
1929,No,0.25483688712120056
1930,No,0.2456161081790924
1931,No,0.29493385553359985
1932,No,0.3606998324394226
1933,No,0.2333732396364212
1934,No,0.24196308851242065
1935,No,0.22773514688014984
1936,No,0.315694123506546
1937,No,0.434725284576416
1938,No,0.4179432988166809
1939,No,0.4595414996147156
1940,No,0.4461539089679718
1941,No,0.4804072976112366
1942,No,0.47152724862098694
1943,Yes,0.5053912997245789
1944,No,0.5022684335708618
1945,No,0.4448205530643463
1946,No,0.40973031520843506
1947,No,0.4601430594921112
1948,No,0.45832034945487976
1949,No,0.44618991017341614
1950,No,0.4252389073371887
1951,Yes,0.5211352705955505
1952,Yes,0.5147419571876526
1953,No,0.4162140488624573
1954,No,0.4282494783401489
1955,No,0.4846931993961334
1956,Yes,0.5081338882446289
1957,No,0.43844741582870483
1958,No,0.39498624205589294
1959,No,0.48506325483322144
1960,No,0.4978103041648865
1961,No,0.4458256959915161
1962,No,0.43286606669425964
1963,Yes,0.5120031237602234
1964,No,0.5030412673950195
1965,No,0.39984557032585144
1966,No,0.43920183181762695
1967,No,0.43462780117988586
1968,No,0.44616419076919556
1969,No,0.33203715085983276
1970,No,0.3426057696342468
1971,No,0.3553396463394165
1972,No,0.32336679100990295
1973,No,0.359593003988266
1974,No,0.4558165371417999
1975,No,0.41046851873397827
1976,No,0.39891767501831055
1977,No,0.3834911584854126
1978,No,0.3980956971645355
1979,No,0.41044166684150696
1980,No,0.40992939472198486
1981,No,0.4056619107723236
1982,No,0.4412669241428375
1983,No,0.36455100774765015
1984,No,0.40126895904541016
1985,No,0.3179071247577667
1986,No,0.39542609453201294
1987,Yes,0.5103428363800049
1988,No,0.49242278933525085
1989,No,0.36888960003852844
1990,No,0.4134558439254761
1991,No,0.43345126509666443
1992,No,0.45931026339530945
1993,No,0.3973003327846527
1994,No,0.46553000807762146
1995,No,0.45322754979133606
1996,No,0.44409674406051636
1997,No,0.3316781520843506
1998,No,0.3576391637325287
1999,No,0.3796413242816925
2000,No,0.4146263599395752
2001,No,0.3995371162891388
2002,No,0.43652406334877014
2003,No,0.42302483320236206
2004,No,0.456472784280777
2005,No,0.3963049352169037
2006,No,0.47324085235595703
2007,No,0.4556097984313965
2008,No,0.471140056848526
2009,No,0.43022459745407104
2010,No,0.48661965131759644
2011,Yes,0.558689296245575
2012,Yes,0.5170654058456421
2013,No,0.48440060019493103
2014,Yes,0.6162828207015991
2015,Yes,0.5849190354347229
2016,Yes,0.6284332275390625
2017,No,0.4223158359527588
2018,No,0.3657982051372528
2019,No,0.45185235142707825
2020,No,0.4691186845302582
2021,No,0.31805115938186646
2022,No,0.3016047179698944
2023,No,0.29914671182632446
2024,No,0.29988160729408264
2025,No,0.3752920925617218
2026,No,0.4088168740272522
2027,No,0.4465942680835724
2028,No,0.4798797070980072
2029,No,0.37226399779319763
2030,No,0.32526329159736633
2031,No,0.3194642663002014
2032,No,0.33943822979927063
2033,No,0.4771692156791687
2034,No,0.43377572298049927
2035,No,0.4678431749343872
2036,No,0.466951847076416
2037,No,0.3156138062477112
2038,No,0.34338802099227905
2039,No,0.46092310547828674
2040,No,0.43193817138671875
2041,No,0.4034494161605835
2042,No,0.3638877272605896
2043,No,0.42518025636672974
2044,No,0.4097721576690674
2045,No,0.3910181224346161
2046,No,0.33181723952293396
2047,No,0.33152592182159424
2048,No,0.33385685086250305
2049,No,0.4522584080696106
2050,No,0.46000468730926514
2051,No,0.4657687842845917
2052,No,0.4692693054676056
2053,No,0.4442649185657501
2054,No,0.39759361743927
2055,Yes,0.5083915591239929
2056,No,0.4995349943637848
2057,No,0.4246830344200134
2058,No,0.4281276762485504
2059,No,0.46916237473487854
2060,Yes,0.5250477194786072
2061,No,0.42075255513191223
2062,No,0.4051032066345215
2063,No,0.4413524270057678
2064,No,0.4749643802642822
2065,No,0.4229855239391327
2066,No,0.27430063486099243
2067,No,0.27642571926116943
2068,No,0.34198838472366333
2069,No,0.37753015756607056
2070,No,0.3647865951061249
2071,No,0.407418817281723
2072,No,0.4128998816013336
2073,No,0.3605249524116516
2074,No,0.3440178632736206
2075,No,0.3711256980895996
2076,No,0.4643329977989197
2077,No,0.4034494161605835
2078,No,0.3638877272605896
2079,No,0.42518025636672974
2080,No,0.4097721576690674
2081,No,0.4726439416408539
2082,No,0.4835266172885895
2083,Yes,0.5107818245887756
2084,Yes,0.6107766032218933
2085,No,0.40208300948143005
2086,No,0.3953821361064911
2087,No,0.4065719544887543
2088,Yes,0.5333794355392456
2089,Yes,0.5911755561828613
2090,Yes,0.6096139550209045
2091,Yes,0.5853851437568665
2092,Yes,0.6684293746948242
2093,No,0.4523530602455139
2094,No,0.47928109765052795
2095,Yes,0.5203155279159546
2096,Yes,0.6157876253128052
2097,No,0.3366715610027313
2098,No,0.2617414891719818
2099,No,0.3514958322048187
2100,No,0.3602999448776245
2101,No,0.3506411015987396
2102,No,0.2826381027698517
2103,No,0.4052678644657135
2104,No,0.37372761964797974
2105,No,0.44113147258758545
2106,No,0.3869127631187439
2107,No,0.47295111417770386
2108,No,0.46335649490356445
2109,No,0.4158197343349457
2110,No,0.3221011459827423
2111,No,0.426223486661911
2112,No,0.39097821712493896
2113,No,0.485615074634552
2114,No,0.40100476145744324
2115,Yes,0.511366069316864
2116,Yes,0.5052511096000671
2117,No,0.33769047260284424
2118,No,0.3511204123497009
2119,No,0.3628932237625122
2120,No,0.36753201484680176
2121,No,0.35886573791503906
2122,No,0.3269267678260803
2123,No,0.39394283294677734
2124,No,0.42116034030914307
2125,No,0.42813336849212646
2126,No,0.36660531163215637
2127,No,0.4243570566177368
2128,No,0.40279966592788696
2129,No,0.3750976026058197
2130,No,0.28228411078453064
2131,No,0.3994184732437134
2132,No,0.366580069065094
2133,No,0.4235481917858124
2134,No,0.3702164590358734
2135,No,0.448839008808136
2136,No,0.4729813039302826
2137,No,0.4849283993244171
2138,No,0.4443712830543518
2139,No,0.45329946279525757
2140,No,0.4426981210708618
2141,No,0.4132417142391205
2142,No,0.3606830835342407
2143,No,0.4334532618522644
2144,No,0.4727288484573364
2145,No,0.4524334967136383
2146,No,0.4520736634731293
2147,No,0.47455814480781555
2148,No,0.4825323224067688
2149,No,0.41993361711502075
2150,No,0.37984198331832886
2151,No,0.47396549582481384
2152,No,0.44918543100357056
2153,No,0.4853971004486084
2154,No,0.4865627586841583
2155,Yes,0.5479514598846436
2156,Yes,0.5885251760482788
2157,No,0.4143880605697632
2158,No,0.4294760525226593
2159,No,0.4646227955818176
2160,No,0.4650719463825226
2161,No,0.49367308616638184
2162,No,0.4624629616737366
2163,Yes,0.5634884238243103
2164,Yes,0.5600959062576294
2165,No,0.4796842038631439
2166,No,0.4067636728286743
2167,Yes,0.5564514398574829
2168,Yes,0.5343704223632812
2169,No,0.40167951583862305
2170,No,0.368680864572525
2171,No,0.46225985884666443
2172,No,0.4874774217605591
2173,No,0.41478899121284485
2174,No,0.3837536573410034
2175,Yes,0.5233618021011353
2176,No,0.48802056908607483
2177,No,0.4362505376338959
2178,No,0.47269073128700256
2179,No,0.4631718099117279
2180,No,0.48008227348327637
2181,Yes,0.5045502781867981
2182,Yes,0.5125164985656738
2183,Yes,0.5749709606170654
2184,Yes,0.597773015499115
2185,No,0.43796607851982117
2186,No,0.4493660628795624
2187,No,0.4884282350540161
2188,Yes,0.5171443223953247
2189,No,0.398787260055542
2190,No,0.3749200403690338
2191,No,0.4629569351673126
2192,No,0.47913312911987305
2193,No,0.3962770700454712
2194,No,0.405112624168396
2195,No,0.4218761920928955
2196,No,0.39718398451805115
2197,Yes,0.5395904779434204
2198,Yes,0.5199812650680542
2199,Yes,0.5755281448364258
2200,Yes,0.5298552513122559
2201,No,0.4656887352466583
2202,No,0.43273261189460754
2203,No,0.4682403802871704
2204,No,0.40341803431510925
2205,No,0.4514845609664917
2206,No,0.47296062111854553
2207,Yes,0.5381971001625061
2208,No,0.49695542454719543
2209,No,0.45908650755882263
2210,No,0.4666193127632141
2211,Yes,0.5539223551750183
2212,Yes,0.603410005569458
2213,No,0.3702143132686615
2214,No,0.34355491399765015
2215,No,0.3965196907520294
2216,No,0.40612107515335083
2217,No,0.4205102026462555
2218,No,0.4539247453212738
2219,Yes,0.5125465393066406
2220,Yes,0.5253315567970276
2221,No,0.37858155369758606
2222,No,0.31674543023109436
2223,No,0.3656914234161377
2224,No,0.3411470055580139
2225,No,0.3800903856754303
2226,No,0.3973413407802582
2227,No,0.4287540316581726
2228,No,0.4160725176334381
2229,No,0.46233537793159485
2230,No,0.44163259863853455
2231,No,0.42455601692199707
2232,No,0.43254971504211426
2233,Yes,0.536036491394043
2234,Yes,0.5196462273597717
2235,Yes,0.5230756998062134
2236,Yes,0.5052987337112427
2237,No,0.4095560908317566
2238,No,0.42125093936920166
2239,No,0.44536659121513367
2240,No,0.44593214988708496
2241,No,0.4874543249607086
2242,No,0.45314499735832214
2243,Yes,0.5210824012756348
2244,Yes,0.5576198697090149
2245,No,0.49495837092399597
2246,No,0.46665942668914795
2247,No,0.49871474504470825
2248,Yes,0.5423907041549683
2249,No,0.4244692325592041
2250,No,0.45092833042144775
2251,No,0.4951309561729431
2252,Yes,0.53980553150177
2253,No,0.4201402962207794
2254,No,0.4214853346347809
2255,No,0.4737837016582489
2256,Yes,0.5086269378662109
2257,No,0.4059578478336334
2258,No,0.4125008285045624
2259,No,0.46600115299224854
2260,No,0.48246556520462036
2261,No,0.4247225522994995
2262,No,0.38758420944213867
2263,No,0.45650750398635864
2264,No,0.48602548241615295
2265,No,0.4864840507507324
2266,No,0.48540762066841125
2267,Yes,0.5103609561920166
2268,Yes,0.5452373623847961
2269,No,0.40216514468193054
2270,No,0.4446150064468384
2271,No,0.4130604565143585
2272,No,0.4483020603656769
2273,No,0.37066274881362915
2274,No,0.3025083541870117
2275,No,0.4164882302284241
2276,No,0.3696061372756958
2277,No,0.44771987199783325
2278,No,0.38262566924095154
2279,No,0.4454294741153717
2280,No,0.44834721088409424
2281,No,0.4447076618671417
2282,No,0.41728368401527405
2283,No,0.4521363079547882
2284,No,0.43432214856147766
2285,No,0.36488625407218933
2286,No,0.2893844544887543
2287,No,0.41641858220100403
2288,No,0.37025052309036255
2289,No,0.4357651174068451
2290,No,0.4354819655418396
2291,No,0.5007437467575073
2292,Yes,0.5337994694709778
2293,No,0.35041239857673645
2294,No,0.3440842926502228
2295,No,0.4022093415260315
2296,No,0.39353588223457336
2297,No,0.4367280900478363
2298,No,0.4305599331855774
2299,No,0.45313170552253723
2300,No,0.4697159230709076
2301,No,0.3896690607070923
2302,No,0.4056990146636963
2303,No,0.4483630955219269
2304,No,0.43264156579971313
2305,No,0.45246565341949463
2306,No,0.4073600172996521
2307,No,0.4057963192462921
2308,No,0.4279727339744568
2309,No,0.4486744999885559
2310,No,0.47388118505477905
2311,Yes,0.5780135989189148
2312,Yes,0.5599827170372009
2313,No,0.41734665632247925
2314,No,0.4048649072647095
2315,No,0.37893417477607727
2316,No,0.35808196663856506
2317,No,0.44958651065826416
2318,No,0.41486653685569763
2319,No,0.38973158597946167
2320,No,0.4062509834766388
2321,No,0.27874892950057983
2322,No,0.2993086576461792
2323,No,0.348143070936203
2324,No,0.3411402404308319
2325,No,0.4025554955005646
2326,No,0.39171361923217773
2327,No,0.39254382252693176
2328,No,0.3980198800563812
2329,No,0.42335599660873413
2330,No,0.43344050645828247
2331,No,0.42595556378364563
2332,No,0.434076726436615
2333,No,0.46931496262550354
2334,No,0.4507747292518616
2335,No,0.4050842523574829
2336,No,0.41731539368629456
2337,No,0.3207830488681793
2338,No,0.3100048899650574
2339,No,0.3408336937427521
2340,No,0.3451756536960602
2341,No,0.49246084690093994
2342,No,0.4289691746234894
2343,Yes,0.5101982355117798
2344,No,0.4655984938144684
2345,No,0.4634084403514862
2346,No,0.37030261754989624
2347,No,0.4670816957950592
2348,No,0.4782268702983856
2349,No,0.46002447605133057
2350,No,0.45622071623802185
2351,No,0.46262434124946594
2352,No,0.4652491509914398
2353,No,0.32356101274490356
2354,No,0.36912649869918823
2355,No,0.3798280358314514
2356,No,0.4077790379524231
2357,No,0.3275144696235657
2358,No,0.33550944924354553
2359,No,0.3656247854232788
2360,No,0.3956558406352997
2361,No,0.33363714814186096
2362,No,0.27690955996513367
2363,No,0.4111717939376831
2364,No,0.38946300745010376
2365,No,0.35251089930534363
2366,No,0.33977794647216797
2367,No,0.3981103301048279
2368,No,0.39006924629211426
2369,No,0.32692667841911316
2370,No,0.3654322326183319
2371,No,0.38710692524909973
2372,No,0.4216926097869873
2373,No,0.33724087476730347
2374,No,0.37291350960731506
2375,No,0.35957634449005127
2376,No,0.4090152680873871
2377,No,0.3518081307411194
2378,No,0.3574731647968292
2379,No,0.3745097517967224
2380,No,0.396560400724411
2381,No,0.38682064414024353
2382,No,0.4298017919063568
2383,No,0.44084903597831726
2384,Yes,0.5081322193145752
2385,No,0.3327595591545105
2386,No,0.29097965359687805
2387,No,0.3945867121219635
2388,No,0.4014676809310913
2389,No,0.4169483780860901
2390,Yes,0.5755653381347656
2391,Yes,0.5419355630874634
2392,Yes,0.6386793255805969
2393,No,0.3401617109775543
2394,No,0.3011638820171356
2395,No,0.4026262164115906
2396,No,0.42839545011520386
2397,No,0.3526745140552521
2398,No,0.4297829866409302
2399,No,0.38316610455513
2400,No,0.3872044086456299
2401,No,0.3893963694572449
2402,No,0.3709625005722046
2403,No,0.40386396646499634
2404,No,0.43245387077331543
2405,No,0.4413442611694336
2406,No,0.40851426124572754
2407,No,0.44912758469581604
2408,No,0.4686061143875122
2409,Yes,0.5442711710929871
2410,Yes,0.568235456943512
2411,Yes,0.5875582098960876
2412,Yes,0.6056483387947083
2413,No,0.4435071349143982
2414,No,0.3908286988735199
2415,No,0.48385223746299744
2416,No,0.49775826930999756
2417,No,0.4044400155544281
2418,No,0.3383394479751587
2419,No,0.4822436571121216
2420,No,0.47104591131210327
2421,No,0.3780685365200043
2422,No,0.37716391682624817
2423,No,0.4514489769935608
2424,No,0.4417855441570282
2425,No,0.29726746678352356
2426,No,0.22816403210163116
2427,No,0.3140006959438324
2428,No,0.3372824490070343
2429,No,0.3936850130558014
2430,No,0.4311932623386383
2431,No,0.4741499722003937
2432,No,0.48746731877326965
2433,No,0.4366970956325531
2434,No,0.4076738655567169
2435,No,0.4869611859321594
2436,No,0.494944304227829
2437,No,0.40860143303871155
2438,No,0.38657641410827637
2439,No,0.4914495348930359
2440,No,0.480993390083313
2441,No,0.38553017377853394
2442,No,0.378231406211853
2443,No,0.46179503202438354
2444,No,0.44490665197372437
2445,No,0.3780883848667145
2446,No,0.3960665762424469
2447,No,0.42767685651779175
2448,No,0.43075913190841675
2449,No,0.4204595386981964
2450,No,0.3658311069011688
2451,Yes,0.5124970078468323
2452,Yes,0.5284230709075928
2453,No,0.45508360862731934
2454,No,0.4508245885372162
2455,No,0.4792136251926422
2456,No,0.5033538341522217
2457,No,0.4098341464996338
2458,No,0.3875628113746643
2459,No,0.47605228424072266
2460,No,0.4940776526927948
2461,No,0.3463693857192993
2462,No,0.33354490995407104
2463,No,0.4029957354068756
2464,No,0.41812270879745483
2465,No,0.4458821415901184
2466,No,0.3622710704803467
2467,No,0.4997205138206482
2468,No,0.4661220908164978
2469,No,0.3814547061920166
2470,No,0.3555595278739929
2471,No,0.38504210114479065
2472,No,0.42472079396247864
2473,No,0.38825953006744385
2474,No,0.35707420110702515
2475,Yes,0.5322183966636658
2476,Yes,0.5422850251197815
2477,Yes,0.5232932567596436
2478,Yes,0.5197839736938477
2479,Yes,0.5438520908355713
2480,Yes,0.5332772731781006
2481,No,0.3532952070236206
2482,No,0.34120407700538635
2483,No,0.36623647809028625
2484,No,0.3975435495376587
2485,No,0.4017946422100067
2486,No,0.345981240272522
2487,No,0.46217742562294006
2488,No,0.5033953785896301
2489,No,0.41916951537132263
2490,No,0.3854753077030182
2491,No,0.46350690722465515
2492,No,0.46149110794067383
2493,No,0.41640233993530273
2494,No,0.36110249161720276
2495,No,0.4713413715362549
2496,No,0.4586562216281891
2497,Yes,0.525073766708374
2498,No,0.49360039830207825
2499,Yes,0.591081976890564
2500,Yes,0.5841713547706604
2501,No,0.31373730301856995
2502,No,0.3060818314552307
2503,No,0.44968023896217346
2504,No,0.44786426424980164
2505,No,0.39225247502326965
2506,No,0.3510929048061371
2507,No,0.3837452232837677
2508,No,0.4102194011211395
2509,No,0.3386014699935913
2510,No,0.329380065202713
2511,No,0.42579495906829834
2512,No,0.4429948925971985
2513,No,0.4030771553516388
2514,No,0.4434145390987396
2515,No,0.426716148853302
2516,No,0.4933938980102539
2517,No,0.3920680582523346
2518,No,0.4752808213233948
2519,No,0.44733354449272156
2520,No,0.4923301935195923
2521,No,0.3829273581504822
2522,No,0.40782609581947327
2523,No,0.36501774191856384
2524,No,0.4237622022628784
2525,No,0.47431012988090515
2526,Yes,0.5238978266716003
2527,No,0.497012197971344
2528,Yes,0.5110359787940979
2529,No,0.3633318543434143
2530,No,0.4320535361766815
2531,No,0.39737504720687866
2532,No,0.4309910237789154
2533,Yes,0.513892412185669
2534,Yes,0.542759358882904
2535,Yes,0.5093880295753479
2536,Yes,0.5616005659103394
2537,No,0.3712397515773773
2538,No,0.40820780396461487
2539,No,0.4380696415901184
2540,No,0.4812696576118469
2541,No,0.32504066824913025
2542,No,0.36860039830207825
2543,No,0.3848225772380829
2544,No,0.4124419689178467
2545,No,0.3793630301952362
2546,No,0.3945827782154083
2547,No,0.4597061276435852
2548,No,0.4726622700691223
2549,No,0.3956969976425171
2550,No,0.3735511600971222
2551,Yes,0.5523747801780701
2552,Yes,0.5572687387466431
2553,No,0.30060216784477234
2554,No,0.2497812658548355
2555,No,0.44763967394828796
2556,No,0.42430397868156433
2557,No,0.3250238597393036
2558,No,0.4288018047809601
2559,Yes,0.5960097312927246
2560,Yes,0.5988548398017883
2561,No,0.37140384316444397
2562,No,0.33220645785331726
2563,No,0.49730584025382996
2564,Yes,0.504764199256897
2565,No,0.4917777478694916
2566,No,0.4270920157432556
2567,Yes,0.6284988522529602
2568,Yes,0.625549852848053
2569,No,0.38280171155929565
2570,No,0.3848649859428406
2571,No,0.4884606897830963
2572,No,0.4854886829853058
2573,No,0.3992842733860016
2574,No,0.4086458384990692
2575,No,0.45238569378852844
2576,No,0.47464993596076965
2577,No,0.47940394282341003
2578,Yes,0.5084455609321594
2579,Yes,0.5488343238830566
2580,Yes,0.6099621653556824
2581,No,0.4321603775024414
2582,No,0.41421473026275635
2583,No,0.4811570644378662
2584,Yes,0.5404137372970581
2585,No,0.5002546906471252
2586,No,0.4673803746700287
2587,Yes,0.5206098556518555
2588,Yes,0.5669224262237549
2589,No,0.44912952184677124
2590,No,0.41887637972831726
2591,No,0.4863392412662506
2592,Yes,0.5303840041160583
2593,No,0.4167710244655609
2594,No,0.3659258484840393
2595,No,0.4785180687904358
2596,Yes,0.5610944628715515
2597,No,0.38526296615600586
2598,No,0.42557695508003235
2599,Yes,0.5050188302993774
2600,Yes,0.6017206311225891
2601,No,0.44435635209083557
2602,No,0.424953818321228
2603,Yes,0.5487643480300903
2604,Yes,0.6094540953636169
2605,No,0.4694783389568329
2606,No,0.4608110785484314
2607,Yes,0.5433146953582764
2608,Yes,0.6349721550941467
2609,No,0.3935748040676117
2610,No,0.4132382273674011
2611,No,0.48161664605140686
2612,Yes,0.544486939907074
2613,No,0.4885559380054474
2614,No,0.4227938652038574
2615,Yes,0.5257185101509094
2616,Yes,0.6103911995887756
2617,No,0.462598592042923
2618,No,0.46543028950691223
2619,Yes,0.517309308052063
2620,Yes,0.5661031007766724
2621,No,0.43753811717033386
2622,No,0.4308464229106903
2623,No,0.448255717754364
2624,No,0.47093743085861206
2625,No,0.3877473771572113
2626,No,0.4482109248638153
2627,No,0.4558950364589691
2628,No,0.49096816778182983
2629,No,0.39703628420829773
2630,No,0.38480615615844727
2631,No,0.4325648248195648
2632,No,0.46671348810195923
2633,No,0.3483269214630127
2634,No,0.41047558188438416
2635,No,0.40023285150527954
2636,No,0.43087238073349
2637,No,0.47166723012924194
2638,Yes,0.5644139647483826
2639,Yes,0.5563437938690186
2640,Yes,0.6114019155502319
2641,No,0.4292977452278137
2642,No,0.4860733449459076
2643,No,0.42342087626457214
2644,No,0.4745282530784607
2645,No,0.46003279089927673
2646,No,0.4773569703102112
2647,Yes,0.5770869851112366
2648,Yes,0.6229800581932068
2649,No,0.42474934458732605
2650,No,0.4419180154800415
2651,No,0.4655663073062897
2652,No,0.4922604262828827
2653,No,0.44615018367767334
2654,No,0.43072447180747986
2655,No,0.45812907814979553
2656,Yes,0.5087597966194153
2657,No,0.40338805317878723
2658,No,0.4825030267238617
2659,Yes,0.5552708506584167
2660,Yes,0.6189805269241333
2661,No,0.4459553062915802
2662,No,0.4254752993583679
2663,Yes,0.544364333152771
2664,Yes,0.5919244289398193
2665,No,0.4296102523803711
2666,No,0.42347729206085205
2667,No,0.4682096540927887
2668,Yes,0.5061253905296326
2669,No,0.49457234144210815
2670,No,0.47068098187446594
2671,No,0.49460768699645996
2672,Yes,0.5838457942008972
2673,No,0.4459553062915802
2674,No,0.4254752993583679
2675,Yes,0.544364333152771
2676,Yes,0.5919244289398193
2677,No,0.4253746271133423
2678,No,0.4639171361923218
2679,Yes,0.5745865702629089
2680,Yes,0.623073399066925
2681,No,0.3526146709918976
2682,No,0.27796471118927
2683,No,0.3834451138973236
2684,No,0.4718025326728821
2685,No,0.4813346862792969
2686,Yes,0.5238779783248901
2687,Yes,0.5500215888023376
2688,Yes,0.6061349511146545
2689,No,0.40967872738838196
2690,No,0.3876689374446869
2691,No,0.4447852075099945
2692,Yes,0.5060390830039978
2693,No,0.4083033800125122
2694,No,0.3405716121196747
2695,No,0.4102117121219635
2696,No,0.4680282771587372
2697,No,0.4268029034137726
2698,No,0.38086217641830444
2699,No,0.44956302642822266
2700,Yes,0.5137566328048706
2701,No,0.4817737340927124
2702,No,0.48385897278785706
2703,Yes,0.5439168214797974
2704,Yes,0.6143226623535156
2705,No,0.3696064352989197
2706,No,0.34137430787086487
2707,No,0.4137512445449829
2708,No,0.46595680713653564
2709,No,0.48523569107055664
2710,Yes,0.511246919631958
2711,No,0.45481136441230774
2712,No,0.48789796233177185
2713,No,0.3387913703918457
2714,No,0.3109937012195587
2715,No,0.4374542236328125
2716,Yes,0.5213372707366943
2717,No,0.4081058204174042
2718,No,0.37922707200050354
2719,No,0.41389200091362
2720,Yes,0.5151398777961731
2721,No,0.3627801239490509
2722,No,0.29361262917518616
2723,No,0.342054158449173
2724,No,0.3505619764328003
2725,No,0.3457988500595093
2726,No,0.3163071572780609
2727,No,0.3989836573600769
2728,No,0.4051295518875122
2729,No,0.4308059513568878
2730,No,0.38197773694992065
2731,No,0.4852897822856903
2732,Yes,0.5070521235466003
2733,No,0.41263601183891296
2734,No,0.3870771825313568
2735,No,0.4514552652835846
2736,No,0.4644262194633484
2737,No,0.48057523369789124
2738,No,0.4402066171169281
2739,No,0.5017407536506653
2740,Yes,0.5094839930534363
2741,No,0.38236144185066223
2742,No,0.4052092134952545
2743,No,0.4684738516807556
2744,No,0.4600171148777008
2745,No,0.36847013235092163
2746,No,0.18348301947116852
2747,No,0.3479302227497101
2748,No,0.3328399062156677
2749,No,0.44591018557548523
2750,No,0.37754979729652405
2751,No,0.40243586897850037
2752,No,0.4436303377151489
2753,No,0.39310628175735474
2754,No,0.3628673255443573
2755,No,0.43688011169433594
2756,No,0.43906158208847046
2757,No,0.40475520491600037
2758,No,0.37886929512023926
2759,No,0.46811676025390625
2760,No,0.4576917290687561
2761,No,0.36278218030929565
2762,No,0.2936149835586548
2763,No,0.3420543968677521
2764,No,0.35055938363075256
2765,No,0.4229471683502197
2766,No,0.3735763728618622
2767,No,0.4495302438735962
2768,No,0.4565229117870331
2769,No,0.3563177287578583
2770,No,0.3558933138847351
2771,No,0.45571833848953247
2772,No,0.49700045585632324
2773,No,0.3997349441051483
2774,No,0.3491240441799164
2775,No,0.44890618324279785
2776,No,0.4061933755874634
2777,No,0.3550037443637848
2778,No,0.28161200881004333
2779,No,0.3897861838340759
2780,No,0.3868728280067444
2781,No,0.38164159655570984
2782,No,0.3567690849304199
2783,No,0.3867008686065674
2784,No,0.38389530777931213
2785,No,0.39526912569999695
2786,No,0.3656936585903168
2787,No,0.4666462540626526
2788,No,0.4680292010307312
2789,No,0.42652806639671326
2790,No,0.3987942039966583
2791,No,0.40368524193763733
2792,No,0.4428406059741974
2793,No,0.39939969778060913
2794,No,0.32332777976989746
2795,No,0.4223456382751465
2796,No,0.4376087188720703
2797,No,0.34352001547813416
2798,No,0.3814270794391632
2799,No,0.36291632056236267
2800,No,0.37896037101745605
2801,No,0.5048574805259705
2802,No,0.4329615831375122
2803,Yes,0.5223378539085388
2804,Yes,0.5452841520309448
2805,No,0.4543754756450653
2806,No,0.4236955940723419
2807,Yes,0.5703223943710327
2808,Yes,0.5877605080604553
2809,No,0.46093839406967163
2810,No,0.44886845350265503
2811,Yes,0.5453590154647827
2812,Yes,0.5390161871910095
2813,No,0.33099302649497986
2814,No,0.44683122634887695
2815,No,0.417928010225296
2816,No,0.44174617528915405
2817,No,0.40698787569999695
2818,No,0.3924551010131836
2819,No,0.4296489655971527
2820,No,0.4866626262664795
2821,Yes,0.5066462159156799
2822,Yes,0.5052774548530579
2823,Yes,0.6094399690628052
2824,Yes,0.6387453079223633
2825,No,0.3874942362308502
2826,No,0.3862817883491516
2827,No,0.4896250367164612
2828,Yes,0.5238170027732849
2829,No,0.3934093117713928
2830,No,0.3786104917526245
2831,No,0.4308813214302063
2832,No,0.4610055983066559
2833,No,0.4045604169368744
2834,No,0.39950278401374817
2835,No,0.47692522406578064
2836,No,0.49561449885368347
2837,No,0.4456963837146759
2838,No,0.4394635558128357
2839,Yes,0.511950671672821
2840,Yes,0.5174579620361328
2841,No,0.3384776711463928
2842,No,0.3322848677635193
2843,No,0.3859413266181946
2844,No,0.4198142886161804
2845,Yes,0.5061143040657043
2846,Yes,0.5369499325752258
2847,Yes,0.5654629468917847
2848,Yes,0.6173480749130249
2849,Yes,0.5664482116699219
2850,Yes,0.5286601781845093
2851,Yes,0.571239709854126
2852,Yes,0.5905457139015198
2853,No,0.3186756670475006
2854,No,0.2996602952480316
2855,No,0.3959195017814636
2856,No,0.45128610730171204
2857,No,0.33460965752601624
2858,No,0.30758869647979736
2859,No,0.3172001838684082
2860,No,0.3493921458721161
2861,No,0.35124099254608154
2862,No,0.3555013835430145
2863,No,0.4044502079486847
2864,No,0.41826602816581726
2865,No,0.3994537889957428
2866,No,0.4143451154232025
2867,No,0.4689938724040985
2868,No,0.5017459988594055
2869,No,0.3884146213531494
2870,No,0.3579036295413971
2871,No,0.44333401322364807
2872,No,0.4424963593482971
2873,No,0.39869049191474915
2874,No,0.4405057430267334
2875,No,0.4914923310279846
2876,Yes,0.5260911583900452
2877,No,0.4230460524559021
2878,No,0.40188342332839966
2879,No,0.47162163257598877
2880,No,0.49425891041755676
2881,No,0.4129444658756256
2882,No,0.4841531217098236
2883,No,0.49553075432777405
2884,Yes,0.5660570859909058
2885,Yes,0.7085419297218323
2886,Yes,0.7443523406982422
2887,Yes,0.7094910144805908
2888,Yes,0.7548486590385437
2889,No,0.48371973633766174
2890,No,0.49305954575538635
2891,Yes,0.5675758719444275
2892,Yes,0.6256749629974365
2893,No,0.4659076929092407
2894,Yes,0.5332341194152832
2895,Yes,0.5347597599029541
2896,Yes,0.6008961200714111
2897,No,0.47828128933906555
2898,No,0.42281606793403625
2899,Yes,0.5067352652549744
2900,Yes,0.5799582004547119
2901,No,0.4459698796272278
2902,No,0.4729121923446655
2903,No,0.46056216955184937
2904,Yes,0.5224568247795105
2905,No,0.397522896528244
2906,No,0.4791928231716156
2907,No,0.4717158079147339
2908,Yes,0.5610980987548828
2909,No,0.43119198083877563
2910,No,0.45186665654182434
2911,No,0.47870203852653503
2912,Yes,0.5569613575935364
2913,No,0.435389906167984
2914,No,0.47786620259284973
2915,No,0.4800584018230438
2916,Yes,0.5047022700309753
2917,No,0.48469850420951843
2918,No,0.49738308787345886
2919,Yes,0.5689530968666077
2920,Yes,0.5994523167610168
2921,No,0.4800431728363037
2922,Yes,0.5028649568557739
2923,Yes,0.5252853631973267
2924,Yes,0.5440690517425537
2925,No,0.4149126410484314
2926,No,0.42285865545272827
2927,No,0.4831750690937042
2928,No,0.4797477126121521
2929,No,0.4740515351295471
2930,No,0.4704475998878479
2931,Yes,0.522187352180481
2932,Yes,0.5113257169723511
2933,No,0.4097033143043518
2934,No,0.42433854937553406
2935,No,0.4838132858276367
2936,Yes,0.5063106417655945
2937,No,0.4327129125595093
2938,No,0.4854902923107147
2939,No,0.4944170117378235
2940,No,0.48597970604896545
2941,No,0.4261147081851959
2942,No,0.46573254466056824
2943,Yes,0.511788010597229
2944,Yes,0.527567446231842
2945,No,0.4357652962207794
2946,No,0.4457554221153259
2947,Yes,0.5265235900878906
2948,Yes,0.5986233353614807
2949,No,0.4458985924720764
2950,No,0.45880401134490967
2951,Yes,0.5179737210273743
2952,Yes,0.5477306246757507
2953,No,0.4316381812095642
2954,No,0.43898603320121765
2955,Yes,0.5146291255950928
2956,Yes,0.5215120315551758
2957,No,0.41038399934768677
2958,No,0.48668596148490906
2959,Yes,0.5169991254806519
2960,Yes,0.551788330078125
2961,No,0.3723166584968567
2962,No,0.3551102578639984
2963,No,0.47727838158607483
2964,Yes,0.5509525537490845
2965,No,0.4733707010746002
2966,Yes,0.5367977619171143
2967,Yes,0.5747644901275635
2968,Yes,0.6695261001586914
2969,No,0.4788073003292084
2970,Yes,0.5220354199409485
2971,Yes,0.5700731873512268
2972,Yes,0.6049545407295227
2973,No,0.4909318685531616
2974,Yes,0.521753191947937
2975,Yes,0.5326352715492249
2976,Yes,0.6415603160858154
2977,No,0.3666812479496002
2978,No,0.38004329800605774
2979,No,0.37641799449920654
2980,No,0.48396092653274536
2981,No,0.33867940306663513
2982,No,0.3304126262664795
2983,No,0.24983380734920502
2984,No,0.3330405354499817
2985,No,0.39645814895629883
2986,No,0.4645969867706299
2987,No,0.4563353657722473
2988,Yes,0.5758143067359924
2989,No,0.383734792470932
2990,No,0.38198739290237427
2991,No,0.3739437162876129
2992,No,0.44499471783638
2993,No,0.3955177366733551
2994,No,0.4399767220020294
2995,No,0.3244653642177582
2996,No,0.39320558309555054
2997,No,0.323913037776947
2998,No,0.28580960631370544
2999,No,0.28982314467430115
3000,No,0.3692709505558014
3001,No,0.3426463305950165
3002,No,0.3610171973705292
3003,No,0.35579317808151245
3004,No,0.4457924962043762
3005,No,0.33181995153427124
3006,No,0.32488444447517395
3007,No,0.33411917090415955
3008,No,0.43139997124671936
3009,No,0.33059781789779663
3010,No,0.3462354242801666
3011,No,0.2816886603832245
3012,No,0.327518105506897
3013,No,0.2729516327381134
3014,No,0.3306061625480652
3015,No,0.24972480535507202
3016,No,0.3502754867076874
3017,No,0.36213886737823486
3018,No,0.29944249987602234
3019,No,0.25013837218284607
3020,No,0.3154553472995758
3021,No,0.40277957916259766
3022,No,0.39317208528518677
3023,No,0.35657382011413574
3024,No,0.4090366065502167
3025,No,0.35879266262054443
3026,No,0.3496010899543762
3027,No,0.3417010009288788
3028,No,0.4257979094982147
3029,No,0.374933123588562
3030,No,0.34525930881500244
3031,No,0.3019351363182068
3032,No,0.37356534600257874
3033,No,0.39116209745407104
3034,No,0.3743400573730469
3035,No,0.3916657567024231
3036,No,0.4993148148059845
3037,No,0.3977067768573761
3038,No,0.437115341424942
3039,No,0.40106815099716187
3040,Yes,0.5280680656433105
3041,No,0.201031893491745
3042,No,0.2990328371524811
3043,No,0.23725943267345428
3044,No,0.32296082377433777
3045,No,0.40024518966674805
3046,No,0.4218330979347229
3047,No,0.450173556804657
3048,No,0.4808442294597626
3049,No,0.46301132440567017
3050,No,0.4745456874370575
3051,Yes,0.5534306168556213
3052,Yes,0.5637405514717102
3053,No,0.3366127908229828
3054,No,0.3407675623893738
3055,No,0.40705209970474243
3056,No,0.47720468044281006
3057,No,0.35139134526252747
3058,No,0.30721575021743774
3059,No,0.3660835027694702
3060,No,0.3885379433631897
3061,No,0.31343701481819153
3062,No,0.29035860300064087
3063,No,0.30441978573799133
3064,No,0.32834237813949585
3065,No,0.3808220326900482
3066,No,0.3469042181968689
3067,No,0.30758607387542725
3068,No,0.3629487454891205
3069,No,0.33462876081466675
3070,No,0.3471279442310333
3071,No,0.2666548788547516
3072,No,0.3111816346645355
3073,No,0.4947769343852997
3074,No,0.49761512875556946
3075,Yes,0.5268673896789551
3076,Yes,0.53451007604599
3077,No,0.4332602620124817
3078,No,0.44717299938201904
3079,No,0.38406258821487427
3080,No,0.362542062997818
3081,No,0.35997679829597473
3082,No,0.3673064410686493
3083,No,0.33513036370277405
3084,No,0.38912123441696167
3085,No,0.3650491535663605
3086,No,0.3350018858909607
3087,No,0.37566810846328735
3088,No,0.4217938780784607
3089,No,0.4216097891330719
3090,No,0.36703813076019287
3091,No,0.4541878402233124
3092,No,0.43957966566085815
3093,No,0.4418860375881195
3094,No,0.3765072822570801
3095,No,0.44251760840415955
3096,No,0.4288331866264343
3097,No,0.4963776171207428
3098,No,0.3975091874599457
3099,No,0.47008374333381653
3100,No,0.5007157921791077
3101,No,0.4464995563030243
3102,No,0.42838576436042786
3103,No,0.46840059757232666
3104,No,0.4655275046825409
3105,No,0.4338144361972809
3106,No,0.4211992025375366
3107,Yes,0.5396096110343933
3108,Yes,0.5151723623275757
3109,No,0.3803097605705261
3110,No,0.3569360077381134
3111,No,0.4788500666618347
3112,No,0.5023660659790039
3113,No,0.41067296266555786
3114,No,0.3270051181316376
3115,No,0.47078651189804077
3116,No,0.4543907344341278
3117,No,0.4717184007167816
3118,Yes,0.5167664289474487
3119,No,0.4691232442855835
3120,No,0.47478944063186646
3121,No,0.4519137740135193
3122,No,0.3803796172142029
3123,No,0.4872198700904846
3124,No,0.49018439650535583
3125,No,0.4963710308074951
3126,No,0.39751169085502625
3127,No,0.47008171677589417
3128,No,0.5007134079933167
3129,No,0.44188058376312256
3130,No,0.3765045702457428
3131,No,0.4425182342529297
3132,No,0.42883315682411194
3133,No,0.45617738366127014
3134,No,0.4433470368385315
3135,No,0.4921267330646515
3136,No,0.48369696736335754
3137,No,0.34703031182289124
3138,No,0.2782972753047943
3139,No,0.36003243923187256
3140,No,0.30007970333099365
3141,No,0.38231730461120605
3142,No,0.32583868503570557
3143,No,0.38620761036872864
3144,No,0.3597126305103302
3145,No,0.45619186758995056
3146,No,0.40710321068763733
3147,No,0.5028101205825806
3148,No,0.46736446022987366
3149,No,0.3050283193588257
3150,No,0.3172263205051422
3151,No,0.41930919885635376
3152,No,0.38046231865882874
3153,No,0.3694271147251129
3154,No,0.3872279226779938
3155,No,0.42360398173332214
3156,No,0.41994965076446533
3157,No,0.33944177627563477
3158,No,0.3448803126811981
3159,No,0.3563978970050812
3160,No,0.3732737898826599
3161,No,0.3313925266265869
3162,No,0.3291879892349243
3163,No,0.28023624420166016
3164,No,0.30576813220977783
3165,No,0.4351409077644348
3166,No,0.41281658411026
3167,No,0.4171980917453766
3168,No,0.3998545706272125
3169,No,0.43612369894981384
3170,No,0.2924380898475647
3171,No,0.42433056235313416
3172,No,0.4022281765937805
3173,Yes,0.5320203304290771
3174,No,0.4788445234298706
3175,Yes,0.5414591431617737
3176,Yes,0.5244140625
3177,Yes,0.508682370185852
3178,No,0.3900538682937622
3179,Yes,0.5484329462051392
3180,Yes,0.5067760944366455
3181,No,0.4468490779399872
3182,No,0.35728803277015686
3183,No,0.43694132566452026
3184,No,0.43548819422721863
3185,No,0.4910597503185272
3186,No,0.42061054706573486
3187,No,0.5037867426872253
3188,No,0.501998245716095
3189,No,0.34975022077560425
3190,No,0.3432080149650574
3191,No,0.36703842878341675
3192,No,0.38972207903862
3193,No,0.4025774598121643
3194,No,0.35763657093048096
3195,No,0.4405185282230377
3196,No,0.41551652550697327
3197,No,0.3861243426799774
3198,No,0.35944101214408875
3199,No,0.47882506251335144
3200,No,0.4817887544631958
3201,No,0.4277186393737793
3202,No,0.4341932237148285
3203,No,0.49312692880630493
3204,Yes,0.5042944550514221
3205,No,0.48272305727005005
3206,No,0.4850707948207855
3207,Yes,0.5426218509674072
3208,Yes,0.5551272630691528
3209,Yes,0.5195865035057068
3210,No,0.4927482604980469
3211,Yes,0.549168050289154
3212,Yes,0.5834746360778809
3213,No,0.48391634225845337
3214,No,0.47020676732063293
3215,Yes,0.5026667714118958
3216,Yes,0.5326622128486633
3217,No,0.43794703483581543
3218,No,0.4142315685749054
3219,No,0.45232099294662476
3220,No,0.4493074417114258
3221,No,0.4443967342376709
3222,No,0.4373158812522888
3223,No,0.46127504110336304
3224,No,0.4632638990879059
3225,No,0.4603334367275238
3226,Yes,0.5260011553764343
3227,Yes,0.5803757309913635
3228,Yes,0.6205094456672668
3229,No,0.4022335708141327
3230,No,0.45013290643692017
3231,No,0.45232120156288147
3232,No,0.46945589780807495
3233,No,0.44327491521835327
3234,No,0.41534534096717834
3235,Yes,0.5069225430488586
3236,Yes,0.5238468647003174
3237,No,0.4719557762145996
3238,No,0.4905978739261627
3239,Yes,0.5039993524551392
3240,Yes,0.5726017951965332
3241,No,0.4689958989620209
3242,No,0.46708568930625916
3243,Yes,0.5111842751502991
3244,Yes,0.5159822702407837
3245,Yes,0.7639517784118652
3246,Yes,0.7735512256622314
3247,Yes,0.7345570921897888
3248,Yes,0.7533084154129028
3249,Yes,0.5622868537902832
3250,Yes,0.5570836663246155
3251,Yes,0.5296244025230408
3252,Yes,0.5189831256866455
3253,No,0.31632983684539795
3254,No,0.2409578263759613
3255,No,0.35350486636161804
3256,No,0.3474716544151306
3257,Yes,0.5594823360443115
3258,Yes,0.5104222297668457
3259,Yes,0.5731677412986755
3260,Yes,0.5412519574165344
3261,No,0.43599894642829895
3262,No,0.3555019795894623
3263,No,0.37093985080718994
3264,No,0.3281470239162445
3265,No,0.45339182019233704
3266,No,0.3848881721496582
3267,No,0.3846539556980133
3268,No,0.36617162823677063
3269,No,0.46375778317451477
3270,No,0.3858904540538788
3271,Yes,0.5636631846427917
3272,Yes,0.5436660051345825
3273,No,0.4629449248313904
3274,No,0.38444921374320984
3275,No,0.4587445557117462
3276,No,0.40902915596961975
3277,Yes,0.5622868537902832
3278,Yes,0.5570836663246155
3279,Yes,0.5296244025230408
3280,Yes,0.5189831256866455
3281,No,0.4406510889530182
3282,No,0.4438735544681549
3283,No,0.4968869388103485
3284,No,0.48363780975341797
3285,No,0.41939082741737366
3286,No,0.3748812973499298
3287,No,0.35637298226356506
3288,No,0.36757105588912964
3289,No,0.49627524614334106
3290,No,0.42190709710121155
3291,Yes,0.5334393978118896
3292,No,0.46958252787590027
3293,Yes,0.5235095024108887
3294,No,0.48404836654663086
3295,Yes,0.5108485817909241
3296,No,0.46845734119415283
3297,Yes,0.5061899423599243
3298,No,0.49895337224006653
3299,Yes,0.5584468245506287
3300,Yes,0.5644406676292419
3301,No,0.40371039509773254
3302,No,0.391788512468338
3303,No,0.46121296286582947
3304,No,0.4700261056423187
3305,No,0.3758673071861267
3306,No,0.3789099156856537
3307,No,0.478900671005249
3308,Yes,0.5250135660171509
3309,No,0.3978368937969208
3310,No,0.39776143431663513
3311,No,0.5034841299057007
3312,Yes,0.5341662764549255
3313,No,0.43861594796180725
3314,No,0.41710034012794495
3315,No,0.43323495984077454
3316,No,0.4705091118812561
3317,No,0.3613680899143219
3318,No,0.3942410945892334
3319,No,0.5002575516700745
3320,Yes,0.546725869178772
3321,No,0.32275649905204773
3322,No,0.31033509969711304
3323,No,0.3885501027107239
3324,No,0.4432327151298523
3325,No,0.2899622619152069
3326,No,0.3461587131023407
3327,Yes,0.5091933012008667
3328,Yes,0.564368486404419
3329,Yes,0.5303570628166199
3330,No,0.4820805788040161
3331,Yes,0.570091187953949
3332,Yes,0.5829066038131714
3333,No,0.4391480088233948
3334,No,0.3850630819797516
3335,Yes,0.5383126735687256
3336,Yes,0.5518544912338257
3337,Yes,0.544700562953949
3338,No,0.4982048273086548
3339,Yes,0.5658332109451294
3340,Yes,0.5996643900871277
3341,No,0.5019412636756897
3342,No,0.4521380066871643
3343,Yes,0.600500226020813
3344,Yes,0.6208775043487549
3345,No,0.5008683800697327
3346,No,0.46465742588043213
3347,Yes,0.600963294506073
3348,Yes,0.6291689872741699
3349,No,0.4671408534049988
3350,No,0.44567617774009705
3351,Yes,0.5651546716690063
3352,Yes,0.5831888914108276
3353,No,0.43841472268104553
3354,No,0.3436778485774994
3355,No,0.5036302804946899
3356,Yes,0.5398330092430115
3357,No,0.46128445863723755
3358,No,0.4449706971645355
3359,Yes,0.527438223361969
3360,Yes,0.5547420978546143
3361,Yes,0.5220696330070496
3362,Yes,0.5454492568969727
3363,Yes,0.6206932663917542
3364,Yes,0.6359580755233765
3365,No,0.29268595576286316
3366,No,0.31804439425468445
3367,No,0.3536338806152344
3368,No,0.3952495753765106
3369,No,0.34574031829833984
3370,No,0.47238802909851074
3371,Yes,0.5388122200965881
3372,Yes,0.5718339681625366
3373,No,0.3807860016822815
3374,No,0.38268381357192993
3375,No,0.4575742185115814
3376,No,0.47287729382514954
3377,No,0.3578740954399109
3378,No,0.37429195642471313
3379,No,0.4185330867767334
3380,No,0.4600387215614319
3381,No,0.2986505329608917
3382,No,0.26807358860969543
3383,No,0.3655288517475128
3384,No,0.36267516016960144
3385,No,0.412393718957901
3386,No,0.4093582034111023
3387,No,0.4700377285480499
3388,No,0.4923757016658783
3389,No,0.26606443524360657
3390,No,0.2596321105957031
3391,No,0.3174949288368225
3392,No,0.341600239276886
3393,No,0.3392108082771301
3394,No,0.2861313819885254
3395,No,0.3883298635482788
3396,No,0.4294590353965759
3397,No,0.3835361897945404
3398,No,0.40646418929100037
3399,No,0.44674956798553467
3400,No,0.46112343668937683
3401,No,0.3439893424510956
3402,No,0.3546372950077057
3403,No,0.43431833386421204
3404,No,0.4647536873817444
3405,No,0.3772909641265869
3406,No,0.4182395339012146
3407,No,0.4525604546070099
3408,No,0.47815409302711487
3409,Yes,0.5233704447746277
3410,Yes,0.5323776602745056
3411,Yes,0.5663596391677856
3412,Yes,0.5898531675338745
3413,Yes,0.5820561051368713
3414,Yes,0.5606335997581482
3415,Yes,0.525199294090271
3416,Yes,0.557335376739502
3417,No,0.39435261487960815
3418,No,0.4259083569049835
3419,No,0.46802282333374023
3420,No,0.4805765748023987
3421,No,0.3800324499607086
3422,No,0.4175530970096588
3423,Yes,0.5531396865844727
3424,Yes,0.5782639980316162
3425,No,0.37087762355804443
3426,No,0.38512107729911804
3427,No,0.43248072266578674
3428,No,0.44806551933288574
3429,No,0.3573591709136963
3430,No,0.41323769092559814
3431,No,0.4468492567539215
3432,No,0.47542378306388855
3433,No,0.3655184805393219
3434,No,0.40713757276535034
3435,Yes,0.5194309949874878
3436,Yes,0.5518550872802734
3437,No,0.4106771647930145
3438,No,0.47124961018562317
3439,Yes,0.5420449376106262
3440,Yes,0.5659372806549072
3441,No,0.43382418155670166
3442,No,0.39096781611442566
3443,No,0.4159144461154938
3444,No,0.4104419946670532
3445,No,0.45689889788627625
3446,No,0.4735164940357208
3447,No,0.4665427803993225
3448,No,0.47375592589378357
3449,No,0.4847184121608734
3450,No,0.3880661427974701
3451,No,0.39980313181877136
3452,No,0.36244726181030273
3453,Yes,0.5312000513076782
3454,No,0.49983686208724976
3455,Yes,0.5708969235420227
3456,Yes,0.569176971912384
3457,No,0.48578137159347534
3458,Yes,0.5161577463150024
3459,No,0.45998409390449524
3460,No,0.4492985010147095
3461,No,0.4014574885368347
3462,No,0.341205358505249
3463,No,0.35723137855529785
3464,No,0.31601107120513916
3465,No,0.4548778831958771
3466,No,0.40603092312812805
3467,No,0.46367165446281433
3468,No,0.47186514735221863
3469,No,0.450427383184433
3470,No,0.44668444991111755
3471,No,0.5019959807395935
3472,Yes,0.5149317979812622
3473,No,0.4565434455871582
3474,No,0.3466237187385559
3475,No,0.39504072070121765
3476,No,0.38289591670036316
3477,No,0.4099518358707428
3478,No,0.25047940015792847
3479,No,0.414712518453598
3480,No,0.3857128322124481
3481,No,0.4289914071559906
3482,No,0.2717609107494354
3483,No,0.40141335129737854
3484,No,0.38947921991348267
3485,No,0.34715214371681213
3486,No,0.26800116896629333
3487,No,0.35001397132873535
3488,No,0.326388418674469
3489,No,0.48178139328956604
3490,No,0.3964168131351471
3491,No,0.4728808104991913
3492,No,0.45234358310699463
3493,No,0.4469321370124817
3494,No,0.3646599352359772
3495,No,0.4357711374759674
3496,No,0.4297146499156952
3497,No,0.3826754689216614
3498,No,0.21563948690891266
3499,No,0.3226968050003052
3500,No,0.3146209120750427
3501,No,0.2986316382884979
3502,No,0.2599743604660034
3503,No,0.32726341485977173
3504,No,0.27841171622276306
3505,No,0.40731513500213623
3506,No,0.46377307176589966
3507,No,0.5016831159591675
3508,Yes,0.6000879406929016
3509,No,0.4545125663280487
3510,Yes,0.5312226414680481
3511,Yes,0.5227002501487732
3512,Yes,0.5952702760696411
3513,No,0.36777061223983765
3514,No,0.41794291138648987
3515,No,0.4918955862522125
3516,Yes,0.513073205947876
3517,No,0.3502850830554962
3518,No,0.38611894845962524
3519,No,0.44157326221466064
3520,Yes,0.5232513546943665
3521,No,0.46465978026390076
3522,No,0.4756023585796356
3523,Yes,0.5613320469856262
3524,Yes,0.6110979914665222
3525,No,0.46017929911613464
3526,No,0.41859978437423706
3527,Yes,0.6151149272918701
3528,Yes,0.5743944644927979
3529,Yes,0.5874728560447693
3530,Yes,0.567558228969574
3531,Yes,0.6123679876327515
3532,Yes,0.6108990907669067
3533,No,0.4104051887989044
3534,No,0.37278348207473755
3535,No,0.48306161165237427
3536,No,0.45312291383743286
3537,No,0.42057114839553833
3538,No,0.3731779158115387
3539,No,0.44977107644081116
3540,No,0.4460586905479431
3541,No,0.40275102853775024
3542,No,0.35540005564689636
3543,Yes,0.563569962978363
3544,Yes,0.5673230886459351
3545,No,0.4681716859340668
3546,No,0.42936965823173523
3547,Yes,0.5228414535522461
3548,Yes,0.5343098044395447
3549,Yes,0.5332983136177063
3550,Yes,0.5726624131202698
3551,Yes,0.6131762266159058
3552,Yes,0.6282245516777039
3553,No,0.43547219038009644
3554,No,0.4340687394142151
3555,Yes,0.6120951771736145
3556,Yes,0.6267254948616028
3557,No,0.3705703616142273
3558,No,0.33731210231781006
3559,No,0.4203318655490875
3560,No,0.4305434226989746
3561,Yes,0.5147329568862915
3562,Yes,0.5099784135818481
3563,Yes,0.5448216199874878
3564,Yes,0.5972344875335693
3565,No,0.355014830827713
3566,No,0.37756046652793884
3567,No,0.4704396426677704
3568,Yes,0.5141181945800781
3569,No,0.3853927552700043
3570,No,0.34270626306533813
3571,No,0.47315558791160583
3572,No,0.4742167592048645
3573,No,0.4003608524799347
3574,No,0.4631449580192566
3575,Yes,0.5779370069503784
3576,Yes,0.6300079226493835
3577,No,0.40749526023864746
3578,No,0.3217299282550812
3579,Yes,0.5126339197158813
3580,Yes,0.5339258313179016
3581,No,0.40497639775276184
3582,No,0.34545445442199707
3583,No,0.4465634822845459
3584,No,0.49861666560173035
3585,No,0.39046525955200195
3586,No,0.4010053277015686
3587,Yes,0.5658906102180481
3588,Yes,0.6021884083747864
3589,No,0.3853421211242676
3590,No,0.4111303687095642
3591,No,0.4908248484134674
3592,Yes,0.5188624262809753
3593,Yes,0.5081907510757446
3594,Yes,0.5510125756263733
3595,Yes,0.666903555393219
3596,Yes,0.7343263030052185
3597,No,0.38352707028388977
3598,No,0.3855586349964142
3599,No,0.45649099349975586
3600,Yes,0.5105761885643005
3601,No,0.42537814378738403
3602,No,0.45375320315361023
3603,No,0.48424243927001953
3604,Yes,0.5275439023971558
3605,No,0.40149232745170593
3606,No,0.3925861716270447
3607,No,0.4481997489929199
3608,Yes,0.5145454406738281
3609,No,0.39647242426872253
3610,No,0.389978289604187
3611,Yes,0.5265089869499207
3612,Yes,0.5862534046173096
3613,No,0.37034842371940613
3614,No,0.3613584637641907
3615,No,0.4260435700416565
3616,No,0.5007886290550232
3617,No,0.3483867049217224
3618,No,0.3783376216888428
3619,Yes,0.5132034420967102
3620,Yes,0.5748623013496399
3621,No,0.40149232745170593
3622,No,0.3925861716270447
3623,No,0.4481997489929199
3624,Yes,0.5145454406738281
3625,No,0.38039737939834595
3626,No,0.3601842224597931
3627,No,0.4340142607688904
3628,No,0.47531330585479736
3629,No,0.2988070845603943
3630,No,0.3452186584472656
3631,No,0.39463603496551514
3632,No,0.47415611147880554
3633,No,0.42445001006126404
3634,No,0.4336097538471222
3635,No,0.47882047295570374
3636,Yes,0.513826310634613
3637,No,0.4112686812877655
3638,No,0.39032334089279175
3639,No,0.4019968509674072
3640,No,0.4777472913265228
3641,No,0.37151193618774414
3642,No,0.38006624579429626
3643,No,0.4586513340473175
3644,No,0.491108238697052
3645,No,0.35342836380004883
3646,No,0.33016255497932434
3647,No,0.42183718085289
3648,No,0.4698704779148102
3649,No,0.39338162541389465
3650,No,0.41867509484291077
3651,No,0.4806632995605469
3652,Yes,0.5162128210067749
3653,Yes,0.5193684697151184
3654,Yes,0.5402014255523682
3655,Yes,0.5659401416778564
3656,Yes,0.6136334538459778
3657,No,0.3180866241455078
3658,No,0.35735395550727844
3659,No,0.4525446593761444
3660,No,0.5012191534042358
3661,No,0.3384416103363037
3662,No,0.2842848598957062
3663,No,0.4279199242591858
3664,No,0.45024120807647705
3665,No,0.4075641334056854
3666,No,0.3394313454627991
3667,No,0.48983415961265564
3668,No,0.4975834786891937
3669,Yes,0.5079042315483093
3670,No,0.48674914240837097
3671,Yes,0.6168452501296997
3672,Yes,0.644936740398407
3673,No,0.4370594918727875
3674,No,0.45497676730155945
3675,Yes,0.5847687721252441
3676,Yes,0.6300962567329407
3677,No,0.44920894503593445
3678,No,0.413404643535614
3679,Yes,0.5658043026924133
3680,Yes,0.6108716130256653
3681,No,0.38942551612854004
3682,No,0.3033044636249542
3683,No,0.4105912148952484
3684,No,0.41928642988204956
3685,No,0.33822140097618103
3686,No,0.32197654247283936
3687,No,0.411823570728302
3688,No,0.44243332743644714
3689,No,0.3811362087726593
3690,No,0.39841222763061523
3691,Yes,0.5474815368652344
3692,Yes,0.5914244055747986
3693,No,0.36189788579940796
3694,No,0.3545522391796112
3695,No,0.47327548265457153
3696,No,0.439860075712204
3697,No,0.4455339014530182
3698,No,0.45243456959724426
3699,Yes,0.5230652093887329
3700,Yes,0.5572574734687805
3701,No,0.3608354330062866
3702,No,0.37791693210601807
3703,No,0.42577216029167175
3704,No,0.4883384704589844
3705,No,0.39692071080207825
3706,No,0.3602791130542755
3707,No,0.43722695112228394
3708,No,0.464656800031662
3709,No,0.3962551951408386
3710,No,0.4063980281352997
3711,Yes,0.5289071798324585
3712,Yes,0.5180162191390991
3713,No,0.41805416345596313
3714,No,0.3692416846752167
3715,No,0.41397222876548767
3716,No,0.4167766571044922
3717,Yes,0.6315116286277771
3718,Yes,0.6881060600280762
3719,Yes,0.6540910005569458
3720,Yes,0.6695538759231567
3721,No,0.38958317041397095
3722,No,0.3820499777793884
3723,No,0.35669225454330444
3724,No,0.3773609697818756
3725,No,0.45470404624938965
3726,No,0.4723202884197235
3727,No,0.4526161253452301
3728,No,0.46854186058044434
3729,No,0.46285608410835266
3730,No,0.39292454719543457
3731,No,0.49929147958755493
3732,Yes,0.5151738524436951
3733,No,0.4914833903312683
3734,No,0.47844552993774414
3735,No,0.48632603883743286
3736,Yes,0.5102736949920654
3737,No,0.34096288681030273
3738,No,0.3349596858024597
3739,No,0.42815932631492615
3740,No,0.38682588934898376
3741,No,0.48499640822410583
3742,No,0.4438502788543701
3743,No,0.4994211196899414
3744,No,0.4769270122051239
3745,No,0.38502970337867737
3746,No,0.4000236988067627
3747,Yes,0.5034496784210205
3748,No,0.49762892723083496
3749,No,0.3734683692455292
3750,No,0.37170013785362244
3751,No,0.4274581968784332
3752,No,0.428192675113678
3753,No,0.42913174629211426
3754,No,0.46585145592689514
3755,No,0.4728846251964569
3756,No,0.45628345012664795
3757,No,0.3345661163330078
3758,No,0.33746832609176636
3759,No,0.4099295735359192
3760,No,0.41458097100257874
3761,No,0.3629396855831146
3762,No,0.36790353059768677
3763,No,0.42796310782432556
3764,No,0.4415574371814728
3765,No,0.43451201915740967
3766,No,0.43851861357688904
3767,No,0.5003753900527954
3768,Yes,0.5425862669944763
3769,Yes,0.5448801517486572
3770,Yes,0.5766379833221436
3771,Yes,0.5112764835357666
3772,Yes,0.5643146634101868
3773,No,0.35804492235183716
3774,No,0.31187278032302856
3775,No,0.45311784744262695
3776,No,0.4681934118270874
3777,No,0.42179328203201294
3778,No,0.43352359533309937
3779,No,0.49520695209503174
3780,Yes,0.5091097354888916
3781,No,0.41619452834129333
3782,No,0.45381462574005127
3783,Yes,0.5405899286270142
3784,Yes,0.5649334788322449
3785,No,0.4084324240684509
3786,No,0.44920921325683594
3787,No,0.48241737484931946
3788,No,0.5023146867752075
3789,No,0.39982908964157104
3790,No,0.42457130551338196
3791,No,0.49202433228492737
3792,No,0.49005791544914246
3793,No,0.4119110703468323
3794,No,0.45378684997558594
3795,No,0.40031397342681885
3796,No,0.4058954417705536
3797,No,0.3729534447193146
3798,No,0.45523524284362793
3799,Yes,0.6052058935165405
3800,Yes,0.6222965121269226
3801,No,0.3927620053291321
3802,No,0.41581499576568604
3803,Yes,0.5669971108436584
3804,Yes,0.5636441707611084
3805,No,0.44793516397476196
3806,No,0.36142629384994507
3807,Yes,0.5299275517463684
3808,Yes,0.5246241092681885
3809,No,0.3815433979034424
3810,No,0.38861337304115295
3811,Yes,0.5406621694564819
3812,Yes,0.5396061539649963
3813,No,0.38062185049057007
3814,No,0.4082000255584717
3815,No,0.37792906165122986
3816,No,0.40827304124832153
3817,No,0.3899412453174591
3818,No,0.4111204445362091
3819,No,0.41972580552101135
3820,No,0.4574849009513855
3821,No,0.37107473611831665
3822,No,0.3822629749774933
3823,No,0.40907785296440125
3824,No,0.40960878133773804
3825,No,0.39492911100387573
3826,No,0.3971756398677826
3827,No,0.43054065108299255
3828,No,0.46195653080940247
3829,No,0.38092103600502014
3830,No,0.41284435987472534
3831,No,0.3249376714229584
3832,No,0.361998975276947
3833,No,0.38751640915870667
3834,No,0.37340500950813293
3835,No,0.37460970878601074
3836,No,0.4143081307411194
3837,Yes,0.5505489110946655
3838,Yes,0.5592876672744751
3839,Yes,0.5687167048454285
3840,Yes,0.5681840181350708
3841,No,0.39650753140449524
3842,No,0.391145259141922
3843,No,0.3965947926044464
3844,No,0.3865838050842285
3845,No,0.4275336265563965
3846,No,0.36956921219825745
3847,No,0.4514384865760803
3848,No,0.4258008301258087
3849,Yes,0.5170485973358154
3850,No,0.41045698523521423
3851,Yes,0.5275400280952454
3852,No,0.4991452395915985
3853,No,0.4012010097503662
3854,No,0.3439590036869049
3855,No,0.332610547542572
3856,No,0.3578328490257263
3857,No,0.3671702444553375
3858,No,0.27665120363235474
3859,No,0.3364076018333435
3860,No,0.3098841905593872
3861,Yes,0.577548086643219
3862,Yes,0.5248518586158752
3863,Yes,0.5803219676017761
3864,Yes,0.5453400015830994
3865,Yes,0.5927959680557251
3866,Yes,0.613297164440155
3867,Yes,0.6348127126693726
3868,Yes,0.6598056554794312
3869,No,0.42495447397232056
3870,No,0.40823283791542053
3871,No,0.40540847182273865
3872,No,0.4477585256099701
3873,No,0.49282604455947876
3874,No,0.400844544172287
3875,No,0.4494405686855316
3876,No,0.3943067789077759
3877,No,0.3965083658695221
3878,No,0.3911462426185608
3879,No,0.39659583568573
3880,No,0.38658595085144043
3881,No,0.4357006847858429
3882,No,0.30760031938552856
3883,No,0.48610255122184753
3884,No,0.4578608572483063
3885,No,0.37059709429740906
3886,No,0.26233041286468506
3887,No,0.3973628282546997
3888,No,0.3418484926223755
3889,No,0.38372838497161865
3890,No,0.4645451307296753
3891,No,0.44191309809684753
3892,No,0.4856523275375366
3893,No,0.31098473072052
3894,No,0.312514066696167
3895,No,0.34116944670677185
3896,No,0.37553685903549194
3897,No,0.36120977997779846
3898,No,0.38015371561050415
3899,No,0.48762717843055725
3900,No,0.4627246558666229
3901,No,0.24577759206295013
3902,No,0.30877789855003357
3903,No,0.3057175874710083
3904,No,0.36579668521881104
3905,No,0.31618446111679077
3906,No,0.3673568665981293
3907,No,0.432960569858551
3908,No,0.47604358196258545
3909,No,0.23328249156475067
3910,No,0.2169792354106903
3911,No,0.2882083058357239
3912,No,0.31923890113830566
3913,No,0.2931751310825348
3914,No,0.26126188039779663
3915,No,0.443713903427124
3916,No,0.41776183247566223
3917,No,0.3894266188144684
3918,No,0.41526180505752563
3919,No,0.46300339698791504
3920,No,0.48875659704208374
3921,No,0.28620386123657227
3922,No,0.32199835777282715
3923,No,0.3835850954055786
3924,No,0.4163859486579895
3925,No,0.40922653675079346
3926,No,0.4082915484905243
3927,No,0.4957168698310852
3928,Yes,0.509564995765686
3929,No,0.239008828997612
3930,No,0.24164097011089325
3931,No,0.3644232153892517
3932,No,0.39673057198524475
3933,No,0.36352792382240295
3934,No,0.37275373935699463
3935,No,0.40215885639190674
3936,No,0.4368688762187958
3937,No,0.4765811562538147
3938,No,0.4481269121170044
3939,Yes,0.5333229303359985
3940,Yes,0.6049678921699524
3941,No,0.41967064142227173
3942,No,0.4072861075401306
3943,Yes,0.5280396938323975
3944,Yes,0.555081844329834
3945,No,0.43869316577911377
3946,No,0.413268119096756
3947,No,0.49702689051628113
3948,No,0.4681463837623596
3949,No,0.4174400269985199
3950,No,0.38579022884368896
3951,No,0.4678873121738434
3952,Yes,0.516231894493103
3953,No,0.4730915427207947
3954,No,0.43982893228530884
3955,Yes,0.5380586385726929
3956,Yes,0.5476546883583069
3957,No,0.4204988479614258
3958,No,0.35944974422454834
3959,Yes,0.5489259958267212
3960,Yes,0.6427070498466492
3961,No,0.44050201773643494
3962,No,0.43004560470581055
3963,Yes,0.5330408215522766
3964,Yes,0.5445470213890076
3965,No,0.48028379678726196
3966,No,0.4499618709087372
3967,No,0.45431891083717346
3968,No,0.4828853905200958
3969,No,0.40313059091567993
3970,No,0.4292381703853607
3971,No,0.4219924807548523
3972,No,0.37994444370269775
3973,No,0.4168240427970886
3974,No,0.40948376059532166
3975,No,0.4619332253932953
3976,No,0.43394675850868225
3977,No,0.3332873582839966
3978,No,0.3392784595489502
3979,No,0.396489679813385
3980,No,0.33588656783103943
3981,No,0.3882441222667694
3982,No,0.38289445638656616
3983,Yes,0.5165325403213501
3984,Yes,0.546142041683197
3985,No,0.4749031066894531
3986,No,0.5025373101234436
3987,Yes,0.5561105012893677
3988,Yes,0.5846786499023438
3989,No,0.458999365568161
3990,No,0.4756650924682617
3991,Yes,0.5151450634002686
3992,Yes,0.5599868297576904
3993,No,0.44391146302223206
3994,No,0.46610021591186523
3995,Yes,0.5169075727462769
3996,Yes,0.5399094223976135
3997,No,0.45979756116867065
3998,No,0.4412691593170166
3999,Yes,0.5106964707374573
4000,Yes,0.5304800271987915
4001,No,0.3697916269302368
4002,No,0.36920231580734253
4003,No,0.5022659301757812
4004,No,0.48836782574653625
4005,No,0.40029892325401306
4006,No,0.4463714361190796
4007,No,0.40392330288887024
4008,No,0.45374035835266113
4009,No,0.38442450761795044
4010,No,0.36227139830589294
4011,No,0.4371728003025055
4012,No,0.45913246273994446
4013,No,0.38530537486076355
4014,No,0.3712388277053833
4015,No,0.38957467675209045
4016,No,0.4045828878879547
4017,No,0.3643087148666382
4018,No,0.293552964925766
4019,No,0.412661612033844
4020,No,0.4302453100681305
4021,No,0.38442450761795044
4022,No,0.36227139830589294
4023,No,0.4371728003025055
4024,No,0.45913246273994446
4025,No,0.38890597224235535
4026,No,0.419925719499588
4027,No,0.4927821755409241
4028,Yes,0.512740969657898
4029,No,0.402112752199173
4030,No,0.3943459987640381
4031,No,0.47765323519706726
4032,No,0.4802299737930298
4033,No,0.3655514121055603
4034,No,0.35378870368003845
4035,No,0.39077460765838623
4036,No,0.4342901110649109
4037,No,0.33796554803848267
4038,No,0.3030153810977936
4039,No,0.331928014755249
4040,No,0.36828166246414185
4041,No,0.2053234875202179
4042,No,0.30169856548309326
4043,No,0.4228559732437134
4044,No,0.4734512269496918
4045,No,0.40515172481536865
4046,No,0.35712552070617676
4047,No,0.4254387319087982
4048,No,0.4560205042362213
4049,No,0.4317612051963806
4050,No,0.34609371423721313
4051,Yes,0.5715166330337524
4052,Yes,0.5788097381591797
4053,No,0.3856770396232605
4054,No,0.3928133249282837
4055,No,0.3739360570907593
4056,No,0.42694059014320374
4057,No,0.45086389780044556
4058,No,0.3667992651462555
4059,No,0.4819587767124176
4060,No,0.4759458601474762
4061,No,0.3465893268585205
4062,No,0.3584059476852417
4063,No,0.37897783517837524
4064,No,0.43699389696121216
4065,No,0.3533608317375183
4066,No,0.3570403456687927
4067,No,0.38991138339042664
4068,No,0.4212599992752075
4069,No,0.439983069896698
4070,No,0.4102531671524048
4071,No,0.4620603322982788
4072,No,0.4977585971355438
4073,No,0.37431660294532776
4074,No,0.3185310363769531
4075,No,0.3979104161262512
4076,No,0.4388948380947113
4077,No,0.40116918087005615
4078,No,0.3183315396308899
4079,No,0.4752579629421234
4080,No,0.4795101284980774
4081,No,0.25327447056770325
4082,No,0.13546663522720337
4083,No,0.2572489380836487
4084,No,0.35299432277679443
4085,No,0.3825034201145172
4086,No,0.2876042127609253
4087,No,0.3979174792766571
4088,No,0.40767744183540344
4089,No,0.3246476948261261
4090,No,0.2628200650215149
4091,No,0.37492087483406067
4092,No,0.4258837103843689
4093,No,0.35023435950279236
4094,No,0.3462057411670685
4095,Yes,0.5148336291313171
4096,Yes,0.5360380411148071
4097,No,0.42075315117836
4098,No,0.4645788371562958
4099,Yes,0.5172099471092224
4100,Yes,0.54876309633255
4101,No,0.31292563676834106
4102,No,0.34410417079925537
4103,No,0.3199149966239929
4104,No,0.3380140960216522
4105,Yes,0.6897510886192322
4106,Yes,0.66062331199646
4107,Yes,0.6278181672096252
4108,Yes,0.6684516072273254
4109,No,0.4322657585144043
4110,No,0.40610969066619873
4111,No,0.4809068739414215
4112,Yes,0.5195078253746033
4113,No,0.37199604511260986
4114,No,0.363190233707428
4115,No,0.45764172077178955
4116,No,0.48409077525138855
4117,No,0.322877436876297
4118,No,0.36564791202545166
4119,No,0.3539862632751465
4120,No,0.3324042856693268
4121,No,0.4557778239250183
4122,No,0.42608189582824707
4123,No,0.44852933287620544
4124,No,0.4950348734855652
4125,No,0.43054288625717163
4126,No,0.4227539896965027
4127,No,0.47425252199172974
4128,No,0.48525160551071167
4129,No,0.4506247043609619
4130,No,0.41531234979629517
4131,No,0.43835243582725525
4132,No,0.40649837255477905
4133,No,0.5015015602111816
4134,No,0.4223889410495758
4135,No,0.4665888845920563
4136,No,0.4376585781574249
4137,No,0.45357781648635864
4138,No,0.4298819899559021
4139,No,0.43797776103019714
4140,No,0.41457313299179077
4141,No,0.4860996603965759
4142,No,0.4165653586387634
4143,No,0.4824981093406677
4144,No,0.4384579658508301
4145,No,0.4917133152484894
4146,No,0.4303564429283142
4147,No,0.46313127875328064
4148,No,0.42464926838874817
4149,No,0.48700472712516785
4150,No,0.45927295088768005
4151,Yes,0.5687530040740967
4152,Yes,0.5342785716056824
4153,No,0.4628071188926697
4154,No,0.4099854528903961
4155,No,0.4374963045120239
4156,No,0.4183557629585266
4157,No,0.4320279061794281
4158,No,0.40145254135131836
4159,No,0.4346652030944824
4160,No,0.43134286999702454
4161,No,0.4936182498931885
4162,No,0.4375897943973541
4163,No,0.45504364371299744
4164,No,0.44650039076805115
4165,No,0.45910876989364624
4166,No,0.4367132782936096
4167,No,0.4529585540294647
4168,No,0.4175683259963989
4169,No,0.38755494356155396
4170,No,0.39037463068962097
4171,No,0.4377886950969696
4172,No,0.4230470657348633
4173,No,0.4203051030635834
4174,No,0.3774522542953491
4175,No,0.42315006256103516
4176,No,0.4103851020336151
4177,No,0.32207801938056946
4178,No,0.3346675634384155
4179,No,0.4099160432815552
4180,No,0.4583759903907776
4181,No,0.2765690088272095
4182,No,0.36745885014533997
4183,No,0.29304084181785583
4184,No,0.40923672914505005
4185,No,0.4486014246940613
4186,No,0.4713183045387268
4187,No,0.4926043152809143
4188,Yes,0.554903507232666
4189,No,0.4053229093551636
4190,No,0.3772848844528198
4191,No,0.39358651638031006
4192,No,0.4242514669895172
4193,No,0.45753735303878784
4194,No,0.4071575403213501
4195,No,0.47556808590888977
4196,Yes,0.5073077082633972
4197,No,0.406442791223526
4198,No,0.3956683576107025
4199,No,0.38871386647224426
4200,No,0.4045458137989044
4201,No,0.4070237874984741
4202,No,0.40633904933929443
4203,No,0.365593284368515
4204,No,0.4047987163066864
4205,Yes,0.5115793347358704
4206,No,0.46534401178359985
4207,Yes,0.5289983153343201
4208,Yes,0.5544729828834534
4209,No,0.42317530512809753
4210,No,0.4190405309200287
4211,No,0.42970818281173706
4212,No,0.42660510540008545
4213,No,0.3657289743423462
4214,No,0.3478459417819977
4215,No,0.40193411707878113
4216,No,0.44882044196128845
4217,No,0.43355792760849
4218,No,0.39856112003326416
4219,No,0.4453255832195282
4220,No,0.4913007915019989
4221,No,0.42374375462532043
4222,No,0.4145970940589905
4223,No,0.47467029094696045
4224,No,0.494864284992218
4225,No,0.41702738404273987
4226,No,0.4657386243343353
4227,No,0.48258456587791443
4228,Yes,0.5375515222549438
4229,No,0.4469529986381531
4230,No,0.4741748571395874
4231,Yes,0.5122394561767578
4232,Yes,0.5491928458213806
4233,No,0.41295263171195984
4234,No,0.46121740341186523
4235,No,0.4664453864097595
4236,Yes,0.5066580772399902
4237,No,0.4406437277793884
4238,No,0.47602972388267517
4239,No,0.45571208000183105
4240,No,0.5001003742218018
4241,No,0.3882269561290741
4242,No,0.4481697380542755
4243,No,0.43230491876602173
4244,No,0.4656903147697449
4245,No,0.4363913834095001
4246,No,0.4549608826637268
4247,No,0.4755207896232605
4248,No,0.4908488094806671
4249,No,0.4213066101074219
4250,No,0.44956955313682556
4251,No,0.45338886976242065
4252,Yes,0.5034195780754089
4253,No,0.41694366931915283
4254,No,0.39756399393081665
4255,No,0.4692317247390747
4256,Yes,0.5100646018981934
4257,No,0.4530719518661499
4258,No,0.4106217622756958
4259,Yes,0.5809067487716675
4260,Yes,0.5517163872718811
4261,No,0.43043074011802673
4262,No,0.4355587065219879
4263,Yes,0.5334437489509583
4264,Yes,0.5057008862495422
4265,No,0.4236201345920563
4266,No,0.4411086142063141
4267,No,0.45161208510398865
4268,No,0.46994316577911377
4269,No,0.4183431565761566
4270,No,0.46842479705810547
4271,No,0.4526941776275635
4272,No,0.47222837805747986
4273,No,0.42237186431884766
4274,No,0.4304385185241699
4275,Yes,0.5323655009269714
4276,Yes,0.5402378439903259
4277,No,0.2820638120174408
4278,No,0.31866374611854553
4279,No,0.37669920921325684
4280,No,0.36611488461494446
4281,No,0.4188978672027588
4282,No,0.3405168652534485
4283,Yes,0.5482674241065979
4284,No,0.47203221917152405
4285,No,0.42799076437950134
4286,No,0.4472675621509552
4287,Yes,0.5396844744682312
4288,Yes,0.5284083485603333
4289,No,0.5024144649505615
4290,No,0.4946584701538086
4291,Yes,0.5097811818122864
4292,Yes,0.572139322757721
4293,No,0.37581685185432434
4294,No,0.31483957171440125
4295,No,0.45923078060150146
4296,No,0.4770863950252533
4297,No,0.4035862684249878
4298,No,0.44374626874923706
4299,No,0.44826972484588623
4300,No,0.4997122585773468
4301,No,0.364082008600235
4302,No,0.3319750428199768
4303,No,0.3760744333267212
4304,No,0.4096134603023529
4305,No,0.3772507607936859
4306,No,0.3577418923377991
4307,No,0.36822810769081116
4308,No,0.43117931485176086
4309,No,0.4509182572364807
4310,No,0.45781394839286804
4311,Yes,0.5094960927963257
4312,Yes,0.546562135219574
4313,No,0.32810866832733154
4314,No,0.4006073474884033
4315,No,0.39586561918258667
4316,No,0.4655744731426239
4317,No,0.39959806203842163
4318,No,0.40209782123565674
4319,No,0.4563940465450287
4320,No,0.4921687841415405
4321,No,0.36675116419792175
4322,No,0.3955778479576111
4323,No,0.41760069131851196
4324,No,0.47652924060821533
4325,No,0.40245065093040466
4326,No,0.349298357963562
4327,No,0.406031996011734
4328,No,0.4640555679798126
4329,No,0.33046868443489075
4330,No,0.341871440410614
4331,No,0.3924938440322876
4332,No,0.476840615272522
4333,No,0.3869210481643677
4334,No,0.373111754655838
4335,No,0.36599278450012207
4336,No,0.3931864798069
4337,No,0.4029509425163269
4338,No,0.4036216139793396
4339,No,0.440286785364151
4340,No,0.4840516448020935
4341,No,0.41130000352859497
4342,No,0.44239291548728943
4343,No,0.44876739382743835
4344,No,0.4857059121131897
4345,No,0.43881678581237793
4346,No,0.43045201897621155
4347,No,0.3978192210197449
4348,No,0.4927266538143158
4349,No,0.38541388511657715
4350,No,0.42412522435188293
4351,No,0.49507954716682434
4352,Yes,0.5402443408966064
4353,No,0.4013456106185913
4354,No,0.4154057204723358
4355,No,0.38897883892059326
4356,No,0.44511547684669495
4357,No,0.43449866771698
4358,No,0.44956958293914795
4359,No,0.3858207166194916
4360,No,0.40842899680137634
4361,No,0.42974478006362915
4362,No,0.4436396360397339
4363,No,0.456299751996994
4364,Yes,0.5475461483001709
4365,No,0.34873488545417786
4366,No,0.3775236904621124
4367,No,0.3733021914958954
4368,No,0.4210415184497833
4369,No,0.47685080766677856
4370,No,0.4770488739013672
4371,Yes,0.5365533232688904
4372,Yes,0.5235624313354492
4373,No,0.4693387448787689
4374,No,0.4320245385169983
4375,Yes,0.5178069472312927
4376,No,0.4988551437854767
4377,No,0.4314499795436859
4378,No,0.4093991219997406
4379,No,0.4555061161518097
4380,No,0.43173521757125854
4381,No,0.40342649817466736
4382,No,0.40929102897644043
4383,Yes,0.5059110522270203
4384,No,0.47952592372894287
4385,No,0.5028172731399536
4386,Yes,0.6051763892173767
4387,Yes,0.6610548496246338
4388,Yes,0.6286227107048035
4389,No,0.44715139269828796
4390,No,0.42579758167266846
4391,No,0.47165924310684204
4392,No,0.4485599398612976
4393,No,0.4265125095844269
4394,No,0.4175364673137665
4395,No,0.4941880404949188
4396,No,0.4703388512134552
4397,No,0.45699241757392883
4398,No,0.4319159984588623
4399,No,0.49322134256362915
4400,No,0.4793526530265808
4401,No,0.38288360834121704
4402,No,0.3473559319972992
4403,No,0.4057565927505493
4404,No,0.4644056558609009
4405,No,0.3441604673862457
4406,No,0.3534899652004242
4407,No,0.35404640436172485
4408,No,0.388640820980072
4409,No,0.4272538125514984
4410,No,0.4466274380683899
4411,No,0.4805941581726074
4412,No,0.49918505549430847
4413,No,0.3896556496620178
4414,No,0.35660520195961
4415,No,0.39674440026283264
4416,No,0.4044928550720215
