item,label,p_yes
1,Yes,0.5527971982955933
2,Yes,0.623712956905365
3,Yes,0.6063616275787354
4,Yes,0.6887536644935608
5,Yes,0.5431382060050964
6,Yes,0.6199401617050171
7,Yes,0.6178513765335083
8,Yes,0.6960335969924927
9,No,0.454497367143631
10,Yes,0.5152648687362671
11,No,0.4985164701938629
12,Yes,0.5937291383743286
13,No,0.4983070492744446
14,Yes,0.5342844724655151
15,No,0.4765010178089142
16,Yes,0.5637227892875671
17,Yes,0.5316112041473389
18,Yes,0.6024962067604065
19,Yes,0.5914427638053894
20,Yes,0.6844457387924194
21,Yes,0.5987582206726074
22,Yes,0.628020703792572
23,Yes,0.5790857076644897
24,Yes,0.6722259521484375
25,Yes,0.6447280645370483
26,Yes,0.7231049537658691
27,Yes,0.6469610333442688
28,Yes,0.7242234945297241
29,Yes,0.5035110116004944
30,Yes,0.5574443936347961
31,Yes,0.5298383831977844
32,Yes,0.6423650979995728
33,No,0.49556422233581543
34,Yes,0.5812106132507324
35,Yes,0.5702444911003113
36,Yes,0.6548376679420471
37,Yes,0.5027887225151062
38,Yes,0.5943611860275269
39,Yes,0.5737358927726746
40,Yes,0.66087806224823
41,No,0.47699272632598877
42,Yes,0.561004102230072
43,Yes,0.5367461442947388
44,Yes,0.6253366470336914
45,Yes,0.529501736164093
46,Yes,0.6522693634033203
47,Yes,0.592470645904541
48,Yes,0.6826066970825195
49,No,0.4905441105365753
50,Yes,0.5305300951004028
51,Yes,0.5688402652740479
52,Yes,0.5866245627403259
53,No,0.4850105047225952
54,Yes,0.5628063082695007
55,Yes,0.5742854475975037
56,Yes,0.5869761109352112
57,No,0.49746349453926086
58,Yes,0.5507133603096008
59,Yes,0.5825706124305725
60,Yes,0.5955276489257812
61,Yes,0.5811687707901001
62,Yes,0.5821931958198547
63,Yes,0.618872344493866
64,Yes,0.6118281483650208
65,Yes,0.545494556427002
66,Yes,0.5754131078720093
67,Yes,0.6256613731384277
68,Yes,0.6372065544128418
69,Yes,0.5667498111724854
70,Yes,0.5509544610977173
71,Yes,0.5820626020431519
72,Yes,0.5646477937698364
73,Yes,0.550395667552948
74,Yes,0.5664816498756409
75,Yes,0.5754146575927734
76,Yes,0.5919529795646667
77,Yes,0.5179435014724731
78,Yes,0.559738278388977
79,Yes,0.6259223222732544
80,Yes,0.6371243000030518
81,No,0.444186270236969
82,No,0.47081732749938965
83,Yes,0.521126925945282
84,Yes,0.5356537103652954
85,Yes,0.524040699005127
86,Yes,0.5909767150878906
87,Yes,0.5478682518005371
88,Yes,0.5812495350837708
89,Yes,0.5593905448913574
90,Yes,0.5544934868812561
91,Yes,0.5852312445640564
92,Yes,0.573627233505249
93,Yes,0.6431980133056641
94,Yes,0.666124165058136
95,Yes,0.7039453387260437
96,Yes,0.6872839331626892
97,No,0.46087369322776794
98,No,0.5016641616821289
99,Yes,0.5750511288642883
100,Yes,0.5692446231842041
101,Yes,0.5988410711288452
102,No,0.4611597955226898
103,Yes,0.5172348618507385
104,Yes,0.5413154363632202
105,Yes,0.5041056871414185
106,Yes,0.534715473651886
107,Yes,0.5309922695159912
108,Yes,0.5463658571243286
109,No,0.49895423650741577
110,Yes,0.5049712657928467
111,Yes,0.552970826625824
112,Yes,0.5611824989318848
113,Yes,0.51233971118927
114,No,0.4816264510154724
115,Yes,0.510221540927887
116,Yes,0.5116072297096252
117,Yes,0.5472805500030518
118,Yes,0.531825065612793
119,Yes,0.5469628572463989
120,Yes,0.5568991303443909
121,Yes,0.5309879183769226
122,Yes,0.5386730432510376
123,Yes,0.53195720911026
124,Yes,0.5288798809051514
125,Yes,0.5289504528045654
126,Yes,0.5452777743339539
127,Yes,0.6266555786132812
128,Yes,0.6123576760292053
129,Yes,0.5556821227073669
130,Yes,0.5364122986793518
131,Yes,0.6283943057060242
132,Yes,0.5636892318725586
133,Yes,0.6274702548980713
134,Yes,0.5582425594329834
135,Yes,0.630951464176178
136,Yes,0.5823100209236145
137,No,0.48761340975761414
138,No,0.45153719186782837
139,Yes,0.5486599802970886
140,No,0.49410417675971985
141,Yes,0.5550968647003174
142,Yes,0.5161066055297852
143,Yes,0.582821786403656
144,Yes,0.5539376735687256
145,No,0.4707965552806854
146,No,0.45878085494041443
147,Yes,0.5672478079795837
148,No,0.4956222176551819
149,No,0.48761340975761414
150,No,0.45153719186782837
151,Yes,0.5486599802970886
152,No,0.49410417675971985
153,Yes,0.6175956726074219
154,Yes,0.5854612588882446
155,Yes,0.6610597968101501
156,Yes,0.6142781376838684
157,No,0.49702733755111694
158,No,0.4553215801715851
159,Yes,0.5412541627883911
160,Yes,0.5058293342590332
161,Yes,0.5741955637931824
162,Yes,0.5800212025642395
163,Yes,0.5722248554229736
164,Yes,0.5814253091812134
165,Yes,0.5977778434753418
166,Yes,0.6032637357711792
167,Yes,0.614586353302002
168,Yes,0.6364584565162659
169,Yes,0.6527471542358398
170,Yes,0.5438393354415894
171,Yes,0.5725682973861694
172,Yes,0.6041689515113831
173,Yes,0.5340601801872253
174,Yes,0.5304027795791626
175,Yes,0.5374559164047241
176,Yes,0.5488334894180298
177,Yes,0.5455248355865479
178,Yes,0.5959011316299438
179,Yes,0.6323267221450806
180,Yes,0.6544706225395203
181,Yes,0.5632100701332092
182,Yes,0.5433900952339172
183,Yes,0.5477055311203003
184,Yes,0.5343319773674011
185,No,0.4877258241176605
186,Yes,0.5202199220657349
187,Yes,0.5215290784835815
188,Yes,0.5469058156013489
189,Yes,0.6688095927238464
190,Yes,0.6780956387519836
191,Yes,0.6743617653846741
192,Yes,0.6860835552215576
193,No,0.48865100741386414
194,Yes,0.5249199271202087
195,Yes,0.5518691539764404
196,Yes,0.5736933350563049
197,Yes,0.7451959252357483
198,Yes,0.745383083820343
199,Yes,0.7493320107460022
200,Yes,0.7503519058227539
201,Yes,0.5865505933761597
202,Yes,0.5987247824668884
203,Yes,0.5759689807891846
204,Yes,0.5863435864448547
205,Yes,0.5845692157745361
206,Yes,0.5816717147827148
207,Yes,0.5587924122810364
208,Yes,0.5562751293182373
209,Yes,0.5116938352584839
210,Yes,0.5282449722290039
211,Yes,0.5746973752975464
212,Yes,0.5855872631072998
213,Yes,0.5157223343849182
214,Yes,0.555429995059967
215,Yes,0.5828274488449097
216,Yes,0.5931790471076965
217,Yes,0.6391303539276123
218,Yes,0.6128543615341187
219,Yes,0.5992857217788696
220,Yes,0.6146470308303833
221,Yes,0.5113853216171265
222,No,0.48964816331863403
223,No,0.5043575167655945
224,Yes,0.5227481126785278
225,Yes,0.563726007938385
226,Yes,0.5902900099754333
227,Yes,0.5397464036941528
228,Yes,0.6050837635993958
229,Yes,0.5358639359474182
230,Yes,0.5678560733795166
231,Yes,0.5077240467071533
232,Yes,0.5908974409103394
233,No,0.4331040680408478
234,Yes,0.542096734046936
235,No,0.4742175340652466
236,Yes,0.5496413111686707
237,No,0.4617328345775604
238,Yes,0.6126738786697388
239,Yes,0.5419638752937317
240,Yes,0.6017385721206665
241,Yes,0.5471612215042114
242,Yes,0.5244593024253845
243,Yes,0.534751832485199
244,Yes,0.5825446844100952
245,Yes,0.5184397101402283
246,Yes,0.5774667859077454
247,Yes,0.5092006921768188
248,Yes,0.5646865963935852
249,No,0.49930742383003235
250,Yes,0.5733085870742798
251,No,0.49640893936157227
252,Yes,0.531190037727356
253,No,0.4889256954193115
254,Yes,0.6011494994163513
255,Yes,0.562437117099762
256,Yes,0.63222736120224
257,Yes,0.5890721678733826
258,Yes,0.6774646639823914
259,Yes,0.5702095627784729
260,Yes,0.6329537034034729
261,Yes,0.5589715242385864
262,Yes,0.6726833581924438
263,Yes,0.5954121351242065
264,Yes,0.652242124080658
265,Yes,0.5283946990966797
266,Yes,0.5897629261016846
267,No,0.49166151881217957
268,Yes,0.5410251021385193
269,Yes,0.5093857645988464
270,No,0.4862346649169922
271,No,0.49177512526512146
272,Yes,0.5207992792129517
273,No,0.4564857482910156
274,Yes,0.5096628069877625
275,Yes,0.546234130859375
276,Yes,0.5764840841293335
277,No,0.40515807271003723
278,No,0.44939562678337097
279,No,0.44376030564308167
280,No,0.494792103767395
281,No,0.47046446800231934
282,No,0.5014837980270386
283,Yes,0.5185678005218506
284,Yes,0.5443447828292847
285,No,0.37932461500167847
286,No,0.47878122329711914
287,No,0.4566955864429474
288,Yes,0.5224570631980896
289,Yes,0.5286173224449158
290,Yes,0.5326411724090576
291,No,0.5059545040130615
292,Yes,0.5514572262763977
293,No,0.451893150806427
294,No,0.5008053183555603
295,No,0.4623192250728607
296,Yes,0.5090253353118896
297,No,0.5006551742553711
298,Yes,0.5075808763504028
299,Yes,0.5510166883468628
300,Yes,0.5664274096488953
301,Yes,0.5244156122207642
302,Yes,0.5909246802330017
303,Yes,0.5473319292068481
304,Yes,0.5638748407363892
305,Yes,0.545451819896698
306,Yes,0.5357287526130676
307,Yes,0.5666329860687256
308,Yes,0.5473248958587646
309,No,0.48879474401474
310,Yes,0.5358998775482178
311,Yes,0.5498855710029602
312,Yes,0.524072527885437
313,Yes,0.5510672330856323
314,Yes,0.6442582607269287
315,Yes,0.6402212977409363
316,Yes,0.6319094896316528
317,No,0.4658661484718323
318,No,0.4973348379135132
319,Yes,0.5524603128433228
320,Yes,0.5292561650276184
321,Yes,0.5075725317001343
322,Yes,0.5659329295158386
323,Yes,0.5852664709091187
324,Yes,0.5579719543457031
325,No,0.42790931463241577
326,No,0.44207292795181274
327,Yes,0.5383461117744446
328,Yes,0.5209673047065735
329,No,0.49421125650405884
330,Yes,0.5245984196662903
331,Yes,0.6041228771209717
332,Yes,0.5928062200546265
333,Yes,0.545118510723114
334,Yes,0.5310928821563721
335,Yes,0.5718628764152527
336,Yes,0.5456926822662354
337,No,0.40764257311820984
338,No,0.41070717573165894
339,No,0.409932404756546
340,No,0.4346677362918854
341,No,0.38809487223625183
342,No,0.47354018688201904
343,No,0.4785308837890625
344,No,0.4955300986766815
345,No,0.4166455864906311
346,No,0.4371083080768585
347,No,0.4909800589084625
348,No,0.4814926087856293
349,Yes,0.5092330574989319
350,Yes,0.5441768169403076
351,Yes,0.6076655387878418
352,Yes,0.5772922039031982
353,Yes,0.5477536916732788
354,Yes,0.5149926543235779
355,Yes,0.5318664908409119
356,Yes,0.5287446975708008
357,No,0.5047426819801331
358,Yes,0.5208050608634949
359,Yes,0.5434109568595886
360,Yes,0.5188347101211548
361,Yes,0.5175642371177673
362,Yes,0.5293350219726562
363,Yes,0.5075657367706299
364,Yes,0.5069262981414795
365,Yes,0.5265211462974548
366,No,0.4732202887535095
367,Yes,0.5139986872673035
368,Yes,0.5042566061019897
369,No,0.4752902388572693
370,No,0.4916597306728363
371,Yes,0.5109651684761047
372,No,0.4998418688774109
373,No,0.4607808589935303
374,No,0.4906785488128662
375,Yes,0.5435389876365662
376,Yes,0.5376991629600525
377,No,0.42730045318603516
378,No,0.45866554975509644
379,Yes,0.5033812522888184
380,No,0.48452523350715637
381,Yes,0.5228666663169861
382,Yes,0.5477012991905212
383,Yes,0.5662335157394409
384,Yes,0.5831584930419922
385,Yes,0.7248375415802002
386,Yes,0.5742892026901245
387,Yes,0.7000099420547485
388,Yes,0.6588099598884583
389,Yes,0.5221534967422485
390,Yes,0.5112613439559937
391,Yes,0.5418906211853027
392,Yes,0.5350028276443481
393,Yes,0.5308000445365906
394,Yes,0.5262777805328369
395,Yes,0.5590431690216064
396,Yes,0.5572109818458557
397,No,0.40056687593460083
398,No,0.42857328057289124
399,No,0.41719764471054077
400,No,0.42582499980926514
401,No,0.49388518929481506
402,No,0.4827178120613098
403,Yes,0.5594613552093506
404,Yes,0.5237778425216675
405,Yes,0.5872409343719482
406,Yes,0.516875147819519
407,Yes,0.6210469603538513
408,Yes,0.5661358833312988
409,Yes,0.5636706352233887
410,Yes,0.5514450073242188
411,Yes,0.5978018641471863
412,Yes,0.5557746291160583
413,Yes,0.5947960615158081
414,Yes,0.5741689801216125
415,Yes,0.6557207107543945
416,Yes,0.5928201675415039
417,Yes,0.5324520468711853
418,No,0.5034883618354797
419,Yes,0.5313916206359863
420,Yes,0.551339328289032
421,No,0.4986356496810913
422,Yes,0.516534686088562
423,Yes,0.5672094225883484
424,Yes,0.5889747142791748
425,Yes,0.5601965188980103
426,Yes,0.5787417888641357
427,Yes,0.6198514103889465
428,Yes,0.6337352991104126
429,Yes,0.5539895296096802
430,Yes,0.5616545677185059
431,Yes,0.6105238199234009
432,Yes,0.6261947751045227
433,Yes,0.5085610151290894
434,Yes,0.5119912028312683
435,Yes,0.5502266883850098
436,Yes,0.5765038132667542
437,Yes,0.5168630480766296
438,Yes,0.5404181480407715
439,Yes,0.5591338872909546
440,Yes,0.5818399786949158
441,No,0.47923555970191956
442,No,0.49737754464149475
443,Yes,0.5469680428504944
444,Yes,0.5528581142425537
445,No,0.47562527656555176
446,Yes,0.536375105381012
447,Yes,0.5250822901725769
448,Yes,0.5527441501617432
449,Yes,0.5148980617523193
450,Yes,0.504700779914856
451,Yes,0.5458528995513916
452,Yes,0.5531421303749084
453,Yes,0.5228887796401978
454,Yes,0.5567159652709961
455,Yes,0.6006307601928711
456,Yes,0.6069351434707642
457,No,0.4771546423435211
458,No,0.48765307664871216
459,Yes,0.5083029270172119
460,Yes,0.5193189382553101
461,Yes,0.5771473050117493
462,Yes,0.5957309603691101
463,Yes,0.5952921509742737
464,Yes,0.5826919078826904
465,No,0.4788869321346283
466,Yes,0.5152197480201721
467,Yes,0.5080366134643555
468,Yes,0.5381312966346741
469,Yes,0.570074200630188
470,Yes,0.5430377125740051
471,Yes,0.5834581851959229
472,Yes,0.5727294087409973
473,No,0.48047879338264465
474,Yes,0.5114704370498657
475,Yes,0.5618326663970947
476,Yes,0.5547696948051453
477,No,0.49618181586265564
478,Yes,0.5079879760742188
479,No,0.4904024600982666
480,No,0.5023437142372131
481,No,0.48716238141059875
482,Yes,0.5533021092414856
483,Yes,0.583929717540741
484,Yes,0.6068713068962097
485,Yes,0.5121170282363892
486,Yes,0.5898801684379578
487,Yes,0.6016615033149719
488,Yes,0.6412545442581177
489,No,0.4422146677970886
490,Yes,0.5233769416809082
491,Yes,0.5073957443237305
492,Yes,0.5361471772193909
493,No,0.4841306507587433
494,Yes,0.5584733486175537
495,Yes,0.5398726463317871
496,Yes,0.5661903023719788
497,Yes,0.5188879370689392
498,Yes,0.5758018493652344
499,Yes,0.5953390002250671
500,Yes,0.6270914673805237
501,No,0.4640379548072815
502,No,0.49132952094078064
503,Yes,0.522692859172821
504,Yes,0.548315167427063
505,No,0.48555514216423035
506,Yes,0.5542455911636353
507,Yes,0.5858922600746155
508,Yes,0.5730894207954407
509,No,0.3801446259021759
510,No,0.4185042679309845
511,No,0.46503233909606934
512,No,0.464295893907547
513,No,0.4672727882862091
514,No,0.46327826380729675
515,No,0.500487208366394
516,No,0.4724901616573334
517,Yes,0.6066164970397949
518,Yes,0.5730534195899963
519,Yes,0.6484801769256592
520,Yes,0.6128255128860474
521,No,0.4712958335876465
522,No,0.4845582842826843
523,Yes,0.5572031736373901
524,Yes,0.5142926573753357
525,Yes,0.6431641578674316
526,Yes,0.5431166887283325
527,Yes,0.6210178732872009
528,Yes,0.5749797821044922
529,No,0.4335160553455353
530,No,0.4351866543292999
531,Yes,0.5526247024536133
532,Yes,0.5096186995506287
533,Yes,0.5749078392982483
534,Yes,0.5364342331886292
535,Yes,0.6464616656303406
536,Yes,0.5832440853118896
537,Yes,0.5351247787475586
538,Yes,0.5123385787010193
539,Yes,0.5507538318634033
540,No,0.47725263237953186
541,Yes,0.5189885497093201
542,No,0.4832741916179657
543,Yes,0.5568626523017883
544,Yes,0.5261054039001465
545,Yes,0.5258748531341553
546,No,0.4840147793292999
547,Yes,0.5132555961608887
548,Yes,0.5093388557434082
549,Yes,0.6581852436065674
550,Yes,0.5960015654563904
551,Yes,0.6513952016830444
552,Yes,0.6336886882781982
553,Yes,0.5098665952682495
554,No,0.4751356840133667
555,Yes,0.5245226621627808
556,Yes,0.5281929969787598
557,No,0.465972363948822
558,No,0.4373261630535126
559,No,0.46474552154541016
560,No,0.4383980333805084
561,No,0.45691749453544617
562,No,0.44043657183647156
563,No,0.4941325783729553
564,No,0.4811927378177643
565,No,0.3640034794807434
566,No,0.4187909960746765
567,No,0.40132153034210205
568,No,0.4360393285751343
569,Yes,0.521213948726654
570,Yes,0.5280646085739136
571,Yes,0.5683200359344482
572,Yes,0.5272563099861145
573,No,0.4067808985710144
574,No,0.417265385389328
575,No,0.4540838301181793
576,No,0.4514055848121643
577,No,0.4453209638595581
578,No,0.49894627928733826
579,Yes,0.5122985243797302
580,Yes,0.5046607255935669
581,Yes,0.5469789505004883
582,Yes,0.5113095641136169
583,Yes,0.538899838924408
584,Yes,0.5303550362586975
585,Yes,0.558255136013031
586,Yes,0.5089113116264343
587,Yes,0.5774472951889038
588,Yes,0.5596718788146973
589,No,0.48270857334136963
590,No,0.49940770864486694
591,Yes,0.5180063247680664
592,Yes,0.5183049440383911
593,Yes,0.5488689541816711
594,Yes,0.5316213369369507
595,Yes,0.5154547691345215
596,Yes,0.5327551960945129
597,No,0.47097891569137573
598,No,0.47628799080848694
599,Yes,0.5061972737312317
600,Yes,0.5402844548225403
601,Yes,0.5825085043907166
602,Yes,0.5694736242294312
603,Yes,0.6075193285942078
604,Yes,0.6115405559539795
605,No,0.4648643434047699
606,No,0.48130252957344055
607,Yes,0.531896710395813
608,Yes,0.563219428062439
609,No,0.48087647557258606
610,Yes,0.525040864944458
611,No,0.48184892535209656
612,Yes,0.5115448236465454
613,No,0.4851933419704437
614,Yes,0.5365167260169983
615,No,0.45482438802719116
616,Yes,0.5262705087661743
617,Yes,0.5264100432395935
618,Yes,0.5863243937492371
619,Yes,0.5586469769477844
620,Yes,0.588767945766449
621,Yes,0.5125269293785095
622,Yes,0.5754737257957458
623,Yes,0.5052472352981567
624,Yes,0.5579395890235901
625,No,0.4669754207134247
626,Yes,0.5114398002624512
627,No,0.49500367045402527
628,Yes,0.5328687429428101
629,Yes,0.5088191628456116
630,Yes,0.5136072635650635
631,No,0.49610069394111633
632,Yes,0.5524453520774841
633,No,0.42634135484695435
634,No,0.4498893916606903
635,No,0.43141496181488037
636,No,0.4973520338535309
637,No,0.48345819115638733
638,No,0.49844518303871155
639,No,0.4951480031013489
640,Yes,0.5387221574783325
641,No,0.4185676574707031
642,Yes,0.5359520316123962
643,No,0.463017076253891
644,Yes,0.5064239501953125
645,Yes,0.508033812046051
646,Yes,0.5471582412719727
647,Yes,0.5070015788078308
648,Yes,0.5367249250411987
649,No,0.4726066589355469
650,Yes,0.5153584480285645
651,No,0.47376519441604614
652,Yes,0.5188733339309692
653,Yes,0.5264947414398193
654,Yes,0.5684254169464111
655,Yes,0.5327721238136292
656,Yes,0.5720770955085754
657,No,0.48193663358688354
658,No,0.4568869173526764
659,No,0.48586106300354004
660,No,0.4692898690700531
661,Yes,0.5604605674743652
662,Yes,0.5281003713607788
663,Yes,0.5529119968414307
664,Yes,0.5204541683197021
665,No,0.4880840480327606
666,No,0.4689565896987915
667,Yes,0.5356153249740601
668,No,0.4940800964832306
669,Yes,0.5829393863677979
670,Yes,0.5923401713371277
671,Yes,0.5754844546318054
672,Yes,0.5566954016685486
673,No,0.48670175671577454
674,Yes,0.510968804359436
675,Yes,0.5266156792640686
676,Yes,0.5182109475135803
677,Yes,0.5432173609733582
678,Yes,0.5382349491119385
679,Yes,0.551850438117981
680,Yes,0.5199649930000305
681,Yes,0.5274140238761902
682,Yes,0.5348833799362183
683,No,0.4958418905735016
684,No,0.4885547459125519
685,No,0.4910337030887604
686,Yes,0.5077935457229614
687,Yes,0.5579342842102051
688,Yes,0.5127366185188293
689,No,0.47779083251953125
690,No,0.48144593834877014
691,Yes,0.5290915966033936
692,Yes,0.5099231004714966
693,Yes,0.6157770752906799
694,Yes,0.5446135997772217
695,Yes,0.6463891863822937
696,Yes,0.5919296741485596
697,No,0.4798058569431305
698,Yes,0.5106782913208008
699,No,0.49661633372306824
700,No,0.4914715886116028
701,Yes,0.5171483755111694
702,Yes,0.5492824912071228
703,No,0.4901411831378937
704,No,0.4737478494644165
705,No,0.48193663358688354
706,No,0.4568869173526764
707,No,0.48586106300354004
708,No,0.4692898690700531
709,Yes,0.5829393863677979
710,Yes,0.5923401713371277
711,Yes,0.5754844546318054
712,Yes,0.5566954016685486
713,No,0.5007086992263794
714,Yes,0.5423265099525452
715,Yes,0.5243244171142578
716,Yes,0.5054531693458557
717,Yes,0.5092147588729858
718,No,0.478458434343338
719,Yes,0.530937671661377
720,No,0.49016639590263367
721,No,0.4521435499191284
722,No,0.41405200958251953
723,No,0.47933459281921387
724,No,0.4494069218635559
725,Yes,0.5715985894203186
726,Yes,0.5421246290206909
727,Yes,0.563126266002655
728,Yes,0.5297998785972595
729,No,0.48008888959884644
730,No,0.4512608051300049
731,No,0.4640905261039734
732,No,0.4545799195766449
733,Yes,0.5198966860771179
734,No,0.47631511092185974
735,No,0.4803062379360199
736,No,0.462546169757843
737,Yes,0.5851335525512695
738,Yes,0.5235095024108887
739,Yes,0.597815990447998
740,Yes,0.5373013615608215
741,Yes,0.5146442651748657
742,No,0.48801830410957336
743,Yes,0.5892447829246521
744,Yes,0.5102360248565674
745,Yes,0.6255180239677429
746,Yes,0.5689001083374023
747,Yes,0.6503430008888245
748,Yes,0.6006864905357361
749,Yes,0.552409291267395
750,Yes,0.5212681293487549
751,Yes,0.5421198606491089
752,Yes,0.5197675228118896
753,Yes,0.5180332064628601
754,Yes,0.5451480150222778
755,Yes,0.6093642115592957
756,Yes,0.5829954743385315
757,Yes,0.5614604353904724
758,Yes,0.5582859516143799
759,Yes,0.6169217824935913
760,Yes,0.5829148292541504
761,Yes,0.5934514999389648
762,Yes,0.586286723613739
763,Yes,0.6097747087478638
764,Yes,0.6075710654258728
765,Yes,0.5595573782920837
766,Yes,0.5228843092918396
767,Yes,0.5576019287109375
768,Yes,0.532198429107666
769,Yes,0.5451181530952454
770,Yes,0.5459148287773132
771,Yes,0.568143367767334
772,Yes,0.5589161515235901
773,No,0.45232465863227844
774,No,0.4944889545440674
775,Yes,0.5128940343856812
776,Yes,0.5288369655609131
777,No,0.4515005052089691
778,No,0.4652257561683655
779,No,0.46333637833595276
780,No,0.49304917454719543
781,No,0.4593765437602997
782,No,0.4723190367221832
783,Yes,0.5201870799064636
784,Yes,0.5250144600868225
785,No,0.44074344635009766
786,No,0.46562275290489197
787,No,0.5021564960479736
788,Yes,0.5081426501274109
789,Yes,0.5219933986663818
790,Yes,0.5091226100921631
791,Yes,0.545556366443634
792,Yes,0.5449435114860535
793,No,0.4941564202308655
794,Yes,0.5142261981964111
795,No,0.49475282430648804
796,Yes,0.5101874470710754
797,Yes,0.5524264574050903
798,Yes,0.6004117727279663
799,Yes,0.5769326686859131
800,Yes,0.6064134836196899
801,No,0.43932411074638367
802,No,0.4991670250892639
803,No,0.4918369650840759
804,No,0.4997793436050415
805,No,0.4733501374721527
806,Yes,0.5315969586372375
807,Yes,0.5459783673286438
808,Yes,0.572731614112854
809,No,0.4468225836753845
810,No,0.4715048670768738
811,Yes,0.5308506488800049
812,Yes,0.5437477231025696
813,No,0.3918500542640686
814,No,0.42595452070236206
815,No,0.4298294484615326
816,No,0.45784151554107666
817,Yes,0.5657653212547302
818,Yes,0.566725492477417
819,Yes,0.5557838678359985
820,Yes,0.5885651707649231
821,No,0.4470641016960144
822,Yes,0.5476151704788208
823,Yes,0.5591804385185242
824,Yes,0.5985773205757141
825,No,0.4730686545372009
826,Yes,0.5324923396110535
827,Yes,0.5574397444725037
828,Yes,0.5844898223876953
829,No,0.4858538806438446
830,Yes,0.5298343896865845
831,Yes,0.5372189879417419
832,Yes,0.5784420371055603
833,No,0.43800485134124756
834,No,0.5062214136123657
835,Yes,0.5679309964179993
836,Yes,0.6115274429321289
837,No,0.38408854603767395
838,No,0.47921669483184814
839,No,0.5015620589256287
840,Yes,0.5564625859260559
841,Yes,0.5657653212547302
842,Yes,0.566725492477417
843,Yes,0.5557838678359985
844,Yes,0.5885651707649231
845,No,0.4812948703765869
846,No,0.49897995591163635
847,Yes,0.5499458312988281
848,Yes,0.5904287099838257
849,Yes,0.5979286432266235
850,Yes,0.6176085472106934
851,Yes,0.650593101978302
852,Yes,0.6853797435760498
853,Yes,0.5623461008071899
854,Yes,0.6174442768096924
855,Yes,0.6233097910881042
856,Yes,0.6319936513900757
857,Yes,0.5662960410118103
858,Yes,0.5588093400001526
859,Yes,0.6051376461982727
860,Yes,0.6208274960517883
861,Yes,0.530328631401062
862,Yes,0.5899220108985901
863,Yes,0.602035403251648
864,Yes,0.6360502243041992
865,Yes,0.5858345627784729
866,Yes,0.6035091876983643
867,Yes,0.619473397731781
868,Yes,0.6260534524917603
869,No,0.45832559466362
870,No,0.48964086174964905
871,Yes,0.521692156791687
872,Yes,0.5191087126731873
873,Yes,0.5321476459503174
874,Yes,0.5266664624214172
875,Yes,0.5593053102493286
876,Yes,0.5364599823951721
877,No,0.49916163086891174
878,No,0.502775251865387
879,Yes,0.5602556467056274
880,Yes,0.5728021264076233
881,Yes,0.6182693839073181
882,Yes,0.6437978148460388
883,Yes,0.5972980260848999
884,Yes,0.6085844039916992
885,No,0.4977869987487793
886,No,0.49027758836746216
887,No,0.4991494417190552
888,No,0.47061532735824585
889,No,0.49684643745422363
890,No,0.45766568183898926
891,Yes,0.5267809629440308
892,Yes,0.5196583867073059
893,No,0.47574982047080994
894,Yes,0.5111520886421204
895,Yes,0.5086454749107361
896,No,0.502377450466156
897,Yes,0.6125053763389587
898,Yes,0.5357857346534729
899,Yes,0.60207200050354
900,Yes,0.5823621153831482
901,Yes,0.5937843918800354
902,Yes,0.5877585411071777
903,Yes,0.6200850009918213
904,Yes,0.6040969491004944
905,Yes,0.5879495143890381
906,Yes,0.5250678062438965
907,Yes,0.5822384357452393
908,Yes,0.5558580756187439
909,Yes,0.5131232142448425
910,Yes,0.5182231664657593
911,Yes,0.5469222664833069
912,Yes,0.5595238208770752
913,Yes,0.5347918272018433
914,No,0.48063790798187256
915,Yes,0.5102331042289734
916,Yes,0.5320931673049927
917,Yes,0.5121266841888428
918,Yes,0.5269971489906311
919,Yes,0.5911113023757935
920,Yes,0.6040597558021545
921,Yes,0.5239992737770081
922,Yes,0.5351961255073547
923,Yes,0.5998061895370483
924,Yes,0.5975847244262695
925,Yes,0.5650660991668701
926,Yes,0.5398903489112854
927,Yes,0.6002508997917175
928,Yes,0.5838304758071899
929,No,0.46592268347740173
930,Yes,0.5150569081306458
931,No,0.48431196808815
932,Yes,0.5417029857635498
933,Yes,0.5771585702896118
934,Yes,0.5736129283905029
935,Yes,0.6112755537033081
936,Yes,0.6127283573150635
937,Yes,0.5167327523231506
938,Yes,0.5211018919944763
939,Yes,0.5260422825813293
940,Yes,0.5523850321769714
941,Yes,0.6294392943382263
942,Yes,0.5854278802871704
943,Yes,0.6088488698005676
944,Yes,0.6003813147544861
945,Yes,0.5571105480194092
946,Yes,0.6284192800521851
947,Yes,0.5895373821258545
948,Yes,0.5942018628120422
949,Yes,0.5792332887649536
950,Yes,0.5551378726959229
951,Yes,0.6113070249557495
952,Yes,0.6051064729690552
953,Yes,0.5603775382041931
954,Yes,0.5326821208000183
955,Yes,0.5664007663726807
956,Yes,0.5575678944587708
957,Yes,0.5627942085266113
958,Yes,0.5555788278579712
959,Yes,0.6115110516548157
960,Yes,0.6078974008560181
961,No,0.45765015482902527
962,Yes,0.5333336591720581
963,Yes,0.5622854232788086
964,Yes,0.5424237847328186
965,No,0.49257776141166687
966,No,0.49336928129196167
967,Yes,0.568356454372406
968,Yes,0.5505379438400269
969,No,0.4884839951992035
970,No,0.4734385907649994
971,Yes,0.5754224061965942
972,Yes,0.5522862076759338
973,Yes,0.5841430425643921
974,Yes,0.5875912308692932
975,Yes,0.6033698320388794
976,Yes,0.5846288800239563
977,Yes,0.5886037945747375
978,Yes,0.5765178203582764
979,Yes,0.5980581045150757
980,Yes,0.5987185835838318
981,No,0.42239612340927124
982,No,0.4799603819847107
983,Yes,0.5482808947563171
984,Yes,0.546327531337738
985,Yes,0.523004949092865
986,Yes,0.5223592519760132
987,Yes,0.5961351990699768
988,Yes,0.60457843542099
989,Yes,0.5054773092269897
990,Yes,0.5233516693115234
991,Yes,0.5688191056251526
992,Yes,0.5672422051429749
993,Yes,0.5438011884689331
994,No,0.4865909218788147
995,Yes,0.5270663499832153
996,Yes,0.5169253349304199
997,Yes,0.5224601626396179
998,Yes,0.5239012837409973
999,Yes,0.5889789462089539
1000,Yes,0.5957476496696472
1001,No,0.45173123478889465
1002,No,0.4862874448299408
1003,No,0.5040004849433899
1004,Yes,0.5131499767303467
1005,No,0.49068567156791687
1006,No,0.4777923822402954
1007,Yes,0.5325711369514465
1008,Yes,0.5339980125427246
1009,No,0.5016216039657593
1010,Yes,0.5396060347557068
1011,Yes,0.6220197081565857
1012,Yes,0.5762743353843689
1013,Yes,0.5365294814109802
1014,Yes,0.5749667286872864
1015,Yes,0.6019042730331421
1016,Yes,0.5900617837905884
1017,No,0.473463237285614
1018,No,0.48831140995025635
1019,No,0.49333277344703674
1020,Yes,0.5043274760246277
1021,No,0.48145607113838196
1022,Yes,0.5053550004959106
1023,Yes,0.5565770268440247
1024,Yes,0.5563791394233704
1025,No,0.4980105757713318
1026,Yes,0.5429725646972656
1027,Yes,0.557640790939331
1028,Yes,0.5624820590019226
1029,Yes,0.5339238047599792
1030,Yes,0.5361030101776123
1031,Yes,0.5899211168289185
1032,Yes,0.5740360617637634
1033,No,0.46983009576797485
1034,Yes,0.5247843861579895
1035,Yes,0.5290482044219971
1036,Yes,0.5587099194526672
1037,Yes,0.5750974416732788
1038,Yes,0.5740029215812683
1039,Yes,0.5566027760505676
1040,Yes,0.581591010093689
1041,No,0.47464001178741455
1042,Yes,0.5423581004142761
1043,Yes,0.5401607751846313
1044,Yes,0.5636082887649536
1045,No,0.48392271995544434
1046,No,0.5004075169563293
1047,No,0.48243820667266846
1048,Yes,0.5125288367271423
1049,No,0.4617188274860382
1050,No,0.5011865496635437
1051,Yes,0.5145859718322754
1052,Yes,0.5564478039741516
1053,Yes,0.5933491587638855
1054,Yes,0.5780121088027954
1055,Yes,0.578970730304718
1056,Yes,0.5903263092041016
1057,Yes,0.513644278049469
1058,Yes,0.5565406084060669
1059,Yes,0.6042963266372681
1060,Yes,0.6074818968772888
1061,No,0.4599074721336365
1062,Yes,0.5259026288986206
1063,No,0.502803385257721
1064,Yes,0.5375965237617493
1065,Yes,0.5339238047599792
1066,Yes,0.5361030101776123
1067,Yes,0.5899211168289185
1068,Yes,0.5740360617637634
1069,Yes,0.5160965323448181
1070,Yes,0.523654043674469
1071,Yes,0.5903703570365906
1072,Yes,0.5790413618087769
1073,Yes,0.6815880537033081
1074,Yes,0.6588665246963501
1075,Yes,0.6773852705955505
1076,Yes,0.6761149168014526
1077,No,0.49153077602386475
1078,Yes,0.5255439877510071
1079,Yes,0.5874398946762085
1080,Yes,0.589492917060852
1081,Yes,0.5360339283943176
1082,Yes,0.5309087634086609
1083,Yes,0.5457008481025696
1084,Yes,0.5792309045791626
1085,Yes,0.6758290529251099
1086,Yes,0.639765202999115
1087,Yes,0.6585461497306824
1088,Yes,0.6560292840003967
1089,Yes,0.5840173363685608
1090,Yes,0.5874426364898682
1091,Yes,0.5858075022697449
1092,Yes,0.6058687567710876
1093,Yes,0.5599393844604492
1094,Yes,0.525838315486908
1095,Yes,0.5491364002227783
1096,Yes,0.5577446222305298
1097,Yes,0.5386523008346558
1098,Yes,0.5099697709083557
1099,Yes,0.5357352495193481
1100,Yes,0.5676215887069702
1101,Yes,0.6244425773620605
1102,Yes,0.6107401847839355
1103,Yes,0.6401429772377014
1104,Yes,0.6535103917121887
1105,Yes,0.5288645029067993
1106,Yes,0.5360743403434753
1107,Yes,0.5556032061576843
1108,Yes,0.5681672096252441
1109,Yes,0.5706363320350647
1110,Yes,0.5613323450088501
1111,Yes,0.603909432888031
1112,Yes,0.5947742462158203
1113,Yes,0.6472846865653992
1114,Yes,0.6055361032485962
1115,Yes,0.6806737184524536
1116,Yes,0.6319292187690735
1117,Yes,0.6319937705993652
1118,Yes,0.5650999546051025
1119,Yes,0.6150662302970886
1120,Yes,0.5591080784797668
1121,Yes,0.5272545218467712
1122,No,0.49505615234375
1123,Yes,0.5342167615890503
1124,Yes,0.5394183993339539
1125,Yes,0.6774458885192871
1126,Yes,0.6283103227615356
1127,Yes,0.6613370776176453
1128,Yes,0.64351886510849
1129,Yes,0.6232554316520691
1130,Yes,0.59919273853302
1131,Yes,0.6086385250091553
1132,Yes,0.589824914932251
1133,Yes,0.6259709596633911
1134,Yes,0.5839778184890747
1135,Yes,0.6386038661003113
1136,Yes,0.582266628742218
1137,Yes,0.5207821726799011
1138,Yes,0.5670427083969116
1139,Yes,0.5366561412811279
1140,Yes,0.567273736000061
1141,No,0.42898106575012207
1142,No,0.44928932189941406
1143,No,0.5001972317695618
1144,Yes,0.5481111407279968
1145,No,0.4232226312160492
1146,No,0.4567396640777588
1147,No,0.45857322216033936
1148,Yes,0.5067617297172546
1149,No,0.43404218554496765
1150,No,0.4719477593898773
1151,No,0.4770158529281616
1152,Yes,0.5300725102424622
1153,No,0.4427502453327179
1154,No,0.49784642457962036
1155,Yes,0.5104841589927673
1156,Yes,0.5087410807609558
1157,Yes,0.5478691458702087
1158,No,0.4997204840183258
1159,Yes,0.5581693649291992
1160,Yes,0.5471470952033997
1161,Yes,0.5721889734268188
1162,Yes,0.5464581847190857
1163,Yes,0.6491347551345825
1164,Yes,0.6090502142906189
1165,Yes,0.5341232419013977
1166,Yes,0.5084569454193115
1167,Yes,0.614531397819519
1168,Yes,0.58194500207901
1169,No,0.48578739166259766
1170,Yes,0.5364447236061096
1171,Yes,0.5602041482925415
1172,Yes,0.596584141254425
1173,No,0.41633084416389465
1174,Yes,0.5053538680076599
1175,Yes,0.5247543454170227
1176,Yes,0.5816476345062256
1177,Yes,0.508378267288208
1178,Yes,0.5918484926223755
1179,Yes,0.6198855638504028
1180,Yes,0.6444910168647766
1181,Yes,0.508776068687439
1182,Yes,0.6110118627548218
1183,Yes,0.5923304557800293
1184,Yes,0.6481766700744629
1185,No,0.4188225269317627
1186,No,0.47714880108833313
1187,No,0.4260947108268738
1188,No,0.47672948241233826
1189,No,0.3975999355316162
1190,No,0.4318239092826843
1191,No,0.41561391949653625
1192,No,0.43439817428588867
1193,No,0.4404561221599579
1194,No,0.4643767178058624
1195,No,0.40562260150909424
1196,No,0.4554614722728729
1197,No,0.4419955611228943
1198,No,0.465796560049057
1199,No,0.43363839387893677
1200,No,0.49201852083206177
1201,No,0.5045631527900696
1202,Yes,0.5557778477668762
1203,Yes,0.536191999912262
1204,Yes,0.58492511510849
1205,No,0.43459171056747437
1206,No,0.4638265073299408
1207,No,0.4591083228588104
1208,Yes,0.5131675004959106
1209,No,0.4224775731563568
1210,Yes,0.5184112191200256
1211,No,0.4737544357776642
1212,Yes,0.5283276438713074
1213,No,0.5155667066574097
1214,Yes,0.5437930226325989
1215,Yes,0.5396260023117065
1216,Yes,0.5731483697891235
1217,Yes,0.5943847298622131
1218,Yes,0.6130366325378418
1219,Yes,0.6426523327827454
1220,Yes,0.6222352981567383
1221,Yes,0.5523942112922668
1222,Yes,0.5951598882675171
1223,Yes,0.667199969291687
1224,Yes,0.6551402807235718
1225,Yes,0.5571069121360779
1226,Yes,0.5624364018440247
1227,Yes,0.5703842043876648
1228,Yes,0.5916940569877625
1229,Yes,0.5697636604309082
1230,Yes,0.5748432278633118
1231,Yes,0.6568664312362671
1232,Yes,0.6242762804031372
1233,No,0.5048814415931702
1234,Yes,0.5421649217605591
1235,Yes,0.5613473057746887
1236,Yes,0.5742507576942444
1237,Yes,0.554171621799469
1238,Yes,0.6036508679389954
1239,Yes,0.642386794090271
1240,Yes,0.6463629007339478
1241,Yes,0.5523942112922668
1242,Yes,0.5951598882675171
1243,Yes,0.667199969291687
1244,Yes,0.6551402807235718
1245,Yes,0.5120055079460144
1246,Yes,0.5532435774803162
1247,Yes,0.5452765226364136
1248,Yes,0.5678441524505615
1249,Yes,0.5660180449485779
1250,Yes,0.5954076647758484
1251,Yes,0.5677666664123535
1252,Yes,0.6136963963508606
1253,Yes,0.5863603949546814
1254,Yes,0.5159434676170349
1255,Yes,0.5748139023780823
1256,Yes,0.5823072791099548
1257,Yes,0.5482333302497864
1258,Yes,0.543175458908081
1259,Yes,0.5234649777412415
1260,Yes,0.550615131855011
1261,Yes,0.537737250328064
1262,Yes,0.5784755945205688
1263,Yes,0.5710222721099854
1264,Yes,0.5789363980293274
1265,Yes,0.5084500312805176
1266,No,0.48875048756599426
1267,No,0.4634690284729004
1268,Yes,0.5224084258079529
1269,Yes,0.5654782652854919
1270,Yes,0.5644716620445251
1271,Yes,0.565881073474884
1272,Yes,0.5806151032447815
1273,Yes,0.593689501285553
1274,Yes,0.6190077066421509
1275,Yes,0.6075454950332642
1276,Yes,0.6148205995559692
1277,Yes,0.6257340312004089
1278,Yes,0.6804664731025696
1279,Yes,0.6227357983589172
1280,Yes,0.6568518280982971
1281,No,0.47146522998809814
1282,Yes,0.5030609965324402
1283,No,0.49931806325912476
1284,Yes,0.5268207788467407
1285,No,0.4971901774406433
1286,Yes,0.5135465264320374
1287,Yes,0.514474630355835
1288,Yes,0.5190680027008057
1289,No,0.4215264618396759
1290,No,0.4617678225040436
1291,No,0.48543602228164673
1292,No,0.49098002910614014
1293,Yes,0.6099227070808411
1294,Yes,0.6356011629104614
1295,Yes,0.6557369232177734
1296,Yes,0.645508885383606
1297,Yes,0.6171785593032837
1298,Yes,0.6034166216850281
1299,Yes,0.6105301380157471
1300,Yes,0.6126694679260254
1301,Yes,0.6282437443733215
1302,Yes,0.5992156863212585
1303,Yes,0.5811765193939209
1304,Yes,0.6072779297828674
1305,Yes,0.5481303930282593
1306,Yes,0.5199382305145264
1307,No,0.49756041169166565
1308,Yes,0.5151159167289734
1309,Yes,0.546944797039032
1310,Yes,0.5395475625991821
1311,Yes,0.561022937297821
1312,Yes,0.5457937717437744
1313,Yes,0.5417076945304871
1314,Yes,0.5351979732513428
1315,Yes,0.5903114080429077
1316,Yes,0.558047354221344
1317,Yes,0.523385226726532
1318,Yes,0.5357759594917297
1319,Yes,0.5639980435371399
1320,Yes,0.5373947024345398
1321,Yes,0.5074611902236938
1322,Yes,0.5153744220733643
1323,Yes,0.5312268137931824
1324,Yes,0.5198190212249756
1325,Yes,0.5874157547950745
1326,Yes,0.5390798449516296
1327,Yes,0.6424213647842407
1328,Yes,0.5958662033081055
1329,Yes,0.5687714219093323
1330,Yes,0.5282590389251709
1331,Yes,0.5734767913818359
1332,Yes,0.543759286403656
1333,Yes,0.7214629054069519
1334,Yes,0.6364384889602661
1335,Yes,0.7475817203521729
1336,Yes,0.6510130167007446
1337,No,0.5010671019554138
1338,No,0.4971500039100647
1339,Yes,0.5613930225372314
1340,Yes,0.5374266505241394
1341,Yes,0.5542453527450562
1342,Yes,0.5241653323173523
1343,Yes,0.5963563323020935
1344,Yes,0.5513015985488892
1345,Yes,0.5334582924842834
1346,No,0.46759676933288574
1347,No,0.4936659336090088
1348,No,0.49597790837287903
1349,Yes,0.6635905504226685
1350,Yes,0.5462413430213928
1351,Yes,0.619604229927063
1352,Yes,0.5626377463340759
1353,Yes,0.5501967668533325
1354,No,0.49953189492225647
1355,Yes,0.6374011039733887
1356,Yes,0.5309566259384155
1357,Yes,0.6201886534690857
1358,Yes,0.5865603089332581
1359,Yes,0.6443055868148804
1360,Yes,0.5679333806037903
1361,Yes,0.5163125395774841
1362,Yes,0.5595024824142456
1363,Yes,0.5634557604789734
1364,Yes,0.5960798859596252
1365,Yes,0.5883011221885681
1366,Yes,0.5798506140708923
1367,Yes,0.5956461429595947
1368,Yes,0.5702272653579712
1369,No,0.4858831465244293
1370,Yes,0.5816196799278259
1371,Yes,0.5765509605407715
1372,Yes,0.5942882299423218
1373,No,0.4989774525165558
1374,Yes,0.5638362765312195
1375,Yes,0.5588353872299194
1376,Yes,0.5655307769775391
1377,No,0.4381268620491028
1378,No,0.49476292729377747
1379,No,0.4972050189971924
1380,Yes,0.5156205892562866
1381,Yes,0.5526264309883118
1382,Yes,0.5927173495292664
1383,Yes,0.6081390380859375
1384,Yes,0.6619574427604675
1385,Yes,0.6117050051689148
1386,Yes,0.6094383001327515
1387,Yes,0.6202616095542908
1388,Yes,0.64878249168396
1389,Yes,0.626166820526123
1390,Yes,0.6408780813217163
1391,Yes,0.6460326910018921
1392,Yes,0.6740483045578003
1393,Yes,0.5110241770744324
1394,No,0.4698333442211151
1395,Yes,0.5083656907081604
1396,No,0.4700106978416443
1397,Yes,0.5096437335014343
1398,Yes,0.5731656551361084
1399,Yes,0.5525344014167786
1400,Yes,0.5288212299346924
1401,Yes,0.5503247380256653
1402,Yes,0.5179800391197205
1403,Yes,0.5319751501083374
1404,Yes,0.5262920260429382
1405,Yes,0.6028875112533569
1406,Yes,0.5348624587059021
1407,Yes,0.6507781744003296
1408,Yes,0.5788528919219971
1409,Yes,0.5798423290252686
1410,Yes,0.5415579080581665
1411,Yes,0.6082558631896973
1412,Yes,0.5268648862838745
1413,Yes,0.5298461318016052
1414,Yes,0.5672568082809448
1415,Yes,0.6037722229957581
1416,Yes,0.5781989097595215
1417,Yes,0.5342143177986145
1418,Yes,0.5076941251754761
1419,Yes,0.5261409878730774
1420,Yes,0.5127187371253967
1421,Yes,0.6825646162033081
1422,Yes,0.622028112411499
1423,Yes,0.6501097679138184
1424,Yes,0.6102513670921326
1425,No,0.44841277599334717
1426,Yes,0.5234454274177551
1427,Yes,0.5094054937362671
1428,Yes,0.5191781520843506
1429,No,0.48747554421424866
1430,Yes,0.5128085017204285
1431,Yes,0.5590410232543945
1432,Yes,0.561403214931488
1433,No,0.48663225769996643
1434,No,0.48509928584098816
1435,Yes,0.5458223819732666
1436,Yes,0.5490630269050598
1437,Yes,0.5047627687454224
1438,Yes,0.5487732291221619
1439,Yes,0.5754186511039734
1440,Yes,0.5870358347892761
1441,No,0.4799672067165375
1442,No,0.46216726303100586
1443,Yes,0.5067270398139954
1444,No,0.47036585211753845
1445,No,0.4790673553943634
1446,No,0.4835610091686249
1447,Yes,0.5223464369773865
1448,Yes,0.5233932137489319
1449,Yes,0.6709942817687988
1450,Yes,0.5464619398117065
1451,Yes,0.6794430017471313
1452,Yes,0.622150182723999
1453,Yes,0.6347029209136963
1454,Yes,0.651893138885498
1455,Yes,0.6752495765686035
1456,Yes,0.6329655051231384
1457,Yes,0.5304495692253113
1458,Yes,0.5672895908355713
1459,Yes,0.5745855569839478
1460,Yes,0.5594802498817444
1461,Yes,0.499652624130249
1462,Yes,0.5218529105186462
1463,Yes,0.5225483775138855
1464,Yes,0.5054072141647339
1465,No,0.44309839606285095
1466,No,0.5011274218559265
1467,No,0.48549625277519226
1468,No,0.45954620838165283
1469,Yes,0.5120114684104919
1470,No,0.4441606402397156
1471,No,0.4853908121585846
1472,No,0.48380330204963684
1473,Yes,0.5729721784591675
1474,Yes,0.6136687994003296
1475,Yes,0.6408419013023376
1476,Yes,0.6327281594276428
1477,No,0.4567793905735016
1478,No,0.4941678047180176
1479,Yes,0.5690661668777466
1480,Yes,0.5879467725753784
1481,Yes,0.617357075214386
1482,Yes,0.6404860615730286
1483,Yes,0.6713197827339172
1484,Yes,0.6605659127235413
1485,No,0.49613773822784424
1486,Yes,0.510124146938324
1487,Yes,0.515746533870697
1488,Yes,0.5309948325157166
1489,No,0.49263399839401245
1490,No,0.5025561451911926
1491,Yes,0.5273704528808594
1492,Yes,0.5409632921218872
1493,No,0.48038357496261597
1494,Yes,0.5346692204475403
1495,Yes,0.5704161524772644
1496,Yes,0.5685648322105408
1497,Yes,0.617357075214386
1498,Yes,0.6404860615730286
1499,Yes,0.6713197827339172
1500,Yes,0.6605659127235413
1501,No,0.4993031620979309
1502,No,0.47390827536582947
1503,Yes,0.5027362704277039
1504,Yes,0.528218150138855
1505,Yes,0.5748409032821655
1506,No,0.49403446912765503
1507,Yes,0.6397236585617065
1508,Yes,0.5153996348381042
1509,Yes,0.5895107984542847
1510,No,0.45105257630348206
1511,Yes,0.6673627495765686
1512,Yes,0.5455173254013062
1513,Yes,0.6321670413017273
1514,Yes,0.5167868733406067
1515,Yes,0.6369308829307556
1516,No,0.4869019389152527
1517,Yes,0.598130464553833
1518,No,0.4852195084095001
1519,Yes,0.6522884368896484
1520,Yes,0.5405994057655334
1521,No,0.4780777096748352
1522,No,0.4771406650543213
1523,Yes,0.5109272599220276
1524,Yes,0.5177768468856812
1525,No,0.41105201840400696
1526,No,0.49828431010246277
1527,Yes,0.5040896534919739
1528,Yes,0.5337671041488647
1529,Yes,0.5366360545158386
1530,Yes,0.5485738515853882
1531,Yes,0.585060715675354
1532,Yes,0.6036050319671631
1533,No,0.4639345407485962
1534,No,0.49109193682670593
1535,Yes,0.5206775665283203
1536,Yes,0.534257709980011
1537,No,0.4160725176334381
1538,No,0.48047637939453125
1539,No,0.4714522659778595
1540,Yes,0.5366725921630859
1541,Yes,0.5300194621086121
1542,Yes,0.6303691267967224
1543,Yes,0.616796612739563
1544,Yes,0.6620364189147949
1545,No,0.44690030813217163
1546,Yes,0.530451774597168
1547,No,0.5064745545387268
1548,Yes,0.5588173270225525
1549,No,0.5022859573364258
1550,Yes,0.5481253862380981
1551,Yes,0.5447946190834045
1552,Yes,0.5702896118164062
1553,No,0.48976150155067444
1554,Yes,0.5498751997947693
1555,Yes,0.5662758350372314
1556,Yes,0.6310170888900757
1557,Yes,0.5146104097366333
1558,Yes,0.5450953245162964
1559,Yes,0.5923270583152771
1560,Yes,0.59711754322052
1561,No,0.4661209285259247
1562,Yes,0.5401601791381836
1563,No,0.5019369721412659
1564,Yes,0.5685741305351257
1565,Yes,0.534570574760437
1566,Yes,0.5566295385360718
1567,Yes,0.5585585832595825
1568,Yes,0.6051467657089233
1569,Yes,0.6569182872772217
1570,Yes,0.5978291034698486
1571,Yes,0.6160251498222351
1572,Yes,0.648051381111145
1573,Yes,0.625662624835968
1574,Yes,0.635898232460022
1575,Yes,0.656186580657959
1576,Yes,0.6662907004356384
1577,Yes,0.5842608213424683
1578,Yes,0.6085104942321777
1579,Yes,0.6697601079940796
1580,Yes,0.6726016402244568
1581,Yes,0.6331366896629333
1582,Yes,0.6802508234977722
1583,Yes,0.6619119048118591
1584,Yes,0.6686693429946899
1585,No,0.4093645513057709
1586,Yes,0.5144063830375671
1587,Yes,0.527193546295166
1588,Yes,0.5401053428649902
1589,No,0.46657735109329224
1590,No,0.4894215166568756
1591,Yes,0.5458696484565735
1592,Yes,0.5446146726608276
1593,No,0.4164164960384369
1594,No,0.48586925864219666
1595,No,0.5012550354003906
1596,Yes,0.5298015475273132
1597,Yes,0.5304601788520813
1598,Yes,0.5077111721038818
1599,Yes,0.5421974062919617
1600,Yes,0.550308346748352
1601,Yes,0.5255630016326904
1602,Yes,0.5250511169433594
1603,Yes,0.6056368947029114
1604,Yes,0.5854145884513855
1605,Yes,0.5414233207702637
1606,Yes,0.5653766393661499
1607,Yes,0.6285741925239563
1608,Yes,0.6140427589416504
1609,Yes,0.6074689626693726
1610,Yes,0.5469217300415039
1611,Yes,0.6072425842285156
1612,Yes,0.5975981950759888
1613,Yes,0.5157948136329651
1614,Yes,0.5428551435470581
1615,Yes,0.5663835406303406
1616,Yes,0.5677936673164368
1617,Yes,0.5442572832107544
1618,Yes,0.56999272108078
1619,Yes,0.5900055766105652
1620,Yes,0.6197922825813293
1621,Yes,0.5551546216011047
1622,Yes,0.6423496007919312
1623,Yes,0.6506558060646057
1624,Yes,0.6759607195854187
1625,No,0.4959164261817932
1626,Yes,0.554513156414032
1627,Yes,0.586327850818634
1628,Yes,0.5982375144958496
1629,Yes,0.7772656679153442
1630,Yes,0.7641517519950867
1631,Yes,0.7360856533050537
1632,Yes,0.7094274759292603
1633,No,0.48020318150520325
1634,Yes,0.5571838021278381
1635,Yes,0.5554022192955017
1636,Yes,0.5874268412590027
1637,Yes,0.5589280128479004
1638,Yes,0.6177119612693787
1639,Yes,0.6189097166061401
1640,Yes,0.6385470628738403
1641,Yes,0.5103210210800171
1642,Yes,0.539543628692627
1643,Yes,0.5570997595787048
1644,Yes,0.5807923078536987
1645,No,0.41626691818237305
1646,No,0.45005103945732117
1647,No,0.4975939095020294
1648,Yes,0.5221258997917175
1649,No,0.41626691818237305
1650,No,0.45005103945732117
1651,No,0.4975939095020294
1652,Yes,0.5221258997917175
1653,No,0.42499735951423645
1654,No,0.491168349981308
1655,No,0.4903773069381714
1656,Yes,0.5270405411720276
1657,Yes,0.5050932168960571
1658,Yes,0.5147975087165833
1659,Yes,0.5058748126029968
1660,Yes,0.5371502041816711
1661,No,0.47660958766937256
1662,No,0.4957040548324585
1663,Yes,0.5339697599411011
1664,Yes,0.556543231010437
1665,Yes,0.603094220161438
1666,Yes,0.6360558271408081
1667,Yes,0.6605522632598877
1668,Yes,0.6264436841011047
1669,Yes,0.5615506768226624
1670,Yes,0.560836136341095
1671,Yes,0.5694878697395325
1672,Yes,0.5421762466430664
1673,Yes,0.6502240896224976
1674,Yes,0.6451636552810669
1675,Yes,0.638390064239502
1676,Yes,0.6007455587387085
1677,No,0.5044151544570923
1678,Yes,0.5875101685523987
1679,Yes,0.6014214158058167
1680,Yes,0.5756150484085083
1681,No,0.40305379033088684
1682,No,0.4847235083580017
1683,No,0.44324493408203125
1684,No,0.4927200376987457
1685,No,0.48490750789642334
1686,Yes,0.549421489238739
1687,Yes,0.5440327525138855
1688,Yes,0.6005951166152954
1689,No,0.33997318148612976
1690,No,0.4357841908931732
1691,No,0.41003820300102234
1692,No,0.4612148106098175
1693,No,0.47225868701934814
1694,Yes,0.531244695186615
1695,Yes,0.5132439136505127
1696,Yes,0.5612236857414246
1697,No,0.5008185505867004
1698,Yes,0.5257266759872437
1699,Yes,0.5716643929481506
1700,Yes,0.5737935304641724
1701,No,0.4612703323364258
1702,Yes,0.510064959526062
1703,No,0.4805510938167572
1704,Yes,0.5393856167793274
1705,No,0.4531750977039337
1706,Yes,0.5111464858055115
1707,No,0.4693129062652588
1708,No,0.497035413980484
1709,No,0.45625001192092896
1710,Yes,0.524505078792572
1711,No,0.4833059310913086
1712,Yes,0.5632987022399902
1713,No,0.41947901248931885
1714,No,0.4476633071899414
1715,No,0.4190192222595215
1716,No,0.47522521018981934
1717,No,0.46566611528396606
1718,No,0.4937811493873596
1719,No,0.4614134430885315
1720,Yes,0.5167570114135742
1721,No,0.5019409656524658
1722,Yes,0.5068838596343994
1723,No,0.4934045672416687
1724,Yes,0.5267760753631592
1725,Yes,0.5208661556243896
1726,Yes,0.5601208209991455
1727,Yes,0.586359977722168
1728,Yes,0.6273298263549805
1729,No,0.45484694838523865
1730,No,0.4886760115623474
1731,No,0.48375654220581055
1732,Yes,0.5320504903793335
1733,No,0.48338180780410767
1734,Yes,0.5171065330505371
1735,Yes,0.58342045545578
1736,Yes,0.6011234521865845
1737,No,0.3815750479698181
1738,No,0.4292871654033661
1739,No,0.4067261219024658
1740,No,0.4480460286140442
1741,Yes,0.531734049320221
1742,Yes,0.5646483302116394
1743,Yes,0.5784826874732971
1744,Yes,0.5943737030029297
1745,No,0.442084938287735
1746,No,0.470297634601593
1747,No,0.4505789577960968
1748,No,0.5039905905723572
1749,No,0.43831968307495117
1750,No,0.4894385039806366
1751,No,0.5015009045600891
1752,Yes,0.5391568541526794
1753,No,0.423696905374527
1754,No,0.4267509877681732
1755,No,0.4760085642337799
1756,No,0.5016124844551086
1757,Yes,0.5160951018333435
1758,Yes,0.539665162563324
1759,Yes,0.5362988710403442
1760,Yes,0.5825080275535583
1761,Yes,0.6260761022567749
1762,Yes,0.6331281065940857
1763,Yes,0.6486634612083435
1764,Yes,0.6293346881866455
1765,Yes,0.5773031711578369
1766,Yes,0.5400813817977905
1767,Yes,0.6085687875747681
1768,Yes,0.5395331382751465
1769,Yes,0.5140957236289978
1770,Yes,0.5124618411064148
1771,Yes,0.5659425854682922
1772,Yes,0.5428680181503296
1773,Yes,0.5764766335487366
1774,Yes,0.5801703929901123
1775,Yes,0.65070641040802
1776,Yes,0.593273401260376
1777,No,0.47692152857780457
1778,No,0.456726998090744
1779,No,0.45364120602607727
1780,No,0.45457449555397034
1781,Yes,0.5591315627098083
1782,Yes,0.5595666766166687
1783,Yes,0.6102032661437988
1784,Yes,0.5860145092010498
1785,Yes,0.5156726837158203
1786,No,0.489193856716156
1787,Yes,0.5554517507553101
1788,Yes,0.5367991924285889
1789,Yes,0.543057382106781
1790,Yes,0.5180092453956604
1791,Yes,0.5573694109916687
1792,Yes,0.5508503317832947
1793,Yes,0.5872831344604492
1794,Yes,0.5939026474952698
1795,Yes,0.5858199000358582
1796,Yes,0.6105358600616455
1797,Yes,0.553551971912384
1798,Yes,0.5626413226127625
1799,Yes,0.5620469450950623
1800,Yes,0.5933306217193604
1801,No,0.5018871426582336
1802,Yes,0.522984504699707
1803,Yes,0.5924291014671326
1804,Yes,0.6183335185050964
1805,No,0.4636508524417877
1806,Yes,0.5169118046760559
1807,Yes,0.5359634757041931
1808,Yes,0.5644943714141846
1809,No,0.38276877999305725
1810,No,0.4298956096172333
1811,No,0.4413754642009735
1812,No,0.4717133343219757
1813,No,0.4310183823108673
1814,No,0.44405999779701233
1815,No,0.36625954508781433
1816,No,0.41308632493019104
1817,Yes,0.6279844045639038
1818,Yes,0.6576069593429565
1819,Yes,0.6659318804740906
1820,Yes,0.6509894132614136
1821,No,0.37907350063323975
1822,No,0.47505468130111694
1823,No,0.5023184418678284
1824,Yes,0.5134046673774719
1825,No,0.4268840253353119
1826,No,0.4893353581428528
1827,Yes,0.5232471823692322
1828,Yes,0.5499715805053711
1829,Yes,0.5716632008552551
1830,Yes,0.5945321917533875
1831,Yes,0.6119045615196228
1832,Yes,0.607589602470398
1833,Yes,0.5575658679008484
1834,Yes,0.5874313712120056
1835,Yes,0.5974781513214111
1836,Yes,0.6103937029838562
1837,Yes,0.5164373517036438
1838,Yes,0.5420636534690857
1839,Yes,0.5953577756881714
1840,Yes,0.5895301699638367
1841,No,0.47940948605537415
1842,No,0.48257848620414734
1843,Yes,0.5515558123588562
1844,Yes,0.552625298500061
1845,Yes,0.5821640491485596
1846,Yes,0.5849408507347107
1847,Yes,0.593542218208313
1848,Yes,0.5884963870048523
1849,Yes,0.5141286253929138
1850,Yes,0.5085024833679199
1851,Yes,0.558891236782074
1852,Yes,0.5609513521194458
1853,Yes,0.6739618182182312
1854,Yes,0.6568641662597656
1855,Yes,0.6870840787887573
1856,Yes,0.666688859462738
1857,Yes,0.6961574554443359
1858,Yes,0.6819990873336792
1859,Yes,0.7263070940971375
1860,Yes,0.6685218811035156
1861,Yes,0.5147421956062317
1862,Yes,0.5100982785224915
1863,Yes,0.5668944120407104
1864,Yes,0.5561757683753967
1865,Yes,0.5480781197547913
1866,Yes,0.5950738787651062
1867,Yes,0.609846293926239
1868,Yes,0.5783217549324036
1869,Yes,0.5080515146255493
1870,Yes,0.525362491607666
1871,Yes,0.5937665700912476
1872,Yes,0.5934067964553833
1873,No,0.5007511377334595
1874,Yes,0.5578133463859558
1875,No,0.4991379678249359
1876,Yes,0.5138421654701233
1877,Yes,0.5550774931907654
1878,Yes,0.5063716173171997
1879,Yes,0.5364356637001038
1880,Yes,0.5243855714797974
1881,No,0.44166839122772217
1882,Yes,0.5078765749931335
1883,Yes,0.5228089690208435
1884,Yes,0.5330272316932678
1885,No,0.4187673330307007
1886,No,0.4303486943244934
1887,No,0.4867175221443176
1888,No,0.4879647493362427
1889,No,0.5014216303825378
1890,Yes,0.5341570377349854
1891,No,0.45854413509368896
1892,No,0.47962695360183716
1893,No,0.44204163551330566
1894,No,0.46089938282966614
1895,No,0.47088953852653503
1896,No,0.47733673453330994
1897,No,0.4751843214035034
1898,No,0.4888136386871338
1899,No,0.502088725566864
1900,No,0.48210999369621277
1901,No,0.47064101696014404
1902,No,0.437549889087677
1903,No,0.4451063573360443
1904,No,0.43712255358695984
1905,No,0.47206830978393555
1906,No,0.4921722710132599
1907,No,0.48174282908439636
1908,No,0.49684998393058777
1909,No,0.4678542912006378
1910,No,0.4644457995891571
1911,No,0.5084560513496399
1912,No,0.4896180331707001
1913,No,0.49810922145843506
1914,Yes,0.5127382278442383
1915,No,0.5015314817428589
1916,Yes,0.5109872221946716
1917,No,0.4414103925228119
1918,No,0.4749978482723236
1919,No,0.4195038676261902
1920,No,0.4604965150356293
1921,No,0.495512992143631
1922,Yes,0.5225601196289062
1923,No,0.48155951499938965
1924,Yes,0.5116308331489563
1925,Yes,0.5589766502380371
1926,Yes,0.5691083073616028
1927,Yes,0.5948506593704224
1928,Yes,0.5359652042388916
1929,No,0.4844672977924347
1930,No,0.49186933040618896
1931,No,0.44605958461761475
1932,No,0.4761086404323578
1933,No,0.4745166599750519
1934,No,0.4901178181171417
1935,Yes,0.5389642715454102
1936,Yes,0.5339027047157288
1937,Yes,0.5678552985191345
1938,Yes,0.6028650999069214
1939,Yes,0.5932174921035767
1940,Yes,0.5987455248832703
1941,No,0.4200424253940582
1942,No,0.4483841359615326
1943,No,0.4670436382293701
1944,No,0.4677298069000244
1945,Yes,0.5122362375259399
1946,Yes,0.5142909288406372
1947,Yes,0.503726601600647
1948,Yes,0.5075270533561707
1949,Yes,0.5110596418380737
1950,Yes,0.5400599241256714
1951,Yes,0.5443468689918518
1952,Yes,0.5606534481048584
1953,No,0.4909040629863739
1954,No,0.48979923129081726
1955,Yes,0.5234017372131348
1956,Yes,0.5279607772827148
1957,No,0.4174546003341675
1958,No,0.4722706973552704
1959,Yes,0.5392777323722839
1960,Yes,0.5297755599021912
1961,Yes,0.56427401304245
1962,Yes,0.5576239228248596
1963,Yes,0.566054105758667
1964,Yes,0.5718832612037659
1965,Yes,0.5248187780380249
1966,Yes,0.5608225464820862
1967,Yes,0.5561606287956238
1968,Yes,0.5901661515235901
1969,No,0.45620033144950867
1970,Yes,0.504867434501648
1971,Yes,0.5764667987823486
1972,No,0.49759605526924133
1973,Yes,0.5519278645515442
1974,No,0.47207507491111755
1975,Yes,0.5496714115142822
1976,No,0.4849402904510498
1977,Yes,0.5103408098220825
1978,Yes,0.566534161567688
1979,Yes,0.5804251432418823
1980,Yes,0.5296311974525452
1981,Yes,0.5605796575546265
1982,Yes,0.5428630709648132
1983,Yes,0.6153055429458618
1984,Yes,0.5473964214324951
1985,Yes,0.5520298480987549
1986,Yes,0.5495718121528625
1987,Yes,0.5851818323135376
1988,Yes,0.538894534111023
1989,Yes,0.5437815189361572
1990,Yes,0.5343785285949707
1991,Yes,0.5582553148269653
1992,Yes,0.5240556597709656
1993,Yes,0.5520561933517456
1994,Yes,0.5590092539787292
1995,Yes,0.6101462841033936
1996,Yes,0.5481778383255005
1997,Yes,0.6031561493873596
1998,Yes,0.5823987722396851
1999,Yes,0.6829802989959717
2000,Yes,0.5911493301391602
2001,No,0.47670140862464905
2002,No,0.49674108624458313
2003,Yes,0.5361495018005371
2004,Yes,0.5104146599769592
2005,Yes,0.5444287061691284
2006,Yes,0.5425111055374146
2007,Yes,0.6177952289581299
2008,Yes,0.538398802280426
2009,Yes,0.5820927619934082
2010,Yes,0.5631793737411499
2011,Yes,0.6384333372116089
2012,Yes,0.5579582452774048
2013,Yes,0.5938659906387329
2014,Yes,0.5861978530883789
2015,Yes,0.6446247100830078
2016,Yes,0.5803744792938232
2017,Yes,0.5419343709945679
2018,Yes,0.5479126572608948
2019,Yes,0.6317100524902344
2020,Yes,0.5806102156639099
2021,No,0.3919369578361511
2022,No,0.41107234358787537
2023,No,0.390370637178421
2024,No,0.4336954355239868
2025,Yes,0.6144156455993652
2026,Yes,0.5243171453475952
2027,Yes,0.5244407057762146
2028,Yes,0.5292947292327881
2029,No,0.4815656244754791
2030,Yes,0.5294216871261597
2031,Yes,0.5146348476409912
2032,Yes,0.5156463384628296
2033,Yes,0.6230208277702332
2034,Yes,0.5923724174499512
2035,Yes,0.6385301351547241
2036,Yes,0.589619517326355
2037,No,0.47913071513175964
2038,No,0.45584091544151306
2039,No,0.49773460626602173
2040,No,0.47914189100265503
2041,Yes,0.5231461524963379
2042,No,0.4660625755786896
2043,Yes,0.555386483669281
2044,Yes,0.5156842470169067
2045,No,0.48398733139038086
2046,No,0.4945703148841858
2047,No,0.47901612520217896
2048,No,0.486208438873291
2049,Yes,0.5661743879318237
2050,Yes,0.5406749844551086
2051,Yes,0.6060034036636353
2052,Yes,0.5547645092010498
2053,No,0.4981447756290436
2054,Yes,0.5379931926727295
2055,Yes,0.5911880135536194
2056,Yes,0.575559675693512
2057,No,0.4854243993759155
2058,No,0.4793570339679718
2059,Yes,0.5104650259017944
2060,Yes,0.5043810606002808
2061,Yes,0.6155591011047363
2062,Yes,0.504607081413269
2063,Yes,0.5080502033233643
2064,Yes,0.5284553170204163
2065,Yes,0.5259060263633728
2066,Yes,0.5334666967391968
2067,Yes,0.5635564923286438
2068,Yes,0.5511866807937622
2069,Yes,0.5388421416282654
2070,Yes,0.5211388468742371
2071,Yes,0.5418238043785095
2072,No,0.5043878555297852
2073,Yes,0.5530719757080078
2074,No,0.4976540505886078
2075,Yes,0.5437836050987244
2076,No,0.4995400607585907
2077,Yes,0.5231461524963379
2078,No,0.4660625755786896
2079,Yes,0.555386483669281
2080,Yes,0.5156842470169067
2081,Yes,0.5686283707618713
2082,Yes,0.527428150177002
2083,Yes,0.5957115292549133
2084,Yes,0.5426563620567322
2085,Yes,0.5592435002326965
2086,Yes,0.5332679152488708
2087,Yes,0.6486844420433044
2088,Yes,0.5913906693458557
2089,Yes,0.6424645781517029
2090,Yes,0.5737239122390747
2091,Yes,0.6578207015991211
2092,Yes,0.5701106786727905
2093,Yes,0.5777282118797302
2094,Yes,0.5686039328575134
2095,Yes,0.6778814792633057
2096,Yes,0.5968958139419556
2097,Yes,0.515228807926178
2098,No,0.4830343425273895
2099,Yes,0.5091184377670288
2100,No,0.4980972409248352
2101,Yes,0.5477946400642395
2102,No,0.45383399724960327
2103,No,0.4792133867740631
2104,No,0.4502129554748535
2105,Yes,0.5855914950370789
2106,Yes,0.523510754108429
2107,Yes,0.5472007393836975
2108,No,0.5008822679519653
2109,No,0.47539523243904114
2110,No,0.45317643880844116
2111,No,0.45614978671073914
2112,No,0.4516114890575409
2113,Yes,0.5856052041053772
2114,Yes,0.5086721777915955
2115,Yes,0.6172834038734436
2116,Yes,0.560543954372406
2117,Yes,0.5978842377662659
2118,Yes,0.5201066732406616
2119,Yes,0.6043385863304138
2120,Yes,0.547398030757904
2121,Yes,0.5244208574295044
2122,Yes,0.5075090527534485
2123,Yes,0.5472289323806763
2124,Yes,0.5187532901763916
2125,Yes,0.6642023324966431
2126,Yes,0.6374327540397644
2127,Yes,0.6934254169464111
2128,Yes,0.6268391013145447
2129,Yes,0.5362738370895386
2130,No,0.4968222975730896
2131,Yes,0.5773908495903015
2132,Yes,0.5228800177574158
2133,Yes,0.5718050003051758
2134,Yes,0.5471956133842468
2135,Yes,0.5860300660133362
2136,Yes,0.5431751012802124
2137,Yes,0.5690195560455322
2138,Yes,0.528239369392395
2139,Yes,0.6061696410179138
2140,Yes,0.5313016772270203
2141,Yes,0.5855624079704285
2142,Yes,0.5641441941261292
2143,Yes,0.5519875288009644
2144,Yes,0.5468863248825073
2145,Yes,0.5108540654182434
2146,Yes,0.5327182412147522
2147,Yes,0.5277995467185974
2148,Yes,0.5706165432929993
2149,Yes,0.5298985242843628
2150,Yes,0.5544424653053284
2151,Yes,0.6015385985374451
2152,Yes,0.6129986643791199
2153,No,0.48479098081588745
2154,Yes,0.5237722396850586
2155,Yes,0.5536843538284302
2156,Yes,0.5948176980018616
2157,No,0.4947666525840759
2158,Yes,0.5311570763587952
2159,Yes,0.5600914359092712
2160,Yes,0.6001830697059631
2161,Yes,0.549571692943573
2162,Yes,0.5526231527328491
2163,Yes,0.5792753100395203
2164,Yes,0.604658305644989
2165,Yes,0.5839987397193909
2166,Yes,0.6073079109191895
2167,Yes,0.6245074272155762
2168,Yes,0.633618175983429
2169,No,0.4873714745044708
2170,Yes,0.5308198928833008
2171,Yes,0.5725309252738953
2172,Yes,0.5987804532051086
2173,Yes,0.512685239315033
2174,Yes,0.5307016372680664
2175,Yes,0.6089105606079102
2176,Yes,0.6157421469688416
2177,Yes,0.5027187466621399
2178,Yes,0.5107966661453247
2179,Yes,0.5601912140846252
2180,Yes,0.5668033361434937
2181,Yes,0.5087305307388306
2182,Yes,0.5410921573638916
2183,Yes,0.6082939505577087
2184,Yes,0.6222175359725952
2185,Yes,0.5993176102638245
2186,Yes,0.6199628710746765
2187,Yes,0.6214106678962708
2188,Yes,0.616428017616272
2189,No,0.49018192291259766
2190,Yes,0.5510510206222534
2191,Yes,0.5766332149505615
2192,Yes,0.5772462487220764
2193,No,0.4101734757423401
2194,No,0.3328556716442108
2195,No,0.43874117732048035
2196,No,0.38325417041778564
2197,Yes,0.5403070449829102
2198,Yes,0.5102447867393494
2199,Yes,0.5561829209327698
2200,No,0.5047475099563599
2201,No,0.4662584364414215
2202,No,0.41399893164634705
2203,Yes,0.5146735310554504
2204,No,0.4599093198776245
2205,Yes,0.5687228441238403
2206,Yes,0.5238757133483887
2207,Yes,0.5796740055084229
2208,Yes,0.533203125
2209,Yes,0.5488115549087524
2210,Yes,0.6301416754722595
2211,Yes,0.5893235206604004
2212,Yes,0.6424775719642639
2213,Yes,0.5022215843200684
2214,Yes,0.5686452984809875
2215,Yes,0.5143542885780334
2216,Yes,0.588514506816864
2217,Yes,0.5131698846817017
2218,Yes,0.5467075109481812
2219,Yes,0.5563822388648987
2220,Yes,0.597649097442627
2221,Yes,0.5011270046234131
2222,No,0.49813392758369446
2223,Yes,0.516607940196991
2224,Yes,0.5599877834320068
2225,Yes,0.5769136548042297
2226,Yes,0.558819591999054
2227,Yes,0.6378621459007263
2228,Yes,0.5824110507965088
2229,Yes,0.5726767778396606
2230,Yes,0.5251375436782837
2231,Yes,0.6330191493034363
2232,Yes,0.5822439193725586
2233,Yes,0.5629615783691406
2234,Yes,0.5115663409233093
2235,Yes,0.6469506025314331
2236,Yes,0.5983918309211731
2237,Yes,0.5594133734703064
2238,Yes,0.5557975769042969
2239,Yes,0.6579532027244568
2240,Yes,0.6017053723335266
2241,No,0.5022017359733582
2242,No,0.49965110421180725
2243,Yes,0.5137404799461365
2244,Yes,0.5404210090637207
2245,Yes,0.5330798029899597
2246,No,0.49562233686447144
2247,Yes,0.5302057266235352
2248,Yes,0.5493547916412354
2249,Yes,0.5466766953468323
2250,Yes,0.552706778049469
2251,Yes,0.5880096554756165
2252,Yes,0.5916234254837036
2253,No,0.4137096107006073
2254,No,0.43711671233177185
2255,No,0.48690715432167053
2256,No,0.48506900668144226
2257,No,0.471266508102417
2258,No,0.47817370295524597
2259,No,0.42862382531166077
2260,No,0.4856555759906769
2261,No,0.44790172576904297
2262,No,0.4531495273113251
2263,Yes,0.5298373699188232
2264,Yes,0.5331595540046692
2265,No,0.46509096026420593
2266,No,0.4961402714252472
2267,Yes,0.510974109172821
2268,Yes,0.5215591192245483
2269,No,0.5000841617584229
2270,Yes,0.5326334238052368
2271,Yes,0.5085678100585938
2272,Yes,0.5554818511009216
2273,No,0.43330898880958557
2274,No,0.4122966527938843
2275,Yes,0.5576300621032715
2276,Yes,0.5241658091545105
2277,Yes,0.5830139517784119
2278,Yes,0.5664196014404297
2279,Yes,0.6046381592750549
2280,Yes,0.5741276144981384
2281,Yes,0.5215520262718201
2282,Yes,0.513290286064148
2283,Yes,0.605330228805542
2284,Yes,0.5492754578590393
2285,No,0.4359110891819
2286,No,0.44297873973846436
2287,Yes,0.5524325370788574
2288,No,0.49055343866348267
2289,Yes,0.5305147767066956
2290,Yes,0.557160496711731
2291,Yes,0.5817962884902954
2292,Yes,0.5743255615234375
2293,Yes,0.5771654844284058
2294,Yes,0.5875859260559082
2295,Yes,0.6110799908638
2296,Yes,0.595856249332428
2297,Yes,0.536850094795227
2298,Yes,0.5495700836181641
2299,Yes,0.5468115210533142
2300,Yes,0.5435581207275391
2301,Yes,0.5411882400512695
2302,Yes,0.5177432298660278
2303,Yes,0.5547091960906982
2304,Yes,0.5437901020050049
2305,No,0.44018134474754333
2306,No,0.4902733564376831
2307,No,0.4552285373210907
2308,Yes,0.5079110264778137
2309,No,0.44247913360595703
2310,Yes,0.5116125345230103
2311,Yes,0.5194844007492065
2312,Yes,0.5754988789558411
2313,No,0.434975802898407
2314,No,0.46539703011512756
2315,No,0.4431121051311493
2316,No,0.4962674379348755
2317,No,0.3983127772808075
2318,No,0.5056013464927673
2319,No,0.4477485716342926
2320,Yes,0.5188405513763428
2321,No,0.31003743410110474
2322,No,0.4044972062110901
2323,No,0.4038633108139038
2324,No,0.47589346766471863
2325,No,0.36424511671066284
2326,No,0.44295185804367065
2327,No,0.4100858271121979
2328,No,0.46871495246887207
2329,No,0.4214226305484772
2330,Yes,0.5165440440177917
2331,No,0.47124698758125305
2332,Yes,0.5534055233001709
2333,No,0.48979678750038147
2334,No,0.5020726323127747
2335,No,0.47288644313812256
2336,Yes,0.5188019871711731
2337,No,0.32752761244773865
2338,No,0.37679311633110046
2339,No,0.3510974645614624
2340,No,0.4030921161174774
2341,No,0.3423321545124054
2342,No,0.4526122212409973
2343,No,0.4339216351509094
2344,Yes,0.5095011591911316
2345,No,0.35333797335624695
2346,No,0.44334062933921814
2347,Yes,0.5049174427986145
2348,Yes,0.54658442735672
2349,No,0.346150666475296
2350,No,0.4270547330379486
2351,No,0.40315431356430054
2352,No,0.47131866216659546
2353,No,0.5020871758460999
2354,Yes,0.5941097140312195
2355,Yes,0.6100462675094604
2356,Yes,0.5923429131507874
2357,No,0.45061326026916504
2358,No,0.49604782462120056
2359,No,0.48186469078063965
2360,Yes,0.5113936066627502
2361,No,0.49968868494033813
2362,Yes,0.5296945571899414
2363,Yes,0.536445677280426
2364,Yes,0.5492112636566162
2365,No,0.4018433094024658
2366,No,0.41550928354263306
2367,No,0.36521342396736145
2368,No,0.41852447390556335
2369,No,0.4362943768501282
2370,No,0.49156686663627625
2371,No,0.49564725160598755
2372,Yes,0.5208471417427063
2373,No,0.3953230381011963
2374,No,0.4672960638999939
2375,Yes,0.5066503882408142
2376,Yes,0.533683180809021
2377,No,0.4511200189590454
2378,Yes,0.5124859809875488
2379,Yes,0.5139017105102539
2380,Yes,0.547756552696228
2381,Yes,0.5207428336143494
2382,Yes,0.5185635089874268
2383,Yes,0.5244035720825195
2384,Yes,0.5317795276641846
2385,No,0.3933411240577698
2386,No,0.48882976174354553
2387,No,0.4163149893283844
2388,No,0.46573492884635925
2389,No,0.4708237946033478
2390,Yes,0.5539149045944214
2391,Yes,0.6190356016159058
2392,Yes,0.6241413354873657
2393,No,0.39919090270996094
2394,No,0.4805200397968292
2395,No,0.5005977749824524
2396,Yes,0.5209984183311462
2397,No,0.4787839651107788
2398,Yes,0.512572169303894
2399,No,0.44359031319618225
2400,No,0.4922470152378082
2401,No,0.46605828404426575
2402,No,0.47170355916023254
2403,No,0.5007447004318237
2404,No,0.48822930455207825
2405,No,0.4572935402393341
2406,No,0.4626629650592804
2407,No,0.4908220171928406
2408,No,0.4851929843425751
2409,Yes,0.6367315649986267
2410,Yes,0.5949188470840454
2411,Yes,0.6567674279212952
2412,Yes,0.5972232222557068
2413,No,0.48056164383888245
2414,Yes,0.5096043348312378
2415,Yes,0.6293160319328308
2416,Yes,0.5729262828826904
2417,Yes,0.54051673412323
2418,Yes,0.546533465385437
2419,Yes,0.5618193745613098
2420,Yes,0.5673896670341492
2421,Yes,0.5584948062896729
2422,Yes,0.5958297252655029
2423,Yes,0.6006214022636414
2424,Yes,0.6081846356391907
2425,No,0.48462358117103577
2426,No,0.48109734058380127
2427,No,0.501753032207489
2428,Yes,0.5262656211853027
2429,Yes,0.523654043674469
2430,Yes,0.5404615998268127
2431,Yes,0.5448146462440491
2432,Yes,0.5583521127700806
2433,No,0.47430339455604553
2434,Yes,0.5150089263916016
2435,Yes,0.5484926700592041
2436,Yes,0.5633912086486816
2437,No,0.4984584152698517
2438,Yes,0.5251902341842651
2439,Yes,0.550942599773407
2440,Yes,0.5539230704307556
2441,No,0.500404953956604
2442,Yes,0.5062506198883057
2443,Yes,0.5555301308631897
2444,Yes,0.5548139810562134
2445,No,0.46481165289878845
2446,No,0.4911200702190399
2447,Yes,0.518872857093811
2448,Yes,0.5415237545967102
2449,Yes,0.5802764296531677
2450,Yes,0.560020387172699
2451,Yes,0.6298275589942932
2452,Yes,0.6364530324935913
2453,Yes,0.5248362421989441
2454,Yes,0.5492916703224182
2455,Yes,0.5896711349487305
2456,Yes,0.6007905006408691
2457,No,0.466890811920166
2458,No,0.5031996369361877
2459,No,0.4936196208000183
2460,Yes,0.541402280330658
2461,No,0.477287232875824
2462,Yes,0.5065764784812927
2463,No,0.5031446814537048
2464,Yes,0.5218008756637573
2465,Yes,0.5169383883476257
2466,Yes,0.5221981406211853
2467,Yes,0.6335121393203735
2468,Yes,0.5411884188652039
2469,Yes,0.5097050070762634
2470,No,0.4787839651107788
2471,No,0.5013014078140259
2472,No,0.4934844672679901
2473,Yes,0.5555881261825562
2474,Yes,0.5185105800628662
2475,Yes,0.6103503704071045
2476,Yes,0.5593944191932678
2477,Yes,0.6271302700042725
2478,Yes,0.5346804857254028
2479,Yes,0.6013894081115723
2480,Yes,0.5183576941490173
2481,Yes,0.533027172088623
2482,No,0.47992125153541565
2483,Yes,0.5364476442337036
2484,No,0.46031031012535095
2485,No,0.47141093015670776
2486,No,0.4243963658809662
2487,Yes,0.5274360775947571
2488,No,0.45694077014923096
2489,Yes,0.5072252154350281
2490,Yes,0.5200762748718262
2491,Yes,0.545346736907959
2492,Yes,0.5317670106887817
2493,Yes,0.6149986386299133
2494,Yes,0.5409543514251709
2495,Yes,0.6335384249687195
2496,Yes,0.529876708984375
2497,Yes,0.5614888072013855
2498,Yes,0.5165631175041199
2499,Yes,0.650366485118866
2500,Yes,0.5636066198348999
2501,Yes,0.524824857711792
2502,No,0.46203991770744324
2503,Yes,0.5287721157073975
2504,No,0.4939308166503906
2505,No,0.47637203335762024
2506,No,0.46598297357559204
2507,No,0.4850102365016937
2508,No,0.49121007323265076
2509,Yes,0.5149904489517212
2510,No,0.4691210091114044
2511,Yes,0.5617300868034363
2512,Yes,0.523466169834137
2513,Yes,0.5040758848190308
2514,Yes,0.5414019227027893
2515,Yes,0.5629765391349792
2516,Yes,0.5374101996421814
2517,Yes,0.521599292755127
2518,Yes,0.5500784516334534
2519,Yes,0.6026182174682617
2520,Yes,0.5583403706550598
2521,Yes,0.5488858819007874
2522,Yes,0.5468778014183044
2523,Yes,0.6137558817863464
2524,Yes,0.5660755634307861
2525,Yes,0.5475094318389893
2526,Yes,0.5427815318107605
2527,Yes,0.6072185039520264
2528,Yes,0.5482263565063477
2529,No,0.49414414167404175
2530,No,0.49382537603378296
2531,Yes,0.5501309633255005
2532,No,0.48427778482437134
2533,Yes,0.6328139901161194
2534,Yes,0.6098563075065613
2535,Yes,0.6800274848937988
2536,Yes,0.6195534467697144
2537,No,0.44869735836982727
2538,No,0.458590567111969
2539,Yes,0.5026475191116333
2540,No,0.4805937111377716
2541,Yes,0.5229637622833252
2542,Yes,0.5550099611282349
2543,Yes,0.5786564350128174
2544,Yes,0.531998336315155
2545,No,0.4743613600730896
2546,No,0.4836726486682892
2547,No,0.47852471470832825
2548,Yes,0.5197864770889282
2549,Yes,0.5337210297584534
2550,Yes,0.5354322791099548
2551,Yes,0.5986942052841187
2552,Yes,0.6050180792808533
2553,No,0.435716837644577
2554,No,0.48410674929618835
2555,No,0.44945284724235535
2556,Yes,0.502640426158905
2557,Yes,0.5436868667602539
2558,Yes,0.5700767636299133
2559,Yes,0.5884328484535217
2560,Yes,0.60508131980896
2561,No,0.46177810430526733
2562,Yes,0.5235366225242615
2563,Yes,0.5845985412597656
2564,Yes,0.5732825994491577
2565,Yes,0.622036874294281
2566,Yes,0.6054563522338867
2567,Yes,0.6690185070037842
2568,Yes,0.6408131718635559
2569,Yes,0.5062812566757202
2570,Yes,0.5770272612571716
2571,Yes,0.5834150314331055
2572,Yes,0.6005004048347473
2573,No,0.4895603060722351
2574,Yes,0.5143933892250061
2575,Yes,0.6080290675163269
2576,Yes,0.5924637317657471
2577,Yes,0.523740828037262
2578,Yes,0.5178171396255493
2579,Yes,0.5817704796791077
2580,Yes,0.6143347024917603
2581,No,0.46319231390953064
2582,No,0.49342191219329834
2583,Yes,0.5959492921829224
2584,Yes,0.603171169757843
2585,No,0.46818602085113525
2586,No,0.5035442113876343
2587,Yes,0.5757772922515869
2588,Yes,0.5781348943710327
2589,No,0.5045585036277771
2590,Yes,0.526739239692688
2591,Yes,0.5424465537071228
2592,Yes,0.5623359680175781
2593,Yes,0.584450364112854
2594,No,0.49392804503440857
2595,Yes,0.5252150893211365
2596,Yes,0.5330820679664612
2597,Yes,0.5507756471633911
2598,Yes,0.5151887536048889
2599,Yes,0.6055021286010742
2600,Yes,0.5624889731407166
2601,No,0.4792565405368805
2602,No,0.47856053709983826
2603,Yes,0.5657286047935486
2604,Yes,0.5586956143379211
2605,No,0.4975241720676422
2606,No,0.4923786222934723
2607,Yes,0.5679696798324585
2608,Yes,0.5618484616279602
2609,No,0.4921359419822693
2610,Yes,0.5145174264907837
2611,Yes,0.5570956468582153
2612,Yes,0.5516784191131592
2613,Yes,0.5249580144882202
2614,Yes,0.5496760010719299
2615,Yes,0.5662639737129211
2616,Yes,0.5718343257904053
2617,Yes,0.5187644362449646
2618,Yes,0.5435128808021545
2619,Yes,0.58897465467453
2620,Yes,0.5966023802757263
2621,Yes,0.6283891201019287
2622,Yes,0.6600743532180786
2623,Yes,0.6799362897872925
2624,Yes,0.6623961329460144
2625,No,0.4217474162578583
2626,Yes,0.5081254839897156
2627,No,0.4519616365432739
2628,No,0.46447500586509705
2629,Yes,0.5141568183898926
2630,Yes,0.5128746628761292
2631,No,0.5018489360809326
2632,No,0.4964282810688019
2633,No,0.454392671585083
2634,Yes,0.5375164747238159
2635,Yes,0.5146856307983398
2636,Yes,0.532684862613678
2637,Yes,0.6020063757896423
2638,Yes,0.592247724533081
2639,Yes,0.6336469650268555
2640,Yes,0.6189983487129211
2641,Yes,0.5478821992874146
2642,Yes,0.5670332908630371
2643,Yes,0.6111961007118225
2644,Yes,0.6055759787559509
2645,Yes,0.628788948059082
2646,Yes,0.6118941307067871
2647,Yes,0.6135817766189575
2648,Yes,0.594098687171936
2649,Yes,0.5747978091239929
2650,Yes,0.5672946572303772
2651,Yes,0.5837975144386292
2652,Yes,0.579230546951294
2653,Yes,0.5227875113487244
2654,Yes,0.5309882164001465
2655,Yes,0.5186102986335754
2656,Yes,0.5227459669113159
2657,Yes,0.6171060800552368
2658,Yes,0.5387600660324097
2659,Yes,0.5838674306869507
2660,Yes,0.5511937737464905
2661,Yes,0.5403440594673157
2662,Yes,0.5234193205833435
2663,Yes,0.5770948529243469
2664,Yes,0.5237745046615601
2665,Yes,0.5411186814308167
2666,Yes,0.5406657457351685
2667,Yes,0.57386314868927
2668,Yes,0.5391680002212524
2669,Yes,0.594478189945221
2670,Yes,0.5560646057128906
2671,Yes,0.5777138471603394
2672,Yes,0.5457165241241455
2673,Yes,0.5403440594673157
2674,Yes,0.5234193205833435
2675,Yes,0.5770948529243469
2676,Yes,0.5237745046615601
2677,Yes,0.5285886526107788
2678,Yes,0.5562571883201599
2679,Yes,0.5977725386619568
2680,Yes,0.5796105265617371
2681,No,0.496360719203949
2682,Yes,0.5135682821273804
2683,Yes,0.5486136674880981
2684,Yes,0.5266926288604736
2685,Yes,0.6615028381347656
2686,Yes,0.5993086099624634
2687,Yes,0.6377294659614563
2688,Yes,0.598821222782135
2689,No,0.4547857642173767
2690,No,0.4637448489665985
2691,Yes,0.5088979601860046
2692,No,0.4872610569000244
2693,Yes,0.555090606212616
2694,No,0.49948257207870483
2695,Yes,0.5127294063568115
2696,No,0.4820972979068756
2697,Yes,0.5653241276741028
2698,Yes,0.5244126319885254
2699,Yes,0.5669662356376648
2700,Yes,0.5456212162971497
2701,Yes,0.5600419640541077
2702,Yes,0.5420364141464233
2703,Yes,0.568187415599823
2704,Yes,0.537098228931427
2705,Yes,0.5713925361633301
2706,Yes,0.5392475128173828
2707,Yes,0.5614249110221863
2708,Yes,0.531388521194458
2709,Yes,0.514326810836792
2710,Yes,0.5306857824325562
2711,Yes,0.5329186916351318
2712,No,0.49669182300567627
2713,No,0.4867461621761322
2714,No,0.48432856798171997
2715,Yes,0.5344744324684143
2716,Yes,0.5063967704772949
2717,Yes,0.5969131588935852
2718,Yes,0.5523152947425842
2719,Yes,0.6142187118530273
2720,Yes,0.5818263292312622
2721,No,0.47987082600593567
2722,No,0.48194098472595215
2723,Yes,0.5112296342849731
2724,Yes,0.5119693279266357
2725,Yes,0.5639431476593018
2726,Yes,0.5029512047767639
2727,Yes,0.5178492665290833
2728,Yes,0.5305887460708618
2729,No,0.49470290541648865
2730,No,0.48502007126808167
2731,No,0.46952638030052185
2732,No,0.472831130027771
2733,No,0.48973849415779114
2734,Yes,0.5056939125061035
2735,Yes,0.5137810707092285
2736,Yes,0.5194866061210632
2737,Yes,0.688872754573822
2738,Yes,0.5774484276771545
2739,Yes,0.679810643196106
2740,Yes,0.636371374130249
2741,No,0.4912108778953552
2742,Yes,0.5224073529243469
2743,Yes,0.5357823371887207
2744,Yes,0.5218502283096313
2745,No,0.49750733375549316
2746,No,0.47870686650276184
2747,No,0.4493405520915985
2748,No,0.4985969662666321
2749,No,0.4888165295124054
2750,No,0.49800753593444824
2751,No,0.466558575630188
2752,No,0.4921446442604065
2753,No,0.4009077548980713
2754,No,0.45441192388534546
2755,No,0.42320922017097473
2756,No,0.4787962734699249
2757,No,0.4617120027542114
2758,No,0.49179670214653015
2759,No,0.4608849585056305
2760,No,0.4769022762775421
2761,No,0.4798712432384491
2762,No,0.4819452166557312
2763,Yes,0.5112301111221313
2764,Yes,0.5119702219963074
2765,Yes,0.5084031224250793
2766,Yes,0.5116065740585327
2767,No,0.4834517240524292
2768,No,0.4934685528278351
2769,Yes,0.5592007637023926
2770,Yes,0.536770761013031
2771,Yes,0.5782991051673889
2772,Yes,0.5359278321266174
2773,No,0.4515744745731354
2774,No,0.4718038737773895
2775,No,0.4755629003047943
2776,No,0.49045252799987793
2777,No,0.47106674313545227
2778,No,0.4776231646537781
2779,Yes,0.5097259879112244
2780,No,0.5020145177841187
2781,No,0.44711852073669434
2782,No,0.4442291259765625
2783,No,0.43533000349998474
2784,No,0.4481598138809204
2785,Yes,0.5214354395866394
2786,Yes,0.5881382822990417
2787,Yes,0.5705530643463135
2788,Yes,0.6371934413909912
2789,Yes,0.5073418021202087
2790,Yes,0.56285160779953
2791,Yes,0.5369670391082764
2792,Yes,0.5966969728469849
2793,Yes,0.562476634979248
2794,Yes,0.5960876941680908
2795,Yes,0.6029970645904541
2796,Yes,0.6373995542526245
2797,No,0.4950680136680603
2798,Yes,0.5257746577262878
2799,Yes,0.5358189940452576
2800,Yes,0.5892207026481628
2801,Yes,0.6045626997947693
2802,Yes,0.5187950134277344
2803,Yes,0.5793184041976929
2804,Yes,0.5697115659713745
2805,Yes,0.5355582237243652
2806,Yes,0.5392313599586487
2807,Yes,0.5722931027412415
2808,Yes,0.5710771679878235
2809,Yes,0.5345191955566406
2810,Yes,0.5338062644004822
2811,Yes,0.5873462557792664
2812,Yes,0.5828453898429871
2813,No,0.47142577171325684
2814,Yes,0.5516715049743652
2815,Yes,0.5347468852996826
2816,Yes,0.5432069897651672
2817,Yes,0.5161324739456177
2818,Yes,0.5382310748100281
2819,Yes,0.5817901492118835
2820,Yes,0.5905598402023315
2821,Yes,0.5890600085258484
2822,Yes,0.5763998031616211
2823,Yes,0.594580888748169
2824,Yes,0.5969833731651306
2825,Yes,0.5086743831634521
2826,No,0.49488040804862976
2827,Yes,0.5659017562866211
2828,Yes,0.569778323173523
2829,Yes,0.6148362159729004
2830,Yes,0.5793033242225647
2831,Yes,0.6013529896736145
2832,Yes,0.6089344024658203
2833,Yes,0.5366160273551941
2834,No,0.49794572591781616
2835,Yes,0.5919187068939209
2836,Yes,0.5485010147094727
2837,Yes,0.5710363388061523
2838,No,0.4900183081626892
2839,Yes,0.6037367582321167
2840,Yes,0.5617346167564392
2841,No,0.4644399583339691
2842,No,0.44899410009384155
2843,No,0.4772876501083374
2844,No,0.46813657879829407
2845,Yes,0.6485509872436523
2846,Yes,0.6290605664253235
2847,Yes,0.626350998878479
2848,Yes,0.6271066069602966
2849,Yes,0.6572402715682983
2850,Yes,0.5720375180244446
2851,Yes,0.6532958149909973
2852,Yes,0.609882116317749
2853,Yes,0.5048392415046692
2854,No,0.47068607807159424
2855,Yes,0.563832700252533
2856,Yes,0.5385352373123169
2857,No,0.4642871618270874
2858,No,0.47070014476776123
2859,Yes,0.5288589000701904
2860,Yes,0.5177543759346008
2861,Yes,0.5453615784645081
2862,No,0.47351107001304626
2863,Yes,0.5427789688110352
2864,No,0.49332594871520996
2865,Yes,0.5682812333106995
2866,Yes,0.5094706416130066
2867,Yes,0.5970126986503601
2868,Yes,0.557610273361206
2869,Yes,0.5331149697303772
2870,No,0.5013835430145264
2871,Yes,0.5679463744163513
2872,No,0.49523627758026123
2873,Yes,0.5717545747756958
2874,Yes,0.5392337441444397
2875,Yes,0.6053860783576965
2876,Yes,0.5649664402008057
2877,Yes,0.6239193081855774
2878,Yes,0.5728448033332825
2879,Yes,0.5931107997894287
2880,Yes,0.5727138519287109
2881,No,0.48382848501205444
2882,Yes,0.532478392124176
2883,Yes,0.580211341381073
2884,Yes,0.5935903191566467
2885,Yes,0.5654944777488708
2886,Yes,0.5654841661453247
2887,Yes,0.5976445078849792
2888,Yes,0.5858182907104492
2889,Yes,0.509006142616272
2890,No,0.4709703326225281
2891,Yes,0.5701621174812317
2892,Yes,0.5393838882446289
2893,No,0.4657323360443115
2894,No,0.47544318437576294
2895,Yes,0.5218912363052368
2896,Yes,0.510474443435669
2897,No,0.4851745367050171
2898,Yes,0.5049210786819458
2899,Yes,0.58430016040802
2900,Yes,0.5810350179672241
2901,No,0.4845414161682129
2902,Yes,0.5114418268203735
2903,Yes,0.5638692378997803
2904,Yes,0.5404404401779175
2905,No,0.43732813000679016
2906,No,0.4418949782848358
2907,No,0.49633440375328064
2908,Yes,0.5025696754455566
2909,No,0.38966572284698486
2910,No,0.4208466708660126
2911,Yes,0.5071358680725098
2912,Yes,0.504931628704071
2913,Yes,0.5328510403633118
2914,Yes,0.5632607936859131
2915,Yes,0.6184518933296204
2916,Yes,0.6056002974510193
2917,Yes,0.5056086182594299
2918,Yes,0.5290122032165527
2919,Yes,0.5761256217956543
2920,Yes,0.5633595585823059
2921,No,0.490541011095047
2922,No,0.4936922788619995
2923,Yes,0.5486147999763489
2924,Yes,0.5277177095413208
2925,Yes,0.5476813912391663
2926,Yes,0.5660662651062012
2927,Yes,0.6206409335136414
2928,Yes,0.5941763520240784
2929,Yes,0.5770503282546997
2930,Yes,0.5533186197280884
2931,Yes,0.5735127925872803
2932,Yes,0.5348901748657227
2933,Yes,0.5321389436721802
2934,Yes,0.5549128651618958
2935,Yes,0.6035729050636292
2936,Yes,0.5473841428756714
2937,Yes,0.56668621301651
2938,Yes,0.5484148859977722
2939,Yes,0.5630940794944763
2940,Yes,0.5420011878013611
2941,Yes,0.5583460330963135
2942,Yes,0.5937973856925964
2943,Yes,0.6363534927368164
2944,Yes,0.5984387397766113
2945,Yes,0.5370398759841919
2946,Yes,0.5795543789863586
2947,Yes,0.6780542135238647
2948,Yes,0.6560852527618408
2949,Yes,0.6448343396186829
2950,Yes,0.6606917381286621
2951,Yes,0.7167717814445496
2952,Yes,0.6884502172470093
2953,Yes,0.5643131732940674
2954,Yes,0.5310128331184387
2955,Yes,0.6196340918540955
2956,Yes,0.5993978381156921
2957,Yes,0.5248861908912659
2958,No,0.5009562373161316
2959,Yes,0.569359302520752
2960,Yes,0.550625741481781
2961,Yes,0.5483704805374146
2962,Yes,0.5394717454910278
2963,Yes,0.5841299891471863
2964,Yes,0.5891311168670654
2965,Yes,0.6101299524307251
2966,Yes,0.5957546830177307
2967,Yes,0.6916524767875671
2968,Yes,0.6406872868537903
2969,Yes,0.57529616355896
2970,Yes,0.5764890909194946
2971,Yes,0.6435797810554504
2972,Yes,0.6232302188873291
2973,Yes,0.6066920161247253
2974,Yes,0.6235384345054626
2975,Yes,0.6587235927581787
2976,Yes,0.650790274143219
2977,Yes,0.5111984610557556
2978,Yes,0.5041443705558777
2979,Yes,0.5219676494598389
2980,Yes,0.5119747519493103
2981,No,0.44784900546073914
2982,No,0.4953307509422302
2983,No,0.5014315247535706
2984,Yes,0.5078680515289307
2985,Yes,0.5711467266082764
2986,Yes,0.5731145143508911
2987,Yes,0.6064844131469727
2988,Yes,0.5889729261398315
2989,Yes,0.5024777054786682
2990,Yes,0.5192337036132812
2991,Yes,0.540601372718811
2992,Yes,0.5248750448226929
2993,Yes,0.5444438457489014
2994,Yes,0.5652886629104614
2995,No,0.4827127456665039
2996,No,0.4997820258140564
2997,No,0.4488160312175751
2998,No,0.45912981033325195
2999,No,0.46758610010147095
3000,No,0.47376662492752075
3001,No,0.48626548051834106
3002,Yes,0.5304197072982788
3003,Yes,0.5568066835403442
3004,Yes,0.5333205461502075
3005,No,0.4430222809314728
3006,No,0.46790099143981934
3007,No,0.47088560461997986
3008,No,0.47600600123405457
3009,Yes,0.5294695496559143
3010,No,0.5021952390670776
3011,Yes,0.5115532875061035
3012,No,0.501724123954773
3013,Yes,0.5142316222190857
3014,Yes,0.5263917446136475
3015,Yes,0.5375633239746094
3016,Yes,0.5250695943832397
3017,Yes,0.5495439171791077
3018,Yes,0.5486326217651367
3019,Yes,0.5160322189331055
3020,Yes,0.5279505848884583
3021,No,0.4770265221595764
3022,No,0.4792241156101227
3023,No,0.486945241689682
3024,No,0.470547616481781
3025,Yes,0.5411774516105652
3026,Yes,0.5632428526878357
3027,Yes,0.5034429430961609
3028,Yes,0.521729052066803
3029,Yes,0.5185831785202026
3030,Yes,0.5225715041160583
3031,Yes,0.5389379262924194
3032,Yes,0.5364596247673035
3033,Yes,0.5804734230041504
3034,Yes,0.5719091296195984
3035,Yes,0.6003329753875732
3036,Yes,0.5962380170822144
3037,Yes,0.6227408051490784
3038,Yes,0.6314942836761475
3039,Yes,0.5917165875434875
3040,Yes,0.5861825942993164
3041,No,0.4118828773498535
3042,No,0.3956829607486725
3043,No,0.3975405991077423
3044,No,0.44197458028793335
3045,No,0.43367907404899597
3046,No,0.45779505372047424
3047,Yes,0.5172057747840881
3048,Yes,0.5036991238594055
3049,Yes,0.5199811458587646
3050,No,0.4855058491230011
3051,Yes,0.5421031713485718
3052,Yes,0.5296146273612976
3053,No,0.5025248527526855
3054,Yes,0.5168027281761169
3055,Yes,0.5328420400619507
3056,Yes,0.5217128396034241
3057,No,0.4222169816493988
3058,No,0.4304138422012329
3059,No,0.4610831141471863
3060,No,0.4474526047706604
3061,No,0.4722752273082733
3062,No,0.4215889871120453
3063,No,0.4443173110485077
3064,No,0.4519987106323242
3065,No,0.4635249972343445
3066,No,0.4824487864971161
3067,No,0.5008142590522766
3068,No,0.4942644536495209
3069,No,0.5007262825965881
3070,No,0.4736720323562622
3071,No,0.48464396595954895
3072,No,0.4818378686904907
3073,No,0.47744786739349365
3074,Yes,0.5034916996955872
3075,No,0.49529004096984863
3076,Yes,0.5149810314178467
3077,No,0.47362658381462097
3078,Yes,0.5143325328826904
3079,No,0.42150917649269104
3080,No,0.46004483103752136
3081,No,0.4386325478553772
3082,No,0.46056240797042847
3083,Yes,0.505180299282074
3084,No,0.49484655261039734
3085,No,0.44742390513420105
3086,No,0.47668761014938354
3087,No,0.4987126290798187
3088,Yes,0.5093363523483276
3089,Yes,0.5112430453300476
3090,No,0.49192479252815247
3091,Yes,0.5653265118598938
3092,Yes,0.5517184734344482
3093,No,0.4344995617866516
3094,Yes,0.5184813737869263
3095,Yes,0.5407318472862244
3096,Yes,0.5765557289123535
3097,Yes,0.5293667316436768
3098,Yes,0.531019389629364
3099,Yes,0.5544801354408264
3100,Yes,0.5679547190666199
3101,No,0.4712316393852234
3102,Yes,0.5206942558288574
3103,Yes,0.5243446826934814
3104,Yes,0.5545369386672974
3105,Yes,0.5255914926528931
3106,Yes,0.5393472909927368
3107,Yes,0.6233730912208557
3108,Yes,0.6188760995864868
3109,No,0.5074930191040039
3110,Yes,0.5356534123420715
3111,Yes,0.558994710445404
3112,Yes,0.5919643640518188
3113,No,0.39924508333206177
3114,No,0.4409564137458801
3115,No,0.48943063616752625
3116,Yes,0.510306715965271
3117,Yes,0.5235213041305542
3118,Yes,0.5490125417709351
3119,Yes,0.5437799096107483
3120,Yes,0.5798468589782715
3121,Yes,0.5624005198478699
3122,Yes,0.5826517939567566
3123,Yes,0.5812785029411316
3124,Yes,0.6184937357902527
3125,Yes,0.5293673276901245
3126,Yes,0.5310201644897461
3127,Yes,0.5544785857200623
3128,Yes,0.5679536461830139
3129,No,0.4345051646232605
3130,Yes,0.5184735655784607
3131,Yes,0.5407270193099976
3132,Yes,0.5765494108200073
3133,No,0.48465943336486816
3134,No,0.5025394558906555
3135,Yes,0.5388221740722656
3136,Yes,0.5500038862228394
3137,No,0.43035343289375305
3138,No,0.4067121148109436
3139,No,0.3953295052051544
3140,No,0.408294677734375
3141,No,0.49738794565200806
3142,Yes,0.5189809203147888
3143,Yes,0.5174292325973511
3144,Yes,0.5353977680206299
3145,Yes,0.5174378156661987
3146,Yes,0.5182273387908936
3147,Yes,0.5245779156684875
3148,Yes,0.530180037021637
3149,No,0.48463189601898193
3150,No,0.4577278196811676
3151,No,0.4951504170894623
3152,No,0.4727610647678375
3153,No,0.4995477497577667
3154,Yes,0.5136989951133728
3155,No,0.45353972911834717
3156,No,0.46868041157722473
3157,Yes,0.571739673614502
3158,Yes,0.5439745187759399
3159,Yes,0.5343244075775146
3160,Yes,0.5171941518783569
3161,Yes,0.5328258872032166
3162,Yes,0.5240438580513
3163,Yes,0.528003454208374
3164,Yes,0.5144721269607544
3165,No,0.4936009347438812
3166,No,0.496511846780777
3167,No,0.4933829605579376
3168,No,0.4800964593887329
3169,Yes,0.5534415245056152
3170,Yes,0.5255209803581238
3171,Yes,0.5477961897850037
3172,Yes,0.5637964010238647
3173,Yes,0.5697309970855713
3174,Yes,0.6119474768638611
3175,Yes,0.6453723907470703
3176,Yes,0.6632605791091919
3177,Yes,0.5827374458312988
3178,Yes,0.563169538974762
3179,Yes,0.6140860319137573
3180,Yes,0.6100625991821289
3181,Yes,0.5283619165420532
3182,Yes,0.5395524501800537
3183,Yes,0.5314054489135742
3184,Yes,0.5616105198860168
3185,Yes,0.5127659440040588
3186,Yes,0.5397347211837769
3187,Yes,0.5673853158950806
3188,Yes,0.6035616993904114
3189,No,0.5012890696525574
3190,Yes,0.5292304754257202
3191,Yes,0.5288239121437073
3192,Yes,0.5310912132263184
3193,No,0.4995652139186859
3194,Yes,0.5318027138710022
3195,Yes,0.5684793591499329
3196,Yes,0.6026409268379211
3197,No,0.48931649327278137
3198,Yes,0.513049304485321
3199,Yes,0.5262419581413269
3200,Yes,0.5327081084251404
3201,No,0.5010210275650024
3202,Yes,0.5200779438018799
3203,Yes,0.5654736161231995
3204,Yes,0.5783785581588745
3205,No,0.49984651803970337
3206,Yes,0.5488057136535645
3207,Yes,0.5304121375083923
3208,Yes,0.5615152716636658
3209,No,0.42143651843070984
3210,No,0.4625793695449829
3211,Yes,0.5145302414894104
3212,Yes,0.5428476333618164
3213,Yes,0.5798537135124207
3214,Yes,0.5918296575546265
3215,Yes,0.575685441493988
3216,Yes,0.600145697593689
3217,Yes,0.6066060662269592
3218,Yes,0.672562837600708
3219,Yes,0.6609346866607666
3220,Yes,0.6750994324684143
3221,No,0.47853636741638184
3222,Yes,0.5169405937194824
3223,Yes,0.535893976688385
3224,Yes,0.5489165782928467
3225,No,0.4860093891620636
3226,Yes,0.5308201313018799
3227,Yes,0.6012037396430969
3228,Yes,0.6246592998504639
3229,No,0.4567830264568329
3230,Yes,0.5341993570327759
3231,Yes,0.520420253276825
3232,Yes,0.5142290592193604
3233,No,0.45675036311149597
3234,Yes,0.5158489346504211
3235,Yes,0.5286800265312195
3236,Yes,0.536594033241272
3237,Yes,0.5169868469238281
3238,Yes,0.5231879353523254
3239,Yes,0.5381264090538025
3240,Yes,0.5590384602546692
3241,No,0.4991951286792755
3242,Yes,0.5730339288711548
3243,Yes,0.5695803761482239
3244,Yes,0.5964747667312622
3245,Yes,0.633019745349884
3246,Yes,0.6283962726593018
3247,Yes,0.6643166542053223
3248,Yes,0.6577661037445068
3249,Yes,0.6739422082901001
3250,Yes,0.6517933011054993
3251,Yes,0.6729985475540161
3252,Yes,0.6491568684577942
3253,No,0.4437560439109802
3254,No,0.4739101231098175
3255,No,0.5024967193603516
3256,No,0.4996498227119446
3257,Yes,0.5995733737945557
3258,Yes,0.5929394960403442
3259,Yes,0.6027820706367493
3260,Yes,0.5974670052528381
3261,No,0.4940846860408783
3262,No,0.4838089048862457
3263,Yes,0.5093006491661072
3264,No,0.48593518137931824
3265,No,0.48494693636894226
3266,No,0.47442635893821716
3267,No,0.49954286217689514
3268,No,0.4932573735713959
3269,Yes,0.5109151601791382
3270,Yes,0.5449607968330383
3271,Yes,0.5644595623016357
3272,Yes,0.5762514472007751
3273,Yes,0.5339910387992859
3274,Yes,0.5394943952560425
3275,Yes,0.548923671245575
3276,Yes,0.5208321809768677
3277,Yes,0.6739422082901001
3278,Yes,0.6517933011054993
3279,Yes,0.6729985475540161
3280,Yes,0.6491568684577942
3281,No,0.47080329060554504
3282,No,0.4749455451965332
3283,No,0.49546781182289124
3284,Yes,0.5143749117851257
3285,No,0.496878445148468
3286,No,0.4839288592338562
3287,No,0.48766642808914185
3288,No,0.4860812723636627
3289,Yes,0.5374035835266113
3290,Yes,0.5363401770591736
3291,Yes,0.5524793863296509
3292,Yes,0.5678953528404236
3293,No,0.49384909868240356
3294,Yes,0.542604923248291
3295,No,0.49836981296539307
3296,Yes,0.5158222317695618
3297,No,0.46440863609313965
3298,No,0.502145528793335
3299,Yes,0.5428543090820312
3300,Yes,0.5683989524841309
3301,Yes,0.5220196843147278
3302,Yes,0.573300302028656
3303,Yes,0.5634961128234863
3304,Yes,0.5953612923622131
3305,No,0.44079598784446716
3306,No,0.5046882033348083
3307,Yes,0.5087550282478333
3308,Yes,0.5315443277359009
3309,No,0.47136878967285156
3310,No,0.5038915276527405
3311,No,0.5008500218391418
3312,Yes,0.5363892316818237
3313,No,0.4415086507797241
3314,No,0.482466459274292
3315,No,0.47825533151626587
3316,Yes,0.5092933773994446
3317,No,0.4014367163181305
3318,No,0.4713946580886841
3319,No,0.46222683787345886
3320,No,0.4954114556312561
3321,No,0.4895588159561157
3322,Yes,0.5217809081077576
3323,No,0.49619248509407043
3324,Yes,0.5269677639007568
3325,No,0.4890821576118469
3326,Yes,0.5162929892539978
3327,Yes,0.5212056040763855
3328,Yes,0.5627383589744568
3329,Yes,0.593879222869873
3330,Yes,0.6112990379333496
3331,Yes,0.615267276763916
3332,Yes,0.6356687545776367
3333,No,0.4378204941749573
3334,No,0.4895780682563782
3335,No,0.4566676914691925
3336,Yes,0.5259597301483154
3337,Yes,0.6108180284500122
3338,Yes,0.5972763895988464
3339,Yes,0.610609769821167
3340,Yes,0.6312754154205322
3341,Yes,0.5131067037582397
3342,Yes,0.511360764503479
3343,Yes,0.5740390419960022
3344,Yes,0.5857083797454834
3345,Yes,0.5227673053741455
3346,Yes,0.5292343497276306
3347,Yes,0.5799974203109741
3348,Yes,0.5980977416038513
3349,Yes,0.529011607170105
3350,Yes,0.5727819800376892
3351,Yes,0.5974897146224976
3352,Yes,0.6010382175445557
3353,No,0.4995625615119934
3354,Yes,0.535480260848999
3355,Yes,0.5618836879730225
3356,Yes,0.5782353281974792
3357,Yes,0.5801647901535034
3358,Yes,0.6038118004798889
3359,Yes,0.6186535954475403
3360,Yes,0.6173932552337646
3361,Yes,0.6158707141876221
3362,Yes,0.6407315731048584
3363,Yes,0.6353383660316467
3364,Yes,0.6602845788002014
3365,No,0.48078474402427673
3366,No,0.484505832195282
3367,No,0.4789082109928131
3368,No,0.5015117526054382
3369,No,0.4992069900035858
3370,Yes,0.5369782447814941
3371,Yes,0.518759548664093
3372,Yes,0.5685385465621948
3373,No,0.4694679081439972
3374,Yes,0.5584180355072021
3375,No,0.49877795577049255
3376,Yes,0.5564880967140198
3377,Yes,0.5085328817367554
3378,Yes,0.543710470199585
3379,No,0.5023336410522461
3380,Yes,0.5480058193206787
3381,No,0.47982117533683777
3382,No,0.4684809744358063
3383,No,0.44473153352737427
3384,No,0.47648027539253235
3385,No,0.47343361377716064
3386,No,0.4984606206417084
3387,No,0.5116282105445862
3388,Yes,0.5548684597015381
3389,No,0.3929143249988556
3390,No,0.4540250301361084
3391,No,0.39376869797706604
3392,No,0.470865935087204
3393,Yes,0.5366250872612
3394,Yes,0.5429980158805847
3395,Yes,0.5569413900375366
3396,Yes,0.5651036500930786
3397,No,0.4670613408088684
3398,Yes,0.5337443947792053
3399,No,0.5014885067939758
3400,No,0.4970545470714569
3401,No,0.4359908998012543
3402,No,0.44285932183265686
3403,No,0.5073474645614624
3404,No,0.5045491456985474
3405,Yes,0.6266312599182129
3406,Yes,0.6119602918624878
3407,Yes,0.6359609365463257
3408,Yes,0.6335483193397522
3409,Yes,0.5706881284713745
3410,Yes,0.6104331612586975
3411,Yes,0.6013031005859375
3412,Yes,0.6030523180961609
3413,Yes,0.6097555756568909
3414,Yes,0.6142473220825195
3415,Yes,0.5596991777420044
3416,Yes,0.5676695108413696
3417,No,0.4913785457611084
3418,No,0.5008862018585205
3419,Yes,0.5153037309646606
3420,Yes,0.526604175567627
3421,No,0.5060872435569763
3422,Yes,0.5215141177177429
3423,Yes,0.5817447304725647
3424,Yes,0.5727764368057251
3425,Yes,0.6005210280418396
3426,Yes,0.5933483839035034
3427,Yes,0.5924637913703918
3428,Yes,0.5832108855247498
3429,No,0.5055921077728271
3430,Yes,0.5502728819847107
3431,Yes,0.5267884135246277
3432,Yes,0.5602392554283142
3433,Yes,0.5488812327384949
3434,Yes,0.5974802374839783
3435,Yes,0.6146054267883301
3436,Yes,0.6186590790748596
3437,Yes,0.5272426605224609
3438,Yes,0.5577430129051208
3439,Yes,0.5972889065742493
3440,Yes,0.601790189743042
3441,Yes,0.5468907952308655
3442,Yes,0.5471082925796509
3443,Yes,0.6288475394248962
3444,Yes,0.6172070503234863
3445,Yes,0.6279860138893127
3446,Yes,0.6164794564247131
3447,Yes,0.6712106466293335
3448,Yes,0.654011070728302
3449,Yes,0.5557029247283936
3450,Yes,0.5545116066932678
3451,Yes,0.6137542128562927
3452,Yes,0.6048935651779175
3453,Yes,0.5748684406280518
3454,Yes,0.5545958280563354
3455,Yes,0.6075112223625183
3456,Yes,0.6248491406440735
3457,Yes,0.6283814907073975
3458,Yes,0.6947813034057617
3459,Yes,0.6690300107002258
3460,Yes,0.6894487738609314
3461,Yes,0.5146200656890869
3462,No,0.490746408700943
3463,Yes,0.5724232196807861
3464,Yes,0.5621170401573181
3465,Yes,0.5409822463989258
3466,Yes,0.5712642669677734
3467,Yes,0.6412999629974365
3468,Yes,0.643484354019165
3469,Yes,0.6490252017974854
3470,Yes,0.6171613931655884
3471,Yes,0.6683539152145386
3472,Yes,0.6565954685211182
3473,Yes,0.5426250100135803
3474,Yes,0.540162205696106
3475,Yes,0.6256399154663086
3476,Yes,0.6000038981437683
3477,Yes,0.5335825681686401
3478,Yes,0.5300031900405884
3479,Yes,0.6338990926742554
3480,Yes,0.6201818585395813
3481,Yes,0.5958069562911987
3482,Yes,0.6153072118759155
3483,Yes,0.6824143528938293
3484,Yes,0.6645039319992065
3485,Yes,0.5079182386398315
3486,No,0.49815598130226135
3487,Yes,0.5566383600234985
3488,Yes,0.5376619696617126
3489,Yes,0.6451492309570312
3490,Yes,0.6387436985969543
3491,Yes,0.7031661868095398
3492,Yes,0.6903300881385803
3493,Yes,0.5830317735671997
3494,Yes,0.6054031252861023
3495,Yes,0.6710537672042847
3496,Yes,0.6644647121429443
3497,Yes,0.6460943818092346
3498,Yes,0.6055114269256592
3499,Yes,0.6856312155723572
3500,Yes,0.6527044773101807
3501,Yes,0.5838317275047302
3502,Yes,0.5164175033569336
3503,Yes,0.567728579044342
3504,Yes,0.546412467956543
3505,No,0.4864339530467987
3506,Yes,0.5309047698974609
3507,Yes,0.5371497869491577
3508,Yes,0.5442543625831604
3509,Yes,0.5051770210266113
3510,Yes,0.5308534502983093
3511,Yes,0.5417415499687195
3512,Yes,0.5681635141372681
3513,No,0.4724293351173401
3514,Yes,0.5688722729682922
3515,Yes,0.5790760517120361
3516,Yes,0.5825733542442322
3517,No,0.4911404550075531
3518,Yes,0.5244548916816711
3519,Yes,0.539930522441864
3520,Yes,0.5457472205162048
3521,Yes,0.5206902027130127
3522,Yes,0.5605181455612183
3523,Yes,0.6016259789466858
3524,Yes,0.6417239904403687
3525,Yes,0.5051102042198181
3526,Yes,0.5919024348258972
3527,Yes,0.5939201712608337
3528,Yes,0.6494336128234863
3529,Yes,0.599398136138916
3530,Yes,0.6357126235961914
3531,Yes,0.6638847589492798
3532,Yes,0.6878998279571533
3533,Yes,0.579740583896637
3534,Yes,0.6646184325218201
3535,Yes,0.6422742009162903
3536,Yes,0.6829206347465515
3537,No,0.4229777455329895
3538,Yes,0.5160554051399231
3539,Yes,0.5261719226837158
3540,Yes,0.5703509449958801
3541,Yes,0.5107919573783875
3542,Yes,0.5396446585655212
3543,Yes,0.5172814726829529
3544,Yes,0.5793900489807129
3545,No,0.4883653223514557
3546,Yes,0.5240958333015442
3547,Yes,0.5587022304534912
3548,Yes,0.5837017297744751
3549,Yes,0.646464467048645
3550,Yes,0.6877322793006897
3551,Yes,0.6621701717376709
3552,Yes,0.7021152377128601
3553,Yes,0.5491403341293335
3554,Yes,0.5542601943016052
3555,Yes,0.6384392976760864
3556,Yes,0.6117502450942993
3557,No,0.4522593021392822
3558,Yes,0.5072414875030518
3559,Yes,0.5153555274009705
3560,Yes,0.5140811800956726
3561,Yes,0.6089184880256653
3562,Yes,0.5890734195709229
3563,Yes,0.6042840480804443
3564,Yes,0.6026038527488708
3565,No,0.4811423420906067
3566,Yes,0.5081965327262878
3567,Yes,0.5208512544631958
3568,Yes,0.515479564666748
3569,Yes,0.5168355703353882
3570,No,0.49014517664909363
3571,No,0.4918966591358185
3572,Yes,0.5077377557754517
3573,Yes,0.5101135969161987
3574,Yes,0.5760353803634644
3575,Yes,0.56779944896698
3576,Yes,0.582970917224884
3577,Yes,0.606425940990448
3578,Yes,0.5737841129302979
3579,Yes,0.6221245527267456
3580,Yes,0.5606175661087036
3581,Yes,0.5353121757507324
3582,Yes,0.5937222242355347
3583,Yes,0.6039623022079468
3584,Yes,0.609119176864624
3585,Yes,0.6119133234024048
3586,Yes,0.5606896281242371
3587,Yes,0.6522543430328369
3588,Yes,0.6288184523582458
3589,Yes,0.5458331108093262
3590,Yes,0.5658743381500244
3591,Yes,0.5916997194290161
3592,Yes,0.6023311614990234
3593,Yes,0.6350639462471008
3594,Yes,0.6205453872680664
3595,Yes,0.644112229347229
3596,Yes,0.6282740235328674
3597,Yes,0.5223571062088013
3598,Yes,0.5418656468391418
3599,Yes,0.6101181507110596
3600,Yes,0.5944617390632629
3601,Yes,0.5855215191841125
3602,Yes,0.5255950093269348
3603,Yes,0.6079639196395874
3604,Yes,0.5751119256019592
3605,Yes,0.5846459269523621
3606,Yes,0.5825589299201965
3607,Yes,0.6652847528457642
3608,Yes,0.5881046056747437
3609,Yes,0.5988437533378601
3610,Yes,0.558752715587616
3611,Yes,0.5929470658302307
3612,Yes,0.5580917000770569
3613,Yes,0.5286349058151245
3614,Yes,0.556852400302887
3615,Yes,0.5890949368476868
3616,Yes,0.54985511302948
3617,Yes,0.6732222437858582
3618,Yes,0.5766007304191589
3619,Yes,0.624247133731842
3620,Yes,0.5781182646751404
3621,Yes,0.5846459269523621
3622,Yes,0.5825589299201965
3623,Yes,0.6652847528457642
3624,Yes,0.5881046056747437
3625,No,0.4809716045856476
3626,No,0.49315354228019714
3627,Yes,0.5344396233558655
3628,No,0.49331220984458923
3629,Yes,0.5574799180030823
3630,Yes,0.5066009163856506
3631,Yes,0.5695595741271973
3632,Yes,0.555537223815918
3633,No,0.46218636631965637
3634,No,0.4456244707107544
3635,Yes,0.503965437412262
3636,No,0.4691656231880188
3637,Yes,0.5414865016937256
3638,No,0.4695560932159424
3639,Yes,0.5157989859580994
3640,Yes,0.5097015500068665
3641,Yes,0.610232949256897
3642,Yes,0.5659385919570923
3643,Yes,0.6405674815177917
3644,Yes,0.5642626881599426
3645,Yes,0.5171388983726501
3646,Yes,0.5132604837417603
3647,Yes,0.5552752614021301
3648,Yes,0.529120147228241
3649,Yes,0.5635293126106262
3650,Yes,0.5239327549934387
3651,Yes,0.5925101637840271
3652,Yes,0.5471575260162354
3653,Yes,0.6452319025993347
3654,Yes,0.6234220862388611
3655,Yes,0.6295152902603149
3656,Yes,0.6122206449508667
3657,Yes,0.5370060801506042
3658,Yes,0.509342610836029
3659,Yes,0.6207864284515381
3660,Yes,0.5371707677841187
3661,No,0.45331871509552
3662,No,0.4378572702407837
3663,Yes,0.5650871992111206
3664,Yes,0.5317683815956116
3665,Yes,0.5546372532844543
3666,Yes,0.5104982256889343
3667,Yes,0.5822242498397827
3668,Yes,0.5282261967658997
3669,Yes,0.7486200332641602
3670,Yes,0.6676110029220581
3671,Yes,0.7281460165977478
3672,Yes,0.6637524962425232
3673,No,0.5012430548667908
3674,Yes,0.5669535994529724
3675,Yes,0.5759071707725525
3676,Yes,0.5679622888565063
3677,Yes,0.5991055369377136
3678,Yes,0.5478970408439636
3679,Yes,0.6089920997619629
3680,Yes,0.5740770697593689
3681,Yes,0.5332900881767273
3682,No,0.49455299973487854
3683,Yes,0.5658143758773804
3684,Yes,0.5493913888931274
3685,No,0.46511024236679077
3686,No,0.4929428994655609
3687,Yes,0.5429137349128723
3688,Yes,0.5189006328582764
3689,Yes,0.581112802028656
3690,Yes,0.5473886132240295
3691,Yes,0.6102457046508789
3692,Yes,0.5947660803794861
3693,Yes,0.5345783233642578
3694,Yes,0.5577841401100159
3695,Yes,0.6308433413505554
3696,Yes,0.5756659507751465
3697,Yes,0.6241398453712463
3698,Yes,0.5658213496208191
3699,Yes,0.6558241844177246
3700,Yes,0.5972611904144287
3701,Yes,0.591759204864502
3702,Yes,0.5894866585731506
3703,Yes,0.6319456696510315
3704,Yes,0.6068838238716125
3705,Yes,0.5833225250244141
3706,Yes,0.5615160465240479
3707,Yes,0.6624715328216553
3708,Yes,0.6193581223487854
3709,Yes,0.5489259958267212
3710,Yes,0.5300299525260925
3711,Yes,0.6179512739181519
3712,Yes,0.5746592283248901
3713,No,0.44433003664016724
3714,No,0.48344680666923523
3715,Yes,0.5214791893959045
3716,Yes,0.5410624742507935
3717,Yes,0.5462907552719116
3718,Yes,0.5987722873687744
3719,Yes,0.5886714458465576
3720,Yes,0.6234586238861084
3721,Yes,0.5220392942428589
3722,Yes,0.5030276775360107
3723,Yes,0.5011869072914124
3724,Yes,0.5159174799919128
3725,No,0.434571236371994
3726,No,0.4925903081893921
3727,Yes,0.5134491324424744
3728,Yes,0.5318933129310608
3729,Yes,0.5377587676048279
3730,Yes,0.5551285147666931
3731,Yes,0.5974172949790955
3732,Yes,0.5758122205734253
3733,Yes,0.6003115773200989
3734,Yes,0.6394795775413513
3735,Yes,0.641399085521698
3736,Yes,0.6483641862869263
3737,Yes,0.5782932639122009
3738,Yes,0.6284496188163757
3739,Yes,0.6069575548171997
3740,Yes,0.6189825534820557
3741,Yes,0.5408445000648499
3742,Yes,0.644069254398346
3743,Yes,0.6474932432174683
3744,Yes,0.6534002423286438
3745,No,0.42777007818222046
3746,No,0.4542798697948456
3747,No,0.4211921691894531
3748,No,0.4915308654308319
3749,No,0.4434308707714081
3750,No,0.5024389028549194
3751,No,0.49132978916168213
3752,Yes,0.5460694432258606
3753,No,0.4649225175380707
3754,Yes,0.5301038026809692
3755,No,0.47040149569511414
3756,Yes,0.53205406665802
3757,No,0.3373982310295105
3758,No,0.4420040547847748
3759,No,0.42794835567474365
3760,No,0.4933758080005646
3761,Yes,0.5184102058410645
3762,Yes,0.5296276807785034
3763,Yes,0.5557993650436401
3764,Yes,0.5503033399581909
3765,Yes,0.5551333427429199
3766,Yes,0.5484852194786072
3767,Yes,0.5495712161064148
3768,Yes,0.5506017208099365
3769,Yes,0.5803826451301575
3770,Yes,0.632206916809082
3771,Yes,0.5823853015899658
3772,Yes,0.5657563805580139
3773,No,0.46294012665748596
3774,No,0.4721459746360779
3775,Yes,0.5578240752220154
3776,Yes,0.5125535726547241
3777,Yes,0.5118186473846436
3778,Yes,0.5543875694274902
3779,Yes,0.5677945017814636
3780,Yes,0.6098669171333313
3781,No,0.49092987179756165
3782,Yes,0.5536209940910339
3783,Yes,0.5202499628067017
3784,Yes,0.5790418982505798
3785,No,0.4283055067062378
3786,Yes,0.5103933811187744
3787,Yes,0.5155523419380188
3788,Yes,0.5844687819480896
3789,Yes,0.5082464814186096
3790,Yes,0.547244131565094
3791,Yes,0.5291957855224609
3792,Yes,0.5625331997871399
3793,Yes,0.5115752220153809
3794,Yes,0.5738181471824646
3795,Yes,0.5778563022613525
3796,Yes,0.6131985187530518
3797,No,0.5001717805862427
3798,Yes,0.5508235096931458
3799,Yes,0.5674629211425781
3800,Yes,0.6309173703193665
3801,Yes,0.5083328485488892
3802,Yes,0.5445719957351685
3803,Yes,0.5593262910842896
3804,Yes,0.6041585803031921
3805,Yes,0.5686249732971191
3806,Yes,0.563912034034729
3807,Yes,0.5644920468330383
3808,Yes,0.5984716415405273
3809,No,0.47916415333747864
3810,No,0.5033611059188843
3811,Yes,0.5867751836776733
3812,Yes,0.5570303797721863
3813,Yes,0.505892276763916
3814,Yes,0.5811133980751038
3815,Yes,0.5939388871192932
3816,Yes,0.5924641489982605
3817,Yes,0.6184452772140503
3818,Yes,0.6553938388824463
3819,Yes,0.6506942510604858
3820,Yes,0.6613379120826721
3821,Yes,0.6806586384773254
3822,Yes,0.698608934879303
3823,Yes,0.7046073079109192
3824,Yes,0.6877986788749695
3825,No,0.4614107310771942
3826,No,0.4927196800708771
3827,Yes,0.5462675094604492
3828,Yes,0.5577807426452637
3829,Yes,0.5890248417854309
3830,Yes,0.6157981753349304
3831,Yes,0.5982847213745117
3832,Yes,0.5881785154342651
3833,Yes,0.5461000800132751
3834,Yes,0.5421056151390076
3835,Yes,0.581958532333374
3836,Yes,0.5725460052490234
3837,Yes,0.6319231390953064
3838,Yes,0.6541950702667236
3839,Yes,0.6459426283836365
3840,Yes,0.652513325214386
3841,Yes,0.5334411263465881
3842,Yes,0.5100054740905762
3843,Yes,0.534409761428833
3844,Yes,0.5502731204032898
3845,Yes,0.5995566844940186
3846,Yes,0.6171041131019592
3847,Yes,0.60964435338974
3848,Yes,0.6166083216667175
3849,Yes,0.5842446684837341
3850,Yes,0.5776004195213318
3851,Yes,0.5810933113098145
3852,Yes,0.575661301612854
3853,Yes,0.595371663570404
3854,Yes,0.5550304055213928
3855,Yes,0.5855783820152283
3856,Yes,0.5730234980583191
3857,Yes,0.5388468503952026
3858,Yes,0.5360142588615417
3859,Yes,0.5309984683990479
3860,Yes,0.5345656871795654
3861,Yes,0.5723817944526672
3862,Yes,0.563202440738678
3863,Yes,0.6076729893684387
3864,Yes,0.6004655957221985
3865,Yes,0.6364323496818542
3866,Yes,0.6130699515342712
3867,Yes,0.6723015308380127
3868,Yes,0.6534109115600586
3869,Yes,0.572283923625946
3870,Yes,0.5566124320030212
3871,Yes,0.5879069566726685
3872,Yes,0.5683467984199524
3873,Yes,0.6043040752410889
3874,Yes,0.5916303396224976
3875,Yes,0.6256036758422852
3876,Yes,0.6144157648086548
3877,Yes,0.5334367752075195
3878,Yes,0.510005533695221
3879,Yes,0.5344077348709106
3880,Yes,0.5502737760543823
3881,No,0.49203839898109436
3882,Yes,0.5215398669242859
3883,Yes,0.5569230318069458
3884,Yes,0.551064670085907
3885,No,0.4398728609085083
3886,No,0.43192657828330994
3887,No,0.44669225811958313
3888,No,0.4613095819950104
3889,Yes,0.5991770029067993
3890,Yes,0.59599369764328
3891,Yes,0.602150022983551
3892,Yes,0.5550581216812134
3893,No,0.4848298132419586
3894,No,0.46859875321388245
3895,Yes,0.5305132269859314
3896,No,0.4828396439552307
3897,Yes,0.5108708143234253
3898,Yes,0.5490273833274841
3899,Yes,0.5880964994430542
3900,Yes,0.5656425952911377
3901,No,0.5041989088058472
3902,No,0.4870661497116089
3903,Yes,0.5254091620445251
3904,Yes,0.5067445039749146
3905,Yes,0.5105369091033936
3906,Yes,0.5123546123504639
3907,Yes,0.5610312223434448
3908,Yes,0.5334179401397705
3909,No,0.4500913918018341
3910,No,0.41830408573150635
3911,No,0.4772520959377289
3912,No,0.45448780059814453
3913,Yes,0.5385249853134155
3914,No,0.49067339301109314
3915,Yes,0.5664840936660767
3916,Yes,0.5306559801101685
3917,No,0.4858638048171997
3918,No,0.4739453196525574
3919,Yes,0.5266993641853333
3920,No,0.4694874584674835
3921,No,0.448642373085022
3922,No,0.44869816303253174
3923,No,0.4865880012512207
3924,No,0.47005563974380493
3925,Yes,0.6053448915481567
3926,No,0.49911993741989136
3927,Yes,0.5498731732368469
3928,Yes,0.5254005193710327
3929,No,0.3967248201370239
3930,No,0.4211880564689636
3931,No,0.4616382420063019
3932,No,0.44540634751319885
3933,Yes,0.5476138591766357
3934,Yes,0.5426620244979858
3935,Yes,0.5695311427116394
3936,Yes,0.5410115718841553
3937,No,0.4908311665058136
3938,Yes,0.5188772082328796
3939,Yes,0.5302704572677612
3940,Yes,0.5627298951148987
3941,No,0.5040399432182312
3942,Yes,0.5331085920333862
3943,No,0.505466103553772
3944,Yes,0.5215908288955688
3945,No,0.4590219259262085
3946,Yes,0.5256931185722351
3947,Yes,0.5745680928230286
3948,Yes,0.5569283366203308
3949,Yes,0.5293920636177063
3950,Yes,0.5331262946128845
3951,Yes,0.5626261234283447
3952,Yes,0.5658782720565796
3953,Yes,0.5804014205932617
3954,Yes,0.5740599632263184
3955,Yes,0.5954299569129944
3956,Yes,0.602328360080719
3957,Yes,0.5772534012794495
3958,Yes,0.5612147450447083
3959,Yes,0.6076897382736206
3960,Yes,0.6192687749862671
3961,No,0.5077391266822815
3962,Yes,0.513266384601593
3963,No,0.5060006380081177
3964,Yes,0.5090338587760925
3965,No,0.4513714611530304
3966,No,0.49606168270111084
3967,No,0.492925226688385
3968,Yes,0.5133841037750244
3969,No,0.4776616394519806
3970,Yes,0.5089576244354248
3971,Yes,0.5169482827186584
3972,No,0.49876371026039124
3973,Yes,0.549752414226532
3974,Yes,0.5655245780944824
3975,Yes,0.5636356472969055
3976,Yes,0.5731111764907837
3977,Yes,0.5712208151817322
3978,Yes,0.5269184112548828
3979,Yes,0.5575464963912964
3980,Yes,0.5465378761291504
3981,Yes,0.582399845123291
3982,Yes,0.5778732299804688
3983,Yes,0.6186394095420837
3984,Yes,0.6037161350250244
3985,No,0.431915283203125
3986,Yes,0.5633295178413391
3987,Yes,0.5078961849212646
3988,Yes,0.5773703455924988
3989,No,0.43708938360214233
3990,Yes,0.5243433117866516
3991,Yes,0.5438302755355835
3992,Yes,0.6065072417259216
3993,No,0.4685457944869995
3994,Yes,0.5675418376922607
3995,Yes,0.5618554353713989
3996,Yes,0.6333089470863342
3997,Yes,0.5556707978248596
3998,Yes,0.6093541979789734
3999,Yes,0.5992417931556702
4000,Yes,0.6156056523323059
4001,No,0.4970477223396301
4002,Yes,0.5215566754341125
4003,Yes,0.6047621965408325
4004,Yes,0.6039937734603882
4005,No,0.4860709011554718
4006,Yes,0.5031548142433167
4007,Yes,0.510489821434021
4008,Yes,0.5295351147651672
4009,No,0.4116346538066864
4010,No,0.4576651155948639
4011,No,0.46626487374305725
4012,No,0.49498414993286133
4013,No,0.4243762791156769
4014,No,0.4814530313014984
4015,No,0.4959733188152313
4016,Yes,0.5242695212364197
4017,Yes,0.5271595120429993
4018,Yes,0.552687406539917
4019,Yes,0.5776742100715637
4020,Yes,0.59544837474823
4021,No,0.4116346538066864
4022,No,0.4576651155948639
4023,No,0.46626487374305725
4024,No,0.49498414993286133
4025,No,0.4976002275943756
4026,Yes,0.5504429340362549
4027,Yes,0.5887900590896606
4028,Yes,0.597807765007019
4029,Yes,0.5724321603775024
4030,Yes,0.5949843525886536
4031,Yes,0.6225316524505615
4032,Yes,0.6235300302505493
4033,No,0.4874700605869293
4034,No,0.49340319633483887
4035,Yes,0.5085782408714294
4036,Yes,0.5234326124191284
4037,Yes,0.522657036781311
4038,No,0.5013633966445923
4039,Yes,0.5326246023178101
4040,Yes,0.5393666625022888
4041,Yes,0.5232847929000854
4042,No,0.4882591962814331
4043,Yes,0.5416402220726013
4044,Yes,0.543168306350708
4045,Yes,0.5735770463943481
4046,Yes,0.564506471157074
4047,Yes,0.5349181890487671
4048,Yes,0.5624611377716064
4049,Yes,0.547256588935852
4050,Yes,0.5323737859725952
4051,Yes,0.5637862682342529
4052,Yes,0.5669339299201965
4053,Yes,0.5132998824119568
4054,Yes,0.54082852602005
4055,Yes,0.5136721730232239
4056,Yes,0.5445041656494141
4057,No,0.47132790088653564
4058,Yes,0.5118905901908875
4059,Yes,0.6161714792251587
4060,Yes,0.5798616409301758
4061,No,0.4157394766807556
4062,No,0.4089607298374176
4063,No,0.4452729821205139
4064,No,0.4598403871059418
4065,No,0.4223315119743347
4066,No,0.4485192894935608
4067,No,0.4305271804332733
4068,No,0.4446818232536316
4069,Yes,0.629217803478241
4070,Yes,0.597205638885498
4071,Yes,0.5951345562934875
4072,Yes,0.5950832366943359
4073,Yes,0.5407876372337341
4074,Yes,0.5416518449783325
4075,Yes,0.5542317032814026
4076,Yes,0.5495771765708923
4077,Yes,0.517723798751831
4078,Yes,0.5403344035148621
4079,Yes,0.5795702934265137
4080,Yes,0.5678176879882812
4081,No,0.44063079357147217
4082,No,0.41231754422187805
4083,No,0.4125131070613861
4084,No,0.4421387016773224
4085,No,0.4854048490524292
4086,No,0.44454506039619446
4087,No,0.4966932535171509
4088,No,0.46949633955955505
4089,No,0.46807947754859924
4090,No,0.44477513432502747
4091,Yes,0.5060049295425415
4092,Yes,0.507723867893219
4093,Yes,0.5153136849403381
4094,Yes,0.5501702427864075
4095,Yes,0.5741317868232727
4096,Yes,0.5834478735923767
4097,No,0.39570188522338867
4098,No,0.485080361366272
4099,No,0.4940710961818695
4100,Yes,0.5794417262077332
4101,No,0.332579642534256
4102,No,0.4131591320037842
4103,No,0.36280620098114014
4104,No,0.4438815712928772
4105,Yes,0.5308959484100342
4106,Yes,0.5944952368736267
4107,Yes,0.615077793598175
4108,Yes,0.6665137410163879
4109,No,0.3344857096672058
4110,No,0.41292646527290344
4111,No,0.4255527853965759
4112,Yes,0.5049432516098022
4113,No,0.3852219879627228
4114,No,0.4647189974784851
4115,Yes,0.5104708075523376
4116,Yes,0.5782343149185181
4117,No,0.34061428904533386
4118,No,0.44317492842674255
4119,No,0.4195689857006073
4120,No,0.49190521240234375
4121,No,0.4068772792816162
4122,No,0.47411179542541504
4123,No,0.4581173062324524
4124,Yes,0.5309746861457825
4125,No,0.37039339542388916
4126,No,0.4589369595050812
4127,No,0.4283424913883209
4128,Yes,0.5092110633850098
4129,Yes,0.5530639886856079
4130,No,0.4642789959907532
4131,Yes,0.5251027345657349
4132,Yes,0.5318983793258667
4133,Yes,0.5279062986373901
4134,Yes,0.5073839426040649
4135,Yes,0.5857429504394531
4136,Yes,0.5651302933692932
4137,Yes,0.5918733477592468
4138,Yes,0.6091387271881104
4139,Yes,0.6676759719848633
4140,Yes,0.6390618085861206
4141,Yes,0.5120018720626831
4142,Yes,0.5328695774078369
4143,Yes,0.6478320956230164
4144,Yes,0.6198635697364807
4145,No,0.45359858870506287
4146,Yes,0.509887158870697
4147,Yes,0.5923486948013306
4148,Yes,0.5959158539772034
4149,Yes,0.5840969681739807
4150,Yes,0.5622093677520752
4151,Yes,0.6254969835281372
4152,Yes,0.616910994052887
4153,No,0.4556092321872711
4154,No,0.48047903180122375
4155,Yes,0.6194385886192322
4156,Yes,0.5787684917449951
4157,No,0.419326514005661
4158,No,0.4406341314315796
4159,Yes,0.5611391663551331
4160,Yes,0.539764404296875
4161,No,0.4632718563079834
4162,No,0.48615333437919617
4163,Yes,0.5781973004341125
4164,Yes,0.5905302166938782
4165,No,0.4850562810897827
4166,No,0.4839786887168884
4167,Yes,0.5481414198875427
4168,Yes,0.5401685833930969
4169,Yes,0.5014908909797668
4170,Yes,0.5041154026985168
4171,Yes,0.6105543971061707
4172,Yes,0.6063626408576965
4173,No,0.4209846556186676
4174,No,0.439253568649292
4175,Yes,0.5301347374916077
4176,Yes,0.5297402143478394
4177,No,0.3529268205165863
4178,No,0.38719642162323
4179,No,0.3952353298664093
4180,No,0.3972947895526886
4181,No,0.4214943051338196
4182,No,0.41632723808288574
4183,No,0.448953777551651
4184,No,0.48143354058265686
4185,Yes,0.5336825847625732
4186,Yes,0.5314247012138367
4187,Yes,0.5397375226020813
4188,Yes,0.5108309388160706
4189,No,0.41772061586380005
4190,No,0.456851989030838
4191,No,0.49739399552345276
4192,No,0.47987738251686096
4193,Yes,0.5505918860435486
4194,Yes,0.5355257391929626
4195,Yes,0.5838843584060669
4196,Yes,0.5613366365432739
4197,No,0.5032202005386353
4198,No,0.48100534081459045
4199,No,0.45367440581321716
4200,No,0.4334580600261688
4201,No,0.45477625727653503
4202,No,0.4542511999607086
4203,No,0.43292587995529175
4204,No,0.45065972208976746
4205,Yes,0.5373979806900024
4206,Yes,0.5471591353416443
4207,Yes,0.5391424298286438
4208,Yes,0.5572035312652588
4209,No,0.45486199855804443
4210,No,0.4479180574417114
4211,No,0.46021994948387146
4212,No,0.4507908821105957
4213,No,0.405984103679657
4214,No,0.41734635829925537
4215,No,0.44882357120513916
4216,No,0.4398428499698639
4217,Yes,0.635273277759552
4218,Yes,0.571334958076477
4219,Yes,0.6124064326286316
4220,Yes,0.5533164739608765
4221,No,0.504073977470398
4222,No,0.4909106492996216
4223,Yes,0.5365601181983948
4224,No,0.5028088688850403
4225,Yes,0.5610669851303101
4226,Yes,0.54124516248703
4227,Yes,0.6046322584152222
4228,Yes,0.658453643321991
4229,No,0.4538901150226593
4230,No,0.5083679556846619
4231,Yes,0.5849417448043823
4232,Yes,0.6408315896987915
4233,Yes,0.5104576349258423
4234,Yes,0.5645420551300049
4235,Yes,0.5633523464202881
4236,Yes,0.6215500235557556
4237,No,0.500444233417511
4238,Yes,0.5742886662483215
4239,Yes,0.6018373370170593
4240,Yes,0.6523400545120239
4241,No,0.4663090705871582
4242,Yes,0.5720202326774597
4243,Yes,0.5927795767784119
4244,Yes,0.6493129730224609
4245,No,0.4977473020553589
4246,Yes,0.5337634682655334
4247,Yes,0.601963996887207
4248,Yes,0.6466737389564514
4249,No,0.4711889326572418
4250,Yes,0.5360689163208008
4251,Yes,0.5614750981330872
4252,Yes,0.6356863379478455
4253,Yes,0.5183703899383545
4254,Yes,0.5811242461204529
4255,Yes,0.5762467384338379
4256,Yes,0.6242132782936096
4257,Yes,0.540785551071167
4258,Yes,0.520160436630249
4259,Yes,0.6291941404342651
4260,Yes,0.576195240020752
4261,No,0.49688735604286194
4262,No,0.48148006200790405
4263,Yes,0.5802109241485596
4264,Yes,0.5742342472076416
4265,Yes,0.5259174704551697
4266,Yes,0.5604075789451599
4267,Yes,0.6074745059013367
4268,Yes,0.6089670658111572
4269,No,0.5033944249153137
4270,Yes,0.5370181798934937
4271,Yes,0.5896268486976624
4272,Yes,0.5831010937690735
4273,Yes,0.5447602868080139
4274,Yes,0.5703645348548889
4275,Yes,0.6353791952133179
4276,Yes,0.6325885653495789
4277,No,0.47729039192199707
4278,No,0.48657581210136414
4279,Yes,0.5349539518356323
4280,Yes,0.5152842998504639
4281,Yes,0.5405371785163879
4282,Yes,0.523362934589386
4283,Yes,0.5952743887901306
4284,Yes,0.5751048922538757
4285,Yes,0.5166728496551514
4286,Yes,0.6167630553245544
4287,Yes,0.6524420380592346
4288,Yes,0.6368545889854431
4289,Yes,0.5116642117500305
4290,Yes,0.5640353560447693
4291,No,0.4542893171310425
4292,No,0.4702020585536957
4293,Yes,0.5149045586585999
4294,No,0.4920382797718048
4295,Yes,0.5183815360069275
4296,No,0.4924141466617584
4297,No,0.42140257358551025
4298,No,0.45858654379844666
4299,No,0.4923260509967804
4300,No,0.4821859300136566
4301,No,0.4533344507217407
4302,No,0.4359215199947357
4303,No,0.46956226229667664
4304,No,0.4655439257621765
4305,No,0.5020812749862671
4306,No,0.4756681025028229
4307,No,0.4250931739807129
4308,No,0.43589121103286743
4309,No,0.4957422614097595
4310,No,0.45963284373283386
4311,Yes,0.5435311794281006
4312,Yes,0.5202016830444336
4313,No,0.4675675928592682
4314,No,0.47288572788238525
4315,No,0.5042895078659058
4316,No,0.5040105581283569
4317,No,0.4679223299026489
4318,No,0.491590678691864
4319,No,0.4978431165218353
4320,No,0.5039935111999512
4321,No,0.48316019773483276
4322,Yes,0.5568687915802002
4323,Yes,0.5080207586288452
4324,Yes,0.5078548192977905
4325,Yes,0.5533048510551453
4326,Yes,0.517209529876709
4327,Yes,0.5118011236190796
4328,Yes,0.5235010981559753
4329,No,0.49505311250686646
4330,Yes,0.5439355373382568
4331,Yes,0.531558632850647
4332,Yes,0.5366057753562927
4333,Yes,0.5385681986808777
4334,Yes,0.5248473286628723
4335,Yes,0.5674691796302795
4336,Yes,0.5418599247932434
4337,No,0.4808269143104553
4338,No,0.503376305103302
4339,Yes,0.523166298866272
4340,Yes,0.5190312266349792
4341,Yes,0.6062065958976746
4342,Yes,0.6199378967285156
4343,Yes,0.6319263577461243
4344,Yes,0.5839458703994751
4345,No,0.4422432482242584
4346,No,0.4847358763217926
4347,No,0.47764748334884644
4348,No,0.4986407458782196
4349,No,0.47968462109565735
4350,Yes,0.506536602973938
4351,Yes,0.5440572500228882
4352,Yes,0.5357711911201477
4353,Yes,0.5063265562057495
4354,Yes,0.509968638420105
4355,No,0.46945351362228394
4356,No,0.4722021222114563
4357,No,0.47161781787872314
4358,No,0.46694517135620117
4359,No,0.4764893352985382
4360,No,0.4811984896659851
4361,Yes,0.5858438014984131
4362,Yes,0.5732808709144592
4363,Yes,0.5742635130882263
4364,Yes,0.5695303678512573
4365,No,0.4252508878707886
4366,No,0.41709455847740173
4367,No,0.47297900915145874
4368,No,0.4924869239330292
4369,No,0.38003358244895935
4370,No,0.4576288163661957
4371,No,0.5078269839286804
4372,Yes,0.5461505055427551
4373,No,0.48008811473846436
4374,Yes,0.5825641751289368
4375,Yes,0.5775027871131897
4376,Yes,0.6097764372825623
4377,Yes,0.5405086278915405
4378,Yes,0.5969362258911133
4379,Yes,0.5890192985534668
4380,Yes,0.6295704245567322
4381,No,0.4338407814502716
4382,No,0.46632495522499084
4383,Yes,0.5164327621459961
4384,Yes,0.5536813735961914
4385,No,0.5045833587646484
4386,Yes,0.602706253528595
4387,Yes,0.624542772769928
4388,Yes,0.6522794961929321
4389,No,0.44596847891807556
4390,No,0.5059906244277954
4391,Yes,0.5321648716926575
4392,Yes,0.5586771368980408
4393,No,0.41926878690719604
4394,No,0.46493273973464966
4395,No,0.5003620386123657
4396,Yes,0.5205548405647278
4397,Yes,0.5405569076538086
4398,Yes,0.5691521167755127
4399,Yes,0.5935414433479309
4400,Yes,0.6094962358474731
4401,No,0.4012849032878876
4402,No,0.4563339948654175
4403,Yes,0.53068608045578
4404,Yes,0.5579864382743835
4405,No,0.4616255760192871
4406,Yes,0.5157316327095032
4407,Yes,0.5248183012008667
4408,Yes,0.5486009120941162
4409,Yes,0.523187518119812
4410,Yes,0.5750236511230469
4411,Yes,0.5945985913276672
4412,Yes,0.6283186078071594
4413,No,0.429502934217453
4414,No,0.4723016917705536
4415,Yes,0.5179200172424316
4416,Yes,0.5618867874145508
