item,label,p_yes
1,Yes,0.8263401389122009
2,Yes,0.6111860275268555
3,Yes,0.8662117719650269
4,Yes,0.7216908931732178
5,Yes,0.6973732113838196
6,No,0.4768911302089691
7,Yes,0.7840914130210876
8,Yes,0.5373860597610474
9,Yes,0.5582146048545837
10,No,0.3258484899997711
11,Yes,0.6100422143936157
12,No,0.39251986145973206
13,Yes,0.53851717710495
14,No,0.37618547677993774
15,Yes,0.6163492798805237
16,No,0.4505438208580017
17,Yes,0.715620219707489
18,Yes,0.5144520998001099
19,Yes,0.7169989943504333
20,Yes,0.5177307724952698
21,Yes,0.7553953528404236
22,No,0.47569552063941956
23,Yes,0.7857716083526611
24,Yes,0.5392834544181824
25,Yes,0.8814679980278015
26,Yes,0.7011339068412781
27,Yes,0.8732431530952454
28,Yes,0.7646862864494324
29,Yes,0.7576979398727417
30,Yes,0.5077139139175415
31,Yes,0.7308536171913147
32,Yes,0.5311782360076904
33,Yes,0.7547167539596558
34,No,0.4531157612800598
35,Yes,0.8139916658401489
36,Yes,0.5824940204620361
37,Yes,0.7655460238456726
38,No,0.40604886412620544
39,Yes,0.7499110698699951
40,No,0.4517724812030792
41,Yes,0.6641967296600342
42,No,0.4189906716346741
43,Yes,0.7276455760002136
44,No,0.4755658805370331
45,Yes,0.7381883859634399
46,No,0.48235175013542175
47,Yes,0.7368962168693542
48,Yes,0.5150159597396851
49,Yes,0.6175695061683655
50,No,0.3858301341533661
51,Yes,0.6245679259300232
52,No,0.38472193479537964
53,No,0.4337652027606964
54,No,0.35606852173805237
55,No,0.496244877576828
56,No,0.42454248666763306
57,Yes,0.6347371935844421
58,Yes,0.6344079971313477
59,Yes,0.5798791646957397
60,Yes,0.5046855211257935
61,Yes,0.6534816026687622
62,Yes,0.5732433199882507
63,Yes,0.6658792495727539
64,Yes,0.6247701048851013
65,Yes,0.6249743700027466
66,No,0.4330117404460907
67,Yes,0.5597262382507324
68,No,0.4256654679775238
69,No,0.47755616903305054
70,No,0.35591626167297363
71,Yes,0.533860445022583
72,No,0.47026339173316956
73,Yes,0.5563826560974121
74,Yes,0.5025843381881714
75,Yes,0.6219148635864258
76,Yes,0.561479926109314
77,Yes,0.5766233801841736
78,No,0.4983252286911011
79,Yes,0.5966206192970276
80,No,0.4818257689476013
81,No,0.2627182602882385
82,No,0.2550257444381714
83,No,0.313814252614975
84,No,0.32105588912963867
85,No,0.39726194739341736
86,Yes,0.5203714370727539
87,No,0.4896448850631714
88,No,0.4435385465621948
89,Yes,0.49995434284210205
90,Yes,0.5988771319389343
91,No,0.49708226323127747
92,Yes,0.5309381484985352
93,Yes,0.5474825501441956
94,Yes,0.6747673153877258
95,Yes,0.6231600046157837
96,Yes,0.6015413999557495
97,No,0.3365512490272522
98,No,0.30795523524284363
99,No,0.3745402693748474
100,No,0.3168729543685913
101,Yes,0.5460354089736938
102,No,0.47987112402915955
103,No,0.4733167290687561
104,No,0.45426297187805176
105,No,0.35205376148223877
106,No,0.48504313826560974
107,No,0.4925123155117035
108,Yes,0.5301459431648254
109,No,0.3191031813621521
110,No,0.41458550095558167
111,No,0.4519343376159668
112,No,0.4978843331336975
113,No,0.29250794649124146
114,No,0.2715732455253601
115,No,0.26903268694877625
116,No,0.29394739866256714
117,No,0.40335217118263245
118,No,0.37511369585990906
119,No,0.3453735113143921
120,No,0.3427988886833191
121,No,0.30504000186920166
122,No,0.35603398084640503
123,No,0.40418216586112976
124,No,0.38384419679641724
125,No,0.4505254030227661
126,No,0.47114863991737366
127,No,0.4998948276042938
128,No,0.4549366533756256
129,Yes,0.588820219039917
130,Yes,0.528683602809906
131,Yes,0.7273747324943542
132,Yes,0.5996575355529785
133,Yes,0.5225592851638794
134,No,0.39912521839141846
135,No,0.49751561880111694
136,No,0.4350663721561432
137,Yes,0.5546985864639282
138,No,0.4099326431751251
139,Yes,0.6497020125389099
140,Yes,0.5074114799499512
141,Yes,0.568073034286499
142,No,0.4673561453819275
143,Yes,0.5561383366584778
144,No,0.4665651321411133
145,No,0.3778216242790222
146,No,0.3647528886795044
147,Yes,0.5020702481269836
148,No,0.37911564111709595
149,Yes,0.5546985864639282
150,No,0.4099326431751251
151,Yes,0.6497020125389099
152,Yes,0.5074114799499512
153,Yes,0.6799715161323547
154,Yes,0.6388385891914368
155,Yes,0.7015637755393982
156,Yes,0.6800857782363892
157,No,0.3377240300178528
158,No,0.2808353304862976
159,No,0.37864696979522705
160,No,0.31347575783729553
161,No,0.48725375533103943
162,Yes,0.6277396082878113
163,Yes,0.5342718958854675
164,Yes,0.529769241809845
165,Yes,0.6039519309997559
166,Yes,0.5540981888771057
167,Yes,0.6799721121788025
168,Yes,0.5765775442123413
169,Yes,0.7382919788360596
170,Yes,0.5619267225265503
171,Yes,0.6468985676765442
172,Yes,0.5909623503684998
173,Yes,0.5676428079605103
174,No,0.4781201481819153
175,Yes,0.560703694820404
176,Yes,0.5113116502761841
177,Yes,0.5740982294082642
178,Yes,0.6123999357223511
179,Yes,0.6234663128852844
180,Yes,0.579651415348053
181,No,0.48723551630973816
182,No,0.458577424287796
183,No,0.432721346616745
184,No,0.42280080914497375
185,Yes,0.5390936732292175
186,Yes,0.583616316318512
187,No,0.4754035174846649
188,No,0.396706759929657
189,Yes,0.7190359830856323
190,Yes,0.6544015407562256
191,Yes,0.6802561283111572
192,Yes,0.6264572143554688
193,Yes,0.6014207601547241
194,Yes,0.5596835017204285
195,Yes,0.6222001314163208
196,Yes,0.5418679714202881
197,Yes,0.7346011400222778
198,Yes,0.6569260954856873
199,Yes,0.7248937487602234
200,Yes,0.6837235689163208
201,Yes,0.7482274770736694
202,Yes,0.7209346890449524
203,Yes,0.7464438676834106
204,Yes,0.653803288936615
205,Yes,0.5220922827720642
206,No,0.45499473810195923
207,No,0.43862420320510864
208,No,0.43457844853401184
209,Yes,0.5690528154373169
210,No,0.4733287990093231
211,No,0.49197080731391907
212,No,0.470922589302063
213,No,0.43681856989860535
214,No,0.32187995314598083
215,No,0.4784926176071167
216,No,0.39889830350875854
217,Yes,0.5383145213127136
218,No,0.47854310274124146
219,Yes,0.5332925915718079
220,No,0.48021823167800903
221,Yes,0.561522901058197
222,Yes,0.5325651168823242
223,Yes,0.6154183149337769
224,Yes,0.5087286829948425
225,No,0.36545583605766296
226,No,0.30304646492004395
227,No,0.36399853229522705
228,No,0.2448495775461197
229,No,0.34496384859085083
230,No,0.2878142297267914
231,No,0.39785709977149963
232,No,0.20575623214244843
233,No,0.4311163127422333
234,No,0.3278104066848755
235,No,0.47261112928390503
236,No,0.27940264344215393
237,No,0.23416748642921448
238,No,0.2521316111087799
239,No,0.2923886179924011
240,No,0.20899032056331635
241,No,0.41361960768699646
242,No,0.4373786449432373
243,No,0.46877965331077576
244,No,0.3819546401500702
245,No,0.3899804651737213
246,No,0.2668352425098419
247,No,0.44755223393440247
248,No,0.2837262749671936
249,No,0.4923160672187805
250,No,0.45286619663238525
251,No,0.4948972165584564
252,No,0.3447798490524292
253,No,0.4424950182437897
254,No,0.43688085675239563
255,No,0.42710912227630615
256,No,0.37089166045188904
257,No,0.43574023246765137
258,No,0.44499972462654114
259,Yes,0.5376668572425842
260,No,0.44933801889419556
261,No,0.33768898248672485
262,No,0.3759971857070923
263,No,0.41576603055000305
264,No,0.293766587972641
265,No,0.32936689257621765
266,No,0.29257914423942566
267,No,0.43152520060539246
268,No,0.25436171889305115
269,No,0.29233360290527344
270,No,0.32827892899513245
271,No,0.36025330424308777
272,No,0.24740482866764069
273,Yes,0.64665287733078
274,No,0.38412386178970337
275,Yes,0.6915739178657532
276,No,0.4247276186943054
277,Yes,0.6265567541122437
278,Yes,0.5203463435173035
279,Yes,0.6174026131629944
280,No,0.468777596950531
281,Yes,0.6973869204521179
282,No,0.44976192712783813
283,Yes,0.6913907527923584
284,Yes,0.5056394934654236
285,Yes,0.5548174977302551
286,No,0.45072323083877563
287,Yes,0.6348501443862915
288,No,0.45994147658348083
289,No,0.4307710826396942
290,No,0.33564242720603943
291,No,0.4906975328922272
292,No,0.37593138217926025
293,Yes,0.5929995179176331
294,Yes,0.6131169199943542
295,Yes,0.6356247663497925
296,Yes,0.579829216003418
297,Yes,0.5585338473320007
298,No,0.4240555763244629
299,Yes,0.5780066847801208
300,Yes,0.5005735754966736
301,Yes,0.7899990677833557
302,No,0.4515315592288971
303,Yes,0.8053523302078247
304,No,0.46198341250419617
305,Yes,0.6030495762825012
306,No,0.41818252205848694
307,Yes,0.5511702299118042
308,No,0.38465026021003723
309,No,0.452887624502182
310,No,0.30373454093933105
311,No,0.4589400589466095
312,No,0.30493271350860596
313,Yes,0.6091740131378174
314,No,0.42201194167137146
315,Yes,0.6177990436553955
316,No,0.4591434895992279
317,No,0.40617063641548157
318,No,0.2748827040195465
319,No,0.49951422214508057
320,No,0.3359033167362213
321,Yes,0.5552416443824768
322,Yes,0.5419954657554626
323,Yes,0.5937032699584961
324,No,0.4116475284099579
325,Yes,0.5571171045303345
326,No,0.43988245725631714
327,Yes,0.6247009634971619
328,No,0.44821998476982117
329,Yes,0.6222199201583862
330,No,0.3438628613948822
331,Yes,0.626511812210083
332,No,0.4188407063484192
333,Yes,0.560869574546814
334,No,0.4005979895591736
335,No,0.4766821563243866
336,No,0.3743038773536682
337,No,0.333480566740036
338,No,0.22201323509216309
339,No,0.3098749816417694
340,No,0.2326219230890274
341,No,0.3181532621383667
342,No,0.1932772547006607
343,No,0.2554975152015686
344,No,0.18439891934394836
345,No,0.41726818680763245
346,No,0.22796279191970825
347,No,0.3734271824359894
348,No,0.24839471280574799
349,Yes,0.5026988983154297
350,No,0.3949981927871704
351,Yes,0.5091658234596252
352,No,0.4008132219314575
353,Yes,0.6743001341819763
354,Yes,0.5085508823394775
355,Yes,0.6027736067771912
356,Yes,0.5778884887695312
357,No,0.4622649550437927
358,No,0.18934649229049683
359,No,0.28973379731178284
360,No,0.20164208114147186
361,No,0.35067451000213623
362,No,0.16406404972076416
363,No,0.2959166169166565
364,No,0.20095515251159668
365,Yes,0.5184621810913086
366,No,0.3121034801006317
367,No,0.4767296314239502
368,No,0.3291448652744293
369,No,0.48919203877449036
370,Yes,0.5421626567840576
371,No,0.47251006960868835
372,No,0.37231189012527466
373,No,0.4564284384250641
374,No,0.29617786407470703
375,No,0.39525604248046875
376,No,0.27874091267585754
377,No,0.4498712718486786
378,No,0.2603591978549957
379,No,0.42987969517707825
380,No,0.26281288266181946
381,Yes,0.5567893981933594
382,No,0.48955315351486206
383,Yes,0.5508289337158203
384,Yes,0.5308755040168762
385,No,0.41245943307876587
386,No,0.2828701436519623
387,No,0.4204972982406616
388,No,0.3349303901195526
389,No,0.44521665573120117
390,No,0.2504090368747711
391,No,0.4228157103061676
392,No,0.29129260778427124
393,No,0.304901123046875
394,No,0.23988474905490875
395,No,0.30743950605392456
396,No,0.29211506247520447
397,No,0.2483566403388977
398,No,0.1778559386730194
399,No,0.31531062722206116
400,No,0.19581352174282074
401,No,0.38881221413612366
402,No,0.32108989357948303
403,No,0.425243616104126
404,No,0.32468318939208984
405,Yes,0.6015974283218384
406,Yes,0.5359252095222473
407,Yes,0.6172551512718201
408,No,0.4826543927192688
409,Yes,0.6393058896064758
410,No,0.48201805353164673
411,Yes,0.641327440738678
412,No,0.4727185368537903
413,Yes,0.5415787100791931
414,No,0.3025365173816681
415,Yes,0.5127935409545898
416,No,0.3517414927482605
417,No,0.3169838786125183
418,No,0.2788916826248169
419,No,0.2437562197446823
420,No,0.29565486311912537
421,No,0.4201684892177582
422,No,0.3440946042537689
423,No,0.39510348439216614
424,No,0.37643301486968994
425,No,0.4943292438983917
426,Yes,0.5748860836029053
427,Yes,0.5045493245124817
428,Yes,0.5182372331619263
429,Yes,0.5410299301147461
430,No,0.46828746795654297
431,No,0.4074873626232147
432,No,0.3665967285633087
433,No,0.37715134024620056
434,No,0.30391374230384827
435,No,0.42406660318374634
436,No,0.399993360042572
437,No,0.40150806307792664
438,No,0.37226322293281555
439,No,0.2804175913333893
440,No,0.3109036982059479
441,No,0.40311452746391296
442,Yes,0.5068947672843933
443,No,0.3554226756095886
444,No,0.38954517245292664
445,No,0.4326077699661255
446,No,0.40105706453323364
447,No,0.4340125024318695
448,No,0.4542851448059082
449,Yes,0.7166165113449097
450,No,0.4947746694087982
451,Yes,0.7095850110054016
452,Yes,0.5199341773986816
453,Yes,0.771407425403595
454,Yes,0.6639257073402405
455,Yes,0.8529374599456787
456,Yes,0.7196849584579468
457,Yes,0.779643177986145
458,No,0.42719465494155884
459,Yes,0.6877166628837585
460,No,0.48380085825920105
461,Yes,0.6182414293289185
462,Yes,0.5635508894920349
463,Yes,0.7352527379989624
464,Yes,0.6222142577171326
465,Yes,0.8199959993362427
466,Yes,0.6636837720870972
467,Yes,0.7941488027572632
468,Yes,0.6255634427070618
469,Yes,0.6953938007354736
470,Yes,0.6037953495979309
471,Yes,0.7414863109588623
472,Yes,0.6651487350463867
473,Yes,0.6132067441940308
474,Yes,0.5778555274009705
475,Yes,0.6157289147377014
476,Yes,0.5076387524604797
477,Yes,0.6670745015144348
478,Yes,0.5776074528694153
479,Yes,0.7647719979286194
480,Yes,0.6627708673477173
481,No,0.4500599801540375
482,No,0.3477100133895874
483,No,0.4955163300037384
484,No,0.37890201807022095
485,Yes,0.5753893256187439
486,No,0.4280188977718353
487,Yes,0.5803629159927368
488,No,0.4598904550075531
489,No,0.44708603620529175
490,No,0.3329780101776123
491,No,0.46173369884490967
492,No,0.3541918098926544
493,Yes,0.5690562725067139
494,No,0.2898072302341461
495,No,0.4038856029510498
496,No,0.29775962233543396
497,No,0.4901997148990631
498,No,0.42029130458831787
499,Yes,0.6248015761375427
500,No,0.49575525522232056
501,Yes,0.6709942817687988
502,No,0.4947300851345062
503,Yes,0.6710098385810852
504,No,0.4877346456050873
505,Yes,0.5303248167037964
506,No,0.4384790360927582
507,Yes,0.5678431987762451
508,No,0.40065887570381165
509,No,0.3010849058628082
510,No,0.25290003418922424
511,No,0.37026306986808777
512,No,0.28611937165260315
513,No,0.4151359796524048
514,No,0.49104219675064087
515,No,0.46489062905311584
516,No,0.4357118308544159
517,Yes,0.5891976356506348
518,Yes,0.5513784289360046
519,Yes,0.663192629814148
520,Yes,0.5864070653915405
521,No,0.4463452398777008
522,Yes,0.5002053380012512
523,Yes,0.5716528296470642
524,Yes,0.5799521207809448
525,Yes,0.7472896575927734
526,Yes,0.6497873067855835
527,Yes,0.772899866104126
528,Yes,0.672230064868927
529,No,0.4904074966907501
530,No,0.38495108485221863
531,Yes,0.5474846363067627
532,No,0.3966221809387207
533,No,0.4878867566585541
534,No,0.4689573645591736
535,Yes,0.6107969284057617
536,Yes,0.5142317414283752
537,No,0.41675299406051636
538,No,0.4348253607749939
539,No,0.4926074147224426
540,No,0.4354854226112366
541,No,0.4890291392803192
542,No,0.39132028818130493
543,Yes,0.5156909227371216
544,No,0.3992254436016083
545,No,0.3968477249145508
546,No,0.2973821461200714
547,No,0.2939457297325134
548,No,0.2690720558166504
549,No,0.49292513728141785
550,No,0.40592408180236816
551,Yes,0.5527989864349365
552,No,0.4398050308227539
553,No,0.2803758680820465
554,No,0.2093627005815506
555,No,0.27539774775505066
556,No,0.21690258383750916
557,No,0.3298976421356201
558,No,0.2741584777832031
559,No,0.41219189763069153
560,No,0.3092769682407379
561,No,0.48119714856147766
562,No,0.3473837375640869
563,No,0.4765104651451111
564,No,0.34994497895240784
565,No,0.3264782130718231
566,No,0.2987591326236725
567,No,0.32983162999153137
568,No,0.27113616466522217
569,No,0.3353256285190582
570,No,0.2744342088699341
571,No,0.3987254202365875
572,No,0.3513781726360321
573,No,0.4760648012161255
574,No,0.4877646863460541
575,No,0.4870300889015198
576,No,0.4079037606716156
577,No,0.39516326785087585
578,No,0.3071712553501129
579,No,0.4275585412979126
580,No,0.3222830891609192
581,Yes,0.5122127532958984
582,No,0.3709372878074646
583,Yes,0.5351680517196655
584,No,0.412698358297348
585,Yes,0.5346859097480774
586,No,0.4053642451763153
587,Yes,0.5262908935546875
588,No,0.4787288308143616
589,No,0.2725695073604584
590,No,0.21725532412528992
591,No,0.3280644118785858
592,No,0.2395184338092804
593,No,0.38041526079177856
594,No,0.44391337037086487
595,No,0.3621278703212738
596,No,0.47516897320747375
597,No,0.42644375562667847
598,Yes,0.5078446865081787
599,Yes,0.5641145706176758
600,Yes,0.57890784740448
601,Yes,0.5449728965759277
602,No,0.4581587612628937
603,Yes,0.5367618799209595
604,Yes,0.5627356767654419
605,No,0.4114914834499359
606,No,0.400521457195282
607,No,0.4194456934928894
608,No,0.40825921297073364
609,No,0.27076470851898193
610,No,0.22578763961791992
611,No,0.30683431029319763
612,No,0.27174967527389526
613,No,0.4111015796661377
614,No,0.41545888781547546
615,No,0.4126967489719391
616,No,0.3836210072040558
617,No,0.41997531056404114
618,Yes,0.5036680102348328
619,No,0.42457911372184753
620,No,0.3751327097415924
621,No,0.35369351506233215
622,No,0.3293876647949219
623,No,0.40070676803588867
624,No,0.34669074416160583
625,No,0.3450324535369873
626,No,0.3063885569572449
627,No,0.37701722979545593
628,No,0.2958358824253082
629,No,0.28395938873291016
630,No,0.22296077013015747
631,No,0.26755693554878235
632,No,0.2803901433944702
633,No,0.41058847308158875
634,No,0.39643341302871704
635,No,0.41259458661079407
636,No,0.37260106205940247
637,No,0.3903152644634247
638,No,0.16108247637748718
639,No,0.1938282698392868
640,No,0.19666923582553864
641,No,0.3712726831436157
642,No,0.3270653188228607
643,No,0.4181968569755554
644,No,0.3376942574977875
645,No,0.3302047550678253
646,No,0.2395191788673401
647,No,0.31183922290802
648,No,0.27369850873947144
649,Yes,0.5433316826820374
650,Yes,0.5122827291488647
651,Yes,0.5060203075408936
652,No,0.44480374455451965
653,No,0.31243735551834106
654,No,0.21691201627254486
655,No,0.2904641926288605
656,No,0.2597816586494446
657,No,0.35793057084083557
658,No,0.23132473230361938
659,No,0.32391557097435
660,No,0.24157948791980743
661,Yes,0.6240541338920593
662,No,0.48046422004699707
663,Yes,0.6822967529296875
664,Yes,0.5441854596138
665,Yes,0.6651081442832947
666,No,0.45067453384399414
667,Yes,0.5706986784934998
668,No,0.4717366397380829
669,No,0.4277045428752899
670,No,0.3042044937610626
671,No,0.4312857687473297
672,No,0.32718050479888916
673,Yes,0.594275951385498
674,No,0.44584691524505615
675,Yes,0.5477922558784485
676,No,0.41289758682250977
677,Yes,0.5439971685409546
678,No,0.3898284435272217
679,Yes,0.5432327389717102
680,No,0.41743528842926025
681,Yes,0.638779878616333
682,Yes,0.6027088165283203
683,Yes,0.5994384288787842
684,No,0.46825143694877625
685,Yes,0.5985286831855774
686,No,0.2865811288356781
687,No,0.48665186762809753
688,No,0.3635101616382599
689,No,0.33624958992004395
690,No,0.20957937836647034
691,No,0.3131789565086365
692,No,0.2058860957622528
693,No,0.4437817633152008
694,No,0.2998971939086914
695,No,0.4511861205101013
696,No,0.3488500118255615
697,No,0.388690322637558
698,No,0.2315482348203659
699,No,0.4200470745563507
700,No,0.2653186321258545
701,Yes,0.6287614703178406
702,Yes,0.6618254780769348
703,Yes,0.6117081642150879
704,No,0.48326441645622253
705,No,0.35793057084083557
706,No,0.23132473230361938
707,No,0.32391557097435
708,No,0.24157948791980743
709,No,0.4277045428752899
710,No,0.3042044937610626
711,No,0.4312857687473297
712,No,0.32718050479888916
713,Yes,0.535831093788147
714,No,0.44669094681739807
715,No,0.4789944589138031
716,No,0.3662744164466858
717,Yes,0.6216351985931396
718,No,0.44474783539772034
719,Yes,0.592350423336029
720,No,0.4423789381980896
721,No,0.26464828848838806
722,No,0.1673729568719864
723,No,0.3252086341381073
724,No,0.20778118073940277
725,No,0.427903413772583
726,No,0.31632760167121887
727,No,0.44560855627059937
728,No,0.3258848190307617
729,No,0.38099414110183716
730,No,0.2745462954044342
731,No,0.3842611610889435
732,No,0.26532745361328125
733,No,0.3443521559238434
734,No,0.32794466614723206
735,No,0.37210407853126526
736,No,0.3347512185573578
737,No,0.3562130928039551
738,No,0.2514040768146515
739,No,0.38971439003944397
740,No,0.2833831310272217
741,No,0.3233109712600708
742,No,0.301750123500824
743,No,0.44263288378715515
744,No,0.32623550295829773
745,No,0.4820367097854614
746,No,0.3310326337814331
747,No,0.436404824256897
748,No,0.3407835066318512
749,No,0.39594170451164246
750,No,0.3642466068267822
751,No,0.4405704438686371
752,No,0.35093235969543457
753,No,0.297136515378952
754,No,0.2984809875488281
755,No,0.3292805254459381
756,No,0.27943170070648193
757,No,0.4608803987503052
758,No,0.36169084906578064
759,No,0.49267616868019104
760,No,0.4034239947795868
761,Yes,0.5673360228538513
762,No,0.42563170194625854
763,Yes,0.5627931952476501
764,No,0.4304666817188263
765,No,0.4654616713523865
766,No,0.3515016734600067
767,No,0.41958990693092346
768,No,0.3188088834285736
769,Yes,0.582974374294281
770,Yes,0.5102113485336304
771,Yes,0.6101613640785217
772,Yes,0.6015641093254089
773,Yes,0.5560870170593262
774,No,0.4812302887439728
775,Yes,0.5593840479850769
776,Yes,0.5254199504852295
777,Yes,0.5578141808509827
778,Yes,0.5890223383903503
779,Yes,0.6353568434715271
780,Yes,0.5935115218162537
781,Yes,0.6991268992424011
782,Yes,0.5837786197662354
783,Yes,0.6873614192008972
784,Yes,0.6526443958282471
785,Yes,0.6670674681663513
786,Yes,0.5686084032058716
787,Yes,0.6869911551475525
788,Yes,0.6327004432678223
789,Yes,0.6944924592971802
790,Yes,0.6359544396400452
791,Yes,0.7070394158363342
792,Yes,0.6381621956825256
793,Yes,0.5264322757720947
794,No,0.4207272529602051
795,No,0.46793466806411743
796,No,0.4336942732334137
797,Yes,0.5216381549835205
798,No,0.3978191614151001
799,No,0.4621805250644684
800,No,0.413085013628006
801,Yes,0.6341919302940369
802,Yes,0.546992301940918
803,Yes,0.6037318110466003
804,Yes,0.5621163845062256
805,Yes,0.6356304287910461
806,No,0.46087077260017395
807,Yes,0.5758734941482544
808,No,0.4904942810535431
809,Yes,0.7127958536148071
810,Yes,0.6061058640480042
811,Yes,0.7327559590339661
812,Yes,0.6853840947151184
813,Yes,0.6580793261528015
814,Yes,0.6041566729545593
815,Yes,0.6869649291038513
816,Yes,0.6955841183662415
817,No,0.487145334482193
818,No,0.3479298949241638
819,Yes,0.5444189310073853
820,No,0.4673064053058624
821,No,0.41411292552948
822,No,0.31133973598480225
823,No,0.41728517413139343
824,No,0.38280627131462097
825,Yes,0.5117360353469849
826,No,0.28945696353912354
827,Yes,0.5114486217498779
828,No,0.37576597929000854
829,Yes,0.5412403345108032
830,Yes,0.5095210075378418
831,No,0.45430988073349
832,No,0.37373998761177063
833,Yes,0.5877007246017456
834,No,0.42309272289276123
835,Yes,0.5705409049987793
836,No,0.4191144108772278
837,No,0.4069344997406006
838,No,0.254388689994812
839,No,0.35503822565078735
840,No,0.314338356256485
841,No,0.487145334482193
842,No,0.3479298949241638
843,Yes,0.5444189310073853
844,No,0.4673064053058624
845,Yes,0.6491612195968628
846,Yes,0.6623429656028748
847,Yes,0.6462506055831909
848,Yes,0.5494735836982727
849,Yes,0.500468373298645
850,No,0.4868745803833008
851,Yes,0.6198782920837402
852,Yes,0.5412399768829346
853,No,0.49066245555877686
854,No,0.3465752601623535
855,Yes,0.5498284101486206
856,No,0.4341350197792053
857,No,0.38144803047180176
858,No,0.31022822856903076
859,No,0.40338870882987976
860,No,0.39658382534980774
861,No,0.452803373336792
862,No,0.44726380705833435
863,Yes,0.5201280117034912
864,No,0.4663929343223572
865,Yes,0.6912992596626282
866,Yes,0.5394816398620605
867,Yes,0.707999050617218
868,Yes,0.5913251638412476
869,Yes,0.6674941182136536
870,Yes,0.5646383762359619
871,Yes,0.7331393957138062
872,Yes,0.59696364402771
873,Yes,0.6900177001953125
874,Yes,0.5421230792999268
875,Yes,0.6996461749076843
876,Yes,0.5647373795509338
877,Yes,0.6926881074905396
878,Yes,0.6204190850257874
879,Yes,0.6461865901947021
880,No,0.49851343035697937
881,Yes,0.8048322200775146
882,Yes,0.7007153630256653
883,Yes,0.7952054142951965
884,Yes,0.6620369553565979
885,Yes,0.6166366934776306
886,No,0.4996439814567566
887,Yes,0.5669121742248535
888,No,0.4590311050415039
889,No,0.42215630412101746
890,No,0.3843161165714264
891,Yes,0.5122396945953369
892,No,0.40154001116752625
893,Yes,0.5228017568588257
894,No,0.3830365240573883
895,Yes,0.5154367685317993
896,No,0.39344507455825806
897,No,0.4867754280567169
898,No,0.4006105959415436
899,Yes,0.5177872180938721
900,No,0.47370365262031555
901,Yes,0.7209437489509583
902,Yes,0.5814000964164734
903,Yes,0.7261084318161011
904,Yes,0.6625241637229919
905,Yes,0.6073199510574341
906,No,0.3745134174823761
907,Yes,0.5942336320877075
908,No,0.4111575186252594
909,Yes,0.5204377174377441
910,No,0.35731175541877747
911,Yes,0.5849243998527527
912,No,0.4438112676143646
913,Yes,0.6059887409210205
914,No,0.28469374775886536
915,No,0.4387075901031494
916,No,0.33246418833732605
917,Yes,0.544087290763855
918,No,0.37405043840408325
919,Yes,0.6059272885322571
920,No,0.4641571640968323
921,Yes,0.5234507322311401
922,No,0.411648690700531
923,Yes,0.551522970199585
924,No,0.47667473554611206
925,Yes,0.5955782532691956
926,No,0.3929809033870697
927,Yes,0.598134458065033
928,No,0.4863760471343994
929,No,0.46837133169174194
930,No,0.3123379647731781
931,No,0.45448732376098633
932,No,0.36022308468818665
933,Yes,0.5445698499679565
934,No,0.4203301966190338
935,Yes,0.6629764437675476
936,No,0.5001910924911499
937,Yes,0.5292320251464844
938,No,0.4906191825866699
939,Yes,0.5093988180160522
940,No,0.3989596962928772
941,No,0.35882696509361267
942,No,0.2665233910083771
943,No,0.42928794026374817
944,No,0.3403988182544708
945,Yes,0.5900754928588867
946,Yes,0.6036180257797241
947,Yes,0.5978368520736694
948,No,0.46773460507392883
949,Yes,0.677726686000824
950,Yes,0.602361798286438
951,Yes,0.7334316372871399
952,Yes,0.6421947479248047
953,No,0.4589179754257202
954,No,0.34839847683906555
955,No,0.39063912630081177
956,No,0.33645084500312805
957,Yes,0.5510492324829102
958,No,0.37336117029190063
959,Yes,0.541295051574707
960,No,0.38486266136169434
961,No,0.3694968521595001
962,No,0.33769193291664124
963,Yes,0.5276936292648315
964,No,0.44703802466392517
965,No,0.4734386205673218
966,No,0.3676093518733978
967,Yes,0.5881435871124268
968,No,0.41658979654312134
969,No,0.45773380994796753
970,No,0.310768723487854
971,Yes,0.5995180010795593
972,No,0.4042595624923706
973,Yes,0.8084522485733032
974,Yes,0.6452338099479675
975,Yes,0.7665437459945679
976,Yes,0.5886034965515137
977,Yes,0.7597127556800842
978,Yes,0.6000886559486389
979,Yes,0.7740078568458557
980,Yes,0.5826196670532227
981,No,0.45772120356559753
982,No,0.3472428023815155
983,Yes,0.5571850538253784
984,No,0.37607789039611816
985,Yes,0.6045188903808594
986,Yes,0.5157940983772278
987,Yes,0.7018184661865234
988,Yes,0.5556942224502563
989,Yes,0.6535848379135132
990,No,0.415781706571579
991,Yes,0.6936728954315186
992,No,0.47951599955558777
993,No,0.48764941096305847
994,No,0.36503395438194275
995,Yes,0.5163962244987488
996,No,0.3832273483276367
997,Yes,0.7521923184394836
998,Yes,0.5655186176300049
999,Yes,0.7251302599906921
1000,No,0.45521387457847595
1001,Yes,0.5921014547348022
1002,No,0.4473929703235626
1003,Yes,0.5919725894927979
1004,No,0.45762982964515686
1005,Yes,0.5589494705200195
1006,No,0.3837772309780121
1007,Yes,0.5891112685203552
1008,No,0.39850759506225586
1009,No,0.4647579789161682
1010,No,0.33530065417289734
1011,Yes,0.5235185623168945
1012,No,0.4102097749710083
1013,No,0.42625609040260315
1014,No,0.3168647885322571
1015,Yes,0.5036441683769226
1016,No,0.3860984444618225
1017,No,0.44351547956466675
1018,No,0.37716346979141235
1019,No,0.4439709186553955
1020,No,0.3483201563358307
1021,Yes,0.5939995050430298
1022,No,0.4590536952018738
1023,Yes,0.6070893406867981
1024,No,0.4775107800960541
1025,Yes,0.5380899310112
1026,No,0.3957096040248871
1027,Yes,0.58802330493927
1028,No,0.42266833782196045
1029,Yes,0.5888516902923584
1030,No,0.4064871370792389
1031,Yes,0.5304680466651917
1032,No,0.3764929473400116
1033,No,0.47549158334732056
1034,No,0.3427988290786743
1035,Yes,0.519001305103302
1036,No,0.356179416179657
1037,Yes,0.5404258966445923
1038,No,0.46763667464256287
1039,Yes,0.5723739862442017
1040,No,0.45489054918289185
1041,No,0.4471096396446228
1042,No,0.3200554847717285
1043,No,0.4876146614551544
1044,No,0.3755396902561188
1045,No,0.3684843182563782
1046,No,0.2607376277446747
1047,No,0.46173974871635437
1048,No,0.30895087122917175
1049,No,0.344182550907135
1050,No,0.23259329795837402
1051,No,0.386385977268219
1052,No,0.30600908398628235
1053,Yes,0.5312398672103882
1054,No,0.43101975321769714
1055,Yes,0.5922847390174866
1056,Yes,0.5040940642356873
1057,Yes,0.5213262438774109
1058,No,0.3184630572795868
1059,No,0.4896434247493744
1060,No,0.37726908922195435
1061,No,0.49449828267097473
1062,No,0.4239404797554016
1063,Yes,0.5121836066246033
1064,No,0.41796374320983887
1065,Yes,0.5888516902923584
1066,No,0.4064871370792389
1067,Yes,0.5304680466651917
1068,No,0.3764929473400116
1069,No,0.4531329572200775
1070,No,0.3685302436351776
1071,Yes,0.5359680652618408
1072,No,0.4161873161792755
1073,Yes,0.6542513370513916
1074,Yes,0.5190926194190979
1075,Yes,0.7262346148490906
1076,Yes,0.6078639030456543
1077,Yes,0.6530261039733887
1078,Yes,0.5839869379997253
1079,Yes,0.6669855713844299
1080,Yes,0.5208815336227417
1081,No,0.46540236473083496
1082,No,0.35672256350517273
1083,Yes,0.5338521599769592
1084,No,0.4593130350112915
1085,Yes,0.6472065448760986
1086,No,0.4699516296386719
1087,Yes,0.6138588190078735
1088,No,0.4621224105358124
1089,Yes,0.5638294816017151
1090,No,0.42557474970817566
1091,Yes,0.6114997267723083
1092,No,0.46244677901268005
1093,No,0.352403849363327
1094,No,0.281282514333725
1095,No,0.3916417360305786
1096,No,0.3127691149711609
1097,Yes,0.6002742052078247
1098,Yes,0.5002210736274719
1099,Yes,0.589268147945404
1100,Yes,0.5160585045814514
1101,Yes,0.6606049537658691
1102,Yes,0.561229407787323
1103,Yes,0.628129243850708
1104,No,0.47512078285217285
1105,No,0.2748485505580902
1106,No,0.16847315430641174
1107,No,0.2609824538230896
1108,No,0.19696715474128723
1109,No,0.269773930311203
1110,No,0.20949336886405945
1111,No,0.3140853941440582
1112,No,0.2188122421503067
1113,No,0.2683214247226715
1114,No,0.19836805760860443
1115,No,0.33342990279197693
1116,No,0.23640844225883484
1117,No,0.3553125262260437
1118,No,0.19057214260101318
1119,No,0.3553621172904968
1120,No,0.23522436618804932
1121,No,0.32070019841194153
1122,No,0.2937464416027069
1123,No,0.36253777146339417
1124,No,0.2879105508327484
1125,Yes,0.5063618421554565
1126,No,0.4390559792518616
1127,Yes,0.5128189325332642
1128,No,0.4090777337551117
1129,No,0.3549458980560303
1130,No,0.2714039981365204
1131,No,0.3913881480693817
1132,No,0.27542510628700256
1133,No,0.3827619254589081
1134,No,0.28181371092796326
1135,No,0.33864930272102356
1136,No,0.2355467975139618
1137,Yes,0.6669227480888367
1138,Yes,0.6032573580741882
1139,Yes,0.6766306161880493
1140,Yes,0.6274189949035645
1141,Yes,0.6789389252662659
1142,Yes,0.506959080696106
1143,Yes,0.6789289712905884
1144,Yes,0.550407886505127
1145,No,0.49303266406059265
1146,No,0.4422950744628906
1147,No,0.47304895520210266
1148,No,0.40392956137657166
1149,Yes,0.5267744660377502
1150,Yes,0.5111745595932007
1151,Yes,0.5905764698982239
1152,Yes,0.5271114110946655
1153,Yes,0.7304216027259827
1154,Yes,0.6542561650276184
1155,Yes,0.7328563332557678
1156,No,0.4863906800746918
1157,Yes,0.6711545586585999
1158,No,0.48918724060058594
1159,Yes,0.71331387758255
1160,Yes,0.5571500658988953
1161,Yes,0.5853849053382874
1162,No,0.35907095670700073
1163,Yes,0.6773926019668579
1164,No,0.4375183582305908
1165,Yes,0.7788246870040894
1166,Yes,0.5408998131752014
1167,Yes,0.8076472282409668
1168,Yes,0.503116250038147
1169,Yes,0.547540009021759
1170,No,0.3981713056564331
1171,Yes,0.5456869602203369
1172,No,0.4071272611618042
1173,No,0.33653098344802856
1174,No,0.290217787027359
1175,No,0.43420857191085815
1176,No,0.31812646985054016
1177,Yes,0.5118349194526672
1178,No,0.42782849073410034
1179,Yes,0.5461152791976929
1180,Yes,0.5066309571266174
1181,No,0.455875426530838
1182,Yes,0.5086118578910828
1183,Yes,0.5197065472602844
1184,No,0.4450685977935791
1185,Yes,0.5131821036338806
1186,No,0.4924411177635193
1187,Yes,0.615131139755249
1188,Yes,0.5077672600746155
1189,No,0.37082639336586
1190,No,0.27876973152160645
1191,No,0.4194982051849365
1192,No,0.36877575516700745
1193,No,0.3751235604286194
1194,No,0.2893584370613098
1195,Yes,0.5064024925231934
1196,No,0.42116135358810425
1197,No,0.4400714933872223
1198,No,0.33554524183273315
1199,No,0.4797935485839844
1200,No,0.4065208435058594
1201,Yes,0.6871901750564575
1202,Yes,0.5307755470275879
1203,Yes,0.7188653349876404
1204,Yes,0.5920326113700867
1205,No,0.40806126594543457
1206,No,0.29455941915512085
1207,No,0.4961846172809601
1208,No,0.400084912776947
1209,No,0.43697574734687805
1210,No,0.3395737409591675
1211,No,0.3993052840232849
1212,No,0.3135886788368225
1213,Yes,0.629256010055542
1214,No,0.4572300910949707
1215,Yes,0.5982940793037415
1216,Yes,0.5084730982780457
1217,Yes,0.7161723375320435
1218,Yes,0.5325257182121277
1219,Yes,0.7702301144599915
1220,Yes,0.5432100892066956
1221,Yes,0.6459042429924011
1222,No,0.48368823528289795
1223,Yes,0.6280912756919861
1224,Yes,0.555517315864563
1225,Yes,0.5240532159805298
1226,No,0.34534934163093567
1227,No,0.472669392824173
1228,No,0.3176667392253876
1229,Yes,0.554768443107605
1230,No,0.4259888529777527
1231,Yes,0.5675976872444153
1232,No,0.39822888374328613
1233,Yes,0.5415741801261902
1234,No,0.4163316786289215
1235,Yes,0.6281996369361877
1236,No,0.4241836369037628
1237,Yes,0.6443996429443359
1238,Yes,0.5006407499313354
1239,Yes,0.6834592819213867
1240,Yes,0.5252233743667603
1241,Yes,0.6459042429924011
1242,No,0.48368823528289795
1243,Yes,0.6280912756919861
1244,Yes,0.555517315864563
1245,Yes,0.6120913028717041
1246,No,0.48410874605178833
1247,Yes,0.6941713094711304
1248,No,0.483300119638443
1249,No,0.4289258122444153
1250,No,0.41315966844558716
1251,No,0.45365485548973083
1252,No,0.42829811573028564
1253,Yes,0.5465585589408875
1254,Yes,0.5081351399421692
1255,No,0.48589301109313965
1256,No,0.49807479977607727
1257,No,0.45102789998054504
1258,No,0.3872205913066864
1259,No,0.4237765371799469
1260,No,0.33029356598854065
1261,Yes,0.7021073698997498
1262,Yes,0.5038235783576965
1263,Yes,0.6634935736656189
1264,Yes,0.5271907448768616
1265,No,0.44749540090560913
1266,No,0.39018717408180237
1267,No,0.48116275668144226
1268,No,0.4289899468421936
1269,Yes,0.5502417087554932
1270,No,0.45229682326316833
1271,Yes,0.6045037508010864
1272,Yes,0.5656244158744812
1273,No,0.369149386882782
1274,No,0.41615235805511475
1275,No,0.4606635272502899
1276,No,0.42531618475914
1277,Yes,0.6434674263000488
1278,Yes,0.5813766121864319
1279,Yes,0.6622164845466614
1280,Yes,0.6147369742393494
1281,Yes,0.5664805173873901
1282,No,0.43110233545303345
1283,Yes,0.5901235342025757
1284,No,0.48353347182273865
1285,Yes,0.518347442150116
1286,No,0.4129279851913452
1287,Yes,0.5509148240089417
1288,No,0.4555787444114685
1289,No,0.4974811375141144
1290,Yes,0.5373427867889404
1291,Yes,0.5113110542297363
1292,No,0.468204140663147
1293,No,0.40184643864631653
1294,No,0.3381976783275604
1295,No,0.46656709909439087
1296,No,0.4111853539943695
1297,No,0.49537211656570435
1298,No,0.4058244228363037
1299,Yes,0.5570946931838989
1300,No,0.4701381027698517
1301,Yes,0.7151831984519958
1302,Yes,0.5313635468482971
1303,Yes,0.6638896465301514
1304,Yes,0.6024330258369446
1305,No,0.48263871669769287
1306,No,0.3293716609477997
1307,Yes,0.5424532294273376
1308,No,0.39897677302360535
1309,No,0.4590061902999878
1310,No,0.4092978537082672
1311,Yes,0.5691620707511902
1312,No,0.43533074855804443
1313,No,0.35306811332702637
1314,No,0.1963803619146347
1315,No,0.44387897849082947
1316,No,0.2075040489435196
1317,No,0.4091578423976898
1318,No,0.18835356831550598
1319,No,0.454506516456604
1320,No,0.21416373550891876
1321,No,0.47940894961357117
1322,No,0.23442178964614868
1323,Yes,0.5048137903213501
1324,No,0.2573269009590149
1325,Yes,0.575741708278656
1326,No,0.31467172503471375
1327,Yes,0.5688535571098328
1328,No,0.31640130281448364
1329,Yes,0.6120198369026184
1330,No,0.4236048758029938
1331,Yes,0.6074336171150208
1332,No,0.39652717113494873
1333,Yes,0.6942804455757141
1334,No,0.4602864384651184
1335,Yes,0.7573167085647583
1336,Yes,0.5020915269851685
1337,No,0.35560524463653564
1338,No,0.18646422028541565
1339,No,0.35617607831954956
1340,No,0.1849997192621231
1341,No,0.46168994903564453
1342,No,0.3639265298843384
1343,Yes,0.5063712000846863
1344,No,0.3218045234680176
1345,Yes,0.5227591395378113
1346,No,0.27949175238609314
1347,Yes,0.5356012582778931
1348,No,0.30002984404563904
1349,No,0.4689492881298065
1350,No,0.3126518428325653
1351,Yes,0.5240156650543213
1352,No,0.3581056594848633
1353,Yes,0.5038643479347229
1354,No,0.306122362613678
1355,Yes,0.634138822555542
1356,No,0.3685186803340912
1357,Yes,0.5488950610160828
1358,No,0.46425554156303406
1359,Yes,0.5026670098304749
1360,No,0.30038517713546753
1361,No,0.4710801839828491
1362,No,0.4458962678909302
1363,No,0.49484995007514954
1364,No,0.4336525499820709
1365,Yes,0.556331217288971
1366,No,0.450621634721756
1367,Yes,0.530795156955719
1368,No,0.46317729353904724
1369,Yes,0.567871630191803
1370,No,0.4199690520763397
1371,Yes,0.5524557828903198
1372,No,0.48105260729789734
1373,No,0.4676333963871002
1374,No,0.40765225887298584
1375,No,0.4620608687400818
1376,No,0.43627694249153137
1377,No,0.4151705205440521
1378,No,0.39920657873153687
1379,No,0.41348040103912354
1380,No,0.39740726351737976
1381,Yes,0.5687978267669678
1382,Yes,0.5895487666130066
1383,Yes,0.6290798187255859
1384,Yes,0.581169843673706
1385,Yes,0.5556687712669373
1386,No,0.47081461548805237
1387,Yes,0.5848662257194519
1388,No,0.48030737042427063
1389,Yes,0.5801578164100647
1390,No,0.49836432933807373
1391,Yes,0.5213947892189026
1392,No,0.4707350432872772
1393,No,0.357532799243927
1394,No,0.2659749686717987
1395,No,0.44711148738861084
1396,No,0.31055963039398193
1397,No,0.3541537821292877
1398,No,0.4557577967643738
1399,No,0.40697020292282104
1400,No,0.35485127568244934
1401,No,0.30160191655158997
1402,No,0.23324227333068848
1403,No,0.38486868143081665
1404,No,0.29323235154151917
1405,No,0.48124441504478455
1406,No,0.35895732045173645
1407,No,0.4689839780330658
1408,No,0.2568015456199646
1409,No,0.3858763873577118
1410,No,0.19369137287139893
1411,No,0.3894931375980377
1412,No,0.2649737596511841
1413,No,0.28709155321121216
1414,No,0.26038798689842224
1415,No,0.368105947971344
1416,No,0.2681543231010437
1417,No,0.3059689700603485
1418,No,0.333973228931427
1419,No,0.36632123589515686
1420,No,0.3648523688316345
1421,No,0.467178612947464
1422,No,0.39796459674835205
1423,Yes,0.515112042427063
1424,No,0.3778817355632782
1425,Yes,0.6436682939529419
1426,No,0.47542962431907654
1427,Yes,0.6042523384094238
1428,No,0.44344812631607056
1429,Yes,0.7913256287574768
1430,No,0.42917144298553467
1431,Yes,0.5876248478889465
1432,No,0.4361322820186615
1433,Yes,0.798656702041626
1434,Yes,0.7202821969985962
1435,Yes,0.735886812210083
1436,Yes,0.5598291158676147
1437,Yes,0.6801719665527344
1438,Yes,0.5968837141990662
1439,Yes,0.5359220504760742
1440,No,0.4074762463569641
1441,No,0.3668438196182251
1442,No,0.27159467339515686
1443,No,0.3923805356025696
1444,No,0.29496824741363525
1445,No,0.26903554797172546
1446,No,0.2006998062133789
1447,No,0.28240182995796204
1448,No,0.25325000286102295
1449,No,0.28522467613220215
1450,No,0.2202874720096588
1451,No,0.3228212594985962
1452,No,0.3059108555316925
1453,No,0.45286160707473755
1454,Yes,0.5408377051353455
1455,No,0.48528024554252625
1456,No,0.4958617687225342
1457,No,0.2965523898601532
1458,No,0.2247723937034607
1459,No,0.3342972695827484
1460,No,0.2898704707622528
1461,No,0.32111087441444397
1462,No,0.36366310715675354
1463,No,0.3525383770465851
1464,No,0.3609052002429962
1465,No,0.3019656538963318
1466,No,0.21131151914596558
1467,No,0.24124766886234283
1468,No,0.1887560933828354
1469,No,0.30313676595687866
1470,No,0.2987026274204254
1471,No,0.33608224987983704
1472,No,0.31699711084365845
1473,Yes,0.5699089169502258
1474,Yes,0.5076526999473572
1475,Yes,0.6597055792808533
1476,Yes,0.5545063018798828
1477,Yes,0.539496123790741
1478,Yes,0.5399400591850281
1479,Yes,0.5738192796707153
1480,Yes,0.5014175772666931
1481,No,0.41171902418136597
1482,Yes,0.501961350440979
1483,No,0.38258060812950134
1484,No,0.3553737998008728
1485,Yes,0.791325032711029
1486,Yes,0.7221554517745972
1487,Yes,0.7686358094215393
1488,Yes,0.6181570291519165
1489,No,0.3289531469345093
1490,No,0.29437610507011414
1491,No,0.2972716689109802
1492,No,0.2858855128288269
1493,No,0.3655078411102295
1494,No,0.3640890121459961
1495,No,0.4020233452320099
1496,No,0.36206984519958496
1497,No,0.41171902418136597
1498,Yes,0.501961350440979
1499,No,0.38258060812950134
1500,No,0.3553737998008728
1501,Yes,0.6309542655944824
1502,No,0.31448882818222046
1503,No,0.38473406434059143
1504,No,0.3080715537071228
1505,Yes,0.5920155644416809
1506,Yes,0.5181776285171509
1507,Yes,0.7155779600143433
1508,Yes,0.5788138508796692
1509,Yes,0.6415190100669861
1510,Yes,0.5900338888168335
1511,Yes,0.6988151669502258
1512,Yes,0.6010192632675171
1513,Yes,0.5526806712150574
1514,No,0.4450046420097351
1515,Yes,0.6222756505012512
1516,No,0.5002998113632202
1517,Yes,0.6835213899612427
1518,Yes,0.5911139845848083
1519,Yes,0.7139907479286194
1520,Yes,0.5970394611358643
1521,No,0.35099610686302185
1522,No,0.23837505280971527
1523,No,0.33757808804512024
1524,No,0.2737243175506592
1525,No,0.3292332887649536
1526,No,0.2801237106323242
1527,No,0.3469582498073578
1528,No,0.3037291169166565
1529,Yes,0.5552639961242676
1530,No,0.4510207176208496
1531,Yes,0.5925779938697815
1532,Yes,0.5116029977798462
1533,Yes,0.5070114731788635
1534,No,0.47859513759613037
1535,Yes,0.5446499586105347
1536,No,0.43645158410072327
1537,No,0.3488198220729828
1538,No,0.4040135145187378
1539,No,0.3249058425426483
1540,No,0.35249456763267517
1541,No,0.3686809241771698
1542,No,0.44897690415382385
1543,No,0.32696327567100525
1544,No,0.43622317910194397
1545,No,0.3359234035015106
1546,No,0.28659293055534363
1547,No,0.2553436756134033
1548,No,0.29109659790992737
1549,No,0.4188879430294037
1550,No,0.32322221994400024
1551,No,0.256570428609848
1552,No,0.2960188090801239
1553,No,0.40084269642829895
1554,No,0.426356703042984
1555,No,0.32897326350212097
1556,No,0.39006635546684265
1557,No,0.40012088418006897
1558,No,0.3692416548728943
1559,No,0.3946619927883148
1560,No,0.4218734800815582
1561,No,0.2878660559654236
1562,No,0.38885071873664856
1563,No,0.38521406054496765
1564,No,0.4690338671207428
1565,No,0.23831407725811005
1566,No,0.362403005361557
1567,No,0.2769760191440582
1568,No,0.3446636497974396
1569,No,0.3468403220176697
1570,No,0.2436087727546692
1571,No,0.34057894349098206
1572,No,0.24836258590221405
1573,No,0.4559764862060547
1574,No,0.2982277572154999
1575,No,0.42482075095176697
1576,No,0.3032437860965729
1577,Yes,0.5136769413948059
1578,No,0.378700315952301
1579,Yes,0.5199009776115417
1580,No,0.38176193833351135
1581,No,0.423713356256485
1582,No,0.3413875997066498
1583,No,0.4341451823711395
1584,No,0.3146110475063324
1585,No,0.3578983545303345
1586,No,0.27372071146965027
1587,No,0.34205469489097595
1588,No,0.28845736384391785
1589,Yes,0.5142189860343933
1590,No,0.35625556111335754
1591,Yes,0.5127472877502441
1592,No,0.3906404674053192
1593,No,0.40012553334236145
1594,No,0.38518473505973816
1595,No,0.3946155309677124
1596,No,0.3173232674598694
1597,No,0.4256030321121216
1598,No,0.3771698772907257
1599,No,0.4415607452392578
1600,No,0.33188343048095703
1601,No,0.472173273563385
1602,No,0.2804988920688629
1603,No,0.45832666754722595
1604,No,0.32784605026245117
1605,Yes,0.6285336017608643
1606,No,0.38791850209236145
1607,Yes,0.5896661281585693
1608,No,0.40459108352661133
1609,Yes,0.8043080568313599
1610,Yes,0.5722175240516663
1611,Yes,0.6838060021400452
1612,Yes,0.5587355494499207
1613,Yes,0.5694904327392578
1614,No,0.4035346508026123
1615,Yes,0.6156494617462158
1616,No,0.42740190029144287
1617,No,0.36061862111091614
1618,No,0.35785433650016785
1619,No,0.38544464111328125
1620,No,0.385787695646286
1621,No,0.2951961159706116
1622,No,0.2792552709579468
1623,No,0.31738919019699097
1624,No,0.31799787282943726
1625,No,0.34185874462127686
1626,Yes,0.5128889083862305
1627,No,0.3561984598636627
1628,No,0.3684535026550293
1629,Yes,0.6091662645339966
1630,Yes,0.5724079012870789
1631,Yes,0.6458740830421448
1632,Yes,0.6142370104789734
1633,No,0.4022976756095886
1634,No,0.34614652395248413
1635,No,0.3844251036643982
1636,No,0.29231297969818115
1637,No,0.3101605176925659
1638,No,0.27891767024993896
1639,No,0.329170823097229
1640,No,0.3083643615245819
1641,No,0.4235133230686188
1642,No,0.3622821271419525
1643,No,0.4158436954021454
1644,No,0.344936728477478
1645,No,0.3362058699131012
1646,No,0.2987176775932312
1647,No,0.3888076841831207
1648,No,0.3071519136428833
1649,No,0.3362058699131012
1650,No,0.2987176775932312
1651,No,0.3888076841831207
1652,No,0.3071519136428833
1653,No,0.42367610335350037
1654,No,0.3916369676589966
1655,No,0.4189743399620056
1656,No,0.32904088497161865
1657,No,0.38450804352760315
1658,No,0.4077749252319336
1659,No,0.42552316188812256
1660,No,0.44613921642303467
1661,Yes,0.5056903958320618
1662,No,0.3944835960865021
1663,No,0.47194400429725647
1664,No,0.3892754912376404
1665,Yes,0.638757050037384
1666,No,0.4270104169845581
1667,Yes,0.507770299911499
1668,No,0.37253081798553467
1669,Yes,0.5353940725326538
1670,Yes,0.5127082467079163
1671,Yes,0.6002287268638611
1672,No,0.48768189549446106
1673,No,0.447952538728714
1674,No,0.45110762119293213
1675,Yes,0.5633745789527893
1676,No,0.4505296051502228
1677,No,0.32002851366996765
1678,No,0.28806596994400024
1679,No,0.4123312532901764
1680,No,0.3210553228855133
1681,Yes,0.5714274644851685
1682,No,0.41946807503700256
1683,Yes,0.5290985703468323
1684,No,0.4425992965698242
1685,Yes,0.49944034218788147
1686,No,0.4018988609313965
1687,Yes,0.5275631546974182
1688,No,0.44059476256370544
1689,Yes,0.5654908418655396
1690,No,0.49406126141548157
1691,Yes,0.629525899887085
1692,Yes,0.5532922744750977
1693,Yes,0.5550203323364258
1694,Yes,0.5518988966941833
1695,Yes,0.5712868571281433
1696,Yes,0.5533703565597534
1697,No,0.4665244519710541
1698,Yes,0.5616663694381714
1699,Yes,0.5933765172958374
1700,Yes,0.523221492767334
1701,Yes,0.6233702898025513
1702,Yes,0.5671258568763733
1703,Yes,0.6436920762062073
1704,Yes,0.6496128439903259
1705,No,0.4094197750091553
1706,No,0.4340195655822754
1707,Yes,0.519357442855835
1708,No,0.47234398126602173
1709,Yes,0.6164175271987915
1710,No,0.42878589034080505
1711,Yes,0.5397235751152039
1712,No,0.47511932253837585
1713,Yes,0.5495798587799072
1714,No,0.4554220736026764
1715,Yes,0.5236968994140625
1716,No,0.4887324869632721
1717,No,0.49063190817832947
1718,No,0.36158138513565063
1719,Yes,0.5146130323410034
1720,No,0.4179697632789612
1721,No,0.3126666843891144
1722,No,0.31575486063957214
1723,No,0.3626566529273987
1724,No,0.3554002046585083
1725,No,0.490117609500885
1726,No,0.43724656105041504
1727,Yes,0.5646929740905762
1728,Yes,0.5352096557617188
1729,Yes,0.5795897245407104
1730,No,0.3828129172325134
1731,Yes,0.5993766188621521
1732,No,0.44953519105911255
1733,Yes,0.6635782718658447
1734,Yes,0.5744597315788269
1735,Yes,0.7268157601356506
1736,Yes,0.5758956074714661
1737,Yes,0.5374411940574646
1738,No,0.46898403763771057
1739,Yes,0.7015624642372131
1740,Yes,0.5599977970123291
1741,No,0.4500237703323364
1742,No,0.3571304976940155
1743,Yes,0.5207255482673645
1744,No,0.4200625717639923
1745,Yes,0.5632877349853516
1746,Yes,0.5095989108085632
1747,Yes,0.5227470993995667
1748,No,0.48852887749671936
1749,Yes,0.6873744130134583
1750,Yes,0.5262505412101746
1751,Yes,0.6983708739280701
1752,Yes,0.5494964718818665
1753,Yes,0.5872828960418701
1754,No,0.42063868045806885
1755,Yes,0.5664096474647522
1756,No,0.46929267048835754
1757,Yes,0.6694574356079102
1758,No,0.4915800094604492
1759,Yes,0.6308683753013611
1760,Yes,0.5509158372879028
1761,No,0.1790049970149994
1762,No,0.28366661071777344
1763,No,0.19699162244796753
1764,No,0.18861357867717743
1765,No,0.253900408744812
1766,No,0.19042061269283295
1767,No,0.22033873200416565
1768,No,0.1833021342754364
1769,No,0.17776072025299072
1770,No,0.24745143949985504
1771,No,0.22900626063346863
1772,No,0.23123390972614288
1773,No,0.28400906920433044
1774,No,0.22920332849025726
1775,No,0.2602550983428955
1776,No,0.21565981209278107
1777,No,0.1382758915424347
1778,No,0.12484244257211685
1779,No,0.13410744071006775
1780,No,0.1323927789926529
1781,No,0.2971605658531189
1782,No,0.29930609464645386
1783,No,0.3202095329761505
1784,No,0.3187890350818634
1785,No,0.3063625395298004
1786,No,0.2601877450942993
1787,No,0.2814858853816986
1788,No,0.25499001145362854
1789,No,0.317658007144928
1790,No,0.2258567214012146
1791,No,0.25756990909576416
1792,No,0.2131330668926239
1793,Yes,0.5034835338592529
1794,No,0.433194100856781
1795,No,0.4662058353424072
1796,No,0.44936883449554443
1797,No,0.29081010818481445
1798,No,0.2071681022644043
1799,No,0.2837989628314972
1800,No,0.2688513398170471
1801,No,0.3296961188316345
1802,No,0.3480522632598877
1803,No,0.3245997726917267
1804,No,0.3291228413581848
1805,No,0.31087711453437805
1806,No,0.23781123757362366
1807,No,0.320611834526062
1808,No,0.2949697971343994
1809,Yes,0.6349777579307556
1810,Yes,0.5023000240325928
1811,Yes,0.641538679599762
1812,No,0.4677561819553375
1813,Yes,0.5038331747055054
1814,No,0.44143813848495483
1815,Yes,0.5513710379600525
1816,No,0.45165741443634033
1817,Yes,0.809914767742157
1818,Yes,0.7336633801460266
1819,Yes,0.8399926424026489
1820,Yes,0.7024281620979309
1821,Yes,0.56058669090271
1822,No,0.41138237714767456
1823,Yes,0.5701797604560852
1824,No,0.39887067675590515
1825,No,0.43113258481025696
1826,No,0.35194239020347595
1827,Yes,0.5216026306152344
1828,No,0.4433155953884125
1829,Yes,0.6998883485794067
1830,Yes,0.512405514717102
1831,Yes,0.7157512307167053
1832,Yes,0.5695183873176575
1833,Yes,0.748741865158081
1834,Yes,0.6657195687294006
1835,Yes,0.7470821142196655
1836,Yes,0.6415045261383057
1837,Yes,0.5317357778549194
1838,No,0.4157857298851013
1839,Yes,0.5360926985740662
1840,No,0.37433457374572754
1841,No,0.3984651267528534
1842,No,0.250743567943573
1843,No,0.3953484296798706
1844,No,0.3075052797794342
1845,Yes,0.5652792453765869
1846,Yes,0.6456403732299805
1847,Yes,0.6695786714553833
1848,Yes,0.6083759665489197
1849,Yes,0.5719782710075378
1850,No,0.429740309715271
1851,Yes,0.646567702293396
1852,No,0.4661608934402466
1853,Yes,0.5496399998664856
1854,No,0.4852777123451233
1855,Yes,0.6081792116165161
1856,Yes,0.5064470767974854
1857,Yes,0.6772726774215698
1858,Yes,0.5691026449203491
1859,Yes,0.7398408651351929
1860,Yes,0.6146584153175354
1861,Yes,0.50960373878479
1862,Yes,0.5009122490882874
1863,Yes,0.5706576108932495
1864,No,0.4842667281627655
1865,No,0.45511528849601746
1866,No,0.3629772365093231
1867,No,0.4930903911590576
1868,No,0.39808449149131775
1869,Yes,0.6319499015808105
1870,Yes,0.5844921469688416
1871,Yes,0.6998426914215088
1872,Yes,0.5807364583015442
1873,No,0.25330498814582825
1874,No,0.3628638684749603
1875,No,0.3205650746822357
1876,No,0.21234898269176483
1877,No,0.32211798429489136
1878,No,0.2674068212509155
1879,No,0.3994347155094147
1880,No,0.31002599000930786
1881,No,0.37256452441215515
1882,No,0.17080017924308777
1883,No,0.32411283254623413
1884,No,0.20345549285411835
1885,No,0.18158848583698273
1886,No,0.2134077548980713
1887,No,0.2110375612974167
1888,No,0.1540384590625763
1889,No,0.47337064146995544
1890,No,0.39530429244041443
1891,No,0.4524862468242645
1892,No,0.3421623706817627
1893,No,0.300048291683197
1894,No,0.31048762798309326
1895,No,0.3290141224861145
1896,No,0.2572740316390991
1897,No,0.34141722321510315
1898,No,0.2027667760848999
1899,No,0.34690338373184204
1900,No,0.23860274255275726
1901,No,0.4903389811515808
1902,No,0.20055627822875977
1903,No,0.3539499342441559
1904,No,0.21551311016082764
1905,No,0.4512041509151459
1906,No,0.3206927180290222
1907,No,0.44909027218818665
1908,No,0.37953534722328186
1909,No,0.3134359121322632
1910,No,0.19195660948753357
1911,No,0.39256060123443604
1912,No,0.2504652142524719
1913,No,0.413257360458374
1914,No,0.24365165829658508
1915,No,0.41306108236312866
1916,No,0.25874122977256775
1917,No,0.3334750533103943
1918,No,0.25276026129722595
1919,No,0.3342767655849457
1920,No,0.25377005338668823
1921,No,0.37271836400032043
1922,No,0.3034236431121826
1923,No,0.45507633686065674
1924,No,0.3293578624725342
1925,No,0.4285706579685211
1926,No,0.24553056061267853
1927,No,0.44944795966148376
1928,No,0.25004398822784424
1929,No,0.23332473635673523
1930,No,0.1902727484703064
1931,No,0.2644091844558716
1932,No,0.16736561059951782
1933,No,0.15713590383529663
1934,No,0.1178814023733139
1935,No,0.1924891322851181
1936,No,0.11165081709623337
1937,Yes,0.5021926760673523
1938,No,0.37866827845573425
1939,Yes,0.561663806438446
1940,No,0.39676162600517273
1941,No,0.45512884855270386
1942,No,0.259305864572525
1943,No,0.4543101489543915
1944,No,0.351662278175354
1945,No,0.4918622076511383
1946,No,0.38681691884994507
1947,Yes,0.5730887651443481
1948,No,0.43814340233802795
1949,Yes,0.5978990197181702
1950,No,0.47188371419906616
1951,Yes,0.6873014569282532
1952,No,0.476326584815979
1953,Yes,0.5006113648414612
1954,No,0.4055354595184326
1955,Yes,0.6382139921188354
1956,Yes,0.5569353103637695
1957,Yes,0.5745425820350647
1958,No,0.3442227840423584
1959,Yes,0.6419118046760559
1960,No,0.38358789682388306
1961,Yes,0.7528989315032959
1962,Yes,0.549666702747345
1963,Yes,0.7897832989692688
1964,Yes,0.5711601972579956
1965,Yes,0.641684353351593
1966,Yes,0.5174084901809692
1967,Yes,0.5888157486915588
1968,No,0.40705209970474243
1969,No,0.4098236858844757
1970,No,0.36914241313934326
1971,No,0.4315538704395294
1972,No,0.4024505913257599
1973,No,0.4692365527153015
1974,No,0.3938342332839966
1975,Yes,0.5080428123474121
1976,No,0.4234616458415985
1977,No,0.3267676830291748
1978,No,0.2764244079589844
1979,No,0.354655921459198
1980,No,0.29621952772140503
1981,No,0.410367488861084
1982,No,0.4651254713535309
1983,No,0.4391826093196869
1984,No,0.4480714797973633
1985,No,0.44988104701042175
1986,No,0.4276845455169678
1987,No,0.4276330769062042
1988,No,0.44367361068725586
1989,Yes,0.5795212984085083
1990,No,0.4638442099094391
1991,No,0.49901285767555237
1992,No,0.4668714106082916
1993,Yes,0.606482207775116
1994,No,0.4522415101528168
1995,Yes,0.5836350917816162
1996,Yes,0.5163072943687439
1997,Yes,0.5020325779914856
1998,No,0.4813917279243469
1999,Yes,0.6033325791358948
2000,Yes,0.5294445753097534
2001,Yes,0.5440568923950195
2002,No,0.36720359325408936
2003,Yes,0.5213660597801208
2004,No,0.437541127204895
2005,Yes,0.6146199703216553
2006,Yes,0.6467180848121643
2007,Yes,0.5658539533615112
2008,No,0.48040342330932617
2009,Yes,0.5661860704421997
2010,No,0.4272714853286743
2011,Yes,0.5839877128601074
2012,No,0.45319080352783203
2013,No,0.48747485876083374
2014,No,0.397290974855423
2015,Yes,0.5202301144599915
2016,No,0.45901262760162354
2017,Yes,0.8263753056526184
2018,No,0.37335920333862305
2019,Yes,0.863859236240387
2020,No,0.3950260579586029
2021,Yes,0.6643505096435547
2022,No,0.2881941497325897
2023,Yes,0.7969160676002502
2024,No,0.3400631844997406
2025,Yes,0.9450077414512634
2026,Yes,0.6338878273963928
2027,Yes,0.9353238940238953
2028,Yes,0.6887626647949219
2029,Yes,0.7939409017562866
2030,No,0.4074702262878418
2031,Yes,0.7980506420135498
2032,No,0.31081077456474304
2033,Yes,0.8372772336006165
2034,Yes,0.5206976532936096
2035,Yes,0.8972305655479431
2036,Yes,0.5719572901725769
2037,Yes,0.6476799249649048
2038,No,0.38296306133270264
2039,Yes,0.7733860015869141
2040,No,0.3790544271469116
2041,Yes,0.6243834495544434
2042,No,0.28859248757362366
2043,Yes,0.7619866728782654
2044,No,0.39541035890579224
2045,Yes,0.6857607364654541
2046,No,0.2711813747882843
2047,Yes,0.766392707824707
2048,No,0.3465122580528259
2049,Yes,0.7960702776908875
2050,No,0.26623862981796265
2051,Yes,0.8435559868812561
2052,No,0.3146759271621704
2053,Yes,0.8276827931404114
2054,No,0.463018536567688
2055,Yes,0.8584704399108887
2056,No,0.4987276792526245
2057,Yes,0.8736131191253662
2058,Yes,0.6644809246063232
2059,Yes,0.8822673559188843
2060,No,0.49846845865249634
2061,Yes,0.900012731552124
2062,Yes,0.5371364951133728
2063,Yes,0.8942966461181641
2064,Yes,0.5762702226638794
2065,Yes,0.606467604637146
2066,No,0.22065433859825134
2067,Yes,0.7263579964637756
2068,No,0.24788081645965576
2069,Yes,0.7801558375358582
2070,No,0.39177703857421875
2071,Yes,0.8229063153266907
2072,No,0.3993876874446869
2073,Yes,0.8840842247009277
2074,Yes,0.5431020259857178
2075,Yes,0.910527229309082
2076,Yes,0.5883751511573792
2077,Yes,0.6243834495544434
2078,No,0.28859248757362366
2079,Yes,0.7619866728782654
2080,No,0.39541035890579224
2081,Yes,0.5828362703323364
2082,No,0.34343498945236206
2083,Yes,0.5635115504264832
2084,No,0.4017356336116791
2085,Yes,0.6813295483589172
2086,No,0.48838338255882263
2087,Yes,0.6832916140556335
2088,Yes,0.5405413508415222
2089,Yes,0.5982580184936523
2090,No,0.4930090010166168
2091,Yes,0.61371910572052
2092,No,0.4891401529312134
2093,Yes,0.7654109597206116
2094,Yes,0.5779147148132324
2095,Yes,0.7837741374969482
2096,Yes,0.6217443943023682
2097,No,0.36783960461616516
2098,No,0.2901047468185425
2099,No,0.42300641536712646
2100,No,0.3222659230232239
2101,No,0.3686051368713379
2102,No,0.3251810371875763
2103,No,0.39910534024238586
2104,No,0.33117055892944336
2105,No,0.3183552920818329
2106,No,0.24455857276916504
2107,No,0.3315330445766449
2108,No,0.2729187607765198
2109,No,0.26601505279541016
2110,No,0.2496003806591034
2111,No,0.35468241572380066
2112,No,0.28918617963790894
2113,No,0.4924785792827606
2114,No,0.4298843443393707
2115,No,0.44898301362991333
2116,No,0.3732253909111023
2117,No,0.3590243458747864
2118,No,0.24169395864009857
2119,No,0.3449578881263733
2120,No,0.29816293716430664
2121,No,0.37515854835510254
2122,No,0.29515308141708374
2123,No,0.4201684594154358
2124,No,0.3251141905784607
2125,No,0.29781460762023926
2126,No,0.2599632143974304
2127,No,0.3317210078239441
2128,No,0.28225719928741455
2129,No,0.3783706724643707
2130,No,0.252640038728714
2131,No,0.4133555591106415
2132,No,0.28120505809783936
2133,Yes,0.648101270198822
2134,No,0.4221160411834717
2135,Yes,0.5464411377906799
2136,No,0.4103543162345886
2137,No,0.3747688829898834
2138,No,0.3044816851615906
2139,No,0.38992536067962646
2140,No,0.322252482175827
2141,No,0.42030251026153564
2142,No,0.41383102536201477
2143,No,0.4845895767211914
2144,No,0.4150063693523407
2145,No,0.361104279756546
2146,No,0.3567284643650055
2147,No,0.4957817494869232
2148,No,0.41951918601989746
2149,No,0.454351007938385
2150,No,0.3007456362247467
2151,No,0.44945451617240906
2152,No,0.33199092745780945
2153,No,0.43987226486206055
2154,Yes,0.5510876178741455
2155,No,0.4431385099887848
2156,No,0.4358990490436554
2157,No,0.4196004867553711
2158,No,0.29954877495765686
2159,No,0.46361109614372253
2160,No,0.41661861538887024
2161,Yes,0.5300390720367432
2162,No,0.45930221676826477
2163,No,0.45980149507522583
2164,No,0.3550255000591278
2165,No,0.47764357924461365
2166,No,0.416509747505188
2167,Yes,0.5240241885185242
2168,No,0.45188769698143005
2169,No,0.48555269837379456
2170,Yes,0.5145684480667114
2171,Yes,0.5311124920845032
2172,No,0.41526705026626587
2173,No,0.38824135065078735
2174,No,0.32406842708587646
2175,No,0.47045445442199707
2176,No,0.39018723368644714
2177,Yes,0.5029662251472473
2178,No,0.45202401280403137
2179,Yes,0.5222465395927429
2180,No,0.45439836382865906
2181,No,0.3356187343597412
2182,No,0.3677420914173126
2183,No,0.37977901101112366
2184,No,0.35947760939598083
2185,Yes,0.6336960196495056
2186,Yes,0.6474804878234863
2187,Yes,0.6142034530639648
2188,Yes,0.5699142217636108
2189,No,0.41104230284690857
2190,No,0.4242247939109802
2191,No,0.44169995188713074
2192,No,0.4152669608592987
2193,No,0.21719743311405182
2194,No,0.3108961284160614
2195,No,0.2406957894563675
2196,No,0.2518891394138336
2197,No,0.4289649426937103
2198,Yes,0.5434430837631226
2199,No,0.4943477511405945
2200,Yes,0.5291348695755005
2201,No,0.2610371708869934
2202,No,0.31709223985671997
2203,No,0.24869920313358307
2204,No,0.2603631019592285
2205,No,0.44743528962135315
2206,No,0.4179929196834564
2207,No,0.46125954389572144
2208,No,0.42771244049072266
2209,Yes,0.5685549974441528
2210,Yes,0.5861875414848328
2211,Yes,0.5712114572525024
2212,Yes,0.5623959898948669
2213,No,0.2289017289876938
2214,No,0.280657559633255
2215,No,0.32240942120552063
2216,No,0.2825610935688019
2217,No,0.3943885266780853
2218,No,0.40327709913253784
2219,No,0.47328782081604004
2220,No,0.3960322439670563
2221,No,0.39061495661735535
2222,No,0.20444491505622864
2223,No,0.291776180267334
2224,No,0.22179152071475983
2225,Yes,0.7399698495864868
2226,Yes,0.5502172112464905
2227,Yes,0.7150458693504333
2228,Yes,0.5152063965797424
2229,Yes,0.5626712441444397
2230,No,0.45609694719314575
2231,Yes,0.6175293326377869
2232,No,0.4149619936943054
2233,Yes,0.7441883683204651
2234,Yes,0.5807482600212097
2235,Yes,0.7480327486991882
2236,Yes,0.5209042429924011
2237,Yes,0.6989213824272156
2238,Yes,0.538395881652832
2239,Yes,0.6954775452613831
2240,No,0.49175435304641724
2241,Yes,0.6295674443244934
2242,Yes,0.5499686002731323
2243,Yes,0.6158734560012817
2244,Yes,0.49986180663108826
2245,No,0.3371574580669403
2246,No,0.43958333134651184
2247,No,0.4139461815357208
2248,No,0.3543556332588196
2249,Yes,0.5184364318847656
2250,No,0.46610909700393677
2251,Yes,0.618013322353363
2252,Yes,0.5023729801177979
2253,No,0.3486660420894623
2254,No,0.49530187249183655
2255,No,0.4098852276802063
2256,No,0.37249991297721863
2257,No,0.4255913496017456
2258,No,0.4841024577617645
2259,Yes,0.5267274379730225
2260,No,0.47477713227272034
2261,No,0.39217856526374817
2262,No,0.344682514667511
2263,No,0.46162858605384827
2264,No,0.3104325830936432
2265,No,0.4866234064102173
2266,No,0.4255671501159668
2267,Yes,0.5370354652404785
2268,No,0.3887881338596344
2269,No,0.37935173511505127
2270,No,0.36382856965065
2271,No,0.36201295256614685
2272,No,0.297248512506485
2273,No,0.46766120195388794
2274,No,0.38143911957740784
2275,Yes,0.524692177772522
2276,No,0.3639671802520752
2277,Yes,0.5972572565078735
2278,No,0.42821088433265686
2279,Yes,0.5633391737937927
2280,No,0.4385364055633545
2281,Yes,0.533887505531311
2282,No,0.47541579604148865
2283,Yes,0.5988467335700989
2284,No,0.44032055139541626
2285,No,0.4844917058944702
2286,No,0.3633999228477478
2287,Yes,0.6061190366744995
2288,No,0.40721404552459717
2289,No,0.2891601026058197
2290,No,0.3935794532299042
2291,No,0.28658515214920044
2292,No,0.3593692481517792
2293,No,0.3306979537010193
2294,No,0.36503511667251587
2295,No,0.27960988879203796
2296,No,0.32011330127716064
2297,No,0.29351356625556946
2298,No,0.3001994788646698
2299,No,0.2866341471672058
2300,No,0.3313070833683014
2301,No,0.34239357709884644
2302,No,0.2751111388206482
2303,No,0.3450366258621216
2304,No,0.3691764175891876
2305,Yes,0.6255491375923157
2306,Yes,0.5294021964073181
2307,Yes,0.6568130850791931
2308,Yes,0.5824815630912781
2309,Yes,0.718717634677887
2310,Yes,0.5446939468383789
2311,Yes,0.7241014838218689
2312,Yes,0.575167715549469
2313,Yes,0.5797094702720642
2314,No,0.4417310655117035
2315,Yes,0.5358496904373169
2316,No,0.48980939388275146
2317,Yes,0.49962571263313293
2318,No,0.35795390605926514
2319,No,0.45725610852241516
2320,No,0.32272398471832275
2321,No,0.43228113651275635
2322,No,0.3706267476081848
2323,Yes,0.586314857006073
2324,No,0.4888443946838379
2325,No,0.43315523862838745
2326,No,0.3977627754211426
2327,Yes,0.6095357537269592
2328,Yes,0.5635438561439514
2329,Yes,0.5619592666625977
2330,No,0.44597795605659485
2331,Yes,0.6029688715934753
2332,No,0.4558809697628021
2333,No,0.3773287534713745
2334,No,0.3361491560935974
2335,No,0.42525455355644226
2336,No,0.37780091166496277
2337,No,0.3326111137866974
2338,No,0.3220744729042053
2339,No,0.38963356614112854
2340,No,0.3403800129890442
2341,Yes,0.5542690753936768
2342,No,0.4309469759464264
2343,Yes,0.608680248260498
2344,No,0.46098417043685913
2345,Yes,0.5631142258644104
2346,No,0.4944929778575897
2347,Yes,0.584492027759552
2348,Yes,0.5428667068481445
2349,Yes,0.5817924737930298
2350,Yes,0.4981268346309662
2351,Yes,0.6490179300308228
2352,Yes,0.5242237448692322
2353,No,0.403188556432724
2354,No,0.43532419204711914
2355,Yes,0.5497937202453613
2356,Yes,0.5207802057266235
2357,No,0.46804606914520264
2358,No,0.2883049249649048
2359,No,0.3638436794281006
2360,No,0.3013171851634979
2361,Yes,0.5490310788154602
2362,No,0.47989988327026367
2363,No,0.4692702889442444
2364,No,0.47022557258605957
2365,No,0.27057725191116333
2366,No,0.23972049355506897
2367,No,0.28191307187080383
2368,No,0.27588948607444763
2369,No,0.4168735444545746
2370,No,0.3347156047821045
2371,No,0.3801954686641693
2372,No,0.36320093274116516
2373,Yes,0.530870258808136
2374,No,0.4051457643508911
2375,Yes,0.5070387125015259
2376,No,0.40661880373954773
2377,No,0.3867817521095276
2378,No,0.277385413646698
2379,No,0.35039928555488586
2380,No,0.298582524061203
2381,No,0.4848361015319824
2382,No,0.45751315355300903
2383,Yes,0.5043509006500244
2384,No,0.4186212718486786
2385,No,0.3596317172050476
2386,No,0.39889898896217346
2387,No,0.3627132475376129
2388,No,0.3645557463169098
2389,No,0.35016801953315735
2390,No,0.30779212713241577
2391,No,0.40240478515625
2392,No,0.3654337525367737
2393,Yes,0.5040257573127747
2394,No,0.38821738958358765
2395,Yes,0.5197622179985046
2396,No,0.41484135389328003
2397,Yes,0.55925452709198
2398,Yes,0.5924018621444702
2399,No,0.49961987137794495
2400,No,0.4524906873703003
2401,Yes,0.5150231122970581
2402,No,0.34505531191825867
2403,Yes,0.60319584608078
2404,No,0.4150547385215759
2405,Yes,0.5097476840019226
2406,No,0.3373314142227173
2407,Yes,0.5982775092124939
2408,No,0.42542940378189087
2409,Yes,0.7079644203186035
2410,Yes,0.5905777812004089
2411,Yes,0.8068076372146606
2412,Yes,0.7004509568214417
2413,Yes,0.6365315914154053
2414,No,0.3586021363735199
2415,Yes,0.6727477312088013
2416,No,0.4385376572608948
2417,Yes,0.5484721064567566
2418,No,0.4171907603740692
2419,Yes,0.5789748430252075
2420,No,0.4701244831085205
2421,No,0.36300891637802124
2422,No,0.2679186761379242
2423,No,0.36946365237236023
2424,No,0.2809242606163025
2425,No,0.3144954442977905
2426,No,0.21681225299835205
2427,No,0.2930695414543152
2428,No,0.22985956072807312
2429,No,0.4887763261795044
2430,No,0.3586137890815735
2431,No,0.49058184027671814
2432,No,0.3805234134197235
2433,Yes,0.6040132641792297
2434,No,0.3836342990398407
2435,Yes,0.5476281642913818
2436,No,0.4194951057434082
2437,No,0.3301665484905243
2438,No,0.30394235253334045
2439,No,0.4621884226799011
2440,No,0.33517518639564514
2441,No,0.39290153980255127
2442,No,0.28328317403793335
2443,No,0.40857958793640137
2444,No,0.38951918482780457
2445,No,0.4428446590900421
2446,No,0.3832697570323944
2447,No,0.4796871542930603
2448,No,0.3825114369392395
2449,Yes,0.7383052706718445
2450,Yes,0.5126770734786987
2451,Yes,0.7462359070777893
2452,Yes,0.5696786046028137
2453,Yes,0.6624549031257629
2454,No,0.4727259874343872
2455,Yes,0.6922214031219482
2456,Yes,0.5116177201271057
2457,Yes,0.5553115606307983
2458,No,0.40578770637512207
2459,Yes,0.7114673256874084
2460,Yes,0.5221707820892334
2461,Yes,0.6641170382499695
2462,Yes,0.5694235563278198
2463,Yes,0.6603603959083557
2464,Yes,0.5640939474105835
2465,No,0.4924860894680023
2466,No,0.25248265266418457
2467,No,0.2922878563404083
2468,No,0.26934710144996643
2469,No,0.2881554961204529
2470,No,0.19060680270195007
2471,No,0.24636201560497284
2472,No,0.20857077836990356
2473,No,0.35187599062919617
2474,No,0.3211154639720917
2475,No,0.3254804015159607
2476,No,0.3459431231021881
2477,No,0.4159940779209137
2478,No,0.350982666015625
2479,No,0.454359233379364
2480,No,0.36568349599838257
2481,No,0.3066370487213135
2482,No,0.22196844220161438
2483,No,0.26600995659828186
2484,No,0.24237987399101257
2485,No,0.35388028621673584
2486,No,0.2507063150405884
2487,No,0.34273871779441833
2488,No,0.3065113425254822
2489,No,0.2619589865207672
2490,No,0.21031759679317474
2491,No,0.27861353754997253
2492,No,0.22674241662025452
2493,No,0.38219913840293884
2494,No,0.33820798993110657
2495,No,0.3954046368598938
2496,No,0.3197290897369385
2497,No,0.38255923986434937
2498,No,0.33546188473701477
2499,No,0.3881895840167999
2500,No,0.3294086158275604
2501,No,0.44242703914642334
2502,No,0.31487351655960083
2503,No,0.41036951541900635
2504,No,0.30887317657470703
2505,No,0.25177666544914246
2506,No,0.19145995378494263
2507,No,0.25988534092903137
2508,No,0.21668893098831177
2509,No,0.2723878026008606
2510,No,0.24572022259235382
2511,No,0.3057544529438019
2512,No,0.24381478130817413
2513,No,0.2779090702533722
2514,No,0.2664991319179535
2515,No,0.22721543908119202
2516,No,0.2265976369380951
2517,No,0.4140335023403168
2518,Yes,0.557149350643158
2519,No,0.3594920337200165
2520,No,0.3735179603099823
2521,No,0.3696499168872833
2522,No,0.39797377586364746
2523,No,0.47929057478904724
2524,No,0.4484969675540924
2525,No,0.4188750982284546
2526,No,0.4830465316772461
2527,No,0.40751755237579346
2528,No,0.3569555878639221
2529,No,0.21470628678798676
2530,No,0.3217323124408722
2531,No,0.1893889605998993
2532,No,0.23970253765583038
2533,No,0.39905810356140137
2534,No,0.383463054895401
2535,No,0.3967989683151245
2536,No,0.40263932943344116
2537,No,0.3124275207519531
2538,No,0.3393635153770447
2539,No,0.3461485505104065
2540,No,0.34195810556411743
2541,No,0.35617971420288086
2542,No,0.2722618281841278
2543,No,0.2984267473220825
2544,No,0.289977490901947
2545,Yes,0.524631917476654
2546,No,0.3944770097732544
2547,No,0.4873187243938446
2548,No,0.3458483815193176
2549,Yes,0.5272916555404663
2550,No,0.399585098028183
2551,Yes,0.5287348628044128
2552,No,0.4193900525569916
2553,No,0.3543047606945038
2554,No,0.22962048649787903
2555,No,0.33007872104644775
2556,No,0.246490016579628
2557,No,0.48746761679649353
2558,No,0.3662276566028595
2559,No,0.42580515146255493
2560,No,0.36451834440231323
2561,Yes,0.616462767124176
2562,No,0.37980329990386963
2563,Yes,0.5619035959243774
2564,No,0.3851780593395233
2565,Yes,0.6196877360343933
2566,No,0.45760852098464966
2567,Yes,0.5880419015884399
2568,Yes,0.5067183375358582
2569,No,0.44026979804039
2570,No,0.29353848099708557
2571,No,0.41582995653152466
2572,No,0.30674025416374207
2573,No,0.3997730612754822
2574,No,0.28140294551849365
2575,Yes,0.5191509127616882
2576,No,0.3337149918079376
2577,Yes,0.5550806522369385
2578,No,0.3839709162712097
2579,Yes,0.5086588263511658
2580,No,0.4670943319797516
2581,No,0.4518251419067383
2582,No,0.32121598720550537
2583,No,0.4769274592399597
2584,No,0.4025576412677765
2585,No,0.45000794529914856
2586,No,0.32668536901474
2587,Yes,0.5043454170227051
2588,No,0.4529765248298645
2589,Yes,0.5570838451385498
2590,No,0.34104058146476746
2591,Yes,0.5411263704299927
2592,No,0.46060696244239807
2593,Yes,0.5501086115837097
2594,Yes,0.5352240800857544
2595,Yes,0.6117294430732727
2596,Yes,0.5957686305046082
2597,Yes,0.633495032787323
2598,No,0.43789297342300415
2599,Yes,0.5492841601371765
2600,Yes,0.5491278767585754
2601,No,0.4693411886692047
2602,Yes,0.5449425578117371
2603,Yes,0.5834648609161377
2604,Yes,0.5575469136238098
2605,Yes,0.6052303910255432
2606,Yes,0.5019273161888123
2607,Yes,0.6697582602500916
2608,Yes,0.6373817324638367
2609,Yes,0.539533793926239
2610,No,0.34290042519569397
2611,No,0.48966050148010254
2612,No,0.41647136211395264
2613,Yes,0.5856342315673828
2614,No,0.49644672870635986
2615,Yes,0.6024823784828186
2616,Yes,0.5153990983963013
2617,No,0.4962882101535797
2618,No,0.40492919087409973
2619,Yes,0.5435750484466553
2620,No,0.47887948155403137
2621,No,0.4222767949104309
2622,No,0.3974445164203644
2623,Yes,0.5116837620735168
2624,No,0.4586848318576813
2625,No,0.42787444591522217
2626,No,0.3838067352771759
2627,No,0.44077134132385254
2628,No,0.3423587381839752
2629,No,0.36133673787117004
2630,No,0.40433269739151
2631,No,0.48386916518211365
2632,No,0.4118536710739136
2633,No,0.46134957671165466
2634,No,0.3245881199836731
2635,No,0.49392399191856384
2636,No,0.365467369556427
2637,Yes,0.573961079120636
2638,No,0.44495803117752075
2639,Yes,0.5684314966201782
2640,No,0.4867282509803772
2641,No,0.3530803918838501
2642,No,0.3342835307121277
2643,No,0.3564019501209259
2644,No,0.31552648544311523
2645,Yes,0.6104552149772644
2646,Yes,0.6671415567398071
2647,Yes,0.5782393217086792
2648,Yes,0.5200253129005432
2649,No,0.39565348625183105
2650,No,0.3171483278274536
2651,No,0.38320472836494446
2652,No,0.3143804371356964
2653,No,0.47393184900283813
2654,No,0.29488062858581543
2655,No,0.48641839623451233
2656,No,0.3582127094268799
2657,No,0.4494177997112274
2658,No,0.2960565686225891
2659,Yes,0.5492274761199951
2660,No,0.37563377618789673
2661,Yes,0.6771515607833862
2662,No,0.4403004050254822
2663,Yes,0.647516667842865
2664,No,0.4911591112613678
2665,Yes,0.6303912401199341
2666,Yes,0.5596836805343628
2667,Yes,0.7032551765441895
2668,Yes,0.5643310546875
2669,Yes,0.6712457537651062
2670,Yes,0.519722044467926
2671,Yes,0.6265503764152527
2672,Yes,0.5015617609024048
2673,Yes,0.6771515607833862
2674,No,0.4403004050254822
2675,Yes,0.647516667842865
2676,No,0.4911591112613678
2677,Yes,0.6820091009140015
2678,Yes,0.5213195085525513
2679,Yes,0.6808851957321167
2680,Yes,0.566663920879364
2681,No,0.4184136986732483
2682,No,0.28763288259506226
2683,No,0.4743861258029938
2684,No,0.2957861125469208
2685,Yes,0.6721619963645935
2686,Yes,0.5182833075523376
2687,Yes,0.7000451683998108
2688,Yes,0.5498974919319153
2689,Yes,0.5753476023674011
2690,No,0.416294127702713
2691,Yes,0.6488977074623108
2692,No,0.43449923396110535
2693,No,0.4971734583377838
2694,No,0.4890207052230835
2695,Yes,0.5188302397727966
2696,No,0.4314095675945282
2697,Yes,0.6669831275939941
2698,No,0.3683374226093292
2699,Yes,0.6052863001823425
2700,No,0.40573784708976746
2701,Yes,0.6358368396759033
2702,Yes,0.5271738171577454
2703,Yes,0.6709712743759155
2704,Yes,0.52423495054245
2705,No,0.3970836102962494
2706,No,0.3259071111679077
2707,No,0.4402711093425751
2708,No,0.3124828636646271
2709,Yes,0.5933502912521362
2710,No,0.48715198040008545
2711,Yes,0.5461384654045105
2712,No,0.4106314480304718
2713,No,0.39226946234703064
2714,No,0.2401902675628662
2715,No,0.365961492061615
2716,No,0.24023519456386566
2717,Yes,0.5603586435317993
2718,No,0.3536028563976288
2719,Yes,0.5326147675514221
2720,No,0.3870987594127655
2721,No,0.2002531737089157
2722,No,0.18696413934230804
2723,No,0.22402633726596832
2724,No,0.18977554142475128
2725,No,0.2576659619808197
2726,No,0.2638203501701355
2727,No,0.22517035901546478
2728,No,0.24679997563362122
2729,No,0.41430771350860596
2730,No,0.38419944047927856
2731,No,0.3763383626937866
2732,No,0.4029757082462311
2733,No,0.3322122395038605
2734,No,0.39164555072784424
2735,No,0.3329205811023712
2736,No,0.3341881334781647
2737,No,0.3433385491371155
2738,No,0.3379122018814087
2739,No,0.3061651289463043
2740,No,0.3485831320285797
2741,No,0.34387534856796265
2742,No,0.2992607057094574
2743,No,0.26882633566856384
2744,No,0.30122649669647217
2745,No,0.1656087040901184
2746,No,0.15100529789924622
2747,No,0.1334155946969986
2748,No,0.15006645023822784
2749,No,0.2500506639480591
2750,No,0.3033992648124695
2751,No,0.2415221631526947
2752,No,0.24846383929252625
2753,No,0.178371399641037
2754,No,0.18182304501533508
2755,No,0.200410857796669
2756,No,0.18030819296836853
2757,No,0.41121673583984375
2758,Yes,0.608931303024292
2759,No,0.3739719092845917
2760,No,0.4099966883659363
2761,No,0.20025469362735748
2762,No,0.18696817755699158
2763,No,0.22402770817279816
2764,No,0.18977642059326172
2765,Yes,0.5212143063545227
2766,Yes,0.5248498916625977
2767,No,0.4683516025543213
2768,No,0.4546109735965729
2769,No,0.3008732497692108
2770,No,0.24100810289382935
2771,No,0.27479666471481323
2772,No,0.2597157955169678
2773,No,0.2436804473400116
2774,No,0.18444055318832397
2775,No,0.2400657683610916
2776,No,0.21307995915412903
2777,No,0.2783205211162567
2778,No,0.22029294073581696
2779,No,0.2454165667295456
2780,No,0.2107963263988495
2781,No,0.31787464022636414
2782,No,0.31176504492759705
2783,No,0.2686682641506195
2784,No,0.2664068639278412
2785,Yes,0.5781207084655762
2786,Yes,0.5229711532592773
2787,Yes,0.582047164440155
2788,Yes,0.5688596367835999
2789,No,0.4476221203804016
2790,No,0.2812136709690094
2791,No,0.4843454360961914
2792,No,0.35685187578201294
2793,Yes,0.6084920763969421
2794,No,0.45661017298698425
2795,Yes,0.6819238662719727
2796,Yes,0.5327718257904053
2797,Yes,0.7078851461410522
2798,No,0.3041643798351288
2799,Yes,0.5226161479949951
2800,No,0.3749656081199646
2801,Yes,0.7434062361717224
2802,Yes,0.5159350633621216
2803,Yes,0.63131183385849
2804,Yes,0.5640294551849365
2805,Yes,0.5100489854812622
2806,No,0.48669177293777466
2807,Yes,0.5201622247695923
2808,Yes,0.5660561323165894
2809,Yes,0.5228211879730225
2810,No,0.4702019989490509
2811,Yes,0.5866881012916565
2812,Yes,0.5285618901252747
2813,Yes,0.5039465427398682
2814,Yes,0.5866433382034302
2815,No,0.4993358850479126
2816,No,0.46048492193222046
2817,Yes,0.6257416605949402
2818,No,0.3606055676937103
2819,Yes,0.5159753561019897
2820,No,0.4123474955558777
2821,Yes,0.5417717695236206
2822,No,0.4702307879924774
2823,Yes,0.5743579864501953
2824,Yes,0.5629727244377136
2825,Yes,0.6198427677154541
2826,No,0.46049124002456665
2827,Yes,0.5606233477592468
2828,Yes,0.5485308170318604
2829,Yes,0.5754354000091553
2830,No,0.47483113408088684
2831,No,0.49649226665496826
2832,No,0.4767930507659912
2833,Yes,0.7885551452636719
2834,Yes,0.5721030235290527
2835,Yes,0.7511237859725952
2836,Yes,0.5885571837425232
2837,Yes,0.7072868347167969
2838,Yes,0.5808993577957153
2839,Yes,0.7190297842025757
2840,Yes,0.5036632418632507
2841,No,0.4144582748413086
2842,No,0.293315589427948
2843,Yes,0.5911587476730347
2844,No,0.345806747674942
2845,Yes,0.5335188508033752
2846,No,0.46570515632629395
2847,Yes,0.6570905447006226
2848,Yes,0.507917046546936
2849,Yes,0.6802068948745728
2850,Yes,0.5775042176246643
2851,Yes,0.732088565826416
2852,Yes,0.5960870385169983
2853,No,0.45883601903915405
2854,No,0.282514363527298
2855,Yes,0.5234988927841187
2856,No,0.33313918113708496
2857,No,0.4224136769771576
2858,No,0.24826084077358246
2859,No,0.4503731429576874
2860,No,0.27609652280807495
2861,Yes,0.6222178936004639
2862,No,0.33247724175453186
2863,Yes,0.6295201778411865
2864,No,0.38320085406303406
2865,Yes,0.7191667556762695
2866,Yes,0.5777528882026672
2867,Yes,0.7160220742225647
2868,Yes,0.56682950258255
2869,Yes,0.6672690510749817
2870,Yes,0.5678758025169373
2871,Yes,0.7165801525115967
2872,No,0.49500468373298645
2873,Yes,0.7578803300857544
2874,Yes,0.5115163922309875
2875,Yes,0.7947483062744141
2876,Yes,0.6112212538719177
2877,Yes,0.5434974431991577
2878,No,0.4573509991168976
2879,Yes,0.6254823207855225
2880,No,0.47609928250312805
2881,No,0.329204797744751
2882,No,0.2976669371128082
2883,No,0.46784189343452454
2884,No,0.3898298740386963
2885,No,0.3996683657169342
2886,No,0.3800068795681
2887,Yes,0.5480232834815979
2888,No,0.4945443272590637
2889,No,0.37959569692611694
2890,No,0.40757933259010315
2891,No,0.3995715379714966
2892,No,0.40248605608940125
2893,No,0.447903573513031
2894,Yes,0.6038733720779419
2895,Yes,0.5103358030319214
2896,No,0.452318012714386
2897,No,0.3659590482711792
2898,No,0.27755007147789
2899,No,0.48368898034095764
2900,No,0.36438024044036865
2901,No,0.2883630692958832
2902,No,0.26898375153541565
2903,No,0.3477018475532532
2904,No,0.27467966079711914
2905,No,0.3383971154689789
2906,No,0.4312385320663452
2907,No,0.43481647968292236
2908,No,0.3731275200843811
2909,No,0.40947169065475464
2910,No,0.3288729786872864
2911,No,0.43698087334632874
2912,No,0.3565949499607086
2913,Yes,0.51983243227005
2914,No,0.4476968050003052
2915,Yes,0.5834817290306091
2916,No,0.4309924244880676
2917,Yes,0.5499544739723206
2918,Yes,0.5267255306243896
2919,Yes,0.5916202068328857
2920,Yes,0.5439704656600952
2921,No,0.3176170885562897
2922,No,0.23152348399162292
2923,No,0.32996395230293274
2924,No,0.24488791823387146
2925,Yes,0.5069575905799866
2926,No,0.3028523623943329
2927,No,0.474241703748703
2928,No,0.3267125189304352
2929,No,0.40685081481933594
2930,No,0.4445963501930237
2931,Yes,0.5051316022872925
2932,No,0.3786346912384033
2933,Yes,0.5097826719284058
2934,No,0.2852778732776642
2935,No,0.45079341530799866
2936,No,0.3205511271953583
2937,No,0.3728712499141693
2938,No,0.3430411219596863
2939,No,0.41858214139938354
2940,No,0.3149489760398865
2941,No,0.4472731947898865
2942,No,0.2622753083705902
2943,No,0.3843423128128052
2944,No,0.28131261467933655
2945,No,0.33258041739463806
2946,No,0.20649543404579163
2947,No,0.3524329364299774
2948,No,0.2621372640132904
2949,No,0.3391232490539551
2950,No,0.2535742223262787
2951,No,0.34105339646339417
2952,No,0.2883267402648926
2953,No,0.28852489590644836
2954,No,0.2594163417816162
2955,No,0.3929484486579895
2956,No,0.3355939984321594
2957,Yes,0.5816344022750854
2958,No,0.2490427941083908
2959,No,0.398430734872818
2960,No,0.31439119577407837
2961,No,0.36491838097572327
2962,No,0.27746573090553284
2963,No,0.41654330492019653
2964,No,0.31082236766815186
2965,Yes,0.565841555595398
2966,No,0.3770052194595337
2967,Yes,0.5201301574707031
2968,No,0.3903309404850006
2969,No,0.4327729642391205
2970,No,0.35720670223236084
2971,No,0.46585583686828613
2972,No,0.3854980766773224
2973,No,0.2835240066051483
2974,No,0.18169976770877838
2975,No,0.28630274534225464
2976,No,0.20985786616802216
2977,Yes,0.6335121393203735
2978,No,0.49799057841300964
2979,Yes,0.6640098094940186
2980,Yes,0.5847530364990234
2981,Yes,0.578178882598877
2982,No,0.44469866156578064
2983,Yes,0.6010098457336426
2984,No,0.4641461968421936
2985,Yes,0.7123612761497498
2986,Yes,0.53645920753479
2987,Yes,0.7401555180549622
2988,Yes,0.6123563647270203
2989,Yes,0.6783314347267151
2990,Yes,0.5419572591781616
2991,Yes,0.661335289478302
2992,Yes,0.5560145974159241
2993,Yes,0.6899657845497131
2994,Yes,0.6729458570480347
2995,Yes,0.673022985458374
2996,Yes,0.556975245475769
2997,No,0.36819028854370117
2998,No,0.31416064500808716
2999,No,0.4593128263950348
3000,No,0.32656294107437134
3001,Yes,0.7145533561706543
3002,No,0.3898608982563019
3003,Yes,0.6517641544342041
3004,No,0.4531900882720947
3005,Yes,0.668828010559082
3006,Yes,0.5076472759246826
3007,Yes,0.675204873085022
3008,Yes,0.5143587589263916
3009,No,0.49441248178482056
3010,No,0.3482745587825775
3011,No,0.4666946530342102
3012,No,0.36844488978385925
3013,Yes,0.5636890530586243
3014,No,0.3805188536643982
3015,Yes,0.5431916117668152
3016,No,0.41624853014945984
3017,No,0.42397087812423706
3018,No,0.36717015504837036
3019,No,0.4484475553035736
3020,No,0.3529050946235657
3021,Yes,0.6245061159133911
3022,Yes,0.5575352311134338
3023,Yes,0.7176835536956787
3024,Yes,0.5999065637588501
3025,Yes,0.5700422525405884
3026,Yes,0.5044000148773193
3027,Yes,0.6299828290939331
3028,Yes,0.5356582999229431
3029,Yes,0.6449922323226929
3030,No,0.4633203446865082
3031,Yes,0.6394407153129578
3032,No,0.4954710900783539
3033,Yes,0.6798692345619202
3034,No,0.49726971983909607
3035,Yes,0.7241687178611755
3036,Yes,0.5402458310127258
3037,Yes,0.7510010600090027
3038,Yes,0.6140185594558716
3039,Yes,0.7292624115943909
3040,Yes,0.6191183924674988
3041,No,0.22944502532482147
3042,No,0.22701703011989594
3043,No,0.26007330417633057
3044,No,0.2441978007555008
3045,No,0.26509371399879456
3046,No,0.3214084208011627
3047,No,0.32057419419288635
3048,No,0.34147635102272034
3049,No,0.48004603385925293
3050,No,0.39719611406326294
3051,No,0.4671897292137146
3052,Yes,0.5135607719421387
3053,No,0.2922769784927368
3054,No,0.3484245240688324
3055,No,0.2899610996246338
3056,No,0.36089879274368286
3057,No,0.3016558587551117
3058,No,0.26481688022613525
3059,No,0.33940744400024414
3060,No,0.32557687163352966
3061,No,0.22616474330425262
3062,No,0.2553502321243286
3063,No,0.2549266219139099
3064,No,0.2644079625606537
3065,No,0.4005244970321655
3066,No,0.3921123743057251
3067,No,0.3871203660964966
3068,No,0.3949635624885559
3069,No,0.3247600197792053
3070,No,0.2691638469696045
3071,No,0.32303252816200256
3072,No,0.31400126218795776
3073,No,0.35126611590385437
3074,No,0.390784353017807
3075,No,0.3615153729915619
3076,Yes,0.5166638493537903
3077,No,0.46099716424942017
3078,No,0.47006145119667053
3079,No,0.45963236689567566
3080,No,0.46704888343811035
3081,No,0.2674286663532257
3082,No,0.34066492319107056
3083,No,0.3507481515407562
3084,No,0.40471529960632324
3085,No,0.3876526951789856
3086,No,0.23199188709259033
3087,No,0.33247897028923035
3088,No,0.32711148262023926
3089,Yes,0.5084004402160645
3090,No,0.4723808467388153
3091,Yes,0.5035585761070251
3092,No,0.4518483579158783
3093,No,0.2282417267560959
3094,No,0.2757565379142761
3095,No,0.30661338567733765
3096,No,0.2969038784503937
3097,No,0.298370897769928
3098,No,0.2742881178855896
3099,No,0.31186437606811523
3100,No,0.27263474464416504
3101,No,0.39537665247917175
3102,No,0.42844709753990173
3103,No,0.45637694001197815
3104,No,0.41868099570274353
3105,No,0.3873269557952881
3106,No,0.31569960713386536
3107,No,0.44122743606567383
3108,No,0.34711912274360657
3109,No,0.327789843082428
3110,No,0.27323025465011597
3111,No,0.3568880558013916
3112,No,0.3181294798851013
3113,No,0.47815194725990295
3114,No,0.38723886013031006
3115,No,0.4986945390701294
3116,No,0.42083820700645447
3117,No,0.37005889415740967
3118,No,0.3316252827644348
3119,No,0.3236536383628845
3120,No,0.31356194615364075
3121,Yes,0.5172829031944275
3122,Yes,0.5184750556945801
3123,Yes,0.5385236144065857
3124,No,0.48790109157562256
3125,No,0.2983708679676056
3126,No,0.27428963780403137
3127,No,0.31186360120773315
3128,No,0.2726362645626068
3129,No,0.22824443876743317
3130,No,0.27575427293777466
3131,No,0.30661094188690186
3132,No,0.2968999743461609
3133,No,0.4692506492137909
3134,No,0.4676443338394165
3135,Yes,0.6084352731704712
3136,Yes,0.5622048377990723
3137,No,0.2039385288953781
3138,No,0.1472005844116211
3139,No,0.23034106194972992
3140,No,0.15769962966442108
3141,No,0.2886188328266144
3142,No,0.20387503504753113
3143,No,0.33954736590385437
3144,No,0.2281336486339569
3145,No,0.2618821859359741
3146,No,0.2601887583732605
3147,No,0.28016287088394165
3148,No,0.26374655961990356
3149,No,0.22070196270942688
3150,No,0.2825770080089569
3151,No,0.2809098958969116
3152,No,0.27803701162338257
3153,No,0.44459956884384155
3154,Yes,0.5299472212791443
3155,No,0.4372910261154175
3156,No,0.3963664770126343
3157,No,0.46157604455947876
3158,No,0.37875303626060486
3159,No,0.43818649649620056
3160,No,0.36463284492492676
3161,No,0.351913720369339
3162,No,0.2820625305175781
3163,No,0.3522306978702545
3164,No,0.30394136905670166
3165,No,0.34844058752059937
3166,No,0.30424171686172485
3167,No,0.3837123513221741
3168,No,0.2936543822288513
3169,No,0.3662150204181671
3170,No,0.3480367660522461
3171,No,0.36050087213516235
3172,No,0.3881929814815521
3173,Yes,0.6375437378883362
3174,Yes,0.5496172308921814
3175,Yes,0.6667132377624512
3176,Yes,0.6113399863243103
3177,No,0.4832386374473572
3178,No,0.4342729449272156
3179,Yes,0.5126468539237976
3180,No,0.45243075489997864
3181,No,0.36177361011505127
3182,No,0.4020242989063263
3183,No,0.424970805644989
3184,No,0.3871819078922272
3185,Yes,0.603634774684906
3186,No,0.4834349453449249
3187,No,0.4372352063655853
3188,No,0.36849579215049744
3189,No,0.47670698165893555
3190,Yes,0.512200653553009
3191,No,0.43825840950012207
3192,No,0.3923826813697815
3193,Yes,0.5283070206642151
3194,No,0.41602495312690735
3195,Yes,0.5007142424583435
3196,No,0.41485849022865295
3197,Yes,0.6165547370910645
3198,Yes,0.76240074634552
3199,Yes,0.5499024391174316
3200,No,0.4975906014442444
3201,Yes,0.5861784219741821
3202,No,0.4375547468662262
3203,No,0.46890807151794434
3204,No,0.40289199352264404
3205,Yes,0.7556667923927307
3206,Yes,0.6342834830284119
3207,Yes,0.6352500915527344
3208,Yes,0.5210260152816772
3209,No,0.47543999552726746
3210,Yes,0.5228056907653809
3211,No,0.48227396607398987
3212,No,0.4437040686607361
3213,No,0.4342154562473297
3214,No,0.43578389286994934
3215,No,0.4414949417114258
3216,No,0.4290359616279602
3217,No,0.34125739336013794
3218,No,0.29748275876045227
3219,No,0.3622165620326996
3220,No,0.3047211170196533
3221,No,0.4113023281097412
3222,No,0.4047722816467285
3223,No,0.4137372374534607
3224,No,0.3706158399581909
3225,Yes,0.5813718438148499
3226,No,0.37676718831062317
3227,No,0.47511157393455505
3228,No,0.3535286486148834
3229,No,0.3138960301876068
3230,No,0.3647387623786926
3231,No,0.3727489411830902
3232,No,0.32987353205680847
3233,Yes,0.5246127247810364
3234,No,0.36847829818725586
3235,No,0.46497130393981934
3236,No,0.37044835090637207
3237,No,0.4979446828365326
3238,No,0.47528135776519775
3239,Yes,0.5101431012153625
3240,Yes,0.5017450451850891
3241,No,0.3920145034790039
3242,No,0.31904593110084534
3243,No,0.3874894082546234
3244,No,0.3033117949962616
3245,Yes,0.5416920185089111
3246,Yes,0.5391706824302673
3247,Yes,0.5651887059211731
3248,Yes,0.5232864618301392
3249,Yes,0.5334822535514832
3250,No,0.46220603585243225
3251,Yes,0.5860782265663147
3252,No,0.4839169383049011
3253,No,0.32347965240478516
3254,No,0.2607605755329132
3255,No,0.36823558807373047
3256,No,0.300067663192749
3257,Yes,0.615822434425354
3258,Yes,0.5176727175712585
3259,Yes,0.5930086970329285
3260,Yes,0.5282082557678223
3261,No,0.4623776078224182
3262,No,0.42612424492836
3263,No,0.457430899143219
3264,No,0.3794988989830017
3265,No,0.49446579813957214
3266,No,0.3652200400829315
3267,No,0.46690624952316284
3268,No,0.3657016158103943
3269,Yes,0.5261490941047668
3270,No,0.45065218210220337
3271,Yes,0.5349446535110474
3272,No,0.45483964681625366
3273,Yes,0.6311869621276855
3274,No,0.4584507942199707
3275,Yes,0.6273101568222046
3276,No,0.4704912602901459
3277,Yes,0.5334822535514832
3278,No,0.46220603585243225
3279,Yes,0.5860782265663147
3280,No,0.4839169383049011
3281,Yes,0.6313857436180115
3282,Yes,0.6161484718322754
3283,Yes,0.5767508149147034
3284,No,0.49826914072036743
3285,No,0.4689311981201172
3286,No,0.3579798936843872
3287,No,0.4866141080856323
3288,No,0.37304532527923584
3289,No,0.457405686378479
3290,No,0.36112910509109497
3291,Yes,0.5308294296264648
3292,No,0.4269558787345886
3293,Yes,0.560920774936676
3294,Yes,0.5866929888725281
3295,Yes,0.5941654443740845
3296,Yes,0.5177478194236755
3297,No,0.4832260012626648
3298,No,0.492902547121048
3299,Yes,0.5591554641723633
3300,No,0.4909971356391907
3301,No,0.33818283677101135
3302,No,0.29699400067329407
3303,No,0.38774770498275757
3304,No,0.36378243565559387
3305,No,0.29426711797714233
3306,No,0.30760854482650757
3307,No,0.3898543417453766
3308,No,0.3841460645198822
3309,Yes,0.5668603777885437
3310,Yes,0.612896740436554
3311,Yes,0.5631709694862366
3312,Yes,0.5114861726760864
3313,No,0.39928632974624634
3314,No,0.4643026888370514
3315,No,0.4581541121006012
3316,No,0.4214351177215576
3317,No,0.39102259278297424
3318,No,0.3857991397380829
3319,Yes,0.5143827795982361
3320,No,0.4823393225669861
3321,No,0.4461994171142578
3322,No,0.48232370615005493
3323,No,0.44760894775390625
3324,No,0.46255820989608765
3325,No,0.36970430612564087
3326,No,0.4571901559829712
3327,No,0.46840983629226685
3328,No,0.4807641804218292
3329,Yes,0.6618856191635132
3330,Yes,0.5353144407272339
3331,Yes,0.7098901867866516
3332,Yes,0.5862006545066833
3333,No,0.392636775970459
3334,No,0.31383612751960754
3335,No,0.45830413699150085
3336,No,0.3452821373939514
3337,No,0.4508902430534363
3338,No,0.4932551085948944
3339,Yes,0.5333904027938843
3340,No,0.4759705364704132
3341,No,0.48120519518852234
3342,No,0.28778746724128723
3343,Yes,0.5465846657752991
3344,No,0.37870386242866516
3345,Yes,0.5760388374328613
3346,No,0.43280261754989624
3347,No,0.48639917373657227
3348,No,0.32438039779663086
3349,No,0.48583370447158813
3350,No,0.39961305260658264
3351,Yes,0.5379770994186401
3352,No,0.38858214020729065
3353,Yes,0.5263808965682983
3354,No,0.30427658557891846
3355,No,0.4825754165649414
3356,No,0.3458312451839447
3357,Yes,0.51529461145401
3358,No,0.40016698837280273
3359,Yes,0.5615352392196655
3360,No,0.43584734201431274
3361,Yes,0.6199426651000977
3362,Yes,0.5692046284675598
3363,Yes,0.6115253567695618
3364,Yes,0.5794523358345032
3365,No,0.28838807344436646
3366,No,0.2908152639865875
3367,No,0.36193934082984924
3368,No,0.3215370774269104
3369,No,0.3260268568992615
3370,No,0.44792690873146057
3371,No,0.4145756959915161
3372,No,0.4414243698120117
3373,No,0.33060309290885925
3374,No,0.32002994418144226
3375,No,0.351338654756546
3376,No,0.30485400557518005
3377,No,0.4843844473361969
3378,No,0.3487175703048706
3379,No,0.43461939692497253
3380,No,0.35428932309150696
3381,No,0.4017992913722992
3382,No,0.4323643445968628
3383,No,0.44568324089050293
3384,No,0.48775115609169006
3385,No,0.43520480394363403
3386,No,0.48042720556259155
3387,No,0.46646741032600403
3388,No,0.44143325090408325
3389,No,0.40712833404541016
3390,No,0.4503941833972931
3391,No,0.4340008795261383
3392,No,0.4376649558544159
3393,No,0.2925623655319214
3394,No,0.25557154417037964
3395,No,0.26506781578063965
3396,No,0.25130537152290344
3397,No,0.3995228409767151
3398,No,0.4222830533981323
3399,No,0.3867124021053314
3400,No,0.3808853030204773
3401,No,0.43394747376441956
3402,No,0.42231425642967224
3403,No,0.43720611929893494
3404,No,0.3701786398887634
3405,No,0.4763374924659729
3406,No,0.3475434184074402
3407,No,0.39408615231513977
3408,No,0.3424847722053528
3409,No,0.4683642089366913
3410,No,0.4572316110134125
3411,No,0.4920642375946045
3412,No,0.464362233877182
3413,Yes,0.5627791285514832
3414,Yes,0.6435204148292542
3415,Yes,0.5744074583053589
3416,Yes,0.5669867992401123
3417,No,0.3950536251068115
3418,No,0.4328615367412567
3419,No,0.4527149200439453
3420,No,0.44407209753990173
3421,No,0.4224192500114441
3422,No,0.45699793100357056
3423,No,0.45068007707595825
3424,No,0.4340445399284363
3425,No,0.3373847007751465
3426,No,0.3380332887172699
3427,No,0.3115454912185669
3428,No,0.3083385229110718
3429,No,0.46334367990493774
3430,No,0.4175167977809906
3431,No,0.471651554107666
3432,No,0.405059814453125
3433,No,0.4347139596939087
3434,No,0.41877543926239014
3435,No,0.4057084023952484
3436,No,0.44242703914642334
3437,No,0.4442731738090515
3438,No,0.4031686782836914
3439,No,0.47573330998420715
3440,No,0.465064138174057
3441,No,0.4953925311565399
3442,No,0.4887467920780182
3443,Yes,0.60367351770401
3444,Yes,0.5386171340942383
3445,No,0.3834303617477417
3446,No,0.35052260756492615
3447,No,0.4402095079421997
3448,No,0.39897096157073975
3449,No,0.3775312006473541
3450,No,0.39139899611473083
3451,No,0.4753706157207489
3452,No,0.4332643747329712
3453,Yes,0.592343807220459
3454,Yes,0.5119258165359497
3455,Yes,0.5918115973472595
3456,Yes,0.5505936741828918
3457,Yes,0.6597132682800293
3458,Yes,0.591887891292572
3459,Yes,0.5888749361038208
3460,Yes,0.535006046295166
3461,No,0.35720422863960266
3462,No,0.2889530658721924
3463,No,0.38135042786598206
3464,No,0.33679404854774475
3465,Yes,0.5536969900131226
3466,No,0.450993150472641
3467,Yes,0.5745196342468262
3468,Yes,0.5175809860229492
3469,Yes,0.7959387898445129
3470,Yes,0.6479827165603638
3471,Yes,0.7221506237983704
3472,Yes,0.6822361946105957
3473,No,0.4735436737537384
3474,No,0.43971219658851624
3475,Yes,0.5736905336380005
3476,Yes,0.5281070470809937
3477,Yes,0.5383057594299316
3478,No,0.4899022877216339
3479,Yes,0.6348642110824585
3480,Yes,0.5838054418563843
3481,Yes,0.6125072836875916
3482,Yes,0.5988104939460754
3483,Yes,0.6429064869880676
3484,Yes,0.6198358535766602
3485,No,0.3546101748943329
3486,No,0.3207591474056244
3487,No,0.3986675441265106
3488,No,0.36126527190208435
3489,No,0.3909010589122772
3490,No,0.4288986325263977
3491,Yes,0.515736997127533
3492,Yes,0.50510573387146
3493,Yes,0.6195778250694275
3494,Yes,0.5133086442947388
3495,Yes,0.5659030675888062
3496,Yes,0.5292550325393677
3497,Yes,0.6936866044998169
3498,Yes,0.6852787137031555
3499,Yes,0.754254937171936
3500,Yes,0.7245250940322876
3501,No,0.3624502718448639
3502,No,0.3560815751552582
3503,No,0.4163364768028259
3504,No,0.3951057195663452
3505,No,0.4401927888393402
3506,No,0.3522457182407379
3507,No,0.408962219953537
3508,No,0.3391425311565399
3509,No,0.33674290776252747
3510,No,0.3126959800720215
3511,No,0.3982166349887848
3512,No,0.346514493227005
3513,No,0.49284327030181885
3514,No,0.21557794511318207
3515,No,0.3762242794036865
3516,No,0.24090874195098877
3517,No,0.44997915625572205
3518,No,0.35204946994781494
3519,Yes,0.5181503891944885
3520,No,0.3728494346141815
3521,No,0.4583081007003784
3522,No,0.35828569531440735
3523,Yes,0.5074806213378906
3524,No,0.41455820202827454
3525,Yes,0.5277261137962341
3526,No,0.4466938078403473
3527,No,0.49873414635658264
3528,Yes,0.5152060985565186
3529,No,0.4624921679496765
3530,No,0.37465348839759827
3531,Yes,0.5152485370635986
3532,No,0.46850818395614624
3533,No,0.3204801678657532
3534,No,0.3129485845565796
3535,No,0.34977129101753235
3536,No,0.3480508029460907
3537,No,0.2782934010028839
3538,No,0.2521364092826843
3539,No,0.3184893727302551
3540,No,0.2816951274871826
3541,No,0.4291926920413971
3542,No,0.43353748321533203
3543,No,0.45101746916770935
3544,No,0.4813276529312134
3545,No,0.4131458103656769
3546,No,0.3708580732345581
3547,No,0.4452025592327118
3548,No,0.4030939042568207
3549,Yes,0.5518359541893005
3550,Yes,0.554894745349884
3551,Yes,0.5968167781829834
3552,Yes,0.5867607593536377
3553,Yes,0.535085141658783
3554,No,0.412931352853775
3555,Yes,0.5325396656990051
3556,No,0.4079030454158783
3557,No,0.366938054561615
3558,No,0.3142561614513397
3559,No,0.3546527624130249
3560,No,0.3157593905925751
3561,Yes,0.6447234153747559
3562,Yes,0.5313803553581238
3563,Yes,0.5894186496734619
3564,No,0.4869898855686188
3565,No,0.3871518075466156
3566,No,0.41359061002731323
3567,No,0.3311879336833954
3568,No,0.29021692276000977
3569,No,0.3471492826938629
3570,No,0.24861222505569458
3571,No,0.3754536509513855
3572,No,0.2761367857456207
3573,No,0.3220739960670471
3574,No,0.2800532579421997
3575,No,0.4011329114437103
3576,No,0.3356114327907562
3577,Yes,0.6089162230491638
3578,No,0.3360702395439148
3579,No,0.49652355909347534
3580,No,0.36855465173721313
3581,No,0.30947956442832947
3582,No,0.2338772863149643
3583,No,0.33705225586891174
3584,No,0.2488902062177658
3585,No,0.3688373565673828
3586,No,0.2594428062438965
3587,No,0.4160788655281067
3588,No,0.31639260053634644
3589,No,0.39068514108657837
3590,No,0.2983955144882202
3591,No,0.381972998380661
3592,No,0.30332499742507935
3593,Yes,0.5739051103591919
3594,No,0.42331376671791077
3595,Yes,0.5737471580505371
3596,No,0.478281706571579
3597,No,0.4669591784477234
3598,No,0.338180810213089
3599,No,0.4844045639038086
3600,No,0.3535812497138977
3601,Yes,0.5194589495658875
3602,No,0.47558435797691345
3603,No,0.455110102891922
3604,No,0.4435237646102905
3605,Yes,0.618299126625061
3606,No,0.4837533235549927
3607,Yes,0.6423502564430237
3608,Yes,0.532681405544281
3609,Yes,0.5734188556671143
3610,No,0.4736884534358978
3611,Yes,0.5849189162254333
3612,Yes,0.5290798544883728
3613,No,0.3142089545726776
3614,No,0.2952098250389099
3615,No,0.36645522713661194
3616,No,0.3161791265010834
3617,Yes,0.7173377871513367
3618,Yes,0.5631067156791687
3619,Yes,0.5993712544441223
3620,Yes,0.5808618068695068
3621,Yes,0.618299126625061
3622,No,0.4837533235549927
3623,Yes,0.6423502564430237
3624,Yes,0.532681405544281
3625,Yes,0.5996152758598328
3626,Yes,0.5604354739189148
3627,Yes,0.6475825309753418
3628,Yes,0.5002445578575134
3629,No,0.4343052804470062
3630,No,0.3897809684276581
3631,No,0.46274521946907043
3632,No,0.37009453773498535
3633,Yes,0.5389596223831177
3634,No,0.38059890270233154
3635,Yes,0.5255747437477112
3636,No,0.40083804726600647
3637,No,0.3492290675640106
3638,No,0.2323075532913208
3639,No,0.3257191479206085
3640,No,0.2551686465740204
3641,No,0.4392179846763611
3642,No,0.26550301909446716
3643,No,0.3488825559616089
3644,No,0.28412503004074097
3645,No,0.47845736145973206
3646,No,0.35597801208496094
3647,No,0.44740989804267883
3648,No,0.35373300313949585
3649,Yes,0.5840920209884644
3650,No,0.441337525844574
3651,No,0.489493727684021
3652,No,0.3942190110683441
3653,No,0.39169254899024963
3654,No,0.43141064047813416
3655,No,0.4498915374279022
3656,No,0.45576605200767517
3657,No,0.49102407693862915
3658,No,0.4211288392543793
3659,Yes,0.574610710144043
3660,No,0.4505292773246765
3661,No,0.45219308137893677
3662,No,0.37901079654693604
3663,No,0.46536505222320557
3664,No,0.37355682253837585
3665,No,0.4767434895038605
3666,No,0.31881871819496155
3667,No,0.47942790389060974
3668,No,0.353829950094223
3669,Yes,0.649315357208252
3670,No,0.476175993680954
3671,Yes,0.6942213773727417
3672,Yes,0.5458059906959534
3673,No,0.3694832921028137
3674,No,0.3063300848007202
3675,No,0.4763282537460327
3676,No,0.3863261640071869
3677,No,0.44878268241882324
3678,No,0.26999497413635254
3679,No,0.4679861068725586
3680,No,0.33027008175849915
3681,No,0.48649993538856506
3682,No,0.3021128475666046
3683,No,0.46238505840301514
3684,No,0.3601650595664978
3685,No,0.38467562198638916
3686,No,0.30457842350006104
3687,No,0.3915962278842926
3688,No,0.32404616475105286
3689,No,0.42568081617355347
3690,No,0.28343528509140015
3691,No,0.4393114149570465
3692,No,0.35482141375541687
3693,No,0.4824940264225006
3694,No,0.32915085554122925
3695,Yes,0.5720335841178894
3696,No,0.4369926154613495
3697,Yes,0.6913067698478699
3698,Yes,0.523991584777832
3699,Yes,0.652971088886261
3700,Yes,0.5277374386787415
3701,Yes,0.63681560754776
3702,Yes,0.617582380771637
3703,Yes,0.682718813419342
3704,Yes,0.5705401301383972
3705,Yes,0.5974938273429871
3706,No,0.3162809908390045
3707,Yes,0.5359350442886353
3708,No,0.3657212555408478
3709,Yes,0.5681751370429993
3710,No,0.38905012607574463
3711,Yes,0.5943508744239807
3712,No,0.4584708511829376
3713,No,0.442186176776886
3714,No,0.43471208214759827
3715,No,0.4734358787536621
3716,No,0.43576642870903015
3717,Yes,0.623316764831543
3718,Yes,0.5420183539390564
3719,Yes,0.6188029646873474
3720,Yes,0.5818836688995361
3721,No,0.4040321111679077
3722,No,0.4444391429424286
3723,No,0.3597400486469269
3724,No,0.3795335292816162
3725,No,0.4536297619342804
3726,Yes,0.5978010296821594
3727,Yes,0.518330454826355
3728,Yes,0.5522094368934631
3729,Yes,0.5295287370681763
3730,No,0.47535592317581177
3731,Yes,0.536767303943634
3732,Yes,0.5387570858001709
3733,Yes,0.5192565321922302
3734,No,0.42616400122642517
3735,No,0.4917914569377899
3736,No,0.4646519422531128
3737,Yes,0.5122116804122925
3738,No,0.48750388622283936
3739,No,0.46352633833885193
3740,No,0.42684414982795715
3741,Yes,0.5087327361106873
3742,Yes,0.5509874820709229
3743,Yes,0.5031431913375854
3744,Yes,0.525574803352356
3745,No,0.3750227987766266
3746,No,0.4571627080440521
3747,No,0.44271668791770935
3748,No,0.4431631565093994
3749,No,0.3584301471710205
3750,No,0.28297126293182373
3751,No,0.3806556165218353
3752,No,0.3594675064086914
3753,No,0.36134493350982666
3754,Yes,0.5512462854385376
3755,No,0.4302869737148285
3756,Yes,0.5156176686286926
3757,No,0.3074409067630768
3758,No,0.3249151110649109
3759,No,0.31325578689575195
3760,No,0.3180277347564697
3761,No,0.451752632856369
3762,No,0.28327664732933044
3763,No,0.46975183486938477
3764,No,0.33967456221580505
3765,Yes,0.542286217212677
3766,No,0.4244905114173889
3767,Yes,0.5465059280395508
3768,No,0.46697869896888733
3769,Yes,0.5921258330345154
3770,Yes,0.5879128575325012
3771,Yes,0.6468420624732971
3772,Yes,0.5406702160835266
3773,Yes,0.5279325842857361
3774,No,0.3452749252319336
3775,Yes,0.565168023109436
3776,No,0.3710968792438507
3777,No,0.4774017333984375
3778,No,0.4154242277145386
3779,Yes,0.5169488787651062
3780,Yes,0.5026209950447083
3781,No,0.42761725187301636
3782,No,0.437616229057312
3783,No,0.4879068434238434
3784,Yes,0.5314887166023254
3785,No,0.25237956643104553
3786,No,0.36440181732177734
3787,No,0.3764713704586029
3788,No,0.3871940076351166
3789,No,0.3808322846889496
3790,No,0.3978274166584015
3791,No,0.4594554305076599
3792,No,0.4766342043876648
3793,No,0.4074500501155853
3794,Yes,0.5005531311035156
3795,No,0.44541633129119873
3796,No,0.4489397704601288
3797,No,0.3025436997413635
3798,No,0.3974696397781372
3799,No,0.3997074365615845
3800,No,0.46310845017433167
3801,No,0.37317317724227905
3802,No,0.4285765290260315
3803,No,0.4579710066318512
3804,Yes,0.5321895480155945
3805,No,0.274186909198761
3806,No,0.2782290577888489
3807,No,0.26597505807876587
3808,No,0.31573349237442017
3809,Yes,0.5336933135986328
3810,Yes,0.5938777923583984
3811,Yes,0.6009979844093323
3812,Yes,0.5892279148101807
3813,Yes,0.526358962059021
3814,Yes,0.5162246823310852
3815,No,0.48185837268829346
3816,No,0.41358044743537903
3817,No,0.34696441888809204
3818,No,0.44925737380981445
3819,No,0.3730168044567108
3820,No,0.3553096354007721
3821,No,0.45884570479393005
3822,No,0.4364878237247467
3823,Yes,0.5165954232215881
3824,No,0.4541880190372467
3825,No,0.41712620854377747
3826,No,0.4717176556587219
3827,No,0.4719240367412567
3828,No,0.41947171092033386
3829,Yes,0.5610228776931763
3830,Yes,0.6020249128341675
3831,No,0.4869685769081116
3832,No,0.4343870282173157
3833,Yes,0.5213702917098999
3834,No,0.4572429358959198
3835,Yes,0.6197469234466553
3836,No,0.4899332523345947
3837,Yes,0.6685950756072998
3838,Yes,0.6187148094177246
3839,Yes,0.6987332105636597
3840,Yes,0.6578214764595032
3841,No,0.45504558086395264
3842,No,0.454534113407135
3843,No,0.4728778302669525
3844,No,0.43484044075012207
3845,No,0.48493486642837524
3846,No,0.4011223018169403
3847,Yes,0.5171973705291748
3848,No,0.4508261978626251
3849,Yes,0.6229422092437744
3850,Yes,0.5453788638114929
3851,Yes,0.694250762462616
3852,Yes,0.6210585236549377
3853,Yes,0.5482507944107056
3854,No,0.4997197985649109
3855,Yes,0.5900780558586121
3856,Yes,0.5547667145729065
3857,No,0.4518272578716278
3858,No,0.45364388823509216
3859,Yes,0.5457209348678589
3860,Yes,0.5019285082817078
3861,Yes,0.5695403218269348
3862,No,0.4621797204017639
3863,Yes,0.5929474234580994
3864,Yes,0.5222845673561096
3865,Yes,0.7234564423561096
3866,Yes,0.6473247408866882
3867,Yes,0.7246814370155334
3868,Yes,0.7073104977607727
3869,Yes,0.661607027053833
3870,Yes,0.5489166378974915
3871,Yes,0.7398102879524231
3872,Yes,0.6215388178825378
3873,No,0.41731685400009155
3874,No,0.40867677330970764
3875,Yes,0.5026721954345703
3876,No,0.4659307897090912
3877,No,0.4550502598285675
3878,No,0.45453229546546936
3879,No,0.4728778302669525
3880,No,0.43483904004096985
3881,Yes,0.7318560481071472
3882,No,0.4692646265029907
3883,Yes,0.6453283429145813
3884,Yes,0.5439966917037964
3885,No,0.41869059205055237
3886,No,0.3107978105545044
3887,No,0.45458850264549255
3888,No,0.3746495842933655
3889,No,0.2936381697654724
3890,No,0.3353874087333679
3891,No,0.3314800262451172
3892,No,0.27981290221214294
3893,No,0.33785608410835266
3894,No,0.3273986876010895
3895,No,0.3783714175224304
3896,No,0.32841891050338745
3897,No,0.4333057403564453
3898,No,0.41269469261169434
3899,No,0.4348970353603363
3900,No,0.41348880529403687
3901,No,0.44457417726516724
3902,No,0.4133528172969818
3903,Yes,0.5267915725708008
3904,No,0.4660303294658661
3905,Yes,0.5726868510246277
3906,No,0.43657389283180237
3907,Yes,0.5061058402061462
3908,No,0.4217308461666107
3909,No,0.2893810272216797
3910,No,0.2297094613313675
3911,No,0.30595719814300537
3912,No,0.253608375787735
3913,No,0.31285661458969116
3914,No,0.27238428592681885
3915,No,0.3756985366344452
3916,No,0.2905237674713135
3917,No,0.4284827411174774
3918,No,0.3185150921344757
3919,No,0.35556933283805847
3920,No,0.3229715824127197
3921,No,0.45717254281044006
3922,No,0.3742908239364624
3923,Yes,0.5009583234786987
3924,No,0.4098067879676819
3925,Yes,0.6632077693939209
3926,No,0.44631490111351013
3927,Yes,0.5709986090660095
3928,No,0.47583600878715515
3929,No,0.4642772078514099
3930,No,0.3862009346485138
3931,No,0.45277196168899536
3932,No,0.35739555954933167
3933,No,0.3162566125392914
3934,No,0.2965177595615387
3935,No,0.3447730243206024
3936,No,0.29658761620521545
3937,No,0.36055392026901245
3938,No,0.36505138874053955
3939,Yes,0.5281718373298645
3940,No,0.46272966265678406
3941,Yes,0.5741439461708069
3942,Yes,0.6734907627105713
3943,Yes,0.5917196869850159
3944,Yes,0.5287455320358276
3945,No,0.4593830406665802
3946,No,0.4618670642375946
3947,No,0.44602975249290466
3948,No,0.42645493149757385
3949,No,0.44314396381378174
3950,No,0.4007505476474762
3951,Yes,0.5292894840240479
3952,No,0.49644705653190613
3953,Yes,0.7263631820678711
3954,Yes,0.6114821434020996
3955,Yes,0.740943968296051
3956,Yes,0.687971830368042
3957,Yes,0.5338990092277527
3958,No,0.49691858887672424
3959,Yes,0.5158971548080444
3960,No,0.4833693206310272
3961,No,0.39742887020111084
3962,No,0.3652200698852539
3963,Yes,0.5174470543861389
3964,Yes,0.5208062529563904
3965,No,0.4765615463256836
3966,Yes,0.524113118648529
3967,No,0.48272112011909485
3968,No,0.4834797978401184
3969,Yes,0.6582953333854675
3970,Yes,0.6688245534896851
3971,Yes,0.7402897477149963
3972,Yes,0.6549444794654846
3973,Yes,0.6399268507957458
3974,Yes,0.661731481552124
3975,Yes,0.7109699845314026
3976,Yes,0.6257004141807556
3977,Yes,0.6392715573310852
3978,Yes,0.6134040951728821
3979,Yes,0.7193660736083984
3980,Yes,0.6273611783981323
3981,Yes,0.733582615852356
3982,Yes,0.5836789608001709
3983,Yes,0.7402042746543884
3984,Yes,0.6538939476013184
3985,No,0.3543641269207001
3986,No,0.26921677589416504
3987,No,0.42677468061447144
3988,No,0.38601842522621155
3989,No,0.4229848384857178
3990,No,0.2790203094482422
3991,Yes,0.5052371025085449
3992,No,0.40474286675453186
3993,Yes,0.6069895625114441
3994,No,0.42580920457839966
3995,Yes,0.6215146780014038
3996,Yes,0.5111701488494873
3997,Yes,0.513953447341919
3998,No,0.415091872215271
3999,Yes,0.5680797696113586
4000,No,0.4856991767883301
4001,No,0.3316924571990967
4002,No,0.369167298078537
4003,No,0.4974939227104187
4004,No,0.4926065504550934
4005,Yes,0.5101338624954224
4006,No,0.3294639587402344
4007,No,0.3791463077068329
4008,No,0.34829697012901306
4009,No,0.2296006679534912
4010,No,0.21077921986579895
4011,No,0.2446032613515854
4012,No,0.22526106238365173
4013,No,0.2763095200061798
4014,No,0.2564036250114441
4015,No,0.29843178391456604
4016,No,0.28946778178215027
4017,Yes,0.5368117690086365
4018,No,0.4930523931980133
4019,Yes,0.6149275898933411
4020,Yes,0.5544688701629639
4021,No,0.2296006679534912
4022,No,0.21077921986579895
4023,No,0.2446032613515854
4024,No,0.22526106238365173
4025,No,0.46141764521598816
4026,No,0.41643401980400085
4027,No,0.48904991149902344
4028,No,0.439161092042923
4029,No,0.4808201789855957
4030,Yes,0.5143398642539978
4031,Yes,0.5972519516944885
4032,Yes,0.5458422303199768
4033,No,0.4862939119338989
4034,Yes,0.5719209313392639
4035,No,0.4992234408855438
4036,No,0.4420682191848755
4037,No,0.36532607674598694
4038,No,0.2792307138442993
4039,No,0.38151365518569946
4040,No,0.3248443007469177
4041,No,0.33729079365730286
4042,No,0.26838719844818115
4043,No,0.3883046507835388
4044,No,0.293501615524292
4045,No,0.34607604146003723
4046,No,0.3188023269176483
4047,No,0.3622978925704956
4048,No,0.3225829005241394
4049,No,0.3865189850330353
4050,No,0.36949631571769714
4051,No,0.3603651821613312
4052,No,0.34327617287635803
4053,No,0.35845690965652466
4054,No,0.21735666692256927
4055,No,0.3299672305583954
4056,No,0.2760666608810425
4057,No,0.4829988479614258
4058,No,0.37576615810394287
4059,Yes,0.5610735416412354
4060,No,0.43990960717201233
4061,No,0.4488365054130554
4062,No,0.4048213064670563
4063,No,0.42636096477508545
4064,No,0.3989551365375519
4065,No,0.42222416400909424
4066,No,0.37430042028427124
4067,Yes,0.5092332363128662
4068,No,0.444137305021286
4069,Yes,0.6899059414863586
4070,Yes,0.6679741740226746
4071,Yes,0.6153098344802856
4072,Yes,0.5950847864151001
4073,No,0.352462500333786
4074,No,0.30698469281196594
4075,No,0.3799261152744293
4076,No,0.3570219874382019
4077,Yes,0.5048536062240601
4078,No,0.35671594738960266
4079,No,0.46844950318336487
4080,No,0.3743577301502228
4081,No,0.33658120036125183
4082,No,0.23492886126041412
4083,No,0.34231969714164734
4084,No,0.2548918128013611
4085,No,0.39027905464172363
4086,No,0.28993940353393555
4087,No,0.36645016074180603
4088,No,0.2957156002521515
4089,No,0.2922007441520691
4090,No,0.17399683594703674
4091,No,0.31304141879081726
4092,No,0.21345952153205872
4093,No,0.4677141606807709
4094,No,0.4045630097389221
4095,No,0.43735021352767944
4096,No,0.446261465549469
4097,No,0.3474867045879364
4098,No,0.4104580283164978
4099,No,0.3744364380836487
4100,No,0.4365586042404175
4101,No,0.26406580209732056
4102,No,0.2520795464515686
4103,No,0.24231845140457153
4104,No,0.2804968059062958
4105,No,0.4126705825328827
4106,Yes,0.6374155282974243
4107,No,0.4975183606147766
4108,Yes,0.5635315179824829
4109,No,0.3227628469467163
4110,No,0.3352035880088806
4111,No,0.3684689998626709
4112,No,0.3327566087245941
4113,No,0.25626757740974426
4114,No,0.44007590413093567
4115,No,0.2941353917121887
4116,No,0.38639765977859497
4117,No,0.17444293200969696
4118,No,0.2867904305458069
4119,No,0.24629420042037964
4120,No,0.3158969283103943
4121,No,0.3564932644367218
4122,No,0.4402789771556854
4123,No,0.3912176489830017
4124,No,0.39581409096717834
4125,No,0.35870882868766785
4126,No,0.4620656669139862
4127,No,0.4295959174633026
4128,No,0.44416171312332153
4129,No,0.4415057301521301
4130,No,0.48036834597587585
4131,No,0.4333358108997345
4132,Yes,0.5643431544303894
4133,No,0.28771284222602844
4134,No,0.4499949514865875
4135,No,0.43959176540374756
4136,Yes,0.5481452345848083
4137,No,0.4099961817264557
4138,No,0.4257693886756897
4139,No,0.4362156391143799
4140,Yes,0.5180241465568542
4141,No,0.3423953056335449
4142,No,0.3975575566291809
4143,No,0.3958814740180969
4144,No,0.4814460575580597
4145,No,0.4592238962650299
4146,Yes,0.5320426821708679
4147,No,0.44998785853385925
4148,Yes,0.5564988851547241
4149,Yes,0.5354515314102173
4150,Yes,0.6025615930557251
4151,Yes,0.56064373254776
4152,Yes,0.6398203372955322
4153,No,0.3870495855808258
4154,No,0.39609357714653015
4155,No,0.4067031741142273
4156,No,0.4872888922691345
4157,No,0.4966929852962494
4158,No,0.4379224181175232
4159,No,0.3817595839500427
4160,No,0.4741867482662201
4161,No,0.3954508602619171
4162,No,0.4680757522583008
4163,No,0.47603821754455566
4164,Yes,0.5647956728935242
4165,No,0.39154091477394104
4166,Yes,0.5037553906440735
4167,No,0.4315458834171295
4168,Yes,0.5637982487678528
4169,No,0.3721950650215149
4170,No,0.4226324260234833
4171,No,0.38417884707450867
4172,No,0.47724542021751404
4173,No,0.305198073387146
4174,No,0.3227485120296478
4175,No,0.3114350736141205
4176,No,0.3756902813911438
4177,Yes,0.6142618060112
4178,Yes,0.5542148351669312
4179,Yes,0.611099898815155
4180,Yes,0.5598770380020142
4181,No,0.36134442687034607
4182,No,0.2766787111759186
4183,No,0.4349551200866699
4184,No,0.3401016891002655
4185,Yes,0.6503282785415649
4186,Yes,0.6072766780853271
4187,Yes,0.6633288860321045
4188,Yes,0.6172088980674744
4189,No,0.4883582592010498
4190,No,0.4667000472545624
4191,Yes,0.5507261157035828
4192,Yes,0.5442855358123779
4193,Yes,0.6558207869529724
4194,Yes,0.593048632144928
4195,Yes,0.7264235615730286
4196,Yes,0.6349746584892273
4197,No,0.49690771102905273
4198,Yes,0.5099194049835205
4199,Yes,0.5719503164291382
4200,Yes,0.5370821356773376
4201,Yes,0.5654363632202148
4202,No,0.43993014097213745
4203,No,0.4843981862068176
4204,No,0.47773683071136475
4205,No,0.4266013205051422
4206,No,0.4789782166481018
4207,Yes,0.5257865190505981
4208,Yes,0.5037093758583069
4209,Yes,0.5672340393066406
4210,Yes,0.5247633457183838
4211,Yes,0.6317164897918701
4212,Yes,0.5768516063690186
4213,Yes,0.611711859703064
4214,Yes,0.5084283351898193
4215,Yes,0.5810480713844299
4216,Yes,0.5274887681007385
4217,Yes,0.8391018509864807
4218,Yes,0.849194347858429
4219,Yes,0.8445373773574829
4220,Yes,0.8135884404182434
4221,Yes,0.6685022711753845
4222,Yes,0.5335822701454163
4223,Yes,0.6164695024490356
4224,Yes,0.5946494340896606
4225,No,0.40607643127441406
4226,No,0.48820924758911133
4227,No,0.400754451751709
4228,No,0.49897336959838867
4229,No,0.425830215215683
4230,Yes,0.5424225926399231
4231,No,0.4521384835243225
4232,No,0.4925345480442047
4233,No,0.44031253457069397
4234,No,0.47244635224342346
4235,No,0.4592680037021637
4236,Yes,0.5212726593017578
4237,No,0.23856334388256073
4238,No,0.26241278648376465
4239,No,0.2682563364505768
4240,No,0.31224557757377625
4241,No,0.4326796531677246
4242,Yes,0.5140414834022522
4243,No,0.4062146246433258
4244,No,0.4238661229610443
4245,No,0.3639594316482544
4246,No,0.4022904932498932
4247,No,0.39322611689567566
4248,No,0.4904592037200928
4249,No,0.45223018527030945
4250,Yes,0.5728230476379395
4251,No,0.4682433009147644
4252,Yes,0.5377135276794434
4253,No,0.4149506092071533
4254,No,0.400811105966568
4255,No,0.4759250581264496
4256,No,0.4968317151069641
4257,Yes,0.5240623354911804
4258,No,0.4028640687465668
4259,Yes,0.5079720616340637
4260,Yes,0.5156329870223999
4261,Yes,0.5808706879615784
4262,Yes,0.5149805545806885
4263,Yes,0.5974960923194885
4264,Yes,0.5806930065155029
4265,No,0.37365037202835083
4266,No,0.3337157070636749
4267,No,0.3811131417751312
4268,No,0.3281198740005493
4269,No,0.4245474338531494
4270,No,0.32311907410621643
4271,No,0.4921376705169678
4272,No,0.40504610538482666
4273,Yes,0.507144033908844
4274,No,0.4813638925552368
4275,Yes,0.6017657518386841
4276,Yes,0.5290970802307129
4277,No,0.4926854074001312
4278,No,0.4816400110721588
4279,No,0.48349839448928833
4280,No,0.49258676171302795
4281,No,0.4834933280944824
4282,No,0.40351930260658264
4283,Yes,0.5045974850654602
4284,No,0.4588811695575714
4285,No,0.4313519597053528
4286,No,0.403470903635025
4287,Yes,0.5392279624938965
4288,Yes,0.5108256340026855
4289,No,0.4712834358215332
4290,Yes,0.6322528123855591
4291,No,0.4339371621608734
4292,No,0.4314649701118469
4293,No,0.43434247374534607
4294,No,0.4608275592327118
4295,No,0.45891550183296204
4296,No,0.4355471432209015
4297,No,0.32339614629745483
4298,No,0.31579652428627014
4299,No,0.3570423722267151
4300,No,0.32305291295051575
4301,No,0.24942231178283691
4302,No,0.2515709102153778
4303,No,0.24182920157909393
4304,No,0.25502461194992065
4305,No,0.34173882007598877
4306,No,0.43151286244392395
4307,No,0.33160901069641113
4308,No,0.3841266632080078
4309,No,0.4668635129928589
4310,Yes,0.5499701499938965
4311,Yes,0.5099673867225647
4312,No,0.497085839509964
4313,No,0.47031494975090027
4314,No,0.471733033657074
4315,No,0.47668737173080444
4316,No,0.45324233174324036
4317,No,0.3034065365791321
4318,No,0.30202949047088623
4319,No,0.3049468696117401
4320,No,0.331990510225296
4321,No,0.3604000508785248
4322,No,0.41453659534454346
4323,No,0.327511191368103
4324,No,0.3306918442249298
4325,No,0.22052820026874542
4326,No,0.24386583268642426
4327,No,0.2024664580821991
4328,No,0.22939106822013855
4329,No,0.36230728030204773
4330,No,0.4342212677001953
4331,No,0.45344018936157227
4332,No,0.44228315353393555
4333,No,0.2524329423904419
4334,No,0.27506545186042786
4335,No,0.31966882944107056
4336,No,0.3082927167415619
4337,No,0.3333911597728729
4338,No,0.3333194851875305
4339,No,0.36306673288345337
4340,No,0.3352976143360138
4341,No,0.4201071560382843
4342,Yes,0.5124813914299011
4343,No,0.4461979866027832
4344,No,0.4752578139305115
4345,No,0.3843117952346802
4346,No,0.3749731183052063
4347,No,0.38747772574424744
4348,No,0.3915848433971405
4349,No,0.4459174871444702
4350,No,0.4422145485877991
4351,No,0.4623309373855591
4352,No,0.4507102370262146
4353,No,0.2960282266139984
4354,No,0.264097660779953
4355,No,0.2836679518222809
4356,No,0.27881959080696106
4357,No,0.36261048913002014
4358,No,0.3627283573150635
4359,No,0.33669257164001465
4360,No,0.3486115336418152
4361,Yes,0.589428722858429
4362,Yes,0.6508442759513855
4363,Yes,0.5845144987106323
4364,Yes,0.6034606099128723
4365,No,0.2698318660259247
4366,No,0.23862101137638092
4367,No,0.2718808948993683
4368,No,0.25949326157569885
4369,Yes,0.5908712148666382
4370,Yes,0.5880537629127502
4371,Yes,0.6501865386962891
4372,Yes,0.6204565763473511
4373,Yes,0.5834609866142273
4374,Yes,0.5809402465820312
4375,Yes,0.6819778680801392
4376,Yes,0.658199667930603
4377,No,0.38985246419906616
4378,No,0.4702586233615875
4379,Yes,0.50691819190979
4380,Yes,0.5145349502563477
4381,No,0.37868446111679077
4382,No,0.4129541516304016
4383,No,0.4464225769042969
4384,No,0.43824273347854614
4385,No,0.477592408657074
4386,Yes,0.5554304122924805
4387,Yes,0.6311075687408447
4388,Yes,0.6123147010803223
4389,No,0.3710162043571472
4390,No,0.3664083182811737
4391,No,0.41334268450737
4392,No,0.4047268033027649
4393,No,0.473246306180954
4394,No,0.49079272150993347
4395,Yes,0.5274835228919983
4396,No,0.4921892583370209
4397,Yes,0.506241500377655
4398,Yes,0.5035610795021057
4399,Yes,0.5930384993553162
4400,Yes,0.5709307193756104
4401,Yes,0.5211839079856873
4402,No,0.3637450039386749
4403,Yes,0.6157945990562439
4404,No,0.4480372369289398
4405,Yes,0.5162144303321838
4406,No,0.4144120514392853
4407,Yes,0.5454839468002319
4408,No,0.4113348722457886
4409,Yes,0.7134560942649841
4410,Yes,0.6568242907524109
4411,Yes,0.7246825695037842
4412,Yes,0.5471017956733704
4413,Yes,0.5878767371177673
4414,No,0.4146764874458313
4415,Yes,0.6585637331008911
4416,No,0.4405270218849182
