item,label,p_yes
1,Yes,0.8954169750213623
2,Yes,0.9057803750038147
3,Yes,0.9093292951583862
4,Yes,0.9194983839988708
5,Yes,0.8881751894950867
6,Yes,0.8962416052818298
7,Yes,0.908492922782898
8,Yes,0.9089919328689575
9,Yes,0.8018391132354736
10,Yes,0.8166184425354004
11,Yes,0.8164659738540649
12,Yes,0.834481954574585
13,Yes,0.8444408178329468
14,Yes,0.8601133823394775
15,Yes,0.8278444409370422
16,Yes,0.8465611338615417
17,Yes,0.8715853691101074
18,Yes,0.8559626936912537
19,Yes,0.8797663450241089
20,Yes,0.8794445991516113
21,Yes,0.8445844650268555
22,Yes,0.8308867812156677
23,Yes,0.8329612612724304
24,Yes,0.8520802855491638
25,Yes,0.9204374551773071
26,Yes,0.9254528880119324
27,Yes,0.9154987931251526
28,Yes,0.9242169260978699
29,Yes,0.7795894145965576
30,Yes,0.7982274889945984
31,Yes,0.7815333008766174
32,Yes,0.8058310151100159
33,Yes,0.8806638121604919
34,Yes,0.8737117052078247
35,Yes,0.893438994884491
36,Yes,0.8938094973564148
37,Yes,0.8437262177467346
38,Yes,0.842642068862915
39,Yes,0.8581230044364929
40,Yes,0.8754613399505615
41,Yes,0.847524881362915
42,Yes,0.8711787462234497
43,Yes,0.8731269836425781
44,Yes,0.8871464133262634
45,Yes,0.8550533652305603
46,Yes,0.8604828715324402
47,Yes,0.8823999762535095
48,Yes,0.8907868266105652
49,Yes,0.8224881291389465
50,Yes,0.8116381168365479
51,Yes,0.8516528010368347
52,Yes,0.8541592359542847
53,Yes,0.8088799118995667
54,Yes,0.8407740592956543
55,Yes,0.8553573489189148
56,Yes,0.841172456741333
57,Yes,0.8674513101577759
58,Yes,0.846235454082489
59,Yes,0.8853376507759094
60,Yes,0.8791479468345642
61,Yes,0.8832295536994934
62,Yes,0.851109504699707
63,Yes,0.8736633658409119
64,Yes,0.8490369915962219
65,Yes,0.8966721296310425
66,Yes,0.880748450756073
67,Yes,0.9068458080291748
68,Yes,0.8924078345298767
69,Yes,0.8284525275230408
70,Yes,0.8412569761276245
71,Yes,0.8434771299362183
72,Yes,0.8297483921051025
73,Yes,0.8942992091178894
74,Yes,0.8676267862319946
75,Yes,0.892240583896637
76,Yes,0.867791473865509
77,Yes,0.8760260939598083
78,Yes,0.8617638945579529
79,Yes,0.8717042803764343
80,Yes,0.8669658899307251
81,Yes,0.792952299118042
82,Yes,0.8003090620040894
83,Yes,0.8224279284477234
84,Yes,0.8209252953529358
85,Yes,0.8066969513893127
86,Yes,0.8407447934150696
87,Yes,0.8272525072097778
88,Yes,0.8221115469932556
89,Yes,0.8389771580696106
90,Yes,0.832673192024231
91,Yes,0.8503599166870117
92,Yes,0.8491765856742859
93,Yes,0.876364529132843
94,Yes,0.8503429889678955
95,Yes,0.8848831057548523
96,Yes,0.8750046491622925
97,Yes,0.8297048807144165
98,Yes,0.8376184105873108
99,Yes,0.8539761900901794
100,Yes,0.8457762002944946
101,Yes,0.8483850359916687
102,Yes,0.8181576132774353
103,Yes,0.8057612180709839
104,Yes,0.8109983205795288
105,Yes,0.8442837595939636
106,Yes,0.840692937374115
107,Yes,0.8331978917121887
108,Yes,0.8310332894325256
109,Yes,0.8387508392333984
110,Yes,0.8109109997749329
111,Yes,0.8385926485061646
112,Yes,0.8314238786697388
113,Yes,0.7899049520492554
114,Yes,0.803874135017395
115,Yes,0.8230689764022827
116,Yes,0.812163233757019
117,Yes,0.8260475993156433
118,Yes,0.8067342638969421
119,Yes,0.8194140791893005
120,Yes,0.7981237173080444
121,Yes,0.8655858635902405
122,Yes,0.8528673052787781
123,Yes,0.866280198097229
124,Yes,0.8564952611923218
125,Yes,0.8446343541145325
126,Yes,0.8308008909225464
127,Yes,0.884186327457428
128,Yes,0.8733181357383728
129,Yes,0.8780940175056458
130,Yes,0.8843743205070496
131,Yes,0.8841426968574524
132,Yes,0.8865625262260437
133,Yes,0.8602226972579956
134,Yes,0.8708991408348083
135,Yes,0.8641179203987122
136,Yes,0.8746206760406494
137,Yes,0.8638421297073364
138,Yes,0.8586903810501099
139,Yes,0.8800857067108154
140,Yes,0.8831783533096313
141,Yes,0.8555856347084045
142,Yes,0.8721272945404053
143,Yes,0.8679633736610413
144,Yes,0.8598297834396362
145,Yes,0.8555717468261719
146,Yes,0.8567415475845337
147,Yes,0.8687226176261902
148,Yes,0.8634287118911743
149,Yes,0.8638421297073364
150,Yes,0.8586903810501099
151,Yes,0.8800857067108154
152,Yes,0.8831783533096313
153,Yes,0.9212380051612854
154,Yes,0.9103850722312927
155,Yes,0.9281982779502869
156,Yes,0.9214170575141907
157,Yes,0.8258772492408752
158,Yes,0.835969865322113
159,Yes,0.8435059785842896
160,Yes,0.8407106995582581
161,Yes,0.8653591871261597
162,Yes,0.8736512660980225
163,Yes,0.844508707523346
164,Yes,0.8383583426475525
165,Yes,0.8946720361709595
166,Yes,0.8739118576049805
167,Yes,0.8982083201408386
168,Yes,0.8831348419189453
169,Yes,0.889354407787323
170,Yes,0.8652432560920715
171,Yes,0.8665002584457397
172,Yes,0.8713292479515076
173,Yes,0.8946316838264465
174,Yes,0.8836445808410645
175,Yes,0.8585826754570007
176,Yes,0.8604555130004883
177,Yes,0.8961576223373413
178,Yes,0.8850032687187195
179,Yes,0.9061641097068787
180,Yes,0.8986209034919739
181,Yes,0.8848294019699097
182,Yes,0.8774506449699402
183,Yes,0.872495710849762
184,Yes,0.8632211089134216
185,Yes,0.8923600316047668
186,Yes,0.8821300864219666
187,Yes,0.8726659417152405
188,Yes,0.872957170009613
189,Yes,0.9122788310050964
190,Yes,0.9099252820014954
191,Yes,0.9042327404022217
192,Yes,0.89601069688797
193,Yes,0.864104151725769
194,Yes,0.8591476678848267
195,Yes,0.8785998225212097
196,Yes,0.8822442889213562
197,Yes,0.9473052620887756
198,Yes,0.9440484642982483
199,Yes,0.9448862075805664
200,Yes,0.9418532252311707
201,Yes,0.8858857750892639
202,Yes,0.8817848563194275
203,Yes,0.8672664165496826
204,Yes,0.8673878908157349
205,Yes,0.8631803393363953
206,Yes,0.8503775596618652
207,Yes,0.8450220227241516
208,Yes,0.8387903571128845
209,Yes,0.85304194688797
210,Yes,0.8499463796615601
211,Yes,0.8771504759788513
212,Yes,0.8669360280036926
213,Yes,0.864514946937561
214,Yes,0.867266833782196
215,Yes,0.8775687217712402
216,Yes,0.8712222576141357
217,Yes,0.9064857363700867
218,Yes,0.8922731876373291
219,Yes,0.8921791911125183
220,Yes,0.8850463032722473
221,Yes,0.8550765514373779
222,Yes,0.8401724696159363
223,Yes,0.8500155210494995
224,Yes,0.8512845039367676
225,Yes,0.8440971374511719
226,Yes,0.8386326432228088
227,Yes,0.8517952561378479
228,Yes,0.8547067046165466
229,Yes,0.8185737133026123
230,Yes,0.8645185232162476
231,Yes,0.8375809788703918
232,Yes,0.8562020063400269
233,Yes,0.8419365286827087
234,Yes,0.8670680522918701
235,Yes,0.8553981184959412
236,Yes,0.8609265685081482
237,Yes,0.8002275824546814
238,Yes,0.849146842956543
239,Yes,0.8499265909194946
240,Yes,0.8608227968215942
241,Yes,0.7963479161262512
242,Yes,0.831963300704956
243,Yes,0.8442032337188721
244,Yes,0.8254055976867676
245,Yes,0.8332771062850952
246,Yes,0.8829827904701233
247,Yes,0.8768309354782104
248,Yes,0.858585774898529
249,Yes,0.8359476923942566
250,Yes,0.8647167086601257
251,Yes,0.8489327430725098
252,Yes,0.8318383097648621
253,Yes,0.8310645222663879
254,Yes,0.8429339528083801
255,Yes,0.8162105679512024
256,Yes,0.8183675408363342
257,Yes,0.8209383487701416
258,Yes,0.870760977268219
259,Yes,0.8290703296661377
260,Yes,0.8360849618911743
261,Yes,0.8223628997802734
262,Yes,0.8443644046783447
263,Yes,0.8261101245880127
264,Yes,0.8449256420135498
265,Yes,0.8142676949501038
266,Yes,0.8576894998550415
267,Yes,0.8372315168380737
268,Yes,0.8429010510444641
269,Yes,0.8192706108093262
270,Yes,0.7937566637992859
271,Yes,0.8160287141799927
272,Yes,0.7859075665473938
273,Yes,0.8584188222885132
274,Yes,0.8527726531028748
275,Yes,0.9004645943641663
276,Yes,0.8903982043266296
277,Yes,0.8001022338867188
278,Yes,0.822166919708252
279,Yes,0.8579521179199219
280,Yes,0.8621065616607666
281,Yes,0.8694218993186951
282,Yes,0.8754969835281372
283,Yes,0.8812761902809143
284,Yes,0.8925015926361084
285,Yes,0.8561671376228333
286,Yes,0.8665177226066589
287,Yes,0.8405638337135315
288,Yes,0.8512495756149292
289,Yes,0.829887866973877
290,Yes,0.8286727666854858
291,Yes,0.8332211375236511
292,Yes,0.8283249735832214
293,Yes,0.8374125957489014
294,Yes,0.8623944520950317
295,Yes,0.8466073870658875
296,Yes,0.8354625105857849
297,Yes,0.8121280670166016
298,Yes,0.812766969203949
299,Yes,0.8184378147125244
300,Yes,0.8175202012062073
301,Yes,0.8940460681915283
302,Yes,0.9028964042663574
303,Yes,0.8990880846977234
304,Yes,0.8967931270599365
305,Yes,0.8976519703865051
306,Yes,0.9050911664962769
307,Yes,0.8981620073318481
308,Yes,0.8935689926147461
309,Yes,0.8549778461456299
310,Yes,0.8721432685852051
311,Yes,0.8601115942001343
312,Yes,0.8621957302093506
313,Yes,0.8739122748374939
314,Yes,0.8782914280891418
315,Yes,0.8698202967643738
316,Yes,0.8599387407302856
317,Yes,0.824164867401123
318,Yes,0.8539814352989197
319,Yes,0.8572611808776855
320,Yes,0.8488238453865051
321,Yes,0.8750740885734558
322,Yes,0.8732284903526306
323,Yes,0.8630046248435974
324,Yes,0.8510023355484009
325,Yes,0.8721708059310913
326,Yes,0.858211874961853
327,Yes,0.8809676766395569
328,Yes,0.8755818605422974
329,Yes,0.8691041469573975
330,Yes,0.8872047066688538
331,Yes,0.8917187452316284
332,Yes,0.8880500793457031
333,Yes,0.894665002822876
334,Yes,0.8942914605140686
335,Yes,0.9077059030532837
336,Yes,0.8989248871803284
337,Yes,0.889640212059021
338,Yes,0.8926749229431152
339,Yes,0.8705974817276001
340,Yes,0.8822520971298218
341,Yes,0.8452930450439453
342,Yes,0.8385072350502014
343,Yes,0.8377546072006226
344,Yes,0.837398886680603
345,Yes,0.8490400910377502
346,Yes,0.845363199710846
347,Yes,0.8530086874961853
348,Yes,0.84791499376297
349,Yes,0.8654806613922119
350,Yes,0.8593061566352844
351,Yes,0.8437515497207642
352,Yes,0.8572315573692322
353,Yes,0.8737751245498657
354,Yes,0.8600710034370422
355,Yes,0.872553288936615
356,Yes,0.8707714080810547
357,Yes,0.8634750247001648
358,Yes,0.8472796082496643
359,Yes,0.853826105594635
360,Yes,0.8410605788230896
361,Yes,0.8679661154747009
362,Yes,0.8620569705963135
363,Yes,0.853679358959198
364,Yes,0.8646447062492371
365,Yes,0.8379877805709839
366,Yes,0.8104756474494934
367,Yes,0.8184599876403809
368,Yes,0.8225158452987671
369,Yes,0.872967541217804
370,Yes,0.8679737448692322
371,Yes,0.845615565776825
372,Yes,0.8278581500053406
373,Yes,0.8434101343154907
374,Yes,0.8628829717636108
375,Yes,0.8558180928230286
376,Yes,0.8467119932174683
377,Yes,0.840210497379303
378,Yes,0.8217949867248535
379,Yes,0.8210304975509644
380,Yes,0.8326771855354309
381,Yes,0.8756303787231445
382,Yes,0.866568386554718
383,Yes,0.8603593111038208
384,Yes,0.8611974120140076
385,Yes,0.9252684712409973
386,Yes,0.8566890954971313
387,Yes,0.904778003692627
388,Yes,0.8961864709854126
389,Yes,0.8680531978607178
390,Yes,0.8587666153907776
391,Yes,0.8566708564758301
392,Yes,0.8545833826065063
393,Yes,0.8646657466888428
394,Yes,0.8735166192054749
395,Yes,0.82515549659729
396,Yes,0.8140670657157898
397,Yes,0.8485497832298279
398,Yes,0.8587632179260254
399,Yes,0.8428888916969299
400,Yes,0.8550570011138916
401,Yes,0.8735567927360535
402,Yes,0.8642452955245972
403,Yes,0.8684927225112915
404,Yes,0.8663010001182556
405,Yes,0.8669365048408508
406,Yes,0.8596905469894409
407,Yes,0.873194694519043
408,Yes,0.858283281326294
409,Yes,0.8935545086860657
410,Yes,0.8677811622619629
411,Yes,0.8825196027755737
412,Yes,0.8701351881027222
413,Yes,0.8773958683013916
414,Yes,0.863095223903656
415,Yes,0.8606221675872803
416,Yes,0.8583006858825684
417,Yes,0.8332219123840332
418,Yes,0.8283343315124512
419,Yes,0.841277539730072
420,Yes,0.8292919397354126
421,Yes,0.859302818775177
422,Yes,0.8491525053977966
423,Yes,0.8656597137451172
424,Yes,0.8694217801094055
425,Yes,0.8868907690048218
426,Yes,0.8670799136161804
427,Yes,0.8893919587135315
428,Yes,0.8878408074378967
429,Yes,0.8950836658477783
430,Yes,0.879935085773468
431,Yes,0.8953685760498047
432,Yes,0.8892931938171387
433,Yes,0.8583813309669495
434,Yes,0.8489501476287842
435,Yes,0.8578593730926514
436,Yes,0.8529261350631714
437,Yes,0.8447288274765015
438,Yes,0.8545078635215759
439,Yes,0.8423018455505371
440,Yes,0.8193424344062805
441,Yes,0.8485204577445984
442,Yes,0.8623080849647522
443,Yes,0.8457584977149963
444,Yes,0.8350841999053955
445,Yes,0.8485455513000488
446,Yes,0.8601236939430237
447,Yes,0.852272093296051
448,Yes,0.8463470339775085
449,Yes,0.8599525690078735
450,Yes,0.8593797087669373
451,Yes,0.872814953327179
452,Yes,0.8787075877189636
453,Yes,0.8587281703948975
454,Yes,0.8578622341156006
455,Yes,0.8859828114509583
456,Yes,0.8761094808578491
457,Yes,0.8480807542800903
458,Yes,0.8447638750076294
459,Yes,0.871076762676239
460,Yes,0.8834410309791565
461,Yes,0.8485293388366699
462,Yes,0.8338761925697327
463,Yes,0.8416135907173157
464,Yes,0.852043867111206
465,Yes,0.870171844959259
466,Yes,0.8597695827484131
467,Yes,0.85794997215271
468,Yes,0.8620005249977112
469,Yes,0.8559631109237671
470,Yes,0.8370582461357117
471,Yes,0.8431433439254761
472,Yes,0.8388081789016724
473,Yes,0.8388826847076416
474,Yes,0.8485255837440491
475,Yes,0.8858053088188171
476,Yes,0.8908994793891907
477,Yes,0.85251784324646
478,Yes,0.8490711450576782
479,Yes,0.8616064190864563
480,Yes,0.853656530380249
481,Yes,0.8353521227836609
482,Yes,0.8452548384666443
483,Yes,0.8644376993179321
484,Yes,0.8642004728317261
485,Yes,0.8902474641799927
486,Yes,0.9086596965789795
487,Yes,0.8935694694519043
488,Yes,0.8983765840530396
489,Yes,0.8330641388893127
490,Yes,0.8420445322990417
491,Yes,0.8406747579574585
492,Yes,0.8335084319114685
493,Yes,0.832147479057312
494,Yes,0.8584935665130615
495,Yes,0.8624898791313171
496,Yes,0.8571516871452332
497,Yes,0.8974106907844543
498,Yes,0.898065984249115
499,Yes,0.9068762063980103
500,Yes,0.8993641138076782
501,Yes,0.8992800712585449
502,Yes,0.9044844508171082
503,Yes,0.8974407911300659
504,Yes,0.8969898223876953
505,Yes,0.8849236965179443
506,Yes,0.8879627585411072
507,Yes,0.8824136257171631
508,Yes,0.8806108832359314
509,Yes,0.8300095796585083
510,Yes,0.8307474255561829
511,Yes,0.8145343661308289
512,Yes,0.8191129565238953
513,Yes,0.8798640966415405
514,Yes,0.8919079899787903
515,Yes,0.8803367018699646
516,Yes,0.869839608669281
517,Yes,0.9167815446853638
518,Yes,0.896105945110321
519,Yes,0.9025607109069824
520,Yes,0.8949319124221802
521,Yes,0.8721572160720825
522,Yes,0.858651876449585
523,Yes,0.8904920220375061
524,Yes,0.8763900995254517
525,Yes,0.9214149117469788
526,Yes,0.8896564841270447
527,Yes,0.9053513407707214
528,Yes,0.8818251490592957
529,Yes,0.853010356426239
530,Yes,0.833756148815155
531,Yes,0.8449937105178833
532,Yes,0.845224142074585
533,Yes,0.887278139591217
534,Yes,0.8725296258926392
535,Yes,0.8889829516410828
536,Yes,0.8789977431297302
537,Yes,0.8661934733390808
538,Yes,0.8684016466140747
539,Yes,0.8377510905265808
540,Yes,0.821251392364502
541,Yes,0.8860958218574524
542,Yes,0.882062554359436
543,Yes,0.8986199498176575
544,Yes,0.8886116147041321
545,Yes,0.8692230582237244
546,Yes,0.898001492023468
547,Yes,0.8772130608558655
548,Yes,0.8814980983734131
549,Yes,0.9300823211669922
550,Yes,0.9100709557533264
551,Yes,0.9324037432670593
552,Yes,0.9211678504943848
553,Yes,0.884638786315918
554,Yes,0.8866540193557739
555,Yes,0.8767605423927307
556,Yes,0.8650214672088623
557,Yes,0.8570989370346069
558,Yes,0.8430871367454529
559,Yes,0.8479743599891663
560,Yes,0.8460402488708496
561,Yes,0.8625093698501587
562,Yes,0.8463179469108582
563,Yes,0.8482493758201599
564,Yes,0.8534505367279053
565,Yes,0.8938879370689392
566,Yes,0.8992641568183899
567,Yes,0.8757076263427734
568,Yes,0.8897401094436646
569,Yes,0.8572940826416016
570,Yes,0.8603794574737549
571,Yes,0.8516292572021484
572,Yes,0.8475795388221741
573,Yes,0.8800846934318542
574,Yes,0.8854842185974121
575,Yes,0.8717381358146667
576,Yes,0.8622782230377197
577,Yes,0.8681098818778992
578,Yes,0.8625558018684387
579,Yes,0.8778262734413147
580,Yes,0.8753771185874939
581,Yes,0.8839467167854309
582,Yes,0.8653929233551025
583,Yes,0.8716442584991455
584,Yes,0.8587116003036499
585,Yes,0.9208676218986511
586,Yes,0.8961920738220215
587,Yes,0.9144399762153625
588,Yes,0.9003627300262451
589,Yes,0.8592404127120972
590,Yes,0.8564143776893616
591,Yes,0.8656362295150757
592,Yes,0.8653302788734436
593,Yes,0.8825494647026062
594,Yes,0.8616958260536194
595,Yes,0.8468167781829834
596,Yes,0.8267459869384766
597,Yes,0.8716248869895935
598,Yes,0.8438754677772522
599,Yes,0.875469446182251
600,Yes,0.8554949760437012
601,Yes,0.8836739659309387
602,Yes,0.8504376411437988
603,Yes,0.8891127705574036
604,Yes,0.8649470210075378
605,Yes,0.7981997132301331
606,Yes,0.7944583892822266
607,Yes,0.8376508355140686
608,Yes,0.8106297850608826
609,Yes,0.8472561836242676
610,Yes,0.8451985120773315
611,Yes,0.8153321743011475
612,Yes,0.8499216437339783
613,Yes,0.8379541635513306
614,Yes,0.8760319948196411
615,Yes,0.8054168224334717
616,Yes,0.8327012658119202
617,Yes,0.8828754425048828
618,Yes,0.8972893357276917
619,Yes,0.8906026482582092
620,Yes,0.902476966381073
621,Yes,0.8420727252960205
622,Yes,0.8673322796821594
623,Yes,0.8411157131195068
624,Yes,0.8916051983833313
625,Yes,0.8509228229522705
626,Yes,0.8607308268547058
627,Yes,0.8465337753295898
628,Yes,0.8756659626960754
629,Yes,0.8376805186271667
630,Yes,0.8338286280632019
631,Yes,0.8241114616394043
632,Yes,0.853913426399231
633,Yes,0.8247103691101074
634,Yes,0.8568494915962219
635,Yes,0.8185634016990662
636,Yes,0.8414614796638489
637,Yes,0.8461284041404724
638,Yes,0.8560418486595154
639,Yes,0.8528994917869568
640,Yes,0.8638368844985962
641,Yes,0.7844575643539429
642,Yes,0.8708523511886597
643,Yes,0.8254358768463135
644,Yes,0.8466423749923706
645,Yes,0.8202522993087769
646,Yes,0.8517069816589355
647,Yes,0.8295220136642456
648,Yes,0.8588395118713379
649,Yes,0.8711303472518921
650,Yes,0.8636375665664673
651,Yes,0.8429970741271973
652,Yes,0.8660570979118347
653,Yes,0.8686964511871338
654,Yes,0.8763068318367004
655,Yes,0.8618305921554565
656,Yes,0.8887040019035339
657,Yes,0.9054281711578369
658,Yes,0.8908082842826843
659,Yes,0.8983584642410278
660,Yes,0.8827318549156189
661,Yes,0.8909972310066223
662,Yes,0.8721018433570862
663,Yes,0.8795459270477295
664,Yes,0.8641914129257202
665,Yes,0.8809540867805481
666,Yes,0.8772931098937988
667,Yes,0.8773897886276245
668,Yes,0.8648875951766968
669,Yes,0.8775370717048645
670,Yes,0.8707209229469299
671,Yes,0.8849409222602844
672,Yes,0.8789817094802856
673,Yes,0.8759227395057678
674,Yes,0.8840247988700867
675,Yes,0.8865875601768494
676,Yes,0.8678352236747742
677,Yes,0.8950744271278381
678,Yes,0.8786219358444214
679,Yes,0.8757867813110352
680,Yes,0.8711994886398315
681,Yes,0.8946788907051086
682,Yes,0.9070681929588318
683,Yes,0.8567057251930237
684,Yes,0.8387882113456726
685,Yes,0.9066587090492249
686,Yes,0.8846624493598938
687,Yes,0.8932353258132935
688,Yes,0.8821851015090942
689,Yes,0.8750653862953186
690,Yes,0.8698511123657227
691,Yes,0.8896725177764893
692,Yes,0.8809207081794739
693,Yes,0.89548659324646
694,Yes,0.8823262453079224
695,Yes,0.8947389125823975
696,Yes,0.8695780634880066
697,Yes,0.8765040040016174
698,Yes,0.8770855069160461
699,Yes,0.884831964969635
700,Yes,0.8826029300689697
701,Yes,0.9083666801452637
702,Yes,0.9030556082725525
703,Yes,0.8931164741516113
704,Yes,0.8748850226402283
705,Yes,0.9054281711578369
706,Yes,0.8908082842826843
707,Yes,0.8983584642410278
708,Yes,0.8827318549156189
709,Yes,0.8775370717048645
710,Yes,0.8707209229469299
711,Yes,0.8849409222602844
712,Yes,0.8789817094802856
713,Yes,0.8781096935272217
714,Yes,0.8896104693412781
715,Yes,0.8758683800697327
716,Yes,0.8566868901252747
717,Yes,0.8839718103408813
718,Yes,0.8583977818489075
719,Yes,0.8612504005432129
720,Yes,0.8575732707977295
721,Yes,0.8469129800796509
722,Yes,0.8288403749465942
723,Yes,0.8517923355102539
724,Yes,0.8422862887382507
725,Yes,0.8887755274772644
726,Yes,0.8587223291397095
727,Yes,0.881645679473877
728,Yes,0.8596981763839722
729,Yes,0.8586656451225281
730,Yes,0.8531912565231323
731,Yes,0.8734506964683533
732,Yes,0.8593677282333374
733,Yes,0.8601900339126587
734,Yes,0.8386650681495667
735,Yes,0.8387064933776855
736,Yes,0.8311827182769775
737,Yes,0.8683921098709106
738,Yes,0.8463781476020813
739,Yes,0.8732019662857056
740,Yes,0.8522053956985474
741,Yes,0.8549389839172363
742,Yes,0.8509660959243774
743,Yes,0.8826627135276794
744,Yes,0.8618463277816772
745,Yes,0.9030629992485046
746,Yes,0.876822292804718
747,Yes,0.9010288715362549
748,Yes,0.8906189799308777
749,Yes,0.8810136318206787
750,Yes,0.8697627186775208
751,Yes,0.878334641456604
752,Yes,0.8617007732391357
753,Yes,0.8802719116210938
754,Yes,0.8664447665214539
755,Yes,0.8938016891479492
756,Yes,0.8825196623802185
757,Yes,0.8497224450111389
758,Yes,0.8548972606658936
759,Yes,0.8877454996109009
760,Yes,0.8769389390945435
761,Yes,0.9109026789665222
762,Yes,0.9004371166229248
763,Yes,0.9119880795478821
764,Yes,0.9020540118217468
765,Yes,0.8553096652030945
766,Yes,0.8312491178512573
767,Yes,0.8507394194602966
768,Yes,0.8384443521499634
769,Yes,0.8869072198867798
770,Yes,0.857951819896698
771,Yes,0.8789724707603455
772,Yes,0.8676351308822632
773,Yes,0.8329083323478699
774,Yes,0.7790380120277405
775,Yes,0.8309056758880615
776,Yes,0.8184183835983276
777,Yes,0.8228991627693176
778,Yes,0.831157386302948
779,Yes,0.8312487006187439
780,Yes,0.8173032402992249
781,Yes,0.878391683101654
782,Yes,0.8350487947463989
783,Yes,0.8547626733779907
784,Yes,0.8406592607498169
785,Yes,0.8458783626556396
786,Yes,0.824283242225647
787,Yes,0.8656642436981201
788,Yes,0.859245240688324
789,Yes,0.8552364706993103
790,Yes,0.8295326232910156
791,Yes,0.8576446175575256
792,Yes,0.8525454998016357
793,Yes,0.8247291445732117
794,Yes,0.7960681319236755
795,Yes,0.7810934782028198
796,Yes,0.7615870237350464
797,Yes,0.8577063083648682
798,Yes,0.8344952464103699
799,Yes,0.8745433688163757
800,Yes,0.868573784828186
801,Yes,0.8248090744018555
802,Yes,0.8025460243225098
803,Yes,0.8420698642730713
804,Yes,0.823355495929718
805,Yes,0.8796474933624268
806,Yes,0.8503281474113464
807,Yes,0.8800715208053589
808,Yes,0.8683726191520691
809,Yes,0.8745120763778687
810,Yes,0.8541451096534729
811,Yes,0.8665782809257507
812,Yes,0.8737072944641113
813,Yes,0.8604973554611206
814,Yes,0.8335933089256287
815,Yes,0.8609218001365662
816,Yes,0.8554956912994385
817,Yes,0.8843322396278381
818,Yes,0.8371258974075317
819,Yes,0.8791748881340027
820,Yes,0.8553940653800964
821,Yes,0.8836469650268555
822,Yes,0.8619613647460938
823,Yes,0.8857027292251587
824,Yes,0.8744991421699524
825,Yes,0.8764062523841858
826,Yes,0.8536142110824585
827,Yes,0.8844255208969116
828,Yes,0.8619387149810791
829,Yes,0.8731663823127747
830,Yes,0.8595688343048096
831,Yes,0.8666062951087952
832,Yes,0.850278913974762
833,Yes,0.8742206692695618
834,Yes,0.8449395298957825
835,Yes,0.8690810799598694
836,Yes,0.8450227379798889
837,Yes,0.8657751083374023
838,Yes,0.8398446440696716
839,Yes,0.8696609735488892
840,Yes,0.8442144989967346
841,Yes,0.8843332529067993
842,Yes,0.8371233344078064
843,Yes,0.8791756629943848
844,Yes,0.8553933501243591
845,Yes,0.8738134503364563
846,Yes,0.8610796928405762
847,Yes,0.8699512481689453
848,Yes,0.8533248901367188
849,Yes,0.9125799536705017
850,Yes,0.8943665027618408
851,Yes,0.9172756671905518
852,Yes,0.906794011592865
853,Yes,0.8888880014419556
854,Yes,0.8745629191398621
855,Yes,0.8943086862564087
856,Yes,0.8907274603843689
857,Yes,0.9033167362213135
858,Yes,0.853819727897644
859,Yes,0.9050319194793701
860,Yes,0.8783026933670044
861,Yes,0.9040666818618774
862,Yes,0.877695620059967
863,Yes,0.9054478406906128
864,Yes,0.8973477482795715
865,Yes,0.9055300354957581
866,Yes,0.9252633452415466
867,Yes,0.8976737856864929
868,Yes,0.9075204730033875
869,Yes,0.8812601566314697
870,Yes,0.8896557688713074
871,Yes,0.8746953010559082
872,Yes,0.8777815699577332
873,Yes,0.8848620057106018
874,Yes,0.8816618919372559
875,Yes,0.8767929077148438
876,Yes,0.8742754459381104
877,Yes,0.8806769251823425
878,Yes,0.8742882013320923
879,Yes,0.8739608526229858
880,Yes,0.8792577385902405
881,Yes,0.8847686648368835
882,Yes,0.9089077711105347
883,Yes,0.8743639588356018
884,Yes,0.8838929533958435
885,Yes,0.8770033121109009
886,Yes,0.8797962665557861
887,Yes,0.864469051361084
888,Yes,0.8612992763519287
889,Yes,0.8670312762260437
890,Yes,0.870250403881073
891,Yes,0.8775097727775574
892,Yes,0.8782369494438171
893,Yes,0.8689877986907959
894,Yes,0.876905083656311
895,Yes,0.8808529376983643
896,Yes,0.8783724904060364
897,Yes,0.8802425861358643
898,Yes,0.8524124026298523
899,Yes,0.8289898037910461
900,Yes,0.8265501260757446
901,Yes,0.9150692820549011
902,Yes,0.8966156244277954
903,Yes,0.9044543504714966
904,Yes,0.9031770825386047
905,Yes,0.8797891736030579
906,Yes,0.8431386947631836
907,Yes,0.8609670400619507
908,Yes,0.850699245929718
909,Yes,0.8793249130249023
910,Yes,0.8646605014801025
911,Yes,0.8701703548431396
912,Yes,0.8776052594184875
913,Yes,0.8592836856842041
914,Yes,0.8087751269340515
915,Yes,0.8192394971847534
916,Yes,0.8077180981636047
917,Yes,0.88844233751297
918,Yes,0.8788913488388062
919,Yes,0.8761729001998901
920,Yes,0.8853030204772949
921,Yes,0.89180588722229
922,Yes,0.8789376616477966
923,Yes,0.89827960729599
924,Yes,0.9025856256484985
925,Yes,0.8878116011619568
926,Yes,0.8725403547286987
927,Yes,0.8879798650741577
928,Yes,0.8813837766647339
929,Yes,0.8473347425460815
930,Yes,0.8585606813430786
931,Yes,0.8485175967216492
932,Yes,0.8524988889694214
933,Yes,0.8921598792076111
934,Yes,0.8573628067970276
935,Yes,0.8719309568405151
936,Yes,0.8690337538719177
937,Yes,0.8566500544548035
938,Yes,0.8624623417854309
939,Yes,0.8399476408958435
940,Yes,0.834366500377655
941,Yes,0.8493969440460205
942,Yes,0.8407319784164429
943,Yes,0.8407655954360962
944,Yes,0.8393045663833618
945,Yes,0.8780664205551147
946,Yes,0.8858811259269714
947,Yes,0.8501123785972595
948,Yes,0.8635332584381104
949,Yes,0.8966281414031982
950,Yes,0.8859461545944214
951,Yes,0.911710798740387
952,Yes,0.9105936884880066
953,Yes,0.8358316421508789
954,Yes,0.8296892642974854
955,Yes,0.8069034218788147
956,Yes,0.7950405478477478
957,Yes,0.8598493933677673
958,Yes,0.8485129475593567
959,Yes,0.8685301542282104
960,Yes,0.8726304173469543
961,Yes,0.8141555190086365
962,Yes,0.8271299004554749
963,Yes,0.8398252129554749
964,Yes,0.8328716158866882
965,Yes,0.8297507166862488
966,Yes,0.8545834422111511
967,Yes,0.849256157875061
968,Yes,0.8641172647476196
969,Yes,0.8558162450790405
970,Yes,0.8337512016296387
971,Yes,0.8576021194458008
972,Yes,0.8458206653594971
973,Yes,0.8710265159606934
974,Yes,0.8508696556091309
975,Yes,0.8533033728599548
976,Yes,0.8605401515960693
977,Yes,0.8247265219688416
978,Yes,0.798332929611206
979,Yes,0.8310807943344116
980,Yes,0.8392884135246277
981,Yes,0.7936078906059265
982,Yes,0.7996934652328491
983,Yes,0.8336151838302612
984,Yes,0.8287893533706665
985,Yes,0.8553969264030457
986,Yes,0.8317680358886719
987,Yes,0.8715090751647949
988,Yes,0.8722568154335022
989,Yes,0.8476765751838684
990,Yes,0.8453598618507385
991,Yes,0.8589218854904175
992,Yes,0.8683447241783142
993,Yes,0.795204222202301
994,Yes,0.7931079864501953
995,Yes,0.7961560487747192
996,Yes,0.8091205954551697
997,Yes,0.8757939338684082
998,Yes,0.8548405170440674
999,Yes,0.8708707690238953
1000,Yes,0.8800696730613708
1001,Yes,0.8323231935501099
1002,Yes,0.840211033821106
1003,Yes,0.8479528427124023
1004,Yes,0.8469615578651428
1005,Yes,0.8317155838012695
1006,Yes,0.8230950236320496
1007,Yes,0.8534396886825562
1008,Yes,0.8570632338523865
1009,Yes,0.8352392315864563
1010,Yes,0.8494000434875488
1011,Yes,0.8353748321533203
1012,Yes,0.8589649796485901
1013,Yes,0.8524141311645508
1014,Yes,0.8390749096870422
1015,Yes,0.847726047039032
1016,Yes,0.8470724821090698
1017,Yes,0.8276224732398987
1018,Yes,0.841053307056427
1019,Yes,0.827705979347229
1020,Yes,0.8403565287590027
1021,Yes,0.8351088166236877
1022,Yes,0.827102541923523
1023,Yes,0.7937892079353333
1024,Yes,0.8360468745231628
1025,Yes,0.8519811034202576
1026,Yes,0.8483519554138184
1027,Yes,0.8545567989349365
1028,Yes,0.8600428104400635
1029,Yes,0.8643660545349121
1030,Yes,0.8722368478775024
1031,Yes,0.855043888092041
1032,Yes,0.8741499781608582
1033,Yes,0.8115700483322144
1034,Yes,0.8278932571411133
1035,Yes,0.8403304815292358
1036,Yes,0.8537042737007141
1037,Yes,0.8393763303756714
1038,Yes,0.8332585096359253
1039,Yes,0.8234204053878784
1040,Yes,0.8197400569915771
1041,Yes,0.8271549344062805
1042,Yes,0.8265860080718994
1043,Yes,0.8217056393623352
1044,Yes,0.8387596011161804
1045,Yes,0.8188295960426331
1046,Yes,0.8476423025131226
1047,Yes,0.8150546550750732
1048,Yes,0.8304552435874939
1049,Yes,0.788345992565155
1050,Yes,0.8220606446266174
1051,Yes,0.8094326853752136
1052,Yes,0.8207088112831116
1053,Yes,0.8533203601837158
1054,Yes,0.846417248249054
1055,Yes,0.8529616594314575
1056,Yes,0.8572257161140442
1057,Yes,0.8535035848617554
1058,Yes,0.8549925088882446
1059,Yes,0.8669428825378418
1060,Yes,0.8645334243774414
1061,Yes,0.8144649267196655
1062,Yes,0.8636178374290466
1063,Yes,0.7977893948554993
1064,Yes,0.813551664352417
1065,Yes,0.8643669486045837
1066,Yes,0.8722376823425293
1067,Yes,0.8550443649291992
1068,Yes,0.8741505146026611
1069,Yes,0.8435664176940918
1070,Yes,0.859631359577179
1071,Yes,0.8411669731140137
1072,Yes,0.8664019107818604
1073,Yes,0.8768556714057922
1074,Yes,0.8660125136375427
1075,Yes,0.889407217502594
1076,Yes,0.8845022320747375
1077,Yes,0.8619676828384399
1078,Yes,0.8583754897117615
1079,Yes,0.8751655220985413
1080,Yes,0.8815228939056396
1081,Yes,0.8410319685935974
1082,Yes,0.8344346880912781
1083,Yes,0.8406351208686829
1084,Yes,0.8486242890357971
1085,Yes,0.8896672129631042
1086,Yes,0.8759096264839172
1087,Yes,0.8721227645874023
1088,Yes,0.8831917643547058
1089,Yes,0.8897410035133362
1090,Yes,0.8760323524475098
1091,Yes,0.8893247246742249
1092,Yes,0.887849748134613
1093,Yes,0.836905837059021
1094,Yes,0.8218449950218201
1095,Yes,0.822152316570282
1096,Yes,0.8344231843948364
1097,Yes,0.8468562960624695
1098,Yes,0.8608020544052124
1099,Yes,0.8291664719581604
1100,Yes,0.8155674338340759
1101,Yes,0.8720803260803223
1102,Yes,0.8518907427787781
1103,Yes,0.8625521659851074
1104,Yes,0.8771000504493713
1105,Yes,0.8579798340797424
1106,Yes,0.8412811160087585
1107,Yes,0.8448225855827332
1108,Yes,0.8410245180130005
1109,Yes,0.8551135063171387
1110,Yes,0.8456775546073914
1111,Yes,0.8523368239402771
1112,Yes,0.8550233840942383
1113,Yes,0.9131705164909363
1114,Yes,0.9062005877494812
1115,Yes,0.9313937425613403
1116,Yes,0.920952320098877
1117,Yes,0.8858227133750916
1118,Yes,0.8713492751121521
1119,Yes,0.8871176242828369
1120,Yes,0.8672901391983032
1121,Yes,0.8717893362045288
1122,Yes,0.862744927406311
1123,Yes,0.850814163684845
1124,Yes,0.8433774709701538
1125,Yes,0.8768877387046814
1126,Yes,0.8795504570007324
1127,Yes,0.8659457564353943
1128,Yes,0.8785002827644348
1129,Yes,0.8645516633987427
1130,Yes,0.8516452312469482
1131,Yes,0.8520921468734741
1132,Yes,0.8746944069862366
1133,Yes,0.8585790395736694
1134,Yes,0.8660669922828674
1135,Yes,0.8827296495437622
1136,Yes,0.8743491768836975
1137,Yes,0.8991637229919434
1138,Yes,0.891711950302124
1139,Yes,0.8874210715293884
1140,Yes,0.879215657711029
1141,Yes,0.8667171597480774
1142,Yes,0.8415087461471558
1143,Yes,0.8903045058250427
1144,Yes,0.8726429343223572
1145,Yes,0.830259382724762
1146,Yes,0.8475231528282166
1147,Yes,0.8318948149681091
1148,Yes,0.8080757260322571
1149,Yes,0.8812564015388489
1150,Yes,0.8916218280792236
1151,Yes,0.9062952399253845
1152,Yes,0.9023773074150085
1153,Yes,0.8572030663490295
1154,Yes,0.8641022443771362
1155,Yes,0.8676458597183228
1156,Yes,0.85865318775177
1157,Yes,0.8848657608032227
1158,Yes,0.8465145230293274
1159,Yes,0.8692019581794739
1160,Yes,0.8421527743339539
1161,Yes,0.8620895147323608
1162,Yes,0.8339431285858154
1163,Yes,0.8447098135948181
1164,Yes,0.825685441493988
1165,Yes,0.8584079742431641
1166,Yes,0.8446118235588074
1167,Yes,0.854945182800293
1168,Yes,0.8591291308403015
1169,Yes,0.8831941485404968
1170,Yes,0.8356620073318481
1171,Yes,0.8687887787818909
1172,Yes,0.8499526381492615
1173,Yes,0.8560307621955872
1174,Yes,0.837314248085022
1175,Yes,0.8719315528869629
1176,Yes,0.8510088324546814
1177,Yes,0.8759997487068176
1178,Yes,0.8698002099990845
1179,Yes,0.8765899538993835
1180,Yes,0.8666307330131531
1181,Yes,0.8617823123931885
1182,Yes,0.8496080636978149
1183,Yes,0.8651529550552368
1184,Yes,0.8648064732551575
1185,Yes,0.8904748558998108
1186,Yes,0.8912937641143799
1187,Yes,0.8592872619628906
1188,Yes,0.8570529222488403
1189,Yes,0.8345606923103333
1190,Yes,0.8403768539428711
1191,Yes,0.8284361362457275
1192,Yes,0.8119334578514099
1193,Yes,0.8301430940628052
1194,Yes,0.8350944519042969
1195,Yes,0.8357630372047424
1196,Yes,0.8319644331932068
1197,Yes,0.83290696144104
1198,Yes,0.8288633823394775
1199,Yes,0.8179288506507874
1200,Yes,0.8244801163673401
1201,Yes,0.8972036838531494
1202,Yes,0.9008378386497498
1203,Yes,0.9139706492424011
1204,Yes,0.9122403860092163
1205,Yes,0.841667890548706
1206,Yes,0.8362630605697632
1207,Yes,0.8292433619499207
1208,Yes,0.8321170210838318
1209,Yes,0.8507669568061829
1210,Yes,0.8356260061264038
1211,Yes,0.842941164970398
1212,Yes,0.8555250763893127
1213,Yes,0.8711543679237366
1214,Yes,0.8516741394996643
1215,Yes,0.8533682227134705
1216,Yes,0.8602916598320007
1217,Yes,0.8748260140419006
1218,Yes,0.8665667772293091
1219,Yes,0.8573919534683228
1220,Yes,0.8626170754432678
1221,Yes,0.8350236415863037
1222,Yes,0.8523978590965271
1223,Yes,0.8457424640655518
1224,Yes,0.8548891544342041
1225,Yes,0.8471394777297974
1226,Yes,0.8554793000221252
1227,Yes,0.8438275456428528
1228,Yes,0.8363896608352661
1229,Yes,0.8564617037773132
1230,Yes,0.8344289660453796
1231,Yes,0.8595054149627686
1232,Yes,0.8487942218780518
1233,Yes,0.8362629413604736
1234,Yes,0.8480809330940247
1235,Yes,0.8554090261459351
1236,Yes,0.8490287065505981
1237,Yes,0.8782340884208679
1238,Yes,0.8745691180229187
1239,Yes,0.8774726986885071
1240,Yes,0.8791717886924744
1241,Yes,0.8350236415863037
1242,Yes,0.8523978590965271
1243,Yes,0.8457424640655518
1244,Yes,0.8548891544342041
1245,Yes,0.8306673765182495
1246,Yes,0.8433231115341187
1247,Yes,0.7943018674850464
1248,Yes,0.8010563254356384
1249,Yes,0.8989126682281494
1250,Yes,0.9112478494644165
1251,Yes,0.9002112746238708
1252,Yes,0.9088219404220581
1253,Yes,0.8895354270935059
1254,Yes,0.9007272720336914
1255,Yes,0.876872718334198
1256,Yes,0.8764293193817139
1257,Yes,0.840603232383728
1258,Yes,0.8513144850730896
1259,Yes,0.8160240054130554
1260,Yes,0.8165415525436401
1261,Yes,0.8927793502807617
1262,Yes,0.8880994319915771
1263,Yes,0.8844064474105835
1264,Yes,0.8830468058586121
1265,Yes,0.8977440595626831
1266,Yes,0.909653902053833
1267,Yes,0.889333188533783
1268,Yes,0.89482581615448
1269,Yes,0.8982260227203369
1270,Yes,0.8814306259155273
1271,Yes,0.885817289352417
1272,Yes,0.8840404152870178
1273,Yes,0.8688164353370667
1274,Yes,0.8896148204803467
1275,Yes,0.877482533454895
1276,Yes,0.880139946937561
1277,Yes,0.9142494797706604
1278,Yes,0.9262876510620117
1279,Yes,0.909732460975647
1280,Yes,0.8980214595794678
1281,Yes,0.8681190013885498
1282,Yes,0.8746945261955261
1283,Yes,0.8685846924781799
1284,Yes,0.873713493347168
1285,Yes,0.8544636964797974
1286,Yes,0.8847716450691223
1287,Yes,0.8819247484207153
1288,Yes,0.8784797787666321
1289,Yes,0.898339033126831
1290,Yes,0.9031462669372559
1291,Yes,0.8972554206848145
1292,Yes,0.8922716975212097
1293,Yes,0.8648959398269653
1294,Yes,0.8699489235877991
1295,Yes,0.8740184903144836
1296,Yes,0.8850390315055847
1297,Yes,0.8628125786781311
1298,Yes,0.8753743767738342
1299,Yes,0.8617637753486633
1300,Yes,0.867097795009613
1301,Yes,0.8915767073631287
1302,Yes,0.9045660495758057
1303,Yes,0.9216420650482178
1304,Yes,0.9213621020317078
1305,Yes,0.8537172675132751
1306,Yes,0.8298947811126709
1307,Yes,0.8339759707450867
1308,Yes,0.8333335518836975
1309,Yes,0.8581588268280029
1310,Yes,0.861142098903656
1311,Yes,0.8544451594352722
1312,Yes,0.8569302558898926
1313,Yes,0.8964396715164185
1314,Yes,0.8822258710861206
1315,Yes,0.8936382532119751
1316,Yes,0.8706939816474915
1317,Yes,0.875872015953064
1318,Yes,0.865227222442627
1319,Yes,0.8896992206573486
1320,Yes,0.8688998222351074
1321,Yes,0.9049678444862366
1322,Yes,0.8871466517448425
1323,Yes,0.8945106863975525
1324,Yes,0.8733255863189697
1325,Yes,0.9011474251747131
1326,Yes,0.8817962408065796
1327,Yes,0.8994565010070801
1328,Yes,0.8766069412231445
1329,Yes,0.8833905458450317
1330,Yes,0.884434163570404
1331,Yes,0.8692412376403809
1332,Yes,0.8341159820556641
1333,Yes,0.9155954718589783
1334,Yes,0.9022137522697449
1335,Yes,0.9217477440834045
1336,Yes,0.8967764973640442
1337,Yes,0.8978868722915649
1338,Yes,0.8864462375640869
1339,Yes,0.9124627709388733
1340,Yes,0.8929941654205322
1341,Yes,0.900303304195404
1342,Yes,0.8854928016662598
1343,Yes,0.9105059504508972
1344,Yes,0.8807333111763
1345,Yes,0.9149659276008606
1346,Yes,0.8923490643501282
1347,Yes,0.8962967395782471
1348,Yes,0.8787845373153687
1349,Yes,0.9067175984382629
1350,Yes,0.8810789585113525
1351,Yes,0.8713422417640686
1352,Yes,0.856768786907196
1353,Yes,0.8690105080604553
1354,Yes,0.8718414902687073
1355,Yes,0.8916255831718445
1356,Yes,0.8712839484214783
1357,Yes,0.892210066318512
1358,Yes,0.8842803835868835
1359,Yes,0.8755948543548584
1360,Yes,0.8579667210578918
1361,Yes,0.8674570918083191
1362,Yes,0.87229323387146
1363,Yes,0.8787004351615906
1364,Yes,0.8705653548240662
1365,Yes,0.8593757748603821
1366,Yes,0.8346127867698669
1367,Yes,0.8201384544372559
1368,Yes,0.8258171081542969
1369,Yes,0.8480465412139893
1370,Yes,0.8622757196426392
1371,Yes,0.8497816324234009
1372,Yes,0.8382582068443298
1373,Yes,0.8601611256599426
1374,Yes,0.8640261292457581
1375,Yes,0.8787758350372314
1376,Yes,0.8674871325492859
1377,Yes,0.8212238550186157
1378,Yes,0.8367493748664856
1379,Yes,0.8433346152305603
1380,Yes,0.8373924493789673
1381,Yes,0.902908444404602
1382,Yes,0.8886740207672119
1383,Yes,0.9282338619232178
1384,Yes,0.9107460975646973
1385,Yes,0.8815075755119324
1386,Yes,0.8660326600074768
1387,Yes,0.888116717338562
1388,Yes,0.8781396746635437
1389,Yes,0.8784098625183105
1390,Yes,0.8627631664276123
1391,Yes,0.8696872591972351
1392,Yes,0.8738210797309875
1393,Yes,0.8296358585357666
1394,Yes,0.7962451577186584
1395,Yes,0.8281101584434509
1396,Yes,0.8178684115409851
1397,Yes,0.8146102428436279
1398,Yes,0.8160092830657959
1399,Yes,0.8298128247261047
1400,Yes,0.8276628255844116
1401,Yes,0.8606746792793274
1402,Yes,0.8339163064956665
1403,Yes,0.844615638256073
1404,Yes,0.8330718278884888
1405,Yes,0.871493399143219
1406,Yes,0.8578462600708008
1407,Yes,0.8665317296981812
1408,Yes,0.8757564425468445
1409,Yes,0.8570959568023682
1410,Yes,0.8411391973495483
1411,Yes,0.8758441209793091
1412,Yes,0.8387423157691956
1413,Yes,0.8645985722541809
1414,Yes,0.8645661473274231
1415,Yes,0.8852497935295105
1416,Yes,0.8737961649894714
1417,Yes,0.9048323631286621
1418,Yes,0.8804979920387268
1419,Yes,0.9072878956794739
1420,Yes,0.8701633214950562
1421,Yes,0.919420599937439
1422,Yes,0.8751949667930603
1423,Yes,0.8992628455162048
1424,Yes,0.873169481754303
1425,Yes,0.8495835661888123
1426,Yes,0.8707141280174255
1427,Yes,0.83221036195755
1428,Yes,0.8309882879257202
1429,Yes,0.8824737668037415
1430,Yes,0.8752584457397461
1431,Yes,0.8879718780517578
1432,Yes,0.8894381523132324
1433,Yes,0.8896383047103882
1434,Yes,0.8793244361877441
1435,Yes,0.8650019764900208
1436,Yes,0.8631948828697205
1437,Yes,0.8892949819564819
1438,Yes,0.8859421610832214
1439,Yes,0.8885566592216492
1440,Yes,0.8836910724639893
1441,Yes,0.8277549147605896
1442,Yes,0.7815067172050476
1443,Yes,0.8250868320465088
1444,Yes,0.8197554349899292
1445,Yes,0.8688811659812927
1446,Yes,0.8491736054420471
1447,Yes,0.8697254657745361
1448,Yes,0.868423581123352
1449,Yes,0.9049594402313232
1450,Yes,0.8100910782814026
1451,Yes,0.9094012975692749
1452,Yes,0.9008537530899048
1453,Yes,0.8951104283332825
1454,Yes,0.8844030499458313
1455,Yes,0.8960689902305603
1456,Yes,0.8864567279815674
1457,Yes,0.8630272150039673
1458,Yes,0.8529317378997803
1459,Yes,0.8697242736816406
1460,Yes,0.8770500421524048
1461,Yes,0.8308018445968628
1462,Yes,0.8112261295318604
1463,Yes,0.8139064311981201
1464,Yes,0.7894472479820251
1465,Yes,0.8177337646484375
1466,Yes,0.8220518827438354
1467,Yes,0.8592376112937927
1468,Yes,0.8417472839355469
1469,Yes,0.8215735554695129
1470,Yes,0.8050423264503479
1471,Yes,0.8135939240455627
1472,Yes,0.7896935343742371
1473,Yes,0.8837599754333496
1474,Yes,0.8966535329818726
1475,Yes,0.8937664031982422
1476,Yes,0.9057316780090332
1477,Yes,0.8943749666213989
1478,Yes,0.8812423348426819
1479,Yes,0.9107444286346436
1480,Yes,0.8974429965019226
1481,Yes,0.9041255116462708
1482,Yes,0.8946570158004761
1483,Yes,0.9053429961204529
1484,Yes,0.8910053968429565
1485,Yes,0.8805068731307983
1486,Yes,0.8739188313484192
1487,Yes,0.8670114278793335
1488,Yes,0.8648741245269775
1489,Yes,0.8102596402168274
1490,Yes,0.827112078666687
1491,Yes,0.819747269153595
1492,Yes,0.8263823390007019
1493,Yes,0.8520755171775818
1494,Yes,0.8667919635772705
1495,Yes,0.8772029876708984
1496,Yes,0.8779963254928589
1497,Yes,0.9041250348091125
1498,Yes,0.8946561217308044
1499,Yes,0.9053416848182678
1500,Yes,0.8910052180290222
1501,Yes,0.851879358291626
1502,Yes,0.8192764520645142
1503,Yes,0.8090471625328064
1504,Yes,0.8065264821052551
1505,Yes,0.8554072380065918
1506,Yes,0.8521646857261658
1507,Yes,0.8862077593803406
1508,Yes,0.8545591235160828
1509,Yes,0.8749053478240967
1510,Yes,0.8692682981491089
1511,Yes,0.8689759969711304
1512,Yes,0.8639588952064514
1513,Yes,0.8802605271339417
1514,Yes,0.8669387698173523
1515,Yes,0.8820071220397949
1516,Yes,0.8580875992774963
1517,Yes,0.9118238687515259
1518,Yes,0.8933687806129456
1519,Yes,0.9180852770805359
1520,Yes,0.8874643445014954
1521,Yes,0.8597832918167114
1522,Yes,0.8359924554824829
1523,Yes,0.8374414443969727
1524,Yes,0.8319424390792847
1525,Yes,0.802334725856781
1526,Yes,0.8057498931884766
1527,Yes,0.8247276544570923
1528,Yes,0.8259058594703674
1529,Yes,0.8905823230743408
1530,Yes,0.8827574253082275
1531,Yes,0.887066125869751
1532,Yes,0.8847377896308899
1533,Yes,0.8657330274581909
1534,Yes,0.8526870012283325
1535,Yes,0.8627304434776306
1536,Yes,0.8553262948989868
1537,Yes,0.869263231754303
1538,Yes,0.8710501790046692
1539,Yes,0.8832463622093201
1540,Yes,0.881141185760498
1541,Yes,0.8935971260070801
1542,Yes,0.900711715221405
1543,Yes,0.8957890272140503
1544,Yes,0.9029200673103333
1545,Yes,0.8583335876464844
1546,Yes,0.8631415367126465
1547,Yes,0.8707627654075623
1548,Yes,0.8686953186988831
1549,Yes,0.8618228435516357
1550,Yes,0.8492627739906311
1551,Yes,0.8551412224769592
1552,Yes,0.8534546494483948
1553,Yes,0.8811382055282593
1554,Yes,0.875544548034668
1555,Yes,0.8920658230781555
1556,Yes,0.8907254934310913
1557,Yes,0.8527400493621826
1558,Yes,0.8324642181396484
1559,Yes,0.8441423773765564
1560,Yes,0.8231940269470215
1561,Yes,0.868303120136261
1562,Yes,0.8828862905502319
1563,Yes,0.8756517171859741
1564,Yes,0.8699828386306763
1565,Yes,0.8880223035812378
1566,Yes,0.8750717043876648
1567,Yes,0.885308563709259
1568,Yes,0.8840974569320679
1569,Yes,0.8718087673187256
1570,Yes,0.847497820854187
1571,Yes,0.8682122826576233
1572,Yes,0.878746509552002
1573,Yes,0.8501861691474915
1574,Yes,0.8424433469772339
1575,Yes,0.8738822340965271
1576,Yes,0.8767372369766235
1577,Yes,0.8607739806175232
1578,Yes,0.8422026634216309
1579,Yes,0.8677985668182373
1580,Yes,0.8754813075065613
1581,Yes,0.8741077184677124
1582,Yes,0.8860239386558533
1583,Yes,0.8852370381355286
1584,Yes,0.8968116044998169
1585,Yes,0.7940279245376587
1586,Yes,0.8413687944412231
1587,Yes,0.8658248782157898
1588,Yes,0.8499839901924133
1589,Yes,0.8682841062545776
1590,Yes,0.8442642688751221
1591,Yes,0.8855482339859009
1592,Yes,0.8612307906150818
1593,Yes,0.8397169709205627
1594,Yes,0.8626096844673157
1595,Yes,0.8487776517868042
1596,Yes,0.8534273505210876
1597,Yes,0.857537567615509
1598,Yes,0.8574216961860657
1599,Yes,0.8720694184303284
1600,Yes,0.8605207204818726
1601,Yes,0.89239901304245
1602,Yes,0.8716681003570557
1603,Yes,0.9078249335289001
1604,Yes,0.8867174386978149
1605,Yes,0.8606367111206055
1606,Yes,0.8548589944839478
1607,Yes,0.8828824758529663
1608,Yes,0.870143711566925
1609,Yes,0.9036141037940979
1610,Yes,0.8564038872718811
1611,Yes,0.8960085511207581
1612,Yes,0.8696070313453674
1613,Yes,0.8983976244926453
1614,Yes,0.8690871596336365
1615,Yes,0.9060863852500916
1616,Yes,0.8847246170043945
1617,Yes,0.8412678837776184
1618,Yes,0.879601001739502
1619,Yes,0.8645238876342773
1620,Yes,0.8840023279190063
1621,Yes,0.8502299785614014
1622,Yes,0.8471274971961975
1623,Yes,0.8689588308334351
1624,Yes,0.872723400592804
1625,Yes,0.8245444297790527
1626,Yes,0.8371111154556274
1627,Yes,0.8604665398597717
1628,Yes,0.8729943633079529
1629,Yes,0.9356346130371094
1630,Yes,0.9387302398681641
1631,Yes,0.9263654947280884
1632,Yes,0.9260424971580505
1633,Yes,0.8782884478569031
1634,Yes,0.8863483667373657
1635,Yes,0.8951079845428467
1636,Yes,0.868124783039093
1637,Yes,0.881483793258667
1638,Yes,0.8747009038925171
1639,Yes,0.9079806804656982
1640,Yes,0.8974208831787109
1641,Yes,0.8612639904022217
1642,Yes,0.8507970571517944
1643,Yes,0.8953403830528259
1644,Yes,0.8682608604431152
1645,Yes,0.8472747206687927
1646,Yes,0.8663859963417053
1647,Yes,0.8786529898643494
1648,Yes,0.8718302845954895
1649,Yes,0.8472744226455688
1650,Yes,0.8663843870162964
1651,Yes,0.878656268119812
1652,Yes,0.8718283772468567
1653,Yes,0.8569251298904419
1654,Yes,0.862763524055481
1655,Yes,0.8770469427108765
1656,Yes,0.8473912477493286
1657,Yes,0.8920759558677673
1658,Yes,0.8584687113761902
1659,Yes,0.877034604549408
1660,Yes,0.8515664935112
1661,Yes,0.8751611709594727
1662,Yes,0.850658118724823
1663,Yes,0.8845362067222595
1664,Yes,0.8636223673820496
1665,Yes,0.847419023513794
1666,Yes,0.8234702944755554
1667,Yes,0.8485347628593445
1668,Yes,0.8397619724273682
1669,Yes,0.8161190748214722
1670,Yes,0.8158524036407471
1671,Yes,0.8230062127113342
1672,Yes,0.8214629292488098
1673,Yes,0.8932675719261169
1674,Yes,0.89352947473526
1675,Yes,0.8955578207969666
1676,Yes,0.8917438983917236
1677,Yes,0.7880291938781738
1678,Yes,0.8402385711669922
1679,Yes,0.8490896821022034
1680,Yes,0.8492075204849243
1681,Yes,0.8435795307159424
1682,Yes,0.8445068001747131
1683,Yes,0.8575232625007629
1684,Yes,0.8577005863189697
1685,Yes,0.895872175693512
1686,Yes,0.8843675851821899
1687,Yes,0.9037822484970093
1688,Yes,0.9060851335525513
1689,Yes,0.8068808317184448
1690,Yes,0.8272021412849426
1691,Yes,0.8171771764755249
1692,Yes,0.8340421319007874
1693,Yes,0.9158200025558472
1694,Yes,0.9065290093421936
1695,Yes,0.9020993709564209
1696,Yes,0.9014410972595215
1697,Yes,0.8907356262207031
1698,Yes,0.8560143709182739
1699,Yes,0.8913887143135071
1700,Yes,0.872431755065918
1701,Yes,0.8846421837806702
1702,Yes,0.8726751804351807
1703,Yes,0.8605438470840454
1704,Yes,0.8696497082710266
1705,Yes,0.8677229285240173
1706,Yes,0.8591510653495789
1707,Yes,0.8527621626853943
1708,Yes,0.8525387048721313
1709,Yes,0.8887572884559631
1710,Yes,0.8807327747344971
1711,Yes,0.8855171799659729
1712,Yes,0.8912752866744995
1713,Yes,0.8150284290313721
1714,Yes,0.8086861968040466
1715,Yes,0.799445390701294
1716,Yes,0.7997922301292419
1717,Yes,0.8760285377502441
1718,Yes,0.8462608456611633
1719,Yes,0.8634058833122253
1720,Yes,0.8627375960350037
1721,Yes,0.8440604209899902
1722,Yes,0.8324686288833618
1723,Yes,0.8351178765296936
1724,Yes,0.8291012644767761
1725,Yes,0.8922193646430969
1726,Yes,0.8845967054367065
1727,Yes,0.9035111665725708
1728,Yes,0.9047220945358276
1729,Yes,0.8612695336341858
1730,Yes,0.8495160937309265
1731,Yes,0.8615512251853943
1732,Yes,0.8487178683280945
1733,Yes,0.8688058853149414
1734,Yes,0.8578848838806152
1735,Yes,0.8590630292892456
1736,Yes,0.872769832611084
1737,Yes,0.8284441828727722
1738,Yes,0.8431420922279358
1739,Yes,0.837480366230011
1740,Yes,0.8344192504882812
1741,Yes,0.8478662967681885
1742,Yes,0.8364565968513489
1743,Yes,0.8659234046936035
1744,Yes,0.8691557049751282
1745,Yes,0.8627960681915283
1746,Yes,0.8686531782150269
1747,Yes,0.8800508975982666
1748,Yes,0.8833138346672058
1749,Yes,0.8613907098770142
1750,Yes,0.8465771079063416
1751,Yes,0.8809767365455627
1752,Yes,0.8866881132125854
1753,Yes,0.8567491173744202
1754,Yes,0.8386345505714417
1755,Yes,0.8550312519073486
1756,Yes,0.8391653299331665
1757,Yes,0.8813910484313965
1758,Yes,0.8691897392272949
1759,Yes,0.8701833486557007
1760,Yes,0.8669923543930054
1761,Yes,0.9286171793937683
1762,Yes,0.9165713787078857
1763,Yes,0.9224802255630493
1764,Yes,0.9258590936660767
1765,Yes,0.8433995842933655
1766,Yes,0.8347426056861877
1767,Yes,0.8350446224212646
1768,Yes,0.8488391637802124
1769,Yes,0.8944798111915588
1770,Yes,0.8691186308860779
1771,Yes,0.8776121139526367
1772,Yes,0.8777880072593689
1773,Yes,0.8763660192489624
1774,Yes,0.8759101629257202
1775,Yes,0.8841822147369385
1776,Yes,0.8817586898803711
1777,Yes,0.8528145551681519
1778,Yes,0.8470411896705627
1779,Yes,0.852981448173523
1780,Yes,0.8510209918022156
1781,Yes,0.8606043457984924
1782,Yes,0.8418976068496704
1783,Yes,0.866907000541687
1784,Yes,0.8623956441879272
1785,Yes,0.8565279245376587
1786,Yes,0.8512362837791443
1787,Yes,0.8608441352844238
1788,Yes,0.8551661372184753
1789,Yes,0.8670666217803955
1790,Yes,0.8625833988189697
1791,Yes,0.8777429461479187
1792,Yes,0.8692011833190918
1793,Yes,0.8553349375724792
1794,Yes,0.8611177802085876
1795,Yes,0.8629551529884338
1796,Yes,0.8700000643730164
1797,Yes,0.8314325213432312
1798,Yes,0.8557114005088806
1799,Yes,0.8495154976844788
1800,Yes,0.8570746779441833
1801,Yes,0.8426299095153809
1802,Yes,0.8739189505577087
1803,Yes,0.8772841095924377
1804,Yes,0.8948268294334412
1805,Yes,0.8663358092308044
1806,Yes,0.8570100665092468
1807,Yes,0.8663877248764038
1808,Yes,0.8678573966026306
1809,Yes,0.8676257133483887
1810,Yes,0.8321674466133118
1811,Yes,0.8591256737709045
1812,Yes,0.8540510535240173
1813,Yes,0.8536573052406311
1814,Yes,0.8420010805130005
1815,Yes,0.831585705280304
1816,Yes,0.8175309300422668
1817,Yes,0.8996495008468628
1818,Yes,0.8989084362983704
1819,Yes,0.8972474932670593
1820,Yes,0.877204418182373
1821,Yes,0.8336408138275146
1822,Yes,0.8439856171607971
1823,Yes,0.865569531917572
1824,Yes,0.8473324775695801
1825,Yes,0.8416613936424255
1826,Yes,0.8369842767715454
1827,Yes,0.8461992144584656
1828,Yes,0.8363202810287476
1829,Yes,0.8846464157104492
1830,Yes,0.8584643602371216
1831,Yes,0.881074845790863
1832,Yes,0.8585594892501831
1833,Yes,0.8781580924987793
1834,Yes,0.8670579195022583
1835,Yes,0.8760336637496948
1836,Yes,0.8534474968910217
1837,Yes,0.8754628300666809
1838,Yes,0.8304441571235657
1839,Yes,0.8639612793922424
1840,Yes,0.8480685949325562
1841,Yes,0.8375228047370911
1842,Yes,0.8274737596511841
1843,Yes,0.839563250541687
1844,Yes,0.8359701037406921
1845,Yes,0.876054048538208
1846,Yes,0.8959395885467529
1847,Yes,0.8792476058006287
1848,Yes,0.8704736232757568
1849,Yes,0.8586990833282471
1850,Yes,0.8605296015739441
1851,Yes,0.8748773336410522
1852,Yes,0.8748060464859009
1853,Yes,0.9106031656265259
1854,Yes,0.8901602625846863
1855,Yes,0.9023321866989136
1856,Yes,0.8979665637016296
1857,Yes,0.9296872615814209
1858,Yes,0.9220015406608582
1859,Yes,0.9305530786514282
1860,Yes,0.9157401919364929
1861,Yes,0.8919560313224792
1862,Yes,0.8920807242393494
1863,Yes,0.8934164047241211
1864,Yes,0.8779537081718445
1865,Yes,0.8448529839515686
1866,Yes,0.8567728400230408
1867,Yes,0.8580219149589539
1868,Yes,0.856686532497406
1869,Yes,0.8849578499794006
1870,Yes,0.8739957809448242
1871,Yes,0.8862568140029907
1872,Yes,0.8934426307678223
1873,Yes,0.8398867249488831
1874,Yes,0.8554384708404541
1875,Yes,0.8140978813171387
1876,Yes,0.8168883323669434
1877,Yes,0.85384202003479
1878,Yes,0.8204495310783386
1879,Yes,0.8439538478851318
1880,Yes,0.8237095475196838
1881,Yes,0.8757947683334351
1882,Yes,0.855754017829895
1883,Yes,0.874336302280426
1884,Yes,0.8692042827606201
1885,Yes,0.8537546992301941
1886,Yes,0.844855785369873
1887,Yes,0.854070782661438
1888,Yes,0.8395553827285767
1889,Yes,0.8506406545639038
1890,Yes,0.8619883060455322
1891,Yes,0.8143482208251953
1892,Yes,0.8096393942832947
1893,Yes,0.8366036415100098
1894,Yes,0.8326210975646973
1895,Yes,0.8170587420463562
1896,Yes,0.8173916339874268
1897,Yes,0.8127496242523193
1898,Yes,0.811028003692627
1899,Yes,0.8226994276046753
1900,Yes,0.8158535957336426
1901,Yes,0.8371233940124512
1902,Yes,0.8097253441810608
1903,Yes,0.8319917917251587
1904,Yes,0.8244035243988037
1905,Yes,0.8696933388710022
1906,Yes,0.8046720623970032
1907,Yes,0.8297421932220459
1908,Yes,0.8060486912727356
1909,Yes,0.8505969047546387
1910,Yes,0.8545345664024353
1911,Yes,0.8546565175056458
1912,Yes,0.8498823642730713
1913,Yes,0.8464548587799072
1914,Yes,0.831712007522583
1915,Yes,0.8263354897499084
1916,Yes,0.8322615623474121
1917,Yes,0.8632494211196899
1918,Yes,0.8680848479270935
1919,Yes,0.8331965208053589
1920,Yes,0.8526596426963806
1921,Yes,0.810169517993927
1922,Yes,0.8004142045974731
1923,Yes,0.7943603992462158
1924,Yes,0.7969049215316772
1925,Yes,0.888704240322113
1926,Yes,0.8895605802536011
1927,Yes,0.8817854523658752
1928,Yes,0.8744567036628723
1929,Yes,0.872990071773529
1930,Yes,0.8733823299407959
1931,Yes,0.8496229648590088
1932,Yes,0.8617535829544067
1933,Yes,0.8862944841384888
1934,Yes,0.8739407658576965
1935,Yes,0.896867573261261
1936,Yes,0.8752086162567139
1937,Yes,0.8131669163703918
1938,Yes,0.8155540227890015
1939,Yes,0.833143949508667
1940,Yes,0.8375793695449829
1941,Yes,0.7904254198074341
1942,Yes,0.7929048538208008
1943,Yes,0.786449670791626
1944,Yes,0.7839266061782837
1945,Yes,0.8520271182060242
1946,Yes,0.8323938846588135
1947,Yes,0.837060272693634
1948,Yes,0.8336331844329834
1949,Yes,0.8715692758560181
1950,Yes,0.8789957165718079
1951,Yes,0.8593897223472595
1952,Yes,0.8527963161468506
1953,Yes,0.8328026533126831
1954,Yes,0.8179751634597778
1955,Yes,0.8165250420570374
1956,Yes,0.8105429410934448
1957,Yes,0.8216731548309326
1958,Yes,0.8215292096138
1959,Yes,0.8385236263275146
1960,Yes,0.8379917144775391
1961,Yes,0.8622888922691345
1962,Yes,0.8282932043075562
1963,Yes,0.8459928631782532
1964,Yes,0.8251338601112366
1965,Yes,0.8665198087692261
1966,Yes,0.8672399520874023
1967,Yes,0.8667120933532715
1968,Yes,0.8569542765617371
1969,Yes,0.8632039427757263
1970,Yes,0.8270516991615295
1971,Yes,0.8612502217292786
1972,Yes,0.8427923917770386
1973,Yes,0.8491972088813782
1974,Yes,0.8366982936859131
1975,Yes,0.8304061889648438
1976,Yes,0.8042452335357666
1977,Yes,0.8580175638198853
1978,Yes,0.827617883682251
1979,Yes,0.864010751247406
1980,Yes,0.8433694839477539
1981,Yes,0.8654546141624451
1982,Yes,0.850350558757782
1983,Yes,0.8627257347106934
1984,Yes,0.8439297676086426
1985,Yes,0.8878328204154968
1986,Yes,0.8592723608016968
1987,Yes,0.8842195868492126
1988,Yes,0.8706529140472412
1989,Yes,0.8882606625556946
1990,Yes,0.8475269079208374
1991,Yes,0.8656527996063232
1992,Yes,0.835084080696106
1993,Yes,0.8975170850753784
1994,Yes,0.858887791633606
1995,Yes,0.8913939595222473
1996,Yes,0.8567705154418945
1997,Yes,0.8905454874038696
1998,Yes,0.8661020398139954
1999,Yes,0.9053260087966919
2000,Yes,0.8811981081962585
2001,Yes,0.8774721622467041
2002,Yes,0.8396588563919067
2003,Yes,0.8686216473579407
2004,Yes,0.8392869830131531
2005,Yes,0.8637924790382385
2006,Yes,0.843570351600647
2007,Yes,0.8833110928535461
2008,Yes,0.8504008054733276
2009,Yes,0.8863853216171265
2010,Yes,0.8352504968643188
2011,Yes,0.8829106092453003
2012,Yes,0.8267558813095093
2013,Yes,0.9055337905883789
2014,Yes,0.8912678956985474
2015,Yes,0.9108358025550842
2016,Yes,0.9063028693199158
2017,Yes,0.8699446320533752
2018,Yes,0.8724079728126526
2019,Yes,0.8944128751754761
2020,Yes,0.8786429166793823
2021,Yes,0.859315812587738
2022,Yes,0.8497357964515686
2023,Yes,0.8407900333404541
2024,Yes,0.8288143873214722
2025,Yes,0.8632525205612183
2026,Yes,0.8362259864807129
2027,Yes,0.8548102974891663
2028,Yes,0.8539429903030396
2029,Yes,0.8596277832984924
2030,Yes,0.8737684488296509
2031,Yes,0.8488972187042236
2032,Yes,0.8325371146202087
2033,Yes,0.9018917679786682
2034,Yes,0.8910821676254272
2035,Yes,0.897171676158905
2036,Yes,0.8869368433952332
2037,Yes,0.8757889270782471
2038,Yes,0.8501461148262024
2039,Yes,0.8561282753944397
2040,Yes,0.8440061211585999
2041,Yes,0.8274043798446655
2042,Yes,0.8112615346908569
2043,Yes,0.8379729390144348
2044,Yes,0.813224196434021
2045,Yes,0.8446184992790222
2046,Yes,0.8357905745506287
2047,Yes,0.8562548160552979
2048,Yes,0.8438965678215027
2049,Yes,0.885871946811676
2050,Yes,0.8829250335693359
2051,Yes,0.8877955675125122
2052,Yes,0.885171115398407
2053,Yes,0.8680960536003113
2054,Yes,0.8746520280838013
2055,Yes,0.8612438440322876
2056,Yes,0.8738159537315369
2057,Yes,0.8778631091117859
2058,Yes,0.8575664758682251
2059,Yes,0.8545860648155212
2060,Yes,0.8315110802650452
2061,Yes,0.869788646697998
2062,Yes,0.8325449228286743
2063,Yes,0.8115677237510681
2064,Yes,0.8299403190612793
2065,Yes,0.8647555708885193
2066,Yes,0.8550692200660706
2067,Yes,0.8687798380851746
2068,Yes,0.863162636756897
2069,Yes,0.8609141111373901
2070,Yes,0.8354043364524841
2071,Yes,0.8593730926513672
2072,Yes,0.8383302092552185
2073,Yes,0.8500182628631592
2074,Yes,0.8272935748100281
2075,Yes,0.8560380935668945
2076,Yes,0.8309906125068665
2077,Yes,0.8274043798446655
2078,Yes,0.8112615346908569
2079,Yes,0.8379729390144348
2080,Yes,0.813224196434021
2081,Yes,0.877873957157135
2082,Yes,0.8649675846099854
2083,Yes,0.8794046640396118
2084,Yes,0.8552879691123962
2085,Yes,0.9203835725784302
2086,Yes,0.898980438709259
2087,Yes,0.9289590716362
2088,Yes,0.9016996026039124
2089,Yes,0.947541356086731
2090,Yes,0.9391764998435974
2091,Yes,0.9485774636268616
2092,Yes,0.9340171217918396
2093,Yes,0.9042316675186157
2094,Yes,0.8845697641372681
2095,Yes,0.913973867893219
2096,Yes,0.8886802792549133
2097,Yes,0.8426030278205872
2098,Yes,0.8379071950912476
2099,Yes,0.8375428915023804
2100,Yes,0.83894282579422
2101,Yes,0.8655853271484375
2102,Yes,0.843390703201294
2103,Yes,0.8330815434455872
2104,Yes,0.8286210298538208
2105,Yes,0.8502435088157654
2106,Yes,0.8407597541809082
2107,Yes,0.8455290794372559
2108,Yes,0.8469797968864441
2109,Yes,0.8376336097717285
2110,Yes,0.8441535830497742
2111,Yes,0.8400421142578125
2112,Yes,0.8472564220428467
2113,Yes,0.8579598069190979
2114,Yes,0.8255049586296082
2115,Yes,0.8479538559913635
2116,Yes,0.8596062064170837
2117,Yes,0.8807331323623657
2118,Yes,0.8837899565696716
2119,Yes,0.8928059935569763
2120,Yes,0.8850371837615967
2121,Yes,0.8377519249916077
2122,Yes,0.8318895101547241
2123,Yes,0.8446813225746155
2124,Yes,0.8408994078636169
2125,Yes,0.8762626647949219
2126,Yes,0.8537443280220032
2127,Yes,0.8785232901573181
2128,Yes,0.8802438378334045
2129,Yes,0.8607443571090698
2130,Yes,0.844985842704773
2131,Yes,0.8529337048530579
2132,Yes,0.8468216061592102
2133,Yes,0.8808580040931702
2134,Yes,0.8627524971961975
2135,Yes,0.8648290038108826
2136,Yes,0.868928849697113
2137,Yes,0.8508409261703491
2138,Yes,0.8667543530464172
2139,Yes,0.8611903786659241
2140,Yes,0.8624465465545654
2141,Yes,0.8317650556564331
2142,Yes,0.8075039386749268
2143,Yes,0.7959262728691101
2144,Yes,0.7982097864151001
2145,Yes,0.8690463900566101
2146,Yes,0.8641743659973145
2147,Yes,0.8669330477714539
2148,Yes,0.8541768789291382
2149,Yes,0.8873642086982727
2150,Yes,0.8800724148750305
2151,Yes,0.9002380967140198
2152,Yes,0.8808295130729675
2153,Yes,0.879255473613739
2154,Yes,0.8705344200134277
2155,Yes,0.893314778804779
2156,Yes,0.8722614645957947
2157,Yes,0.8613738417625427
2158,Yes,0.8691084980964661
2159,Yes,0.8786163330078125
2160,Yes,0.8763033151626587
2161,Yes,0.90281081199646
2162,Yes,0.8876969218254089
2163,Yes,0.9005101919174194
2164,Yes,0.8875865340232849
2165,Yes,0.8695169687271118
2166,Yes,0.857805073261261
2167,Yes,0.8441752195358276
2168,Yes,0.826691210269928
2169,Yes,0.8743206858634949
2170,Yes,0.8595218658447266
2171,Yes,0.8872162103652954
2172,Yes,0.8872402310371399
2173,Yes,0.8722476363182068
2174,Yes,0.8537435531616211
2175,Yes,0.8898320198059082
2176,Yes,0.8466558456420898
2177,Yes,0.8772274255752563
2178,Yes,0.853098452091217
2179,Yes,0.8893254399299622
2180,Yes,0.8885331749916077
2181,Yes,0.9109117984771729
2182,Yes,0.9019885659217834
2183,Yes,0.9056437611579895
2184,Yes,0.9029573202133179
2185,Yes,0.8572400808334351
2186,Yes,0.8441037535667419
2187,Yes,0.8656496405601501
2188,Yes,0.8639999032020569
2189,Yes,0.8679852485656738
2190,Yes,0.8642158508300781
2191,Yes,0.8799005746841431
2192,Yes,0.8776065707206726
2193,Yes,0.8575117588043213
2194,Yes,0.835660994052887
2195,Yes,0.8429794907569885
2196,Yes,0.839712917804718
2197,Yes,0.8864830136299133
2198,Yes,0.8822447061538696
2199,Yes,0.8675222396850586
2200,Yes,0.858215868473053
2201,Yes,0.8584280014038086
2202,Yes,0.8542643189430237
2203,Yes,0.8665727972984314
2204,Yes,0.8595995306968689
2205,Yes,0.8837773203849792
2206,Yes,0.8706307411193848
2207,Yes,0.8753538131713867
2208,Yes,0.8710820078849792
2209,Yes,0.832840621471405
2210,Yes,0.8709350824356079
2211,Yes,0.8504465818405151
2212,Yes,0.8745229840278625
2213,Yes,0.8550927042961121
2214,Yes,0.8628481030464172
2215,Yes,0.85872882604599
2216,Yes,0.869208037853241
2217,Yes,0.855541467666626
2218,Yes,0.8396201133728027
2219,Yes,0.8622984886169434
2220,Yes,0.8604939579963684
2221,Yes,0.8068950772285461
2222,Yes,0.8158556818962097
2223,Yes,0.8248642086982727
2224,Yes,0.8244456648826599
2225,Yes,0.8826730847358704
2226,Yes,0.868721604347229
2227,Yes,0.8629461526870728
2228,Yes,0.865856945514679
2229,Yes,0.8877999782562256
2230,Yes,0.8893057107925415
2231,Yes,0.8792362809181213
2232,Yes,0.8835480809211731
2233,Yes,0.9110753536224365
2234,Yes,0.9071228504180908
2235,Yes,0.9037666916847229
2236,Yes,0.899766206741333
2237,Yes,0.864705502986908
2238,Yes,0.8783442378044128
2239,Yes,0.8642955422401428
2240,Yes,0.8701516389846802
2241,Yes,0.835622251033783
2242,Yes,0.8456461429595947
2243,Yes,0.8443771600723267
2244,Yes,0.8458764553070068
2245,Yes,0.8401411175727844
2246,Yes,0.8713805675506592
2247,Yes,0.8682718873023987
2248,Yes,0.8752744197845459
2249,Yes,0.8176603317260742
2250,Yes,0.8532872200012207
2251,Yes,0.862250030040741
2252,Yes,0.8706323504447937
2253,Yes,0.7937554121017456
2254,Yes,0.8228716254234314
2255,Yes,0.8066670894622803
2256,Yes,0.7846940755844116
2257,Yes,0.8102781176567078
2258,Yes,0.8377301692962646
2259,Yes,0.8131022453308105
2260,Yes,0.8237563371658325
2261,Yes,0.830678403377533
2262,Yes,0.8373202085494995
2263,Yes,0.8390102982521057
2264,Yes,0.8409316539764404
2265,Yes,0.8278621435165405
2266,Yes,0.8203291893005371
2267,Yes,0.823074460029602
2268,Yes,0.831630527973175
2269,Yes,0.7863530516624451
2270,Yes,0.8441805839538574
2271,Yes,0.8073174357414246
2272,Yes,0.8127309679985046
2273,Yes,0.8572337627410889
2274,Yes,0.8464281558990479
2275,Yes,0.858043372631073
2276,Yes,0.841571569442749
2277,Yes,0.838432788848877
2278,Yes,0.8300277590751648
2279,Yes,0.8331204056739807
2280,Yes,0.8242911100387573
2281,Yes,0.8789604902267456
2282,Yes,0.8902440071105957
2283,Yes,0.8973824977874756
2284,Yes,0.8918067216873169
2285,Yes,0.8499560952186584
2286,Yes,0.8524988293647766
2287,Yes,0.8651272058486938
2288,Yes,0.8547513484954834
2289,Yes,0.8907642960548401
2290,Yes,0.8767569065093994
2291,Yes,0.8868517875671387
2292,Yes,0.8777003884315491
2293,Yes,0.855950117111206
2294,Yes,0.8331331014633179
2295,Yes,0.8683382868766785
2296,Yes,0.8651152849197388
2297,Yes,0.8167750835418701
2298,Yes,0.8221728205680847
2299,Yes,0.8137826919555664
2300,Yes,0.8155008554458618
2301,Yes,0.8337320685386658
2302,Yes,0.8165938258171082
2303,Yes,0.8512977957725525
2304,Yes,0.8495863676071167
2305,Yes,0.8478615880012512
2306,Yes,0.8438172340393066
2307,Yes,0.8074210286140442
2308,Yes,0.8312864899635315
2309,Yes,0.8669920563697815
2310,Yes,0.8503968119621277
2311,Yes,0.8754867315292358
2312,Yes,0.8708139061927795
2313,Yes,0.8328548669815063
2314,Yes,0.8101449608802795
2315,Yes,0.818212628364563
2316,Yes,0.8104299306869507
2317,Yes,0.8340455889701843
2318,Yes,0.8326095938682556
2319,Yes,0.8268384337425232
2320,Yes,0.8529446721076965
2321,Yes,0.7758288979530334
2322,Yes,0.8119901418685913
2323,Yes,0.8037073016166687
2324,Yes,0.8347151875495911
2325,Yes,0.7934401631355286
2326,Yes,0.7922815680503845
2327,Yes,0.7854217886924744
2328,Yes,0.7933611273765564
2329,Yes,0.8216086030006409
2330,Yes,0.8197101354598999
2331,Yes,0.8449376225471497
2332,Yes,0.8516058325767517
2333,Yes,0.77701735496521
2334,Yes,0.8085794448852539
2335,Yes,0.812004566192627
2336,Yes,0.8245589137077332
2337,Yes,0.7903689742088318
2338,Yes,0.7984359264373779
2339,Yes,0.7820318341255188
2340,Yes,0.798665463924408
2341,Yes,0.863398015499115
2342,Yes,0.8613196015357971
2343,Yes,0.8670234680175781
2344,Yes,0.8682595491409302
2345,Yes,0.7595428228378296
2346,Yes,0.7650268077850342
2347,Yes,0.7709786891937256
2348,Yes,0.7837952375411987
2349,Yes,0.8056432604789734
2350,Yes,0.8408727049827576
2351,Yes,0.8378550410270691
2352,Yes,0.8545599579811096
2353,Yes,0.8453505039215088
2354,Yes,0.8875465393066406
2355,Yes,0.8655815124511719
2356,Yes,0.8668742775917053
2357,Yes,0.8447702527046204
2358,Yes,0.8379323482513428
2359,Yes,0.8506134748458862
2360,Yes,0.8499047160148621
2361,Yes,0.8775469660758972
2362,Yes,0.8680835366249084
2363,Yes,0.8743244409561157
2364,Yes,0.8709316849708557
2365,Yes,0.8448320627212524
2366,Yes,0.8360092043876648
2367,Yes,0.8220702409744263
2368,Yes,0.8247499465942383
2369,Yes,0.8557150363922119
2370,Yes,0.836122989654541
2371,Yes,0.8486055731773376
2372,Yes,0.8437751531600952
2373,Yes,0.8248406648635864
2374,Yes,0.8212786912918091
2375,Yes,0.8388481140136719
2376,Yes,0.8504454493522644
2377,Yes,0.8669999837875366
2378,Yes,0.8709004521369934
2379,Yes,0.8791912794113159
2380,Yes,0.8792546391487122
2381,Yes,0.8688715100288391
2382,Yes,0.8376700282096863
2383,Yes,0.8774144053459167
2384,Yes,0.869101345539093
2385,Yes,0.8445526957511902
2386,Yes,0.8522348999977112
2387,Yes,0.8246025443077087
2388,Yes,0.8089640140533447
2389,Yes,0.9187001585960388
2390,Yes,0.925704300403595
2391,Yes,0.9306177496910095
2392,Yes,0.9309292435646057
2393,Yes,0.8742525577545166
2394,Yes,0.8652327060699463
2395,Yes,0.8679439425468445
2396,Yes,0.8704177141189575
2397,Yes,0.8758963942527771
2398,Yes,0.8690011501312256
2399,Yes,0.8335643410682678
2400,Yes,0.8200409412384033
2401,Yes,0.8756672143936157
2402,Yes,0.8603781461715698
2403,Yes,0.8701865673065186
2404,Yes,0.8529210090637207
2405,Yes,0.8734967112541199
2406,Yes,0.8515246510505676
2407,Yes,0.8549898862838745
2408,Yes,0.847088098526001
2409,Yes,0.9079351425170898
2410,Yes,0.8822203278541565
2411,Yes,0.8967475295066833
2412,Yes,0.8841961026191711
2413,Yes,0.8506110310554504
2414,Yes,0.8441221117973328
2415,Yes,0.8618205189704895
2416,Yes,0.852181613445282
2417,Yes,0.8641972541809082
2418,Yes,0.8349888920783997
2419,Yes,0.8599832653999329
2420,Yes,0.8555746078491211
2421,Yes,0.8503682017326355
2422,Yes,0.8501353859901428
2423,Yes,0.8839989900588989
2424,Yes,0.8863964676856995
2425,Yes,0.8042476177215576
2426,Yes,0.8008142113685608
2427,Yes,0.8186976909637451
2428,Yes,0.8266257047653198
2429,Yes,0.8666920065879822
2430,Yes,0.8402410745620728
2431,Yes,0.865238606929779
2432,Yes,0.8712754249572754
2433,Yes,0.8653220534324646
2434,Yes,0.8425976037979126
2435,Yes,0.8598459362983704
2436,Yes,0.8570656180381775
2437,Yes,0.8619723320007324
2438,Yes,0.8572552800178528
2439,Yes,0.878046452999115
2440,Yes,0.8762667179107666
2441,Yes,0.8475466370582581
2442,Yes,0.8318861126899719
2443,Yes,0.842917263507843
2444,Yes,0.8440260291099548
2445,Yes,0.8365398049354553
2446,Yes,0.8288949131965637
2447,Yes,0.8480676412582397
2448,Yes,0.8425126075744629
2449,Yes,0.9054056406021118
2450,Yes,0.8677189946174622
2451,Yes,0.8957337737083435
2452,Yes,0.8750156164169312
2453,Yes,0.8802419304847717
2454,Yes,0.8478201031684875
2455,Yes,0.8831737041473389
2456,Yes,0.8749163746833801
2457,Yes,0.8377918004989624
2458,Yes,0.8505996465682983
2459,Yes,0.8455905318260193
2460,Yes,0.8466997146606445
2461,Yes,0.8646177053451538
2462,Yes,0.8351199626922607
2463,Yes,0.8518679738044739
2464,Yes,0.835867166519165
2465,Yes,0.8693250417709351
2466,Yes,0.8855464458465576
2467,Yes,0.8821831345558167
2468,Yes,0.8873685002326965
2469,Yes,0.879900336265564
2470,Yes,0.8708896040916443
2471,Yes,0.8577486872673035
2472,Yes,0.8653490543365479
2473,Yes,0.8926602005958557
2474,Yes,0.8983891010284424
2475,Yes,0.8992519974708557
2476,Yes,0.8967971801757812
2477,Yes,0.9188128113746643
2478,Yes,0.8973227739334106
2479,Yes,0.8925750255584717
2480,Yes,0.8857194781303406
2481,Yes,0.873931348323822
2482,Yes,0.866150975227356
2483,Yes,0.8644988536834717
2484,Yes,0.8635408282279968
2485,Yes,0.8661096096038818
2486,Yes,0.8545184135437012
2487,Yes,0.8582903146743774
2488,Yes,0.8734818696975708
2489,Yes,0.8640903234481812
2490,Yes,0.8761551976203918
2491,Yes,0.8670040965080261
2492,Yes,0.880831241607666
2493,Yes,0.9096617102622986
2494,Yes,0.9119323492050171
2495,Yes,0.9039567112922668
2496,Yes,0.9003733396530151
2497,Yes,0.8921104073524475
2498,Yes,0.8883622288703918
2499,Yes,0.8814215064048767
2500,Yes,0.8944995403289795
2501,Yes,0.8759580254554749
2502,Yes,0.8818336725234985
2503,Yes,0.8737823367118835
2504,Yes,0.8790466785430908
2505,Yes,0.8307557106018066
2506,Yes,0.8414818048477173
2507,Yes,0.8295019268989563
2508,Yes,0.8480851054191589
2509,Yes,0.8931649327278137
2510,Yes,0.8994954824447632
2511,Yes,0.8944774866104126
2512,Yes,0.8848088979721069
2513,Yes,0.824191689491272
2514,Yes,0.8533139824867249
2515,Yes,0.8787262439727783
2516,Yes,0.8718608617782593
2517,Yes,0.8380337953567505
2518,Yes,0.8267300724983215
2519,Yes,0.8669922351837158
2520,Yes,0.8649955987930298
2521,Yes,0.8318002820014954
2522,Yes,0.8269048929214478
2523,Yes,0.8645309209823608
2524,Yes,0.8691320419311523
2525,Yes,0.8486143350601196
2526,Yes,0.8294483423233032
2527,Yes,0.8536557555198669
2528,Yes,0.8587800860404968
2529,Yes,0.816547155380249
2530,Yes,0.8029922842979431
2531,Yes,0.8107742071151733
2532,Yes,0.8135547041893005
2533,Yes,0.8717039227485657
2534,Yes,0.8679207563400269
2535,Yes,0.9010654091835022
2536,Yes,0.9003700017929077
2537,Yes,0.8423368334770203
2538,Yes,0.8356772065162659
2539,Yes,0.859102189540863
2540,Yes,0.8468656539916992
2541,Yes,0.7800013422966003
2542,Yes,0.7936907410621643
2543,Yes,0.8312617540359497
2544,Yes,0.8299697041511536
2545,Yes,0.8488135933876038
2546,Yes,0.8289664387702942
2547,Yes,0.8384958505630493
2548,Yes,0.848665714263916
2549,Yes,0.875137448310852
2550,Yes,0.862183690071106
2551,Yes,0.881909966468811
2552,Yes,0.8848814964294434
2553,Yes,0.8464179635047913
2554,Yes,0.8494749069213867
2555,Yes,0.830380916595459
2556,Yes,0.8440901041030884
2557,Yes,0.8921957015991211
2558,Yes,0.8742384314537048
2559,Yes,0.8903663754463196
2560,Yes,0.8952553272247314
2561,Yes,0.8642867803573608
2562,Yes,0.8530611991882324
2563,Yes,0.8571395874023438
2564,Yes,0.86974036693573
2565,Yes,0.8843596577644348
2566,Yes,0.8857983946800232
2567,Yes,0.8993281126022339
2568,Yes,0.9001137614250183
2569,Yes,0.8368301391601562
2570,Yes,0.838089108467102
2571,Yes,0.8288735747337341
2572,Yes,0.8482993245124817
2573,Yes,0.8460400104522705
2574,Yes,0.8396891355514526
2575,Yes,0.8428480625152588
2576,Yes,0.8560442328453064
2577,Yes,0.8895922899246216
2578,Yes,0.8616319298744202
2579,Yes,0.8938434720039368
2580,Yes,0.8894335627555847
2581,Yes,0.8557568192481995
2582,Yes,0.847829282283783
2583,Yes,0.8787651658058167
2584,Yes,0.862156093120575
2585,Yes,0.8715669512748718
2586,Yes,0.8746095299720764
2587,Yes,0.9073796272277832
2588,Yes,0.9001224040985107
2589,Yes,0.8500635623931885
2590,Yes,0.8391839861869812
2591,Yes,0.8594578504562378
2592,Yes,0.8524686098098755
2593,Yes,0.8688110113143921
2594,Yes,0.8753001093864441
2595,Yes,0.8339915871620178
2596,Yes,0.8353970050811768
2597,Yes,0.8680658340454102
2598,Yes,0.867581307888031
2599,Yes,0.8570488095283508
2600,Yes,0.8646485805511475
2601,Yes,0.8633944988250732
2602,Yes,0.8774017095565796
2603,Yes,0.8441397547721863
2604,Yes,0.8496872782707214
2605,Yes,0.8682739734649658
2606,Yes,0.867354154586792
2607,Yes,0.8586140275001526
2608,Yes,0.8738595247268677
2609,Yes,0.8585587739944458
2610,Yes,0.8504937291145325
2611,Yes,0.8501631021499634
2612,Yes,0.8587357401847839
2613,Yes,0.8680958151817322
2614,Yes,0.8598331809043884
2615,Yes,0.8628430366516113
2616,Yes,0.8864609599113464
2617,Yes,0.8861353397369385
2618,Yes,0.8944872617721558
2619,Yes,0.8955442905426025
2620,Yes,0.9039074182510376
2621,Yes,0.8774861097335815
2622,Yes,0.8686400651931763
2623,Yes,0.8815715909004211
2624,Yes,0.8850396871566772
2625,Yes,0.8201764225959778
2626,Yes,0.8614423274993896
2627,Yes,0.8134147524833679
2628,Yes,0.8171041011810303
2629,Yes,0.8618106842041016
2630,Yes,0.8769301772117615
2631,Yes,0.859293520450592
2632,Yes,0.8574543595314026
2633,Yes,0.8407472372055054
2634,Yes,0.8728191256523132
2635,Yes,0.835175096988678
2636,Yes,0.837386429309845
2637,Yes,0.894827663898468
2638,Yes,0.8815060257911682
2639,Yes,0.8782227635383606
2640,Yes,0.8854421377182007
2641,Yes,0.8610949516296387
2642,Yes,0.867120623588562
2643,Yes,0.8525741100311279
2644,Yes,0.8588427305221558
2645,Yes,0.9261583089828491
2646,Yes,0.9082903861999512
2647,Yes,0.9187212586402893
2648,Yes,0.9193717837333679
2649,Yes,0.884381890296936
2650,Yes,0.8534135818481445
2651,Yes,0.8591616153717041
2652,Yes,0.8636310696601868
2653,Yes,0.8660018444061279
2654,Yes,0.8654897212982178
2655,Yes,0.8551280498504639
2656,Yes,0.864468514919281
2657,Yes,0.9131438732147217
2658,Yes,0.9007124304771423
2659,Yes,0.9123697280883789
2660,Yes,0.9004177451133728
2661,Yes,0.8700931072235107
2662,Yes,0.862846851348877
2663,Yes,0.8604034781455994
2664,Yes,0.8625264167785645
2665,Yes,0.900907039642334
2666,Yes,0.8968852758407593
2667,Yes,0.8965737223625183
2668,Yes,0.8984969258308411
2669,Yes,0.8872560262680054
2670,Yes,0.8746321797370911
2671,Yes,0.8767563104629517
2672,Yes,0.8700858950614929
2673,Yes,0.8700917959213257
2674,Yes,0.8628482222557068
2675,Yes,0.8604034781455994
2676,Yes,0.8625234961509705
2677,Yes,0.8900609612464905
2678,Yes,0.8835745453834534
2679,Yes,0.8768674731254578
2680,Yes,0.8848008513450623
2681,Yes,0.8872593641281128
2682,Yes,0.8915799260139465
2683,Yes,0.8877238631248474
2684,Yes,0.8849260807037354
2685,Yes,0.9278806447982788
2686,Yes,0.9022284746170044
2687,Yes,0.8985702395439148
2688,Yes,0.8926470279693604
2689,Yes,0.860977053642273
2690,Yes,0.8438931703567505
2691,Yes,0.8522899150848389
2692,Yes,0.8543493747711182
2693,Yes,0.8815981149673462
2694,Yes,0.8976942896842957
2695,Yes,0.8801559209823608
2696,Yes,0.8703262209892273
2697,Yes,0.8951193690299988
2698,Yes,0.8853296637535095
2699,Yes,0.8923236131668091
2700,Yes,0.8828185796737671
2701,Yes,0.9055401086807251
2702,Yes,0.8823474049568176
2703,Yes,0.8826497793197632
2704,Yes,0.8808378577232361
2705,Yes,0.9308788180351257
2706,Yes,0.922892689704895
2707,Yes,0.9137628674507141
2708,Yes,0.9192587733268738
2709,Yes,0.8669164180755615
2710,Yes,0.9000495076179504
2711,Yes,0.8678197860717773
2712,Yes,0.8654160499572754
2713,Yes,0.8934069871902466
2714,Yes,0.8934049606323242
2715,Yes,0.8962495923042297
2716,Yes,0.8950104713439941
2717,Yes,0.8861300349235535
2718,Yes,0.8879987597465515
2719,Yes,0.8879460096359253
2720,Yes,0.8831737637519836
2721,Yes,0.8591901063919067
2722,Yes,0.8905136585235596
2723,Yes,0.8578509092330933
2724,Yes,0.8774750232696533
2725,Yes,0.8676513433456421
2726,Yes,0.8875551223754883
2727,Yes,0.8643410801887512
2728,Yes,0.8551591634750366
2729,Yes,0.8774765133857727
2730,Yes,0.8757842183113098
2731,Yes,0.8690586686134338
2732,Yes,0.8703766465187073
2733,Yes,0.8661273121833801
2734,Yes,0.8553975224494934
2735,Yes,0.8332504034042358
2736,Yes,0.8506584167480469
2737,Yes,0.9033801555633545
2738,Yes,0.8621183037757874
2739,Yes,0.9084151387214661
2740,Yes,0.8921785950660706
2741,Yes,0.8496785759925842
2742,Yes,0.8594844341278076
2743,Yes,0.8474915623664856
2744,Yes,0.8490275144577026
2745,Yes,0.8300462365150452
2746,Yes,0.8270686864852905
2747,Yes,0.798966646194458
2748,Yes,0.8346366882324219
2749,Yes,0.8547887802124023
2750,Yes,0.8869755864143372
2751,Yes,0.8513989448547363
2752,Yes,0.8449804186820984
2753,Yes,0.8526354432106018
2754,Yes,0.8416315913200378
2755,Yes,0.830705463886261
2756,Yes,0.8528229594230652
2757,Yes,0.8561087846755981
2758,Yes,0.8628139495849609
2759,Yes,0.8343012928962708
2760,Yes,0.8533225655555725
2761,Yes,0.8591883182525635
2762,Yes,0.890514075756073
2763,Yes,0.8578506708145142
2764,Yes,0.877473771572113
2765,Yes,0.8800371289253235
2766,Yes,0.8561584949493408
2767,Yes,0.8495198488235474
2768,Yes,0.851701557636261
2769,Yes,0.8590877056121826
2770,Yes,0.8431536555290222
2771,Yes,0.8614189624786377
2772,Yes,0.8616724014282227
2773,Yes,0.8327756524085999
2774,Yes,0.8433969616889954
2775,Yes,0.8493179082870483
2776,Yes,0.8525944352149963
2777,Yes,0.8677506446838379
2778,Yes,0.8759766221046448
2779,Yes,0.8589091897010803
2780,Yes,0.8656614422798157
2781,Yes,0.8430235385894775
2782,Yes,0.8255566358566284
2783,Yes,0.8210425972938538
2784,Yes,0.8292065262794495
2785,Yes,0.874552845954895
2786,Yes,0.8709374070167542
2787,Yes,0.8834680914878845
2788,Yes,0.8820284008979797
2789,Yes,0.8193001747131348
2790,Yes,0.8278653621673584
2791,Yes,0.8265015482902527
2792,Yes,0.840945839881897
2793,Yes,0.8396260142326355
2794,Yes,0.8249269127845764
2795,Yes,0.8468886017799377
2796,Yes,0.8512424230575562
2797,Yes,0.8540393114089966
2798,Yes,0.8411164283752441
2799,Yes,0.8614818453788757
2800,Yes,0.8689071536064148
2801,Yes,0.8849710822105408
2802,Yes,0.8632076978683472
2803,Yes,0.885919451713562
2804,Yes,0.8754134774208069
2805,Yes,0.9226248264312744
2806,Yes,0.8965888023376465
2807,Yes,0.9317048788070679
2808,Yes,0.9153590798377991
2809,Yes,0.9095472097396851
2810,Yes,0.854519784450531
2811,Yes,0.8992688059806824
2812,Yes,0.871307909488678
2813,Yes,0.8498831391334534
2814,Yes,0.8396492004394531
2815,Yes,0.8478338122367859
2816,Yes,0.8345392346382141
2817,Yes,0.9009758234024048
2818,Yes,0.8507664799690247
2819,Yes,0.8997573852539062
2820,Yes,0.8722574710845947
2821,Yes,0.8957870602607727
2822,Yes,0.8758355379104614
2823,Yes,0.9081557989120483
2824,Yes,0.8918328285217285
2825,Yes,0.8882520794868469
2826,Yes,0.8650315403938293
2827,Yes,0.8956977128982544
2828,Yes,0.8838177919387817
2829,Yes,0.9017818570137024
2830,Yes,0.8630533814430237
2831,Yes,0.8797703385353088
2832,Yes,0.8710984587669373
2833,Yes,0.8677629232406616
2834,Yes,0.8617144227027893
2835,Yes,0.8624227046966553
2836,Yes,0.8462491631507874
2837,Yes,0.8928064703941345
2838,Yes,0.8691498637199402
2839,Yes,0.886444628238678
2840,Yes,0.8743240237236023
2841,Yes,0.8792255520820618
2842,Yes,0.873308539390564
2843,Yes,0.8838421702384949
2844,Yes,0.8700960874557495
2845,Yes,0.9106273651123047
2846,Yes,0.9111318588256836
2847,Yes,0.9014073014259338
2848,Yes,0.9113616943359375
2849,Yes,0.9260802865028381
2850,Yes,0.907217264175415
2851,Yes,0.9139832854270935
2852,Yes,0.9000287055969238
2853,Yes,0.9067592620849609
2854,Yes,0.865409255027771
2855,Yes,0.8904653191566467
2856,Yes,0.8681078553199768
2857,Yes,0.8340253233909607
2858,Yes,0.8224400877952576
2859,Yes,0.856423020362854
2860,Yes,0.8302028775215149
2861,Yes,0.8734011054039001
2862,Yes,0.832991361618042
2863,Yes,0.850850522518158
2864,Yes,0.8305650353431702
2865,Yes,0.8526232838630676
2866,Yes,0.8478680849075317
2867,Yes,0.8698557019233704
2868,Yes,0.8560056090354919
2869,Yes,0.8910648226737976
2870,Yes,0.8921210169792175
2871,Yes,0.8859674334526062
2872,Yes,0.8613244295120239
2873,Yes,0.8796141743659973
2874,Yes,0.8678221702575684
2875,Yes,0.8824727535247803
2876,Yes,0.8698749542236328
2877,Yes,0.8926292657852173
2878,Yes,0.8693146109580994
2879,Yes,0.891129195690155
2880,Yes,0.8794939517974854
2881,Yes,0.8439465165138245
2882,Yes,0.8989363312721252
2883,Yes,0.9039721488952637
2884,Yes,0.9101595282554626
2885,Yes,0.9024966359138489
2886,Yes,0.9050827026367188
2887,Yes,0.9258359670639038
2888,Yes,0.9145635366439819
2889,Yes,0.8771759271621704
2890,Yes,0.884529709815979
2891,Yes,0.8982418775558472
2892,Yes,0.8918256759643555
2893,Yes,0.891065776348114
2894,Yes,0.886315643787384
2895,Yes,0.9063281416893005
2896,Yes,0.9094590544700623
2897,Yes,0.8764544725418091
2898,Yes,0.8833498358726501
2899,Yes,0.9172185659408569
2900,Yes,0.9082846641540527
2901,Yes,0.8603906631469727
2902,Yes,0.8593237400054932
2903,Yes,0.8891040086746216
2904,Yes,0.8839008808135986
2905,Yes,0.8644636869430542
2906,Yes,0.8644952178001404
2907,Yes,0.8930136561393738
2908,Yes,0.8668256402015686
2909,Yes,0.8808054327964783
2910,Yes,0.875133216381073
2911,Yes,0.9142862558364868
2912,Yes,0.9056454300880432
2913,Yes,0.8677356839179993
2914,Yes,0.8216381669044495
2915,Yes,0.8391169905662537
2916,Yes,0.8229565620422363
2917,Yes,0.8838122487068176
2918,Yes,0.8341244459152222
2919,Yes,0.8924773335456848
2920,Yes,0.8726301789283752
2921,Yes,0.8322088122367859
2922,Yes,0.7788060307502747
2923,Yes,0.8239137530326843
2924,Yes,0.7824513912200928
2925,Yes,0.8737762570381165
2926,Yes,0.8434746861457825
2927,Yes,0.8779594302177429
2928,Yes,0.8589615225791931
2929,Yes,0.8650004267692566
2930,Yes,0.8669933080673218
2931,Yes,0.8591734170913696
2932,Yes,0.8267090320587158
2933,Yes,0.8287868499755859
2934,Yes,0.7787764668464661
2935,Yes,0.8416869640350342
2936,Yes,0.8056103587150574
2937,Yes,0.8228241801261902
2938,Yes,0.8038291931152344
2939,Yes,0.8075976967811584
2940,Yes,0.7678591012954712
2941,Yes,0.8587865233421326
2942,Yes,0.8318133354187012
2943,Yes,0.8751235604286194
2944,Yes,0.8475962281227112
2945,Yes,0.8597245216369629
2946,Yes,0.8485847115516663
2947,Yes,0.8743160367012024
2948,Yes,0.8733208775520325
2949,Yes,0.8680004477500916
2950,Yes,0.8695067763328552
2951,Yes,0.897980809211731
2952,Yes,0.8983165621757507
2953,Yes,0.8458542823791504
2954,Yes,0.8392541408538818
2955,Yes,0.840744137763977
2956,Yes,0.8419633507728577
2957,Yes,0.8630517721176147
2958,Yes,0.8468034863471985
2959,Yes,0.8710537552833557
2960,Yes,0.8713352680206299
2961,Yes,0.8745293617248535
2962,Yes,0.8734654784202576
2963,Yes,0.8619720935821533
2964,Yes,0.8746082186698914
2965,Yes,0.8962254524230957
2966,Yes,0.881620466709137
2967,Yes,0.91176438331604
2968,Yes,0.906814694404602
2969,Yes,0.8508412837982178
2970,Yes,0.8456740379333496
2971,Yes,0.8536127805709839
2972,Yes,0.8580195903778076
2973,Yes,0.8528479337692261
2974,Yes,0.8594217300415039
2975,Yes,0.8658899068832397
2976,Yes,0.8636825084686279
2977,Yes,0.8611230254173279
2978,Yes,0.8356841206550598
2979,Yes,0.8510918021202087
2980,Yes,0.8489425778388977
2981,Yes,0.856208086013794
2982,Yes,0.8576908111572266
2983,Yes,0.8424826264381409
2984,Yes,0.8550676107406616
2985,Yes,0.9067009687423706
2986,Yes,0.8885871171951294
2987,Yes,0.9052293300628662
2988,Yes,0.8955223560333252
2989,Yes,0.8607262969017029
2990,Yes,0.8602705001831055
2991,Yes,0.8554624915122986
2992,Yes,0.8584058284759521
2993,Yes,0.8686376214027405
2994,Yes,0.8854540586471558
2995,Yes,0.8299815654754639
2996,Yes,0.8290049433708191
2997,Yes,0.874576985836029
2998,Yes,0.8639910221099854
2999,Yes,0.8610468506813049
3000,Yes,0.8625486493110657
3001,Yes,0.8892454504966736
3002,Yes,0.8651747703552246
3003,Yes,0.8857830166816711
3004,Yes,0.8803619146347046
3005,Yes,0.8614328503608704
3006,Yes,0.8683345317840576
3007,Yes,0.8777397871017456
3008,Yes,0.8820610642433167
3009,Yes,0.8539324998855591
3010,Yes,0.8370463252067566
3011,Yes,0.8469362854957581
3012,Yes,0.8469247817993164
3013,Yes,0.8492992520332336
3014,Yes,0.8198513388633728
3015,Yes,0.8404020071029663
3016,Yes,0.8468654751777649
3017,Yes,0.8848161101341248
3018,Yes,0.8859809637069702
3019,Yes,0.8717013001441956
3020,Yes,0.8837994933128357
3021,Yes,0.8709985613822937
3022,Yes,0.847919762134552
3023,Yes,0.8717775940895081
3024,Yes,0.8701650500297546
3025,Yes,0.8585442900657654
3026,Yes,0.8359609246253967
3027,Yes,0.8343774676322937
3028,Yes,0.8407341241836548
3029,Yes,0.8613095283508301
3030,Yes,0.8647982478141785
3031,Yes,0.8720654249191284
3032,Yes,0.8664916753768921
3033,Yes,0.8843424916267395
3034,Yes,0.8704627752304077
3035,Yes,0.8738020658493042
3036,Yes,0.8823829889297485
3037,Yes,0.8902022242546082
3038,Yes,0.8935809135437012
3039,Yes,0.8748584985733032
3040,Yes,0.8809317946434021
3041,Yes,0.8466272354125977
3042,Yes,0.8182843327522278
3043,Yes,0.834712028503418
3044,Yes,0.8231989741325378
3045,Yes,0.8730553984642029
3046,Yes,0.8549858927726746
3047,Yes,0.8503311276435852
3048,Yes,0.8455402255058289
3049,Yes,0.8967092633247375
3050,Yes,0.8673613667488098
3051,Yes,0.893998920917511
3052,Yes,0.8821943402290344
3053,Yes,0.8372452855110168
3054,Yes,0.826310396194458
3055,Yes,0.8604353666305542
3056,Yes,0.8385536670684814
3057,Yes,0.8398140668869019
3058,Yes,0.810722291469574
3059,Yes,0.8295614719390869
3060,Yes,0.8145418167114258
3061,Yes,0.8465784192085266
3062,Yes,0.7957795262336731
3063,Yes,0.830312967300415
3064,Yes,0.8177890777587891
3065,Yes,0.82826828956604
3066,Yes,0.8426553010940552
3067,Yes,0.848639965057373
3068,Yes,0.8425149321556091
3069,Yes,0.8477972149848938
3070,Yes,0.8478082418441772
3071,Yes,0.8461323380470276
3072,Yes,0.8397406339645386
3073,Yes,0.8827847242355347
3074,Yes,0.7922570705413818
3075,Yes,0.8083785772323608
3076,Yes,0.8075011372566223
3077,Yes,0.8438102602958679
3078,Yes,0.8621586561203003
3079,Yes,0.808454155921936
3080,Yes,0.7953975200653076
3081,Yes,0.8412633538246155
3082,Yes,0.8618124127388
3083,Yes,0.8683282136917114
3084,Yes,0.8684477806091309
3085,Yes,0.8858740925788879
3086,Yes,0.842317521572113
3087,Yes,0.8769779801368713
3088,Yes,0.8594653606414795
3089,Yes,0.8509416580200195
3090,Yes,0.8605939745903015
3091,Yes,0.8319598436355591
3092,Yes,0.8376066088676453
3093,Yes,0.8131769299507141
3094,Yes,0.838725209236145
3095,Yes,0.83283531665802
3096,Yes,0.8456222414970398
3097,Yes,0.8495760560035706
3098,Yes,0.8526074290275574
3099,Yes,0.8398997187614441
3100,Yes,0.8557385206222534
3101,Yes,0.8357182741165161
3102,Yes,0.8448929190635681
3103,Yes,0.8317813873291016
3104,Yes,0.8668230772018433
3105,Yes,0.8599843978881836
3106,Yes,0.8775985836982727
3107,Yes,0.8816155195236206
3108,Yes,0.8920349478721619
3109,Yes,0.8774577975273132
3110,Yes,0.8854519128799438
3111,Yes,0.88400799036026
3112,Yes,0.8995268940925598
3113,Yes,0.8611567616462708
3114,Yes,0.8606904149055481
3115,Yes,0.8582575917243958
3116,Yes,0.8830766081809998
3117,Yes,0.8299620151519775
3118,Yes,0.8604995608329773
3119,Yes,0.8257927894592285
3120,Yes,0.8377725481987
3121,Yes,0.873645007610321
3122,Yes,0.8670202493667603
3123,Yes,0.8582786917686462
3124,Yes,0.8724771738052368
3125,Yes,0.849577784538269
3126,Yes,0.8526068925857544
3127,Yes,0.8398999571800232
3128,Yes,0.8557383418083191
3129,Yes,0.813173770904541
3130,Yes,0.8387239575386047
3131,Yes,0.8328366279602051
3132,Yes,0.8456205129623413
3133,Yes,0.8705774545669556
3134,Yes,0.8643832802772522
3135,Yes,0.861863911151886
3136,Yes,0.872881293296814
3137,Yes,0.8207115530967712
3138,Yes,0.8474311232566833
3139,Yes,0.8284407258033752
3140,Yes,0.8557745218276978
3141,Yes,0.8674989342689514
3142,Yes,0.8701795339584351
3143,Yes,0.8748682737350464
3144,Yes,0.8795506954193115
3145,Yes,0.8287177681922913
3146,Yes,0.868935763835907
3147,Yes,0.8125162124633789
3148,Yes,0.8653123378753662
3149,Yes,0.8768969178199768
3150,Yes,0.8529158234596252
3151,Yes,0.8607143759727478
3152,Yes,0.8592302203178406
3153,Yes,0.8357086777687073
3154,Yes,0.8491111397743225
3155,Yes,0.8458080887794495
3156,Yes,0.8445820212364197
3157,Yes,0.8442778587341309
3158,Yes,0.8313627243041992
3159,Yes,0.8404757976531982
3160,Yes,0.8359273672103882
3161,Yes,0.8568397164344788
3162,Yes,0.8314257860183716
3163,Yes,0.8442193269729614
3164,Yes,0.8437727689743042
3165,Yes,0.8519946336746216
3166,Yes,0.8662906885147095
3167,Yes,0.8489463925361633
3168,Yes,0.8459780812263489
3169,Yes,0.8772503137588501
3170,Yes,0.8109188675880432
3171,Yes,0.8672543168067932
3172,Yes,0.8498076796531677
3173,Yes,0.9070903658866882
3174,Yes,0.9078680276870728
3175,Yes,0.9057850241661072
3176,Yes,0.9042834043502808
3177,Yes,0.8397544622421265
3178,Yes,0.8367313146591187
3179,Yes,0.8298860192298889
3180,Yes,0.8029482364654541
3181,Yes,0.8660280108451843
3182,Yes,0.869348406791687
3183,Yes,0.870701253414154
3184,Yes,0.8582915663719177
3185,Yes,0.8879069089889526
3186,Yes,0.8773605823516846
3187,Yes,0.877492368221283
3188,Yes,0.8846261501312256
3189,Yes,0.8895036578178406
3190,Yes,0.8791471719741821
3191,Yes,0.861304521560669
3192,Yes,0.8512616157531738
3193,Yes,0.8690398335456848
3194,Yes,0.8723967671394348
3195,Yes,0.8823482394218445
3196,Yes,0.8722115755081177
3197,Yes,0.8626523613929749
3198,Yes,0.8532942533493042
3199,Yes,0.8572404980659485
3200,Yes,0.8632910251617432
3201,Yes,0.8438449501991272
3202,Yes,0.8292993903160095
3203,Yes,0.8422790765762329
3204,Yes,0.8455632328987122
3205,Yes,0.8556323647499084
3206,Yes,0.8393979668617249
3207,Yes,0.8463529944419861
3208,Yes,0.8476595878601074
3209,Yes,0.8587948679924011
3210,Yes,0.8440134525299072
3211,Yes,0.8406103849411011
3212,Yes,0.816126823425293
3213,Yes,0.8631094098091125
3214,Yes,0.8569375872612
3215,Yes,0.8872811198234558
3216,Yes,0.8674166798591614
3217,Yes,0.8390564918518066
3218,Yes,0.8234038949012756
3219,Yes,0.8737701177597046
3220,Yes,0.8581836223602295
3221,Yes,0.846402108669281
3222,Yes,0.8242053389549255
3223,Yes,0.8663883209228516
3224,Yes,0.8408112525939941
3225,Yes,0.8848743438720703
3226,Yes,0.8958805799484253
3227,Yes,0.9074321985244751
3228,Yes,0.9036363363265991
3229,Yes,0.8386316299438477
3230,Yes,0.8419433832168579
3231,Yes,0.8342311978340149
3232,Yes,0.815913200378418
3233,Yes,0.8304874897003174
3234,Yes,0.8197416663169861
3235,Yes,0.8333620429039001
3236,Yes,0.8248067498207092
3237,Yes,0.8574501872062683
3238,Yes,0.8453447222709656
3239,Yes,0.8398382663726807
3240,Yes,0.8381039500236511
3241,Yes,0.8207045793533325
3242,Yes,0.8289258480072021
3243,Yes,0.8626121878623962
3244,Yes,0.8545622825622559
3245,Yes,0.9000819325447083
3246,Yes,0.9096120595932007
3247,Yes,0.9020345211029053
3248,Yes,0.905195415019989
3249,Yes,0.902845561504364
3250,Yes,0.8856070041656494
3251,Yes,0.9149309992790222
3252,Yes,0.905413031578064
3253,Yes,0.8442087769508362
3254,Yes,0.8223245143890381
3255,Yes,0.8415342569351196
3256,Yes,0.8339329957962036
3257,Yes,0.8926095366477966
3258,Yes,0.8656433820724487
3259,Yes,0.8952092528343201
3260,Yes,0.8717492818832397
3261,Yes,0.8014046549797058
3262,Yes,0.8043672442436218
3263,Yes,0.8177803158760071
3264,Yes,0.7655665874481201
3265,Yes,0.7873853445053101
3266,Yes,0.7612659335136414
3267,Yes,0.8001424670219421
3268,Yes,0.7594629526138306
3269,Yes,0.8657411336898804
3270,Yes,0.8449915051460266
3271,Yes,0.8796154856681824
3272,Yes,0.8673924207687378
3273,Yes,0.8590860366821289
3274,Yes,0.8576945066452026
3275,Yes,0.8661450743675232
3276,Yes,0.8481526970863342
3277,Yes,0.902845561504364
3278,Yes,0.8856070041656494
3279,Yes,0.9149309992790222
3280,Yes,0.905413031578064
3281,Yes,0.831340491771698
3282,Yes,0.8262374997138977
3283,Yes,0.8533424735069275
3284,Yes,0.8485957384109497
3285,Yes,0.8130231499671936
3286,Yes,0.7785530090332031
3287,Yes,0.799902617931366
3288,Yes,0.7898667454719543
3289,Yes,0.8748335242271423
3290,Yes,0.8561868667602539
3291,Yes,0.8777869343757629
3292,Yes,0.8712257146835327
3293,Yes,0.8657168745994568
3294,Yes,0.8480998277664185
3295,Yes,0.8609146475791931
3296,Yes,0.8460987210273743
3297,Yes,0.8985908627510071
3298,Yes,0.8855648636817932
3299,Yes,0.9072472453117371
3300,Yes,0.8999778032302856
3301,Yes,0.8850842118263245
3302,Yes,0.8593909740447998
3303,Yes,0.881534993648529
3304,Yes,0.8700340986251831
3305,Yes,0.867193341255188
3306,Yes,0.8631623983383179
3307,Yes,0.8855203986167908
3308,Yes,0.8716605305671692
3309,Yes,0.8881795406341553
3310,Yes,0.8817347884178162
3311,Yes,0.8557254076004028
3312,Yes,0.8387662172317505
3313,Yes,0.8388386368751526
3314,Yes,0.8339352011680603
3315,Yes,0.8581839799880981
3316,Yes,0.848745584487915
3317,Yes,0.8334060907363892
3318,Yes,0.8339676856994629
3319,Yes,0.8504890203475952
3320,Yes,0.8346479535102844
3321,Yes,0.8899354338645935
3322,Yes,0.8770402073860168
3323,Yes,0.8745602965354919
3324,Yes,0.8560512065887451
3325,Yes,0.8877744674682617
3326,Yes,0.895087480545044
3327,Yes,0.9059499502182007
3328,Yes,0.9024564623832703
3329,Yes,0.8989854454994202
3330,Yes,0.8835806846618652
3331,Yes,0.8899672031402588
3332,Yes,0.8787553310394287
3333,Yes,0.8498212099075317
3334,Yes,0.8466454148292542
3335,Yes,0.8579050898551941
3336,Yes,0.8429175019264221
3337,Yes,0.9027896523475647
3338,Yes,0.9000205993652344
3339,Yes,0.9068637490272522
3340,Yes,0.9067877531051636
3341,Yes,0.8842248916625977
3342,Yes,0.8672614097595215
3343,Yes,0.9010134339332581
3344,Yes,0.8944756388664246
3345,Yes,0.8976916670799255
3346,Yes,0.8644936680793762
3347,Yes,0.8921630382537842
3348,Yes,0.8837028741836548
3349,Yes,0.861426591873169
3350,Yes,0.8485080599784851
3351,Yes,0.8569459319114685
3352,Yes,0.8416458964347839
3353,Yes,0.8594977855682373
3354,Yes,0.8581663966178894
3355,Yes,0.8809297680854797
3356,Yes,0.8690680861473083
3357,Yes,0.8696790933609009
3358,Yes,0.8472830057144165
3359,Yes,0.8641890287399292
3360,Yes,0.8592352867126465
3361,Yes,0.8952387571334839
3362,Yes,0.910655677318573
3363,Yes,0.8998427987098694
3364,Yes,0.9077036380767822
3365,Yes,0.8610442280769348
3366,Yes,0.8645946383476257
3367,Yes,0.8549647927284241
3368,Yes,0.8393809795379639
3369,Yes,0.8825718760490417
3370,Yes,0.8762481808662415
3371,Yes,0.8791925311088562
3372,Yes,0.866174578666687
3373,Yes,0.86342853307724
3374,Yes,0.8721767663955688
3375,Yes,0.8489661812782288
3376,Yes,0.8551616668701172
3377,Yes,0.8455786108970642
3378,Yes,0.8416087031364441
3379,Yes,0.8403815031051636
3380,Yes,0.8339426517486572
3381,Yes,0.8893009424209595
3382,Yes,0.8645480871200562
3383,Yes,0.8394843935966492
3384,Yes,0.8189390897750854
3385,Yes,0.8941556215286255
3386,Yes,0.8917368054389954
3387,Yes,0.8927119374275208
3388,Yes,0.8853307962417603
3389,Yes,0.8374794125556946
3390,Yes,0.8403302431106567
3391,Yes,0.8231291770935059
3392,Yes,0.8254866600036621
3393,Yes,0.9033934473991394
3394,Yes,0.9038411378860474
3395,Yes,0.9042057991027832
3396,Yes,0.9019106030464172
3397,Yes,0.8567822575569153
3398,Yes,0.8748265504837036
3399,Yes,0.8485853672027588
3400,Yes,0.8154556155204773
3401,Yes,0.8781692981719971
3402,Yes,0.8697623610496521
3403,Yes,0.8634437918663025
3404,Yes,0.8522895574569702
3405,Yes,0.905161440372467
3406,Yes,0.8889151215553284
3407,Yes,0.8908159136772156
3408,Yes,0.8833767771720886
3409,Yes,0.9128041863441467
3410,Yes,0.9040754437446594
3411,Yes,0.9055466055870056
3412,Yes,0.8985722661018372
3413,Yes,0.9120169878005981
3414,Yes,0.9111634492874146
3415,Yes,0.8550639748573303
3416,Yes,0.8437339663505554
3417,Yes,0.8520669937133789
3418,Yes,0.8494409322738647
3419,Yes,0.8517377376556396
3420,Yes,0.83857262134552
3421,Yes,0.8903123736381531
3422,Yes,0.8961318135261536
3423,Yes,0.9159790277481079
3424,Yes,0.914307713508606
3425,Yes,0.8912213444709778
3426,Yes,0.8842648863792419
3427,Yes,0.8706648349761963
3428,Yes,0.8647957444190979
3429,Yes,0.8516477942466736
3430,Yes,0.8683817982673645
3431,Yes,0.8696239590644836
3432,Yes,0.8598967790603638
3433,Yes,0.8658432364463806
3434,Yes,0.8711236119270325
3435,Yes,0.8842275738716125
3436,Yes,0.8872604370117188
3437,Yes,0.9083098769187927
3438,Yes,0.8931857943534851
3439,Yes,0.8952746391296387
3440,Yes,0.8923004269599915
3441,Yes,0.8641080856323242
3442,Yes,0.8808326125144958
3443,Yes,0.8853709101676941
3444,Yes,0.8849528431892395
3445,Yes,0.8450314402580261
3446,Yes,0.8581539988517761
3447,Yes,0.868078351020813
3448,Yes,0.8659300208091736
3449,Yes,0.8541222214698792
3450,Yes,0.8614383339881897
3451,Yes,0.8638634085655212
3452,Yes,0.8672758340835571
3453,Yes,0.9053682684898376
3454,Yes,0.8847596645355225
3455,Yes,0.8909592628479004
3456,Yes,0.8905388116836548
3457,Yes,0.8677858710289001
3458,Yes,0.8973061442375183
3459,Yes,0.8793478012084961
3460,Yes,0.8823633193969727
3461,Yes,0.8513026833534241
3462,Yes,0.8691443204879761
3463,Yes,0.864015519618988
3464,Yes,0.8671430349349976
3465,Yes,0.8553250432014465
3466,Yes,0.8658777475357056
3467,Yes,0.8705673813819885
3468,Yes,0.8731937408447266
3469,Yes,0.888541579246521
3470,Yes,0.8817530274391174
3471,Yes,0.8923143744468689
3472,Yes,0.8860089778900146
3473,Yes,0.8600221276283264
3474,Yes,0.8541731238365173
3475,Yes,0.8728405237197876
3476,Yes,0.8688148260116577
3477,Yes,0.8663315773010254
3478,Yes,0.8616531491279602
3479,Yes,0.8858159184455872
3480,Yes,0.8812527060508728
3481,Yes,0.8637549877166748
3482,Yes,0.8661357760429382
3483,Yes,0.8766933679580688
3484,Yes,0.8686339855194092
3485,Yes,0.8282425403594971
3486,Yes,0.853701651096344
3487,Yes,0.8568242192268372
3488,Yes,0.8568112850189209
3489,Yes,0.8367239236831665
3490,Yes,0.8681668639183044
3491,Yes,0.8621774315834045
3492,Yes,0.8645120859146118
3493,Yes,0.8486840724945068
3494,Yes,0.8446049690246582
3495,Yes,0.8758499622344971
3496,Yes,0.8704801201820374
3497,Yes,0.875594437122345
3498,Yes,0.8653625249862671
3499,Yes,0.8801281452178955
3500,Yes,0.8707408905029297
3501,Yes,0.8703514337539673
3502,Yes,0.8784818053245544
3503,Yes,0.8789624571800232
3504,Yes,0.8795069456100464
3505,Yes,0.8488795161247253
3506,Yes,0.8524793386459351
3507,Yes,0.8478092551231384
3508,Yes,0.86722731590271
3509,Yes,0.8268218636512756
3510,Yes,0.847383975982666
3511,Yes,0.8307064175605774
3512,Yes,0.8474184274673462
3513,Yes,0.8350098729133606
3514,Yes,0.8569588661193848
3515,Yes,0.8491529226303101
3516,Yes,0.8676314949989319
3517,Yes,0.8135935664176941
3518,Yes,0.8540583848953247
3519,Yes,0.7967209219932556
3520,Yes,0.834200918674469
3521,Yes,0.8775569200515747
3522,Yes,0.8900299668312073
3523,Yes,0.8814846873283386
3524,Yes,0.8925540447235107
3525,Yes,0.8695676922798157
3526,Yes,0.8896954655647278
3527,Yes,0.8591248393058777
3528,Yes,0.8835363388061523
3529,Yes,0.8835024237632751
3530,Yes,0.9076067805290222
3531,Yes,0.9131764769554138
3532,Yes,0.9164647459983826
3533,Yes,0.8293522596359253
3534,Yes,0.8521261215209961
3535,Yes,0.8605862259864807
3536,Yes,0.8717344403266907
3537,Yes,0.78708815574646
3538,Yes,0.8262313604354858
3539,Yes,0.8032200336456299
3540,Yes,0.8285809755325317
3541,Yes,0.8653706908226013
3542,Yes,0.8562939763069153
3543,Yes,0.8184087872505188
3544,Yes,0.8495410680770874
3545,Yes,0.8684435486793518
3546,Yes,0.8710774779319763
3547,Yes,0.8615726828575134
3548,Yes,0.8827876448631287
3549,Yes,0.8968572616577148
3550,Yes,0.9287033677101135
3551,Yes,0.8809368014335632
3552,Yes,0.915740430355072
3553,Yes,0.8929697871208191
3554,Yes,0.9026013016700745
3555,Yes,0.919777512550354
3556,Yes,0.9190649390220642
3557,Yes,0.8145521283149719
3558,Yes,0.8493635654449463
3559,Yes,0.8426268696784973
3560,Yes,0.8461252450942993
3561,Yes,0.8894763588905334
3562,Yes,0.8673324584960938
3563,Yes,0.8738446235656738
3564,Yes,0.87436443567276
3565,Yes,0.850415050983429
3566,Yes,0.8574782013893127
3567,Yes,0.8431129455566406
3568,Yes,0.8405930399894714
3569,Yes,0.8733058571815491
3570,Yes,0.865344762802124
3571,Yes,0.8474088311195374
3572,Yes,0.8586817979812622
3573,Yes,0.8314488530158997
3574,Yes,0.869563639163971
3575,Yes,0.8829026222229004
3576,Yes,0.8748176097869873
3577,Yes,0.8965784907341003
3578,Yes,0.8627009987831116
3579,Yes,0.8600813746452332
3580,Yes,0.8629830479621887
3581,Yes,0.8739062547683716
3582,Yes,0.8624135851860046
3583,Yes,0.8864490389823914
3584,Yes,0.8872601389884949
3585,Yes,0.8845821022987366
3586,Yes,0.866907000541687
3587,Yes,0.8799405097961426
3588,Yes,0.8861644864082336
3589,Yes,0.850395679473877
3590,Yes,0.8574562668800354
3591,Yes,0.8761302828788757
3592,Yes,0.8620792627334595
3593,Yes,0.8798703551292419
3594,Yes,0.88912433385849
3595,Yes,0.8963416218757629
3596,Yes,0.9000787734985352
3597,Yes,0.8423346281051636
3598,Yes,0.8270160555839539
3599,Yes,0.8520665764808655
3600,Yes,0.8590189814567566
3601,Yes,0.8866088390350342
3602,Yes,0.895356297492981
3603,Yes,0.8943451642990112
3604,Yes,0.8858028054237366
3605,Yes,0.886742889881134
3606,Yes,0.8806154131889343
3607,Yes,0.8791549801826477
3608,Yes,0.8778340220451355
3609,Yes,0.8842359781265259
3610,Yes,0.8778906464576721
3611,Yes,0.8950291872024536
3612,Yes,0.8695155382156372
3613,Yes,0.8540113568305969
3614,Yes,0.8714516162872314
3615,Yes,0.8795985579490662
3616,Yes,0.8713183403015137
3617,Yes,0.9162791967391968
3618,Yes,0.8880957961082458
3619,Yes,0.9113684892654419
3620,Yes,0.8942587971687317
3621,Yes,0.886742889881134
3622,Yes,0.8806154131889343
3623,Yes,0.8791549801826477
3624,Yes,0.8778340220451355
3625,Yes,0.8694770336151123
3626,Yes,0.8568311333656311
3627,Yes,0.8607078194618225
3628,Yes,0.8506250977516174
3629,Yes,0.8847594261169434
3630,Yes,0.8830443620681763
3631,Yes,0.8748632669448853
3632,Yes,0.8626383543014526
3633,Yes,0.8424530625343323
3634,Yes,0.846763551235199
3635,Yes,0.8555125594139099
3636,Yes,0.8490659594535828
3637,Yes,0.8834362030029297
3638,Yes,0.8529701828956604
3639,Yes,0.8593277335166931
3640,Yes,0.8443902730941772
3641,Yes,0.8735833168029785
3642,Yes,0.8547289371490479
3643,Yes,0.8821250796318054
3644,Yes,0.8605951070785522
3645,Yes,0.8740419745445251
3646,Yes,0.8729322552680969
3647,Yes,0.8702911138534546
3648,Yes,0.8625779747962952
3649,Yes,0.8916842937469482
3650,Yes,0.8665851950645447
3651,Yes,0.8782010674476624
3652,Yes,0.8647860288619995
3653,Yes,0.9145268797874451
3654,Yes,0.9187329411506653
3655,Yes,0.917403519153595
3656,Yes,0.9208328127861023
3657,Yes,0.8766673803329468
3658,Yes,0.8708920478820801
3659,Yes,0.8822984099388123
3660,Yes,0.8709951639175415
3661,Yes,0.8765949606895447
3662,Yes,0.8741534948348999
3663,Yes,0.8911181688308716
3664,Yes,0.8787865042686462
3665,Yes,0.8499261736869812
3666,Yes,0.8317254781723022
3667,Yes,0.8455434441566467
3668,Yes,0.8285262584686279
3669,Yes,0.9301842451095581
3670,Yes,0.9227460622787476
3671,Yes,0.9307841062545776
3672,Yes,0.9182480573654175
3673,Yes,0.8090506792068481
3674,Yes,0.8613818883895874
3675,Yes,0.8591164946556091
3676,Yes,0.8552377820014954
3677,Yes,0.8875370621681213
3678,Yes,0.8632692694664001
3679,Yes,0.8850218653678894
3680,Yes,0.8711013197898865
3681,Yes,0.8685869574546814
3682,Yes,0.8412472605705261
3683,Yes,0.8505558967590332
3684,Yes,0.828075647354126
3685,Yes,0.799319863319397
3686,Yes,0.808393657207489
3687,Yes,0.8250899314880371
3688,Yes,0.8159084320068359
3689,Yes,0.9090752005577087
3690,Yes,0.8895761370658875
3691,Yes,0.8984975814819336
3692,Yes,0.8971461057662964
3693,Yes,0.8518000841140747
3694,Yes,0.8566225171089172
3695,Yes,0.8705626726150513
3696,Yes,0.8603945374488831
3697,Yes,0.8587357401847839
3698,Yes,0.8467625379562378
3699,Yes,0.8734713792800903
3700,Yes,0.8519856929779053
3701,Yes,0.9012596011161804
3702,Yes,0.8825907707214355
3703,Yes,0.8855950236320496
3704,Yes,0.8738751411437988
3705,Yes,0.9001522660255432
3706,Yes,0.8707468509674072
3707,Yes,0.8962463736534119
3708,Yes,0.8795357346534729
3709,Yes,0.8560394644737244
3710,Yes,0.8325547575950623
3711,Yes,0.8506326675415039
3712,Yes,0.8353249430656433
3713,Yes,0.7685344815254211
3714,Yes,0.8170498013496399
3715,Yes,0.850197970867157
3716,Yes,0.8664839267730713
3717,Yes,0.8758344054222107
3718,Yes,0.8902366161346436
3719,Yes,0.8921540975570679
3720,Yes,0.9048723578453064
3721,Yes,0.8419722318649292
3722,Yes,0.8612188100814819
3723,Yes,0.8583723902702332
3724,Yes,0.8611437082290649
3725,Yes,0.8014838099479675
3726,Yes,0.8333783149719238
3727,Yes,0.8436734080314636
3728,Yes,0.8686066269874573
3729,Yes,0.8051810264587402
3730,Yes,0.7939426302909851
3731,Yes,0.8010726571083069
3732,Yes,0.8105509877204895
3733,Yes,0.8585727214813232
3734,Yes,0.8590990304946899
3735,Yes,0.8766506314277649
3736,Yes,0.8860585689544678
3737,Yes,0.8772622346878052
3738,Yes,0.8662189245223999
3739,Yes,0.8852080702781677
3740,Yes,0.887050211429596
3741,Yes,0.8316822648048401
3742,Yes,0.8404178619384766
3743,Yes,0.8485389947891235
3744,Yes,0.8675861358642578
3745,Yes,0.8396535515785217
3746,Yes,0.8434630632400513
3747,Yes,0.8476753234863281
3748,Yes,0.8467282652854919
3749,Yes,0.8408003449440002
3750,Yes,0.8475476503372192
3751,Yes,0.8662196397781372
3752,Yes,0.8753429055213928
3753,Yes,0.823970377445221
3754,Yes,0.8301154971122742
3755,Yes,0.8465942144393921
3756,Yes,0.8254793286323547
3757,Yes,0.775113582611084
3758,Yes,0.8035733699798584
3759,Yes,0.8116064667701721
3760,Yes,0.8212527632713318
3761,Yes,0.8511248826980591
3762,Yes,0.8613191246986389
3763,Yes,0.8732253313064575
3764,Yes,0.8843539357185364
3765,Yes,0.8165097832679749
3766,Yes,0.8418296575546265
3767,Yes,0.8687024116516113
3768,Yes,0.8764281868934631
3769,Yes,0.8732379078865051
3770,Yes,0.876291036605835
3771,Yes,0.8366729021072388
3772,Yes,0.8443790078163147
3773,Yes,0.8388079404830933
3774,Yes,0.8353714942932129
3775,Yes,0.8709304332733154
3776,Yes,0.8753088116645813
3777,Yes,0.8691494464874268
3778,Yes,0.8643949031829834
3779,Yes,0.8834155201911926
3780,Yes,0.8905203342437744
3781,Yes,0.8532714247703552
3782,Yes,0.8699163198471069
3783,Yes,0.8761024475097656
3784,Yes,0.8793679475784302
3785,Yes,0.837428629398346
3786,Yes,0.8912327885627747
3787,Yes,0.8923678398132324
3788,Yes,0.8965670466423035
3789,Yes,0.8448234796524048
3790,Yes,0.8377320766448975
3791,Yes,0.8683878779411316
3792,Yes,0.8572090268135071
3793,Yes,0.8551157712936401
3794,Yes,0.8676123023033142
3795,Yes,0.8751285076141357
3796,Yes,0.8749576807022095
3797,Yes,0.8771321177482605
3798,Yes,0.9019791483879089
3799,Yes,0.9042121171951294
3800,Yes,0.9189367294311523
3801,Yes,0.8806758522987366
3802,Yes,0.8908851742744446
3803,Yes,0.9069267511367798
3804,Yes,0.907099723815918
3805,Yes,0.8325441479682922
3806,Yes,0.8406698107719421
3807,Yes,0.8548198342323303
3808,Yes,0.858486533164978
3809,Yes,0.8570356369018555
3810,Yes,0.8275269269943237
3811,Yes,0.8859456777572632
3812,Yes,0.8654648065567017
3813,Yes,0.8561837673187256
3814,Yes,0.8611065149307251
3815,Yes,0.8661021590232849
3816,Yes,0.8470250368118286
3817,Yes,0.8949106335639954
3818,Yes,0.8797159790992737
3819,Yes,0.8963790535926819
3820,Yes,0.8905509114265442
3821,Yes,0.8791139125823975
3822,Yes,0.8587418794631958
3823,Yes,0.8975578546524048
3824,Yes,0.8822858929634094
3825,Yes,0.8736405372619629
3826,Yes,0.8604320883750916
3827,Yes,0.876003623008728
3828,Yes,0.8625230193138123
3829,Yes,0.8670980930328369
3830,Yes,0.8629826903343201
3831,Yes,0.8771142959594727
3832,Yes,0.8713967204093933
3833,Yes,0.8808475732803345
3834,Yes,0.8482294082641602
3835,Yes,0.9117872714996338
3836,Yes,0.8898415565490723
3837,Yes,0.9046460390090942
3838,Yes,0.8816018104553223
3839,Yes,0.9110878109931946
3840,Yes,0.8936306238174438
3841,Yes,0.8626465201377869
3842,Yes,0.8637407422065735
3843,Yes,0.8705675005912781
3844,Yes,0.8656254410743713
3845,Yes,0.861914873123169
3846,Yes,0.8551596999168396
3847,Yes,0.8689298033714294
3848,Yes,0.8700156807899475
3849,Yes,0.893025815486908
3850,Yes,0.8583195209503174
3851,Yes,0.8719982504844666
3852,Yes,0.8569803833961487
3853,Yes,0.8648116588592529
3854,Yes,0.8456423282623291
3855,Yes,0.8555509448051453
3856,Yes,0.8468255996704102
3857,Yes,0.8713715672492981
3858,Yes,0.8632133603096008
3859,Yes,0.866119921207428
3860,Yes,0.8549527525901794
3861,Yes,0.897672176361084
3862,Yes,0.9039030075073242
3863,Yes,0.9167277812957764
3864,Yes,0.9076182842254639
3865,Yes,0.9103032946586609
3866,Yes,0.8867681622505188
3867,Yes,0.9150230288505554
3868,Yes,0.8985354900360107
3869,Yes,0.8818488121032715
3870,Yes,0.8719977736473083
3871,Yes,0.893836498260498
3872,Yes,0.894525408744812
3873,Yes,0.861720085144043
3874,Yes,0.8352797031402588
3875,Yes,0.8650332093238831
3876,Yes,0.8650434613227844
3877,Yes,0.8626463413238525
3878,Yes,0.8637394309043884
3879,Yes,0.8705653548240662
3880,Yes,0.8656278848648071
3881,Yes,0.8697223663330078
3882,Yes,0.8454992771148682
3883,Yes,0.8506256341934204
3884,Yes,0.8511431813240051
3885,Yes,0.8524627089500427
3886,Yes,0.8373944759368896
3887,Yes,0.8291229009628296
3888,Yes,0.8354095816612244
3889,Yes,0.8562619090080261
3890,Yes,0.8803468942642212
3891,Yes,0.8690829277038574
3892,Yes,0.8533489108085632
3893,Yes,0.8521189093589783
3894,Yes,0.8395184278488159
3895,Yes,0.8433997631072998
3896,Yes,0.8420129418373108
3897,Yes,0.882972776889801
3898,Yes,0.8844572901725769
3899,Yes,0.8943964242935181
3900,Yes,0.8881285190582275
3901,Yes,0.8881071209907532
3902,Yes,0.8734478950500488
3903,Yes,0.8797154426574707
3904,Yes,0.863042950630188
3905,Yes,0.8826963901519775
3906,Yes,0.8682699203491211
3907,Yes,0.888978898525238
3908,Yes,0.8832687735557556
3909,Yes,0.8634359240531921
3910,Yes,0.8728280067443848
3911,Yes,0.8609835505485535
3912,Yes,0.8532413840293884
3913,Yes,0.8875246644020081
3914,Yes,0.8853058815002441
3915,Yes,0.8960000276565552
3916,Yes,0.8714169859886169
3917,Yes,0.8791185021400452
3918,Yes,0.8659021258354187
3919,Yes,0.8691559433937073
3920,Yes,0.8607754111289978
3921,Yes,0.8448308110237122
3922,Yes,0.8403852581977844
3923,Yes,0.8572292327880859
3924,Yes,0.8510318994522095
3925,Yes,0.8447805643081665
3926,Yes,0.8449719548225403
3927,Yes,0.8522891402244568
3928,Yes,0.8435164093971252
3929,Yes,0.8568799495697021
3930,Yes,0.847877562046051
3931,Yes,0.8631316423416138
3932,Yes,0.8662782311439514
3933,Yes,0.8991626501083374
3934,Yes,0.8704854249954224
3935,Yes,0.895180881023407
3936,Yes,0.8822658061981201
3937,Yes,0.8666806817054749
3938,Yes,0.8675928711891174
3939,Yes,0.8565068244934082
3940,Yes,0.8697697520256042
3941,Yes,0.8691834211349487
3942,Yes,0.8760669231414795
3943,Yes,0.8638797402381897
3944,Yes,0.8932427167892456
3945,Yes,0.8252828121185303
3946,Yes,0.8417479395866394
3947,Yes,0.8404306173324585
3948,Yes,0.8437080383300781
3949,Yes,0.8615628480911255
3950,Yes,0.8503916263580322
3951,Yes,0.827049970626831
3952,Yes,0.8590530157089233
3953,Yes,0.8713393211364746
3954,Yes,0.8451317548751831
3955,Yes,0.8523391485214233
3956,Yes,0.8530303835868835
3957,Yes,0.886794924736023
3958,Yes,0.8839973211288452
3959,Yes,0.8842950463294983
3960,Yes,0.8978495001792908
3961,Yes,0.8285362720489502
3962,Yes,0.8430600762367249
3963,Yes,0.8317498564720154
3964,Yes,0.8251056671142578
3965,Yes,0.8115949630737305
3966,Yes,0.8272388577461243
3967,Yes,0.8324363231658936
3968,Yes,0.8539057374000549
3969,Yes,0.8671199083328247
3970,Yes,0.8590924143791199
3971,Yes,0.829151451587677
3972,Yes,0.8251478672027588
3973,Yes,0.8419920206069946
3974,Yes,0.8383932709693909
3975,Yes,0.8174665570259094
3976,Yes,0.8157568573951721
3977,Yes,0.8106698989868164
3978,Yes,0.8218377232551575
3979,Yes,0.7972102165222168
3980,Yes,0.7941873669624329
3981,Yes,0.8348643183708191
3982,Yes,0.8470155596733093
3983,Yes,0.8528710603713989
3984,Yes,0.8318904638290405
3985,Yes,0.8336511254310608
3986,Yes,0.8684952855110168
3987,Yes,0.8636698722839355
3988,Yes,0.8812688589096069
3989,Yes,0.8619129657745361
3990,Yes,0.8305608034133911
3991,Yes,0.8632020950317383
3992,Yes,0.861717164516449
3993,Yes,0.8762293457984924
3994,Yes,0.8671463131904602
3995,Yes,0.8748835921287537
3996,Yes,0.8936478495597839
3997,Yes,0.8895131945610046
3998,Yes,0.8818313479423523
3999,Yes,0.8933119773864746
4000,Yes,0.8933905959129333
4001,Yes,0.8644287586212158
4002,Yes,0.8610945343971252
4003,Yes,0.8697786927223206
4004,Yes,0.8618512153625488
4005,Yes,0.8862014412879944
4006,Yes,0.8656061887741089
4007,Yes,0.871397078037262
4008,Yes,0.859835147857666
4009,Yes,0.8448602557182312
4010,Yes,0.8582048416137695
4011,Yes,0.8446090817451477
4012,Yes,0.849791944026947
4013,Yes,0.8546174168586731
4014,Yes,0.8605206608772278
4015,Yes,0.8536456227302551
4016,Yes,0.8578944802284241
4017,Yes,0.8819872736930847
4018,Yes,0.8713852167129517
4019,Yes,0.884589672088623
4020,Yes,0.8779770135879517
4021,Yes,0.8448602557182312
4022,Yes,0.8582048416137695
4023,Yes,0.8446090817451477
4024,Yes,0.849791944026947
4025,Yes,0.879371166229248
4026,Yes,0.8742758631706238
4027,Yes,0.890055239200592
4028,Yes,0.8786638379096985
4029,Yes,0.8985698223114014
4030,Yes,0.8909971117973328
4031,Yes,0.8893510103225708
4032,Yes,0.87924724817276
4033,Yes,0.8604604005813599
4034,Yes,0.8668029308319092
4035,Yes,0.8596373796463013
4036,Yes,0.8287171125411987
4037,Yes,0.8605175614356995
4038,Yes,0.869275689125061
4039,Yes,0.8496828675270081
4040,Yes,0.8607485294342041
4041,Yes,0.899924635887146
4042,Yes,0.8926293849945068
4043,Yes,0.8943637013435364
4044,Yes,0.9013703465461731
4045,Yes,0.8743064999580383
4046,Yes,0.8634064197540283
4047,Yes,0.8738758563995361
4048,Yes,0.8741634488105774
4049,Yes,0.8620489239692688
4050,Yes,0.8834242224693298
4051,Yes,0.8693495392799377
4052,Yes,0.8786157965660095
4053,Yes,0.8589226603507996
4054,Yes,0.8641229867935181
4055,Yes,0.8536064624786377
4056,Yes,0.8608898520469666
4057,Yes,0.8619170188903809
4058,Yes,0.8881703615188599
4059,Yes,0.8896384239196777
4060,Yes,0.8907149434089661
4061,Yes,0.8683899641036987
4062,Yes,0.8879836201667786
4063,Yes,0.8569805026054382
4064,Yes,0.8489431142807007
4065,Yes,0.7973749041557312
4066,Yes,0.8293042778968811
4067,Yes,0.8023598194122314
4068,Yes,0.8117652535438538
4069,Yes,0.8982108235359192
4070,Yes,0.8845395445823669
4071,Yes,0.8693686723709106
4072,Yes,0.8796079158782959
4073,Yes,0.8847419619560242
4074,Yes,0.8820154070854187
4075,Yes,0.8858335018157959
4076,Yes,0.8778915405273438
4077,Yes,0.8749399781227112
4078,Yes,0.8781675696372986
4079,Yes,0.8583593368530273
4080,Yes,0.859396755695343
4081,Yes,0.8955513834953308
4082,Yes,0.8828835487365723
4083,Yes,0.8466787338256836
4084,Yes,0.8445875644683838
4085,Yes,0.8565834164619446
4086,Yes,0.842848539352417
4087,Yes,0.8363974094390869
4088,Yes,0.8376601338386536
4089,Yes,0.8838316798210144
4090,Yes,0.8788759112358093
4091,Yes,0.8720343708992004
4092,Yes,0.8745307326316833
4093,Yes,0.8688647150993347
4094,Yes,0.8834688067436218
4095,Yes,0.8583731055259705
4096,Yes,0.8857787847518921
4097,Yes,0.8925857543945312
4098,Yes,0.878629207611084
4099,Yes,0.8918130397796631
4100,Yes,0.894007682800293
4101,Yes,0.8283311128616333
4102,Yes,0.8343385457992554
4103,Yes,0.8245813250541687
4104,Yes,0.8265740871429443
4105,Yes,0.8903632760047913
4106,Yes,0.8891826272010803
4107,Yes,0.9145630598068237
4108,Yes,0.9087892174720764
4109,Yes,0.8670166730880737
4110,Yes,0.872280478477478
4111,Yes,0.8851857781410217
4112,Yes,0.8984289169311523
4113,Yes,0.8583633899688721
4114,Yes,0.8716439008712769
4115,Yes,0.8636462092399597
4116,Yes,0.8537377119064331
4117,Yes,0.8106600046157837
4118,Yes,0.8108952641487122
4119,Yes,0.8056241273880005
4120,Yes,0.8163388967514038
4121,Yes,0.8589816093444824
4122,Yes,0.876844048500061
4123,Yes,0.874626636505127
4124,Yes,0.8906142115592957
4125,Yes,0.8475714325904846
4126,Yes,0.8551461100578308
4127,Yes,0.8672812581062317
4128,Yes,0.8679733276367188
4129,Yes,0.8523294925689697
4130,Yes,0.8258484601974487
4131,Yes,0.846392810344696
4132,Yes,0.8481045961380005
4133,Yes,0.821056067943573
4134,Yes,0.8339902758598328
4135,Yes,0.8742232918739319
4136,Yes,0.8620202541351318
4137,Yes,0.8652359247207642
4138,Yes,0.8589292168617249
4139,Yes,0.8817854523658752
4140,Yes,0.8808521032333374
4141,Yes,0.8486589193344116
4142,Yes,0.8677720427513123
4143,Yes,0.904245138168335
4144,Yes,0.8985400199890137
4145,Yes,0.8439418077468872
4146,Yes,0.84633469581604
4147,Yes,0.8779675364494324
4148,Yes,0.8757418990135193
4149,Yes,0.8993203043937683
4150,Yes,0.9035006165504456
4151,Yes,0.9118748307228088
4152,Yes,0.9123340249061584
4153,Yes,0.7910772562026978
4154,Yes,0.8308045864105225
4155,Yes,0.8452721238136292
4156,Yes,0.8531376719474792
4157,Yes,0.8225345015525818
4158,Yes,0.846624493598938
4159,Yes,0.8895527124404907
4160,Yes,0.8880183696746826
4161,Yes,0.8292717933654785
4162,Yes,0.8689824938774109
4163,Yes,0.9033835530281067
4164,Yes,0.9014952182769775
4165,Yes,0.8695763349533081
4166,Yes,0.8679872751235962
4167,Yes,0.8816947937011719
4168,Yes,0.8827230334281921
4169,Yes,0.8297410011291504
4170,Yes,0.871526837348938
4171,Yes,0.891352653503418
4172,Yes,0.8973424434661865
4173,Yes,0.8339619636535645
4174,Yes,0.8434787392616272
4175,Yes,0.8627926707267761
4176,Yes,0.8719721436500549
4177,Yes,0.8502731919288635
4178,Yes,0.8500071167945862
4179,Yes,0.8458889722824097
4180,Yes,0.8617134690284729
4181,Yes,0.8560100197792053
4182,Yes,0.8506548404693604
4183,Yes,0.8491249680519104
4184,Yes,0.8507024049758911
4185,Yes,0.8853552341461182
4186,Yes,0.8668753504753113
4187,Yes,0.8714585900306702
4188,Yes,0.8511002659797668
4189,Yes,0.8396163582801819
4190,Yes,0.8658949136734009
4191,Yes,0.8545307517051697
4192,Yes,0.8651057481765747
4193,Yes,0.8807095289230347
4194,Yes,0.8757937550544739
4195,Yes,0.8676705956459045
4196,Yes,0.8786678314208984
4197,Yes,0.8456504940986633
4198,Yes,0.8541940450668335
4199,Yes,0.7927476763725281
4200,Yes,0.7961113452911377
4201,Yes,0.805039644241333
4202,Yes,0.8246663808822632
4203,Yes,0.7869469523429871
4204,Yes,0.7947412133216858
4205,Yes,0.8890408277511597
4206,Yes,0.9052998423576355
4207,Yes,0.895156741142273
4208,Yes,0.9067610502243042
4209,Yes,0.8588864803314209
4210,Yes,0.8550323247909546
4211,Yes,0.8486430644989014
4212,Yes,0.8550779223442078
4213,Yes,0.8484067320823669
4214,Yes,0.8598098754882812
4215,Yes,0.8603537082672119
4216,Yes,0.8638419508934021
4217,Yes,0.8908501267433167
4218,Yes,0.8827123641967773
4219,Yes,0.8585411310195923
4220,Yes,0.8580160140991211
4221,Yes,0.8630005717277527
4222,Yes,0.8638691902160645
4223,Yes,0.8605507612228394
4224,Yes,0.8587812185287476
4225,Yes,0.8361008167266846
4226,Yes,0.8644246459007263
4227,Yes,0.8533905744552612
4228,Yes,0.8692219853401184
4229,Yes,0.8640220761299133
4230,Yes,0.8592029809951782
4231,Yes,0.8707066774368286
4232,Yes,0.8860483765602112
4233,Yes,0.8461784720420837
4234,Yes,0.8525181412696838
4235,Yes,0.8662570714950562
4236,Yes,0.8821228742599487
4237,Yes,0.823479950428009
4238,Yes,0.8601658940315247
4239,Yes,0.862551748752594
4240,Yes,0.8772972822189331
4241,Yes,0.8280645608901978
4242,Yes,0.8724729418754578
4243,Yes,0.8666279911994934
4244,Yes,0.8725805878639221
4245,Yes,0.8240705132484436
4246,Yes,0.8441082835197449
4247,Yes,0.8210172653198242
4248,Yes,0.8553478121757507
4249,Yes,0.8235090970993042
4250,Yes,0.8509093523025513
4251,Yes,0.8899821639060974
4252,Yes,0.8963224291801453
4253,Yes,0.8264972567558289
4254,Yes,0.8690477609634399
4255,Yes,0.8674715757369995
4256,Yes,0.8866121768951416
4257,Yes,0.8758294582366943
4258,Yes,0.8720717430114746
4259,Yes,0.8748222589492798
4260,Yes,0.8732929229736328
4261,Yes,0.869645357131958
4262,Yes,0.8560571074485779
4263,Yes,0.8695531487464905
4264,Yes,0.8667623400688171
4265,Yes,0.8539737462997437
4266,Yes,0.8701347708702087
4267,Yes,0.884509265422821
4268,Yes,0.8813561201095581
4269,Yes,0.8895941376686096
4270,Yes,0.880013108253479
4271,Yes,0.8871663212776184
4272,Yes,0.8860675692558289
4273,Yes,0.8665897846221924
4274,Yes,0.8717948794364929
4275,Yes,0.8421068787574768
4276,Yes,0.8622341156005859
4277,Yes,0.8799816370010376
4278,Yes,0.8785260319709778
4279,Yes,0.8553931713104248
4280,Yes,0.8662678599357605
4281,Yes,0.8848767876625061
4282,Yes,0.8802191019058228
4283,Yes,0.8926462531089783
4284,Yes,0.8860867023468018
4285,Yes,0.8534892797470093
4286,Yes,0.8918599486351013
4287,Yes,0.8853652477264404
4288,Yes,0.8909074664115906
4289,Yes,0.8984833359718323
4290,Yes,0.9073978662490845
4291,Yes,0.8744587302207947
4292,Yes,0.8638045787811279
4293,Yes,0.9068438410758972
4294,Yes,0.9059951305389404
4295,Yes,0.9039482474327087
4296,Yes,0.8920596241950989
4297,Yes,0.8797951340675354
4298,Yes,0.882919192314148
4299,Yes,0.8774707317352295
4300,Yes,0.8767145872116089
4301,Yes,0.8985309600830078
4302,Yes,0.8973260521888733
4303,Yes,0.8925648331642151
4304,Yes,0.8873310089111328
4305,Yes,0.8766703009605408
4306,Yes,0.8943786025047302
4307,Yes,0.8653980493545532
4308,Yes,0.8596053123474121
4309,Yes,0.8948989510536194
4310,Yes,0.8818843364715576
4311,Yes,0.883889377117157
4312,Yes,0.8898252248764038
4313,Yes,0.8840312361717224
4314,Yes,0.8600156307220459
4315,Yes,0.8583587408065796
4316,Yes,0.8549842834472656
4317,Yes,0.8801854848861694
4318,Yes,0.8918205499649048
4319,Yes,0.8796414136886597
4320,Yes,0.8708413243293762
4321,Yes,0.8681003451347351
4322,Yes,0.88897305727005
4323,Yes,0.8698575496673584
4324,Yes,0.8546306490898132
4325,Yes,0.8807624578475952
4326,Yes,0.8734641671180725
4327,Yes,0.868477463722229
4328,Yes,0.86078941822052
4329,Yes,0.8803894519805908
4330,Yes,0.8609664440155029
4331,Yes,0.8489539623260498
4332,Yes,0.8437395095825195
4333,Yes,0.8671179413795471
4334,Yes,0.838421106338501
4335,Yes,0.8586653470993042
4336,Yes,0.8600696325302124
4337,Yes,0.8780958652496338
4338,Yes,0.8739213943481445
4339,Yes,0.8762567043304443
4340,Yes,0.8765771985054016
4341,Yes,0.9011489152908325
4342,Yes,0.9121662378311157
4343,Yes,0.8976398706436157
4344,Yes,0.8904747366905212
4345,Yes,0.8600656986236572
4346,Yes,0.870938777923584
4347,Yes,0.8600885272026062
4348,Yes,0.8612670302391052
4349,Yes,0.8843775391578674
4350,Yes,0.8803786039352417
4351,Yes,0.8568944931030273
4352,Yes,0.8538881540298462
4353,Yes,0.873534083366394
4354,Yes,0.8702947497367859
4355,Yes,0.8679216504096985
4356,Yes,0.8671934604644775
4357,Yes,0.8466702699661255
4358,Yes,0.8441223502159119
4359,Yes,0.8282644152641296
4360,Yes,0.8162674903869629
4361,Yes,0.8828231692314148
4362,Yes,0.8891915678977966
4363,Yes,0.8693331480026245
4364,Yes,0.8663997054100037
4365,Yes,0.8865607380867004
4366,Yes,0.8804644346237183
4367,Yes,0.8830516934394836
4368,Yes,0.8762707710266113
4369,Yes,0.8749648332595825
4370,Yes,0.8663482069969177
4371,Yes,0.8865629434585571
4372,Yes,0.8746557831764221
4373,Yes,0.8526957035064697
4374,Yes,0.8722406029701233
4375,Yes,0.9006655812263489
4376,Yes,0.8987253904342651
4377,Yes,0.8491993546485901
4378,Yes,0.8451418280601501
4379,Yes,0.872017502784729
4380,Yes,0.8664796352386475
4381,Yes,0.8573599457740784
4382,Yes,0.8413451910018921
4383,Yes,0.8795574307441711
4384,Yes,0.8771737813949585
4385,Yes,0.9140071868896484
4386,Yes,0.9111939072608948
4387,Yes,0.9175779223442078
4388,Yes,0.9168320894241333
4389,Yes,0.8640843033790588
4390,Yes,0.8697817325592041
4391,Yes,0.8798767328262329
4392,Yes,0.8711380958557129
4393,Yes,0.836417555809021
4394,Yes,0.8384642004966736
4395,Yes,0.8653442859649658
4396,Yes,0.8589040637016296
4397,Yes,0.851849377155304
4398,Yes,0.8417037725448608
4399,Yes,0.8619155883789062
4400,Yes,0.8589170575141907
4401,Yes,0.8492230176925659
4402,Yes,0.86366868019104
4403,Yes,0.8775984048843384
4404,Yes,0.8683218955993652
4405,Yes,0.9059597253799438
4406,Yes,0.8872323632240295
4407,Yes,0.9029189944267273
4408,Yes,0.8902508020401001
4409,Yes,0.9049069285392761
4410,Yes,0.893830418586731
4411,Yes,0.8845272064208984
4412,Yes,0.894751250743866
4413,Yes,0.8918154835700989
4414,Yes,0.8674702644348145
4415,Yes,0.8828254342079163
4416,Yes,0.8750836253166199
