item,label,p_yes
1,No,0.4403389096260071
2,Yes,0.6581333875656128
3,Yes,0.6623615622520447
4,Yes,0.7234022617340088
5,No,0.1168803721666336
6,No,0.17121362686157227
7,No,0.14306923747062683
8,No,0.3017139732837677
9,No,0.07403673231601715
10,No,0.1194947138428688
11,No,0.06813269853591919
12,No,0.08556607365608215
13,No,0.09944086521863937
14,No,0.12920363247394562
15,No,0.08095303922891617
16,No,0.10597607493400574
17,No,0.10564166307449341
18,No,0.15958938002586365
19,No,0.12447457015514374
20,No,0.14908018708229065
21,No,0.1450289636850357
22,No,0.22174614667892456
23,No,0.1660241186618805
24,No,0.2124248594045639
25,Yes,0.6085700988769531
26,Yes,0.9104195833206177
27,Yes,0.6019973158836365
28,Yes,0.9141223430633545
29,No,0.07105065137147903
30,No,0.1615603119134903
31,No,0.09005840122699738
32,No,0.11016332358121872
33,No,0.13620096445083618
34,No,0.20232266187667847
35,No,0.2446277141571045
36,No,0.2476859837770462
37,No,0.18864941596984863
38,No,0.26552683115005493
39,No,0.2755400240421295
40,No,0.3559619188308716
41,No,0.07542495429515839
42,No,0.13108918070793152
43,No,0.11398451775312424
44,No,0.12314558029174805
45,No,0.17355230450630188
46,No,0.22044061124324799
47,No,0.17761442065238953
48,No,0.15521319210529327
49,No,0.14410486817359924
50,No,0.1504637748003006
51,No,0.21080462634563446
52,No,0.2518109381198883
53,No,0.1047411859035492
54,No,0.20742152631282806
55,No,0.21496255695819855
56,No,0.12568917870521545
57,No,0.16487252712249756
58,No,0.1936575472354889
59,No,0.23083187639713287
60,No,0.2271752506494522
61,No,0.2656446099281311
62,No,0.19973404705524445
63,No,0.42105504870414734
64,No,0.3214600682258606
65,No,0.20831863582134247
66,No,0.22164955735206604
67,No,0.270426481962204
68,No,0.17496289312839508
69,No,0.19403386116027832
70,No,0.20175395905971527
71,No,0.09836304187774658
72,No,0.11622140556573868
73,No,0.13933700323104858
74,No,0.1573316603899002
75,No,0.09804665297269821
76,No,0.12593373656272888
77,No,0.09306977689266205
78,No,0.14631524682044983
79,No,0.21356463432312012
80,No,0.16995416581630707
81,No,0.12488456815481186
82,No,0.20879524946212769
83,No,0.07277615368366241
84,No,0.14236298203468323
85,No,0.07256652414798737
86,No,0.1463005393743515
87,No,0.06759170442819595
88,No,0.09373636543750763
89,No,0.22733576595783234
90,No,0.29461589455604553
91,No,0.15101800858974457
92,No,0.18311141431331635
93,No,0.355453222990036
94,No,0.46832793951034546
95,Yes,0.697742760181427
96,Yes,0.586484968662262
97,No,0.1719381958246231
98,No,0.13496823608875275
99,No,0.11026456207036972
100,No,0.11841277033090591
101,No,0.20785625278949738
102,No,0.1646486222743988
103,No,0.16449487209320068
104,No,0.1887306123971939
105,No,0.10927481949329376
106,No,0.11556991934776306
107,No,0.11218351870775223
108,No,0.12014255672693253
109,No,0.14223477244377136
110,No,0.1753350794315338
111,No,0.12001968920230865
112,No,0.14879848062992096
113,No,0.11547255516052246
114,No,0.12811128795146942
115,No,0.07319051772356033
116,No,0.083042211830616
117,No,0.18241803348064423
118,No,0.169102743268013
119,No,0.1298813819885254
120,No,0.170256569981575
121,No,0.2215111404657364
122,No,0.18233872950077057
123,No,0.16014207899570465
124,No,0.1337745636701584
125,No,0.1429399847984314
126,No,0.23479066789150238
127,No,0.24083402752876282
128,No,0.24037288129329681
129,No,0.2931883633136749
130,No,0.26768937706947327
131,No,0.24424584209918976
132,No,0.3698189854621887
133,No,0.10421828180551529
134,No,0.16410669684410095
135,No,0.1764417588710785
136,No,0.17220361530780792
137,No,0.11659519374370575
138,No,0.15625934302806854
139,No,0.10656239837408066
140,No,0.14391304552555084
141,No,0.10873353481292725
142,No,0.14871129393577576
143,No,0.12787215411663055
144,No,0.13088993728160858
145,No,0.45194846391677856
146,No,0.23058277368545532
147,No,0.24688734114170074
148,No,0.21898014843463898
149,No,0.11659519374370575
150,No,0.15625934302806854
151,No,0.10656239837408066
152,No,0.14391304552555084
153,No,0.3789919316768646
154,No,0.25613075494766235
155,No,0.2455720752477646
156,No,0.3642147183418274
157,No,0.04550480097532272
158,No,0.05963195487856865
159,No,0.12868718802928925
160,No,0.1941111981868744
161,No,0.11540941894054413
162,No,0.14443424344062805
163,No,0.11128844320774078
164,No,0.12842030823230743
165,No,0.24747280776500702
166,No,0.18658243119716644
167,No,0.27440881729125977
168,No,0.29402217268943787
169,No,0.32553911209106445
170,Yes,0.5287237763404846
171,No,0.3714359700679779
172,No,0.38732466101646423
173,No,0.1270788609981537
174,No,0.132686048746109
175,No,0.10143345594406128
176,No,0.1677960455417633
177,No,0.28617963194847107
178,No,0.384383887052536
179,No,0.20106922090053558
180,No,0.41574913263320923
181,No,0.09811363369226456
182,No,0.12405809760093689
183,No,0.07760865241289139
184,No,0.09585965424776077
185,No,0.12922784686088562
186,No,0.28192567825317383
187,No,0.201729416847229
188,No,0.41710829734802246
189,No,0.44216224551200867
190,Yes,0.5353923439979553
191,No,0.30615234375
192,No,0.4347684979438782
193,No,0.0792294293642044
194,No,0.07816306501626968
195,No,0.08557772636413574
196,No,0.10700590163469315
197,Yes,0.8125239610671997
198,Yes,0.8870459794998169
199,Yes,0.8864325881004333
200,Yes,0.8836541771888733
201,No,0.14673064649105072
202,No,0.2664138078689575
203,No,0.23440884053707123
204,No,0.29913806915283203
205,No,0.13397231698036194
206,No,0.13565471768379211
207,No,0.10925652831792831
208,No,0.12224054336547852
209,No,0.08238834142684937
210,No,0.12094668298959732
211,No,0.11746662110090256
212,No,0.17826098203659058
213,No,0.08881347626447678
214,No,0.12933847308158875
215,No,0.1075034886598587
216,No,0.12745967507362366
217,No,0.1402701884508133
218,No,0.2558540105819702
219,No,0.23336561024188995
220,No,0.4473647177219391
221,No,0.12548740208148956
222,No,0.1688750684261322
223,No,0.13878601789474487
224,No,0.16464371979236603
225,No,0.09275830537080765
226,No,0.111961729824543
227,No,0.09639596194028854
228,No,0.12141759693622589
229,No,0.11223780363798141
230,No,0.2614845633506775
231,No,0.16427038609981537
232,No,0.16580061614513397
233,No,0.21502244472503662
234,No,0.26071035861968994
235,No,0.16479232907295227
236,No,0.19931139051914215
237,No,0.11690720170736313
238,No,0.10612109303474426
239,No,0.10535126179456711
240,No,0.10269443690776825
241,No,0.23936472833156586
242,No,0.38325679302215576
243,No,0.200287863612175
244,No,0.20363277196884155
245,No,0.4263431429862976
246,No,0.3326846659183502
247,No,0.2650558650493622
248,No,0.23827366530895233
249,No,0.23180672526359558
250,No,0.237225741147995
251,No,0.27654966711997986
252,No,0.24910128116607666
253,No,0.21256862580776215
254,No,0.26821577548980713
255,No,0.39454373717308044
256,No,0.25981298089027405
257,No,0.2870606482028961
258,No,0.36957910656929016
259,No,0.1944659948348999
260,No,0.2582191824913025
261,No,0.09679125994443893
262,No,0.14148534834384918
263,No,0.18771253526210785
264,No,0.13427577912807465
265,No,0.14842532575130463
266,No,0.12233797460794449
267,No,0.12161359935998917
268,No,0.13996316492557526
269,No,0.10159813612699509
270,No,0.1482156366109848
271,No,0.1488618552684784
272,No,0.14811718463897705
273,No,0.12529245018959045
274,No,0.2081833779811859
275,No,0.24472644925117493
276,No,0.32925206422805786
277,No,0.07862360775470734
278,No,0.13083042204380035
279,No,0.105499766767025
280,No,0.1263868510723114
281,No,0.08863021433353424
282,No,0.1347387731075287
283,No,0.09679119288921356
284,No,0.12447445094585419
285,No,0.16651223599910736
286,No,0.20108339190483093
287,No,0.13632436096668243
288,No,0.15053409337997437
289,No,0.07350290566682816
290,No,0.11271709203720093
291,No,0.07228197157382965
292,No,0.09906893223524094
293,No,0.10821465402841568
294,No,0.12085898220539093
295,No,0.10212691128253937
296,No,0.10720270127058029
297,No,0.14671173691749573
298,No,0.12321555614471436
299,No,0.15349194407463074
300,No,0.19674701988697052
301,No,0.10043000429868698
302,No,0.10133153945207596
303,No,0.13019874691963196
304,No,0.12896303832530975
305,No,0.07522432506084442
306,No,0.16103503108024597
307,No,0.13580746948719025
308,No,0.2602255046367645
309,No,0.39387086033821106
310,No,0.25449132919311523
311,No,0.3281705379486084
312,No,0.3299887180328369
313,No,0.20314021408557892
314,No,0.2828371226787567
315,No,0.2087738960981369
316,No,0.3363620340824127
317,No,0.16812756657600403
318,No,0.22579878568649292
319,No,0.23306767642498016
320,No,0.2480780929327011
321,No,0.2732766568660736
322,Yes,0.5520498156547546
323,No,0.4635106921195984
324,Yes,0.6895245909690857
325,No,0.17500896751880646
326,No,0.26906606554985046
327,No,0.37494343519210815
328,Yes,0.6823186874389648
329,No,0.4727191925048828
330,No,0.3010409474372864
331,No,0.33037009835243225
332,No,0.3918183743953705
333,Yes,0.9789214730262756
334,Yes,0.8263686895370483
335,Yes,0.9533587694168091
336,Yes,0.9504737257957458
337,No,0.06692752987146378
338,No,0.08225546777248383
339,No,0.05930279940366745
340,No,0.08971308916807175
341,No,0.15944337844848633
342,No,0.1667691320180893
343,No,0.0986403077840805
344,No,0.1252201646566391
345,No,0.12958519160747528
346,No,0.16879896819591522
347,No,0.14893437922000885
348,No,0.10353919863700867
349,No,0.26291149854660034
350,No,0.23371706902980804
351,No,0.1910935342311859
352,No,0.2262796014547348
353,No,0.16788655519485474
354,No,0.2799833118915558
355,No,0.4494982361793518
356,No,0.4052770435810089
357,No,0.48303109407424927
358,No,0.16565747559070587
359,No,0.23632864654064178
360,No,0.16412609815597534
361,No,0.12908197939395905
362,No,0.18615086376667023
363,No,0.20523621141910553
364,No,0.16743268072605133
365,No,0.1485903263092041
366,No,0.1415630429983139
367,No,0.1507728397846222
368,No,0.11667737364768982
369,No,0.16384734213352203
370,No,0.20068110525608063
371,No,0.3156415522098541
372,No,0.40965428948402405
373,No,0.18179769814014435
374,No,0.17859987914562225
375,No,0.1709481030702591
376,No,0.12569837272167206
377,No,0.3367685377597809
378,No,0.2611575126647949
379,No,0.33986568450927734
380,No,0.24439434707164764
381,No,0.35225436091423035
382,No,0.4069887697696686
383,No,0.2995482087135315
384,No,0.3792017698287964
385,Yes,0.5700601935386658
386,No,0.42154163122177124
387,Yes,0.6129207015037537
388,Yes,0.5203695893287659
389,No,0.199457585811615
390,No,0.15619798004627228
391,No,0.18966354429721832
392,No,0.15480579435825348
393,No,0.06515603512525558
394,No,0.10980992019176483
395,No,0.1829753965139389
396,No,0.3028990626335144
397,No,0.06724626570940018
398,No,0.11736154556274414
399,No,0.09248407185077667
400,No,0.09443028271198273
401,No,0.09587859362363815
402,No,0.08621887862682343
403,No,0.07877059280872345
404,No,0.08170126378536224
405,No,0.11040972918272018
406,No,0.08267809450626373
407,No,0.1037743091583252
408,No,0.06845288723707199
409,No,0.2183065414428711
410,No,0.16254238784313202
411,No,0.16323550045490265
412,No,0.13616690039634705
413,Yes,0.5972937941551208
414,Yes,0.6999303102493286
415,Yes,0.5313524007797241
416,Yes,0.5154088735580444
417,No,0.0806477963924408
418,No,0.09546483308076859
419,No,0.06548479944467545
420,No,0.0702066719532013
421,No,0.17954449355602264
422,No,0.16638964414596558
423,No,0.1319023221731186
424,No,0.1794927567243576
425,No,0.12174935638904572
426,No,0.2395084798336029
427,No,0.2911094129085541
428,No,0.47209402918815613
429,No,0.264175683259964
430,No,0.2584931254386902
431,No,0.18709023296833038
432,No,0.2352474480867386
433,No,0.13174091279506683
434,No,0.15579834580421448
435,No,0.12905053794384003
436,No,0.1516084223985672
437,No,0.22311560809612274
438,No,0.1597760021686554
439,No,0.12635748088359833
440,No,0.1674972027540207
441,No,0.11494029313325882
442,No,0.1652510017156601
443,No,0.11438068002462387
444,No,0.14090228080749512
445,No,0.1710020899772644
446,No,0.24167373776435852
447,No,0.2725275754928589
448,No,0.3038133978843689
449,No,0.0904797688126564
450,No,0.08974963426589966
451,No,0.08029516786336899
452,No,0.08644799143075943
453,No,0.22653131186962128
454,No,0.15920156240463257
455,No,0.2158685028553009
456,No,0.20678824186325073
457,No,0.06991546601057053
458,No,0.09040292352437973
459,No,0.08277018368244171
460,No,0.0870341882109642
461,No,0.19989809393882751
462,No,0.15831659734249115
463,No,0.19550766050815582
464,No,0.24194659292697906
465,No,0.17504331469535828
466,No,0.32671380043029785
467,No,0.3528743088245392
468,No,0.4887283444404602
469,No,0.10460180044174194
470,No,0.11629854887723923
471,No,0.1489921510219574
472,No,0.17165356874465942
473,No,0.12432228028774261
474,No,0.27740278840065
475,No,0.12255797535181046
476,No,0.16230201721191406
477,No,0.08448116481304169
478,No,0.140203595161438
479,No,0.13979841768741608
480,No,0.14631567895412445
481,No,0.1406727433204651
482,No,0.1402430534362793
483,No,0.0908847525715828
484,No,0.1296674907207489
485,No,0.2895532548427582
486,No,0.39796316623687744
487,No,0.41094619035720825
488,No,0.12570402026176453
489,No,0.056301843374967575
490,No,0.09361203759908676
491,No,0.08076591789722443
492,No,0.0960378423333168
493,No,0.14558272063732147
494,No,0.14891548454761505
495,No,0.15949292480945587
496,No,0.16899006068706512
497,Yes,0.6364893317222595
498,No,0.2796351909637451
499,Yes,0.5736976861953735
500,Yes,0.5923877954483032
501,No,0.18759164214134216
502,No,0.2025032490491867
503,No,0.12862557172775269
504,No,0.1621585637331009
505,No,0.15881268680095673
506,No,0.1240682303905487
507,No,0.11276046931743622
508,No,0.15513643622398376
509,No,0.08354557305574417
510,No,0.09246673434972763
511,No,0.07980968803167343
512,No,0.08522199094295502
513,No,0.36940452456474304
514,No,0.3770589828491211
515,No,0.23489250242710114
516,No,0.23519092798233032
517,No,0.2536420226097107
518,No,0.30685240030288696
519,No,0.4470551311969757
520,Yes,0.5239765048027039
521,No,0.1813153177499771
522,No,0.26534420251846313
523,No,0.31576937437057495
524,No,0.32810553908348083
525,No,0.17928239703178406
526,No,0.25342872738838196
527,No,0.36777588725090027
528,No,0.43556275963783264
529,No,0.32928502559661865
530,No,0.2522922456264496
531,No,0.3746289312839508
532,No,0.25433292984962463
533,No,0.2145630419254303
534,No,0.22754967212677002
535,No,0.18301987648010254
536,No,0.16846109926700592
537,No,0.29124948382377625
538,No,0.25935831665992737
539,No,0.3274317979812622
540,No,0.34003251791000366
541,No,0.2702455520629883
542,No,0.22123469412326813
543,No,0.2611166536808014
544,No,0.2102234959602356
545,No,0.3810008764266968
546,No,0.237418532371521
547,Yes,0.8316544890403748
548,No,0.45832034945487976
549,Yes,0.6187072396278381
550,No,0.4709656834602356
551,Yes,0.5478118658065796
552,Yes,0.6075289249420166
553,No,0.07022649049758911
554,No,0.06539890915155411
555,No,0.05451342463493347
556,No,0.05978666618466377
557,No,0.1771976202726364
558,No,0.09994275122880936
559,No,0.1396675705909729
560,No,0.061080507934093475
561,No,0.08399926871061325
562,No,0.1225690245628357
563,No,0.10951567441225052
564,No,0.1309543251991272
565,No,0.057905569672584534
566,No,0.1030067503452301
567,No,0.11155059188604355
568,No,0.10276490449905396
569,No,0.14876757562160492
570,No,0.139689639210701
571,No,0.22991244494915009
572,No,0.12565970420837402
573,No,0.16910862922668457
574,No,0.15620024502277374
575,No,0.11475557833909988
576,No,0.09035336971282959
577,No,0.21525202691555023
578,No,0.15518324077129364
579,No,0.1492324024438858
580,No,0.07438890635967255
581,No,0.15451432764530182
582,No,0.12025835365056992
583,No,0.13182681798934937
584,No,0.09377626329660416
585,No,0.3991454839706421
586,No,0.3961692750453949
587,Yes,0.5219187140464783
588,No,0.4963308870792389
589,No,0.13121828436851501
590,No,0.07353926450014114
591,No,0.11106673628091812
592,No,0.08166856318712234
593,No,0.13380536437034607
594,No,0.1865851730108261
595,No,0.18018291890621185
596,No,0.21585628390312195
597,No,0.11225487291812897
598,No,0.22918030619621277
599,No,0.13656175136566162
600,No,0.24355027079582214
601,No,0.2652735710144043
602,No,0.47420749068260193
603,Yes,0.5466493368148804
604,Yes,0.5721069574356079
605,No,0.10696163028478622
606,No,0.18435166776180267
607,No,0.09428135305643082
608,No,0.11552411317825317
609,No,0.09215577691793442
610,No,0.11719605326652527
611,No,0.08414202183485031
612,No,0.14433103799819946
613,No,0.14583712816238403
614,No,0.24594753980636597
615,No,0.06681894510984421
616,No,0.16431406140327454
617,No,0.13516193628311157
618,Yes,0.5231981873512268
619,No,0.25041908025741577
620,No,0.4543263912200928
621,No,0.08281852304935455
622,No,0.2633737325668335
623,No,0.09830036014318466
624,Yes,0.532940149307251
625,No,0.07758797705173492
626,No,0.1780908703804016
627,No,0.0983005091547966
628,No,0.14350725710391998
629,No,0.12428871542215347
630,No,0.10671277344226837
631,No,0.08944322168827057
632,No,0.14229434728622437
633,No,0.07319056987762451
634,No,0.14458434283733368
635,No,0.06212921813130379
636,No,0.13491766154766083
637,No,0.06756230443716049
638,No,0.11080262064933777
639,No,0.07747472077608109
640,No,0.11757346987724304
641,No,0.08690468966960907
642,No,0.2929656505584717
643,No,0.11980082839727402
644,No,0.20875486731529236
645,No,0.07188452035188675
646,No,0.10940713435411453
647,No,0.07107728719711304
648,No,0.10988236963748932
649,No,0.1659580022096634
650,No,0.19497543573379517
651,No,0.08619343489408493
652,No,0.13890959322452545
653,No,0.1423254907131195
654,No,0.1667950302362442
655,No,0.11930491030216217
656,No,0.1840721219778061
657,No,0.051068615168333054
658,No,0.08670943975448608
659,No,0.05047086998820305
660,No,0.09601889550685883
661,No,0.12165214121341705
662,No,0.14899501204490662
663,No,0.14334672689437866
664,No,0.14327871799468994
665,No,0.15904460847377777
666,No,0.18032710254192352
667,No,0.23570628464221954
668,No,0.1841839998960495
669,No,0.11513868719339371
670,No,0.10867004841566086
671,No,0.09828733652830124
672,No,0.08277041465044022
673,No,0.09336214512586594
674,No,0.12591993808746338
675,No,0.10265778750181198
676,No,0.11357088387012482
677,No,0.16778182983398438
678,No,0.2739209532737732
679,No,0.13527794182300568
680,No,0.1279221922159195
681,No,0.3403967022895813
682,No,0.34325841069221497
683,No,0.16540536284446716
684,No,0.18841463327407837
685,No,0.09890968352556229
686,No,0.16927900910377502
687,No,0.14224231243133545
688,No,0.327472984790802
689,No,0.04092959687113762
690,No,0.055303361266851425
691,No,0.05329935625195503
692,No,0.08136426657438278
693,No,0.1846049278974533
694,No,0.11328870803117752
695,No,0.2916446030139923
696,No,0.48247605562210083
697,No,0.06591755896806717
698,No,0.07637318968772888
699,No,0.06482435762882233
700,No,0.06952667236328125
701,No,0.4382731020450592
702,No,0.48177364468574524
703,No,0.3646179437637329
704,No,0.4160154461860657
705,No,0.051068615168333054
706,No,0.08670943975448608
707,No,0.05047086998820305
708,No,0.09601889550685883
709,No,0.11513868719339371
710,No,0.10867004841566086
711,No,0.09828733652830124
712,No,0.08277041465044022
713,No,0.1261271983385086
714,No,0.19159303605556488
715,No,0.13779397308826447
716,No,0.11550692468881607
717,No,0.15729163587093353
718,No,0.18918873369693756
719,No,0.1224609762430191
720,No,0.1907581090927124
721,No,0.14631545543670654
722,No,0.1301017701625824
723,No,0.12292061001062393
724,No,0.11137843877077103
725,No,0.14647670090198517
726,No,0.09876300394535065
727,No,0.14979694783687592
728,No,0.09779790043830872
729,No,0.17954517900943756
730,No,0.09597861021757126
731,No,0.11546168476343155
732,No,0.09937864542007446
733,No,0.158842995762825
734,No,0.08040884882211685
735,No,0.1096469983458519
736,No,0.08790751546621323
737,No,0.12771543860435486
738,No,0.0897790938615799
739,No,0.1447542905807495
740,No,0.10159630328416824
741,No,0.13918820023536682
742,No,0.11905168741941452
743,No,0.16821393370628357
744,No,0.1323966085910797
745,No,0.26858213543891907
746,No,0.17334263026714325
747,No,0.1854100376367569
748,No,0.1891864836215973
749,No,0.163359135389328
750,No,0.11487941443920135
751,No,0.1343684196472168
752,No,0.10307782888412476
753,No,0.16438524425029755
754,No,0.1773068755865097
755,No,0.2181437462568283
756,No,0.1761867105960846
757,No,0.10557938367128372
758,No,0.11270512640476227
759,No,0.13785919547080994
760,No,0.09299949556589127
761,No,0.30856502056121826
762,No,0.4253242015838623
763,No,0.2833925485610962
764,No,0.3831532597541809
765,No,0.15024594962596893
766,No,0.1010817363858223
767,No,0.09923509508371353
768,No,0.08290087431669235
769,No,0.1334638148546219
770,No,0.14846141636371613
771,No,0.20371891558170319
772,No,0.18672962486743927
773,No,0.08111206442117691
774,No,0.21921420097351074
775,No,0.08683831244707108
776,No,0.11893688142299652
777,No,0.1366722583770752
778,No,0.15311627089977264
779,No,0.09653132408857346
780,No,0.10348539054393768
781,No,0.20288696885108948
782,No,0.32091107964515686
783,No,0.29410430788993835
784,No,0.2377694547176361
785,No,0.2982023358345032
786,No,0.17156584560871124
787,No,0.1864037960767746
788,No,0.135416179895401
789,No,0.28224897384643555
790,No,0.2627234160900116
791,No,0.26113322377204895
792,No,0.2216586023569107
793,No,0.21427243947982788
794,No,0.23523887991905212
795,No,0.1409347653388977
796,No,0.15736375749111176
797,No,0.11172047257423401
798,No,0.09559355676174164
799,No,0.10730403661727905
800,No,0.0829518735408783
801,No,0.12389181554317474
802,No,0.1445637047290802
803,No,0.15955831110477448
804,No,0.14139895141124725
805,No,0.1451549082994461
806,No,0.15376168489456177
807,No,0.1436447650194168
808,No,0.14751559495925903
809,No,0.1595841348171234
810,No,0.22386212646961212
811,No,0.2044481635093689
812,No,0.1973361074924469
813,No,0.09778369218111038
814,No,0.16575635969638824
815,No,0.1261041909456253
816,No,0.14590170979499817
817,No,0.08307775110006332
818,No,0.15102139115333557
819,No,0.17993725836277008
820,No,0.3371262550354004
821,No,0.0739605650305748
822,No,0.3754511773586273
823,No,0.10888177901506424
824,No,0.16902513802051544
825,No,0.08509358018636703
826,No,0.11855649948120117
827,No,0.08994728326797485
828,No,0.11646035313606262
829,No,0.15940293669700623
830,No,0.1899021416902542
831,No,0.15828785300254822
832,No,0.1441606879234314
833,No,0.07964742183685303
834,No,0.1298382431268692
835,No,0.12896527349948883
836,No,0.12624593079090118
837,No,0.13270989060401917
838,No,0.17447048425674438
839,No,0.16185986995697021
840,No,0.17836087942123413
841,No,0.08307775110006332
842,No,0.15102139115333557
843,No,0.17993725836277008
844,No,0.3371262550354004
845,No,0.19721385836601257
846,No,0.20457997918128967
847,No,0.24744823575019836
848,No,0.25691720843315125
849,Yes,0.6173996925354004
850,Yes,0.5999736785888672
851,Yes,0.6580864787101746
852,Yes,0.6832561492919922
853,No,0.19869866967201233
854,No,0.4759020507335663
855,No,0.2716769576072693
856,No,0.4823673367500305
857,No,0.1392328143119812
858,No,0.1331968903541565
859,No,0.11274652183055878
860,No,0.13180036842823029
861,No,0.16299234330654144
862,No,0.3989998400211334
863,No,0.20833353698253632
864,No,0.38449570536613464
865,Yes,0.5284444093704224
866,No,0.40561482310295105
867,No,0.4572673738002777
868,No,0.40607893466949463
869,No,0.1585148721933365
870,No,0.17796549201011658
871,No,0.11113552004098892
872,No,0.13122987747192383
873,No,0.2714354991912842
874,No,0.2640482187271118
875,No,0.21706826984882355
876,No,0.20253850519657135
877,No,0.2512530982494354
878,No,0.2995285093784332
879,No,0.22645609080791473
880,No,0.23482061922550201
881,No,0.19865162670612335
882,No,0.28263965249061584
883,No,0.19202911853790283
884,No,0.21969713270664215
885,No,0.17967873811721802
886,No,0.2070489078760147
887,No,0.15113237500190735
888,No,0.21151453256607056
889,No,0.13364000618457794
890,No,0.12088839709758759
891,No,0.13803060352802277
892,No,0.10759226977825165
893,No,0.12976521253585815
894,No,0.1789015233516693
895,No,0.12724915146827698
896,No,0.14498701691627502
897,No,0.20701910555362701
898,No,0.21204711496829987
899,No,0.2474108338356018
900,No,0.322354257106781
901,No,0.4730604588985443
902,Yes,0.8959419131278992
903,Yes,0.6760090589523315
904,Yes,0.9100984334945679
905,No,0.23985318839550018
906,No,0.27574995160102844
907,No,0.17883026599884033
908,No,0.25869494676589966
909,No,0.10046389698982239
910,No,0.142140194773674
911,No,0.10336694866418839
912,No,0.1982780545949936
913,No,0.13377991318702698
914,No,0.19098056852817535
915,No,0.11098996549844742
916,No,0.1203778013586998
917,No,0.085091233253479
918,No,0.16895653307437897
919,No,0.08469599485397339
920,No,0.1883586049079895
921,Yes,0.525782585144043
922,Yes,0.5505369901657104
923,Yes,0.5927886366844177
924,Yes,0.7549148797988892
925,No,0.17970161139965057
926,No,0.24619004130363464
927,No,0.251140296459198
928,No,0.29887646436691284
929,No,0.0740327388048172
930,No,0.09088184684515
931,No,0.08374010771512985
932,No,0.09426437318325043
933,No,0.2207254022359848
934,No,0.21594971418380737
935,No,0.20962902903556824
936,No,0.18011659383773804
937,No,0.1818176954984665
938,No,0.28143391013145447
939,No,0.19655802845954895
940,No,0.21147534251213074
941,No,0.17641940712928772
942,No,0.2427346259355545
943,No,0.08353693038225174
944,No,0.111099012196064
945,No,0.05904660373926163
946,No,0.08374854177236557
947,No,0.08276796340942383
948,No,0.10686182230710983
949,No,0.3310292661190033
950,No,0.45513755083084106
951,Yes,0.5017553567886353
952,Yes,0.531919538974762
953,No,0.15134689211845398
954,No,0.14585189521312714
955,No,0.0924750491976738
956,No,0.13092797994613647
957,No,0.19033779203891754
958,No,0.15974892675876617
959,No,0.1586228460073471
960,No,0.17050836980342865
961,No,0.0789598748087883
962,No,0.18832099437713623
963,No,0.10373089462518692
964,No,0.11463193595409393
965,No,0.04518607631325722
966,No,0.10456530004739761
967,No,0.08504187315702438
968,No,0.11503392457962036
969,No,0.11021562665700912
970,No,0.1328987181186676
971,No,0.07484764605760574
972,No,0.10738638043403625
973,No,0.2485409826040268
974,No,0.25376465916633606
975,No,0.18721814453601837
976,No,0.2265600711107254
977,No,0.38602012395858765
978,No,0.31308677792549133
979,No,0.34007009863853455
980,No,0.3533191382884979
981,No,0.20790544152259827
982,No,0.15143659710884094
983,No,0.175993874669075
984,No,0.15941251814365387
985,No,0.2847965955734253
986,No,0.2670535743236542
987,No,0.4142374098300934
988,No,0.28757205605506897
989,No,0.2012762576341629
990,No,0.21623484790325165
991,No,0.24159744381904602
992,No,0.1700236201286316
993,No,0.20258447527885437
994,No,0.11665116995573044
995,No,0.10928128659725189
996,No,0.09238940477371216
997,No,0.4161386489868164
998,No,0.25326821208000183
999,No,0.3523807227611542
1000,No,0.2677936553955078
1001,No,0.1485103964805603
1002,No,0.1279774010181427
1003,No,0.187430739402771
1004,No,0.1418762505054474
1005,No,0.12466110289096832
1006,No,0.1653648316860199
1007,No,0.3068583607673645
1008,No,0.18593500554561615
1009,No,0.10866739600896835
1010,No,0.1806669682264328
1011,No,0.2989959418773651
1012,No,0.18199719488620758
1013,No,0.21291357278823853
1014,No,0.21775084733963013
1015,No,0.23537284135818481
1016,No,0.2875114381313324
1017,No,0.17294266819953918
1018,No,0.2056249976158142
1019,No,0.210357204079628
1020,No,0.192330464720726
1021,No,0.25795459747314453
1022,No,0.4654514789581299
1023,Yes,0.5126892924308777
1024,No,0.4989769756793976
1025,No,0.15177400410175323
1026,No,0.1226760596036911
1027,No,0.12353949248790741
1028,No,0.10019873827695847
1029,No,0.231081023812294
1030,No,0.28244277834892273
1031,No,0.2618674039840698
1032,No,0.21488219499588013
1033,No,0.10824577510356903
1034,No,0.1020427793264389
1035,No,0.11936617642641068
1036,No,0.11987463384866714
1037,No,0.1312219649553299
1038,No,0.19257678091526031
1039,No,0.18310442566871643
1040,No,0.26076051592826843
1041,No,0.133599191904068
1042,No,0.20229916274547577
1043,No,0.10447138547897339
1044,No,0.1285165250301361
1045,No,0.10012213885784149
1046,No,0.1563091278076172
1047,No,0.1391897350549698
1048,No,0.12390336394309998
1049,No,0.12550771236419678
1050,No,0.13071539998054504
1051,No,0.07318323105573654
1052,No,0.08256988972425461
1053,No,0.15073217451572418
1054,No,0.24668626487255096
1055,No,0.3981146216392517
1056,No,0.3220268189907074
1057,No,0.1835624873638153
1058,No,0.21001695096492767
1059,No,0.18067823350429535
1060,No,0.19507403671741486
1061,No,0.13095684349536896
1062,No,0.11139814555644989
1063,No,0.09760470688343048
1064,No,0.09754640609025955
1065,No,0.231081023812294
1066,No,0.28244277834892273
1067,No,0.2618674039840698
1068,No,0.21488219499588013
1069,No,0.2641119062900543
1070,No,0.37475401163101196
1071,No,0.34977734088897705
1072,No,0.2639593780040741
1073,No,0.21494093537330627
1074,No,0.35498303174972534
1075,No,0.3303765058517456
1076,No,0.32417798042297363
1077,No,0.3887624740600586
1078,No,0.3879740238189697
1079,Yes,0.5864059925079346
1080,No,0.4583393931388855
1081,No,0.24205318093299866
1082,No,0.18347424268722534
1083,No,0.10681208968162537
1084,No,0.11281559616327286
1085,No,0.08499057590961456
1086,No,0.20023952424526215
1087,No,0.236728698015213
1088,No,0.4967464804649353
1089,No,0.18161256611347198
1090,No,0.17917434871196747
1091,No,0.1097605749964714
1092,No,0.10959799587726593
1093,No,0.07119647413492203
1094,No,0.10086990892887115
1095,No,0.06782742589712143
1096,No,0.07596603035926819
1097,No,0.07992294430732727
1098,No,0.15669125318527222
1099,No,0.08178623020648956
1100,No,0.11495545506477356
1101,No,0.16000893712043762
1102,No,0.19617213308811188
1103,No,0.08682239055633545
1104,No,0.1606581062078476
1105,No,0.07633761316537857
1106,No,0.07395272701978683
1107,No,0.0752452164888382
1108,No,0.08114565908908844
1109,No,0.09368723630905151
1110,No,0.07994570583105087
1111,No,0.09493238478899002
1112,No,0.1083223968744278
1113,Yes,0.8033064603805542
1114,Yes,0.5266332030296326
1115,No,0.3763970732688904
1116,No,0.3444015681743622
1117,No,0.32379022240638733
1118,No,0.10219322890043259
1119,No,0.11541593819856644
1120,No,0.15408778190612793
1121,No,0.08305557817220688
1122,No,0.07302863895893097
1123,No,0.06316398829221725
1124,No,0.07412130385637283
1125,No,0.15744227170944214
1126,No,0.30671656131744385
1127,No,0.24144232273101807
1128,Yes,0.5332340598106384
1129,No,0.2072581797838211
1130,No,0.25274109840393066
1131,No,0.21893270313739777
1132,No,0.44548335671424866
1133,No,0.45797598361968994
1134,No,0.3737000823020935
1135,No,0.28299781680107117
1136,No,0.34445708990097046
1137,No,0.20602934062480927
1138,No,0.2644903063774109
1139,No,0.16887901723384857
1140,No,0.19534356892108917
1141,No,0.08743467926979065
1142,No,0.13392972946166992
1143,No,0.1440739780664444
1144,No,0.1551463007926941
1145,No,0.11201787739992142
1146,No,0.16290178894996643
1147,No,0.10328357666730881
1148,No,0.12892770767211914
1149,No,0.10661005228757858
1150,No,0.11923537403345108
1151,No,0.14074718952178955
1152,No,0.1820463091135025
1153,No,0.13982455432415009
1154,No,0.30653560161590576
1155,No,0.2399836778640747
1156,No,0.32744160294532776
1157,No,0.22080491483211517
1158,No,0.22674959897994995
1159,No,0.22543394565582275
1160,No,0.21781276166439056
1161,No,0.3889143764972687
1162,No,0.32712239027023315
1163,No,0.460001140832901
1164,No,0.3627970814704895
1165,No,0.23881913721561432
1166,No,0.25077903270721436
1167,No,0.22136588394641876
1168,No,0.21337422728538513
1169,No,0.07064443081617355
1170,No,0.21751947700977325
1171,No,0.24454264342784882
1172,No,0.33585697412490845
1173,No,0.177988201379776
1174,No,0.21665456891059875
1175,No,0.24791760742664337
1176,No,0.2838435471057892
1177,No,0.12608136236667633
1178,No,0.187609001994133
1179,No,0.25289326906204224
1180,No,0.22660638391971588
1181,No,0.30292361974716187
1182,No,0.47709962725639343
1183,No,0.37413468956947327
1184,Yes,0.619377851486206
1185,No,0.13191168010234833
1186,No,0.3508015275001526
1187,No,0.16966204345226288
1188,No,0.2830786406993866
1189,No,0.057316653430461884
1190,No,0.11675543338060379
1191,No,0.06324851512908936
1192,No,0.09107641875743866
1193,No,0.24264343082904816
1194,No,0.2550404369831085
1195,No,0.09068023413419724
1196,No,0.1413343995809555
1197,No,0.07285577058792114
1198,No,0.10931367427110672
1199,No,0.07879401743412018
1200,No,0.11132608354091644
1201,No,0.3637789785861969
1202,No,0.4281923472881317
1203,Yes,0.5713629126548767
1204,Yes,0.5776568055152893
1205,No,0.09147902578115463
1206,No,0.10020402818918228
1207,No,0.1065494641661644
1208,No,0.1223592609167099
1209,No,0.16270001232624054
1210,No,0.1660582423210144
1211,No,0.10476378351449966
1212,No,0.12429825961589813
1213,No,0.10938561707735062
1214,No,0.12553341686725616
1215,No,0.23920899629592896
1216,No,0.2333860695362091
1217,No,0.29976895451545715
1218,No,0.4223666787147522
1219,Yes,0.5114198327064514
1220,Yes,0.5245655179023743
1221,No,0.13683006167411804
1222,No,0.21093322336673737
1223,No,0.13539685308933258
1224,No,0.1722915917634964
1225,No,0.15442965924739838
1226,No,0.24306993186473846
1227,No,0.11104536056518555
1228,No,0.16166958212852478
1229,No,0.3058527410030365
1230,No,0.3125993609428406
1231,No,0.39121484756469727
1232,No,0.27503690123558044
1233,No,0.0751122236251831
1234,No,0.09496383368968964
1235,No,0.11104942113161087
1236,No,0.10043475031852722
1237,No,0.33537837862968445
1238,No,0.423464834690094
1239,Yes,0.5758069753646851
1240,No,0.46039170026779175
1241,No,0.13683006167411804
1242,No,0.21093322336673737
1243,No,0.13539685308933258
1244,No,0.1722915917634964
1245,No,0.10880353301763535
1246,No,0.31619352102279663
1247,No,0.10594765096902847
1248,No,0.2563380300998688
1249,No,0.07649526745080948
1250,No,0.07978112995624542
1251,No,0.09885776042938232
1252,No,0.15009808540344238
1253,No,0.37401893734931946
1254,No,0.45939505100250244
1255,No,0.3950997292995453
1256,No,0.48627808690071106
1257,No,0.1456974893808365
1258,No,0.12498922646045685
1259,No,0.11630664020776749
1260,No,0.09687475115060806
1261,No,0.25143852829933167
1262,No,0.29243004322052
1263,No,0.1328786015510559
1264,No,0.18971233069896698
1265,No,0.0777118131518364
1266,No,0.06852438300848007
1267,No,0.07025238871574402
1268,No,0.09327160567045212
1269,No,0.1689528375864029
1270,No,0.2087099254131317
1271,No,0.3533625602722168
1272,No,0.32154396176338196
1273,No,0.22920139133930206
1274,No,0.20403316617012024
1275,No,0.12038566172122955
1276,No,0.08473994582891464
1277,No,0.35728758573532104
1278,No,0.2740287184715271
1279,No,0.2083352953195572
1280,No,0.24085699021816254
1281,No,0.09411980211734772
1282,No,0.1455024778842926
1283,No,0.09734132140874863
1284,No,0.11486107110977173
1285,No,0.09339037537574768
1286,No,0.08611560612916946
1287,No,0.07551009207963943
1288,No,0.07441624999046326
1289,No,0.10612081736326218
1290,No,0.09846175462007523
1291,No,0.1008848249912262
1292,No,0.08547677099704742
1293,No,0.0854906365275383
1294,No,0.10104919224977493
1295,No,0.09531169384717941
1296,No,0.0842520222067833
1297,No,0.10384759306907654
1298,No,0.1388922482728958
1299,No,0.16024644672870636
1300,No,0.16249920427799225
1301,No,0.1654866337776184
1302,No,0.37023434042930603
1303,No,0.45647621154785156
1304,No,0.4837598502635956
1305,No,0.0772458091378212
1306,No,0.0659085363149643
1307,No,0.06584375351667404
1308,No,0.07311863452196121
1309,No,0.08649864047765732
1310,No,0.13325908780097961
1311,No,0.1879657804965973
1312,No,0.13293959200382233
1313,No,0.07021821290254593
1314,No,0.07332693785429001
1315,No,0.07713998109102249
1316,No,0.08484840393066406
1317,No,0.07333320379257202
1318,No,0.07205870747566223
1319,No,0.08128922432661057
1320,No,0.07961026579141617
1321,No,0.08211918920278549
1322,No,0.06109803169965744
1323,No,0.06486378610134125
1324,No,0.08926743268966675
1325,No,0.0789043977856636
1326,No,0.09860603511333466
1327,No,0.08810356259346008
1328,No,0.1395266205072403
1329,No,0.30583515763282776
1330,No,0.24956031143665314
1331,No,0.1997339427471161
1332,No,0.14140038192272186
1333,No,0.3545255661010742
1334,No,0.18457791209220886
1335,No,0.3979472517967224
1336,No,0.2384214848279953
1337,No,0.08707021921873093
1338,No,0.11177778989076614
1339,No,0.09193889796733856
1340,No,0.20917992293834686
1341,No,0.24181991815567017
1342,No,0.16634489595890045
1343,No,0.24709783494472504
1344,No,0.1704745888710022
1345,No,0.04749394208192825
1346,No,0.06991075724363327
1347,No,0.10129125416278839
1348,No,0.19910769164562225
1349,No,0.4869905710220337
1350,No,0.16527491807937622
1351,No,0.3304727077484131
1352,No,0.37986838817596436
1353,No,0.12100157141685486
1354,No,0.10139166563749313
1355,No,0.13821923732757568
1356,No,0.11187088489532471
1357,No,0.1438222974538803
1358,No,0.13666774332523346
1359,No,0.2444341778755188
1360,No,0.15061715245246887
1361,No,0.09754111617803574
1362,No,0.11379814893007278
1363,No,0.06791704893112183
1364,No,0.08835223317146301
1365,No,0.12099546194076538
1366,No,0.15430767834186554
1367,No,0.1112200990319252
1368,No,0.14007017016410828
1369,No,0.06821078807115555
1370,No,0.1676207333803177
1371,No,0.07489798963069916
1372,No,0.09276299178600311
1373,No,0.05185406282544136
1374,No,0.09805560857057571
1375,No,0.06154567748308182
1376,No,0.07389549911022186
1377,No,0.07791034877300262
1378,No,0.08320199698209763
1379,No,0.0601215735077858
1380,No,0.07945895195007324
1381,No,0.2807161509990692
1382,Yes,0.6337404251098633
1383,Yes,0.5193583965301514
1384,Yes,0.6403282284736633
1385,No,0.14492245018482208
1386,No,0.23627889156341553
1387,No,0.11149069666862488
1388,No,0.17309732735157013
1389,No,0.18933847546577454
1390,No,0.259111613035202
1391,No,0.2107301652431488
1392,No,0.23067031800746918
1393,No,0.15362553298473358
1394,No,0.11021295189857483
1395,No,0.1128535345196724
1396,No,0.10513868182897568
1397,No,0.1842811405658722
1398,No,0.24940051138401031
1399,No,0.19640551507472992
1400,No,0.32650697231292725
1401,No,0.11555541306734085
1402,No,0.12691731750965118
1403,No,0.075602687895298
1404,No,0.11048723757266998
1405,No,0.2665623724460602
1406,No,0.19691523909568787
1407,No,0.16720496118068695
1408,No,0.1650790423154831
1409,No,0.14520099759101868
1410,No,0.15197670459747314
1411,No,0.10141593217849731
1412,No,0.143730029463768
1413,No,0.09925227612257004
1414,No,0.15162219107151031
1415,No,0.14608794450759888
1416,No,0.15594445168972015
1417,No,0.10837431252002716
1418,No,0.17539727687835693
1419,No,0.15899837017059326
1420,No,0.46520522236824036
1421,Yes,0.5835550427436829
1422,No,0.4384065866470337
1423,No,0.41268619894981384
1424,No,0.36625751852989197
1425,No,0.12863723933696747
1426,No,0.220647931098938
1427,No,0.15421193838119507
1428,No,0.12081774324178696
1429,No,0.12356255203485489
1430,No,0.1724618822336197
1431,No,0.16942788660526276
1432,No,0.14960719645023346
1433,No,0.1371683031320572
1434,No,0.19055220484733582
1435,No,0.25606805086135864
1436,No,0.2748875916004181
1437,No,0.25946223735809326
1438,No,0.2677434980869293
1439,No,0.29272130131721497
1440,No,0.1862454116344452
1441,No,0.07870210707187653
1442,No,0.12808209657669067
1443,No,0.10235781222581863
1444,No,0.1338423639535904
1445,No,0.31254974007606506
1446,No,0.21296082437038422
1447,No,0.3531593978404999
1448,No,0.39889585971832275
1449,Yes,0.8395435214042664
1450,Yes,0.6173378825187683
1451,Yes,0.9298040866851807
1452,Yes,0.858457624912262
1453,No,0.31459134817123413
1454,No,0.4768330454826355
1455,No,0.2486470639705658
1456,No,0.46032869815826416
1457,No,0.15179403126239777
1458,No,0.24495798349380493
1459,No,0.14310330152511597
1460,No,0.1929391324520111
1461,No,0.2540210485458374
1462,No,0.17130059003829956
1463,No,0.1794864535331726
1464,No,0.19592873752117157
1465,No,0.21256792545318604
1466,No,0.21173083782196045
1467,No,0.19638124108314514
1468,No,0.21218335628509521
1469,No,0.21599777042865753
1470,No,0.1866007298231125
1471,No,0.11037943512201309
1472,No,0.14962433278560638
1473,Yes,0.5995727181434631
1474,Yes,0.728674054145813
1475,Yes,0.743055522441864
1476,Yes,0.6964037418365479
1477,Yes,0.6886903047561646
1478,Yes,0.6990842223167419
1479,Yes,0.8987045288085938
1480,Yes,0.895490288734436
1481,No,0.34990018606185913
1482,No,0.36471301317214966
1483,No,0.11211101710796356
1484,No,0.14878807961940765
1485,No,0.32477009296417236
1486,No,0.46453508734703064
1487,No,0.38049212098121643
1488,No,0.4353182911872864
1489,No,0.09237407147884369
1490,No,0.09512398391962051
1491,No,0.0752067044377327
1492,No,0.09484200924634933
1493,No,0.14104491472244263
1494,No,0.1522659957408905
1495,No,0.12784498929977417
1496,No,0.14834588766098022
1497,No,0.34990018606185913
1498,No,0.36471301317214966
1499,No,0.11211101710796356
1500,No,0.14878807961940765
1501,No,0.13593684136867523
1502,No,0.13844181597232819
1503,No,0.09966425597667694
1504,No,0.14548063278198242
1505,No,0.23634953796863556
1506,No,0.18746504187583923
1507,No,0.12127244472503662
1508,No,0.15629589557647705
1509,No,0.4087858200073242
1510,Yes,0.5230132341384888
1511,No,0.3010939061641693
1512,No,0.2687346637248993
1513,No,0.16652114689350128
1514,No,0.11839943379163742
1515,No,0.11720605939626694
1516,No,0.13793474435806274
1517,No,0.22055761516094208
1518,No,0.3206946849822998
1519,No,0.49799782037734985
1520,No,0.4484327435493469
1521,No,0.11915641278028488
1522,No,0.11752273142337799
1523,No,0.11182063072919846
1524,No,0.1230931505560875
1525,No,0.10093366354703903
1526,No,0.09895940870046616
1527,No,0.09924062341451645
1528,No,0.0950380340218544
1529,No,0.21578988432884216
1530,No,0.1746128797531128
1531,No,0.16988292336463928
1532,No,0.17414115369319916
1533,No,0.18387553095817566
1534,No,0.2415907233953476
1535,No,0.17039315402507782
1536,No,0.15438586473464966
1537,No,0.1289418637752533
1538,No,0.09250976890325546
1539,No,0.06446117162704468
1540,No,0.08943136781454086
1541,No,0.10911216586828232
1542,No,0.14754027128219604
1543,No,0.09417860209941864
1544,No,0.20122897624969482
1545,No,0.10011613368988037
1546,No,0.0969926044344902
1547,No,0.06395158171653748
1548,No,0.10385948419570923
1549,No,0.13043390214443207
1550,No,0.12264804542064667
1551,No,0.13483873009681702
1552,No,0.1455821543931961
1553,No,0.09968946129083633
1554,No,0.13718457520008087
1555,No,0.05804550275206566
1556,No,0.11158474534749985
1557,No,0.0952194556593895
1558,No,0.10222065448760986
1559,No,0.22573280334472656
1560,No,0.2037092000246048
1561,No,0.26061177253723145
1562,No,0.323099821805954
1563,No,0.4767148792743683
1564,Yes,0.5039634108543396
1565,No,0.09229905903339386
1566,No,0.12246837466955185
1567,No,0.08019059896469116
1568,No,0.1164795532822609
1569,No,0.21730490028858185
1570,No,0.1993090957403183
1571,No,0.13237451016902924
1572,No,0.12487189471721649
1573,No,0.08891043066978455
1574,No,0.0907621830701828
1575,No,0.09730327874422073
1576,No,0.09981442987918854
1577,No,0.10621344298124313
1578,No,0.10072645545005798
1579,No,0.09644323587417603
1580,No,0.09359389543533325
1581,No,0.14684677124023438
1582,No,0.10748101770877838
1583,No,0.11477532982826233
1584,No,0.0972980186343193
1585,No,0.090399369597435
1586,No,0.19081170856952667
1587,No,0.10183042287826538
1588,No,0.1500813215970993
1589,No,0.1710119992494583
1590,No,0.22883403301239014
1591,No,0.22264882922172546
1592,No,0.21744075417518616
1593,No,0.06865866482257843
1594,No,0.1059224009513855
1595,No,0.06718236953020096
1596,No,0.09921672940254211
1597,No,0.0934537947177887
1598,No,0.19008179008960724
1599,No,0.06877577304840088
1600,No,0.12687523663043976
1601,No,0.120619997382164
1602,No,0.15156081318855286
1603,No,0.13638201355934143
1604,No,0.2813750207424164
1605,No,0.18724127113819122
1606,No,0.23262819647789001
1607,No,0.2982047200202942
1608,No,0.31603652238845825
1609,No,0.09330369532108307
1610,No,0.1692618578672409
1611,No,0.1292014718055725
1612,No,0.2672745883464813
1613,Yes,0.6665971279144287
1614,Yes,0.7101790308952332
1615,Yes,0.8074665665626526
1616,Yes,0.7444304823875427
1617,No,0.10441939532756805
1618,No,0.29400038719177246
1619,No,0.21080900728702545
1620,No,0.36203885078430176
1621,No,0.1600784808397293
1622,No,0.1689198762178421
1623,No,0.1652701497077942
1624,No,0.19471456110477448
1625,No,0.4030994772911072
1626,No,0.4703458547592163
1627,No,0.4917886257171631
1628,Yes,0.579785168170929
1629,Yes,0.7517206072807312
1630,Yes,0.8853128552436829
1631,Yes,0.9268050193786621
1632,Yes,0.9193595051765442
1633,No,0.09622799605131149
1634,No,0.18394367396831512
1635,No,0.08867736160755157
1636,No,0.1559542864561081
1637,No,0.1149737685918808
1638,No,0.1458277851343155
1639,No,0.11898200213909149
1640,No,0.16887804865837097
1641,No,0.08696407824754715
1642,No,0.13383157551288605
1643,No,0.06749503314495087
1644,No,0.10539264231920242
1645,No,0.08369259536266327
1646,No,0.13436466455459595
1647,No,0.09620524197816849
1648,No,0.11639317870140076
1649,No,0.08369259536266327
1650,No,0.13436466455459595
1651,No,0.09620524197816849
1652,No,0.11639317870140076
1653,No,0.05887547507882118
1654,No,0.07810845226049423
1655,No,0.05503290519118309
1656,No,0.16061149537563324
1657,No,0.08461947739124298
1658,No,0.11755266040563583
1659,No,0.17564691603183746
1660,No,0.22230476140975952
1661,No,0.15373669564723969
1662,No,0.19817760586738586
1663,No,0.12073733657598495
1664,No,0.24741105735301971
1665,No,0.25518015027046204
1666,No,0.15598320960998535
1667,No,0.18076801300048828
1668,No,0.1436716467142105
1669,No,0.3062528669834137
1670,No,0.25965332984924316
1671,No,0.16743279993534088
1672,No,0.14211072027683258
1673,No,0.43820980191230774
1674,No,0.45508745312690735
1675,Yes,0.6466681957244873
1676,Yes,0.7118273377418518
1677,No,0.14787869155406952
1678,No,0.1802453249692917
1679,No,0.17347340285778046
1680,No,0.1509808450937271
1681,No,0.12874995172023773
1682,No,0.13023239374160767
1683,No,0.07762765139341354
1684,No,0.09528183192014694
1685,No,0.1386200338602066
1686,No,0.1823197901248932
1687,No,0.1272645741701126
1688,No,0.1823127716779709
1689,No,0.0944751426577568
1690,No,0.12050006538629532
1691,No,0.09935694932937622
1692,No,0.11657640337944031
1693,No,0.40813061594963074
1694,Yes,0.5882619023323059
1695,Yes,0.5889177918434143
1696,Yes,0.6660337448120117
1697,No,0.29622310400009155
1698,No,0.3573951721191406
1699,No,0.2703588306903839
1700,No,0.3120964467525482
1701,No,0.1002732589840889
1702,No,0.11696882545948029
1703,No,0.10623457282781601
1704,No,0.15213510394096375
1705,No,0.11311033368110657
1706,No,0.09875268489122391
1707,No,0.08637761324644089
1708,No,0.09242483973503113
1709,No,0.10551585257053375
1710,No,0.12267065048217773
1711,No,0.09055762737989426
1712,No,0.13993410766124725
1713,No,0.06915351003408432
1714,No,0.1058512032032013
1715,No,0.06997784227132797
1716,No,0.08014235645532608
1717,No,0.08768977224826813
1718,No,0.09034962207078934
1719,No,0.06229144334793091
1720,No,0.08670699596405029
1721,No,0.08645761758089066
1722,No,0.1246870681643486
1723,No,0.051770586520433426
1724,No,0.0740036740899086
1725,No,0.11743437498807907
1726,No,0.12641072273254395
1727,No,0.098442442715168
1728,No,0.11169437319040298
1729,No,0.15306347608566284
1730,No,0.19590996205806732
1731,No,0.16703328490257263
1732,No,0.1436423659324646
1733,No,0.2312118411064148
1734,No,0.25641965866088867
1735,No,0.2115812450647354
1736,No,0.25938680768013
1737,No,0.053084827959537506
1738,No,0.10202199965715408
1739,No,0.06643538922071457
1740,No,0.0789276510477066
1741,No,0.19621054828166962
1742,No,0.19097888469696045
1743,No,0.133544459939003
1744,No,0.12468017637729645
1745,No,0.2262560874223709
1746,No,0.28497055172920227
1747,No,0.3853428065776825
1748,No,0.3589404225349426
1749,No,0.1002810075879097
1750,No,0.10540268570184708
1751,No,0.0993562638759613
1752,No,0.1099739745259285
1753,No,0.07430396974086761
1754,No,0.20049570500850677
1755,No,0.15053819119930267
1756,No,0.20120441913604736
1757,No,0.15494780242443085
1758,No,0.17238079011440277
1759,No,0.2475128024816513
1760,No,0.2666618525981903
1761,No,0.09587769955396652
1762,Yes,0.5182595252990723
1763,No,0.10052640736103058
1764,No,0.48845210671424866
1765,No,0.17930154502391815
1766,No,0.14230477809906006
1767,No,0.11063432693481445
1768,No,0.13614784181118011
1769,No,0.10317139327526093
1770,No,0.14104029536247253
1771,No,0.09703664481639862
1772,No,0.1442127525806427
1773,No,0.11400818824768066
1774,No,0.14281563460826874
1775,No,0.12001414597034454
1776,No,0.14804643392562866
1777,No,0.10724081844091415
1778,No,0.08544221520423889
1779,No,0.06130138412117958
1780,No,0.07965569198131561
1781,No,0.1678842455148697
1782,No,0.15775270760059357
1783,No,0.15399114787578583
1784,No,0.13253189623355865
1785,No,0.11954537779092789
1786,No,0.21881990134716034
1787,No,0.1678086668252945
1788,No,0.22259317338466644
1789,No,0.15107214450836182
1790,No,0.15160411596298218
1791,No,0.12801463901996613
1792,No,0.16561955213546753
1793,No,0.13752208650112152
1794,No,0.16738711297512054
1795,No,0.12198150157928467
1796,No,0.1758740097284317
1797,No,0.2892306447029114
1798,No,0.297309011220932
1799,No,0.4068555533885956
1800,No,0.4059537351131439
1801,No,0.4023074507713318
1802,No,0.4997914433479309
1803,Yes,0.5448237657546997
1804,Yes,0.5171700716018677
1805,No,0.10888547450304031
1806,No,0.13632024824619293
1807,No,0.1274971067905426
1808,No,0.15501685440540314
1809,No,0.15959036350250244
1810,No,0.1618792712688446
1811,No,0.10714784264564514
1812,No,0.15197312831878662
1813,No,0.1456572413444519
1814,No,0.1485302895307541
1815,No,0.14299827814102173
1816,No,0.11685618758201599
1817,No,0.31730467081069946
1818,No,0.3379628658294678
1819,No,0.2547850012779236
1820,No,0.27449795603752136
1821,No,0.2307111620903015
1822,No,0.3152247667312622
1823,No,0.2690642476081848
1824,No,0.21294879913330078
1825,No,0.29844215512275696
1826,No,0.2477385401725769
1827,No,0.20945622026920319
1828,No,0.17077535390853882
1829,No,0.27499571442604065
1830,No,0.39548224210739136
1831,No,0.37875840067863464
1832,No,0.3583809435367584
1833,No,0.18011260032653809
1834,No,0.21949000656604767
1835,No,0.23329287767410278
1836,No,0.2750020921230316
1837,No,0.45302873849868774
1838,No,0.411311537027359
1839,Yes,0.5476220846176147
1840,No,0.3147583603858948
1841,No,0.14276963472366333
1842,No,0.17716194689273834
1843,No,0.06565296649932861
1844,No,0.11142542213201523
1845,No,0.10251609236001968
1846,No,0.12693266570568085
1847,No,0.09410887211561203
1848,No,0.10395638644695282
1849,No,0.15447984635829926
1850,No,0.14550341665744781
1851,No,0.13341456651687622
1852,No,0.15248195827007294
1853,No,0.24870571494102478
1854,No,0.32454100251197815
1855,No,0.402898907661438
1856,No,0.3414618670940399
1857,No,0.37146392464637756
1858,No,0.42620351910591125
1859,No,0.4999239444732666
1860,No,0.25885313749313354
1861,No,0.15011857450008392
1862,No,0.1742725521326065
1863,No,0.07654637098312378
1864,No,0.09590963274240494
1865,No,0.09070949256420135
1866,No,0.10188311338424683
1867,No,0.09291312098503113
1868,No,0.09232545644044876
1869,No,0.2993283271789551
1870,No,0.46717092394828796
1871,No,0.2825949192047119
1872,No,0.3134896159172058
1873,No,0.053612496703863144
1874,No,0.08136580884456635
1875,No,0.05985797941684723
1876,No,0.09149646013975143
1877,Yes,0.5750846266746521
1878,No,0.18850548565387726
1879,No,0.1327645480632782
1880,No,0.17188210785388947
1881,No,0.14639180898666382
1882,No,0.21613767743110657
1883,No,0.22784936428070068
1884,No,0.2536998391151428
1885,No,0.06710714101791382
1886,No,0.1399470567703247
1887,No,0.1699521690607071
1888,No,0.16767370700836182
1889,No,0.20036163926124573
1890,No,0.2502095401287079
1891,No,0.20640651881694794
1892,No,0.17846335470676422
1893,No,0.18034511804580688
1894,No,0.11272618919610977
1895,No,0.12567119300365448
1896,No,0.1014988124370575
1897,No,0.16539953649044037
1898,No,0.10933859646320343
1899,No,0.09148581326007843
1900,No,0.10206931829452515
1901,No,0.07695065438747406
1902,No,0.1235274001955986
1903,No,0.0748899057507515
1904,No,0.09144783020019531
1905,No,0.18523620069026947
1906,No,0.3333863914012909
1907,No,0.3526671528816223
1908,No,0.3192752003669739
1909,No,0.09314247965812683
1910,No,0.11664498597383499
1911,No,0.10781452804803848
1912,No,0.11401104182004929
1913,No,0.18042123317718506
1914,No,0.15697716176509857
1915,No,0.14083486795425415
1916,No,0.10695759207010269
1917,No,0.05861017107963562
1918,No,0.09921768307685852
1919,No,0.04692355915904045
1920,No,0.08415810763835907
1921,No,0.04377741739153862
1922,No,0.12268325686454773
1923,No,0.061726976186037064
1924,No,0.14387084543704987
1925,No,0.17681773006916046
1926,No,0.14102263748645782
1927,No,0.14701995253562927
1928,No,0.104863241314888
1929,No,0.09696894884109497
1930,No,0.09434951096773148
1931,No,0.07808235287666321
1932,No,0.1167234554886818
1933,No,0.03750103339552879
1934,No,0.06532804667949677
1935,No,0.045045867562294006
1936,No,0.07550272345542908
1937,No,0.2101454734802246
1938,No,0.17250363528728485
1939,No,0.14773842692375183
1940,No,0.1238396018743515
1941,No,0.29316532611846924
1942,No,0.19873276352882385
1943,No,0.0739145278930664
1944,No,0.14522495865821838
1945,No,0.30852067470550537
1946,No,0.2624067962169647
1947,No,0.2799372971057892
1948,No,0.2216760516166687
1949,No,0.09716533869504929
1950,No,0.13928012549877167
1951,No,0.06829991191625595
1952,No,0.11641142517328262
1953,No,0.16444414854049683
1954,No,0.20139682292938232
1955,No,0.2253957986831665
1956,No,0.2248261272907257
1957,No,0.30528903007507324
1958,No,0.29461392760276794
1959,No,0.20801596343517303
1960,No,0.28304824233055115
1961,No,0.16672003269195557
1962,No,0.2517588436603546
1963,No,0.23124974966049194
1964,No,0.1798909604549408
1965,No,0.13292255997657776
1966,No,0.2362981140613556
1967,No,0.15041060745716095
1968,No,0.1650385558605194
1969,No,0.14551134407520294
1970,No,0.15406258404254913
1971,No,0.1666432023048401
1972,No,0.14476127922534943
1973,No,0.21680183708667755
1974,No,0.21909503638744354
1975,No,0.08943554759025574
1976,No,0.12032536417245865
1977,No,0.16536764800548553
1978,No,0.12307235598564148
1979,No,0.11378094553947449
1980,No,0.11984193325042725
1981,No,0.21893943846225739
1982,No,0.22302672266960144
1983,No,0.15317410230636597
1984,No,0.16700264811515808
1985,No,0.09702283889055252
1986,No,0.17196081578731537
1987,No,0.34030914306640625
1988,No,0.3791472613811493
1989,No,0.21931055188179016
1990,No,0.3353904187679291
1991,No,0.18860788643360138
1992,No,0.40956059098243713
1993,No,0.48597627878189087
1994,No,0.32195743918418884
1995,No,0.34344518184661865
1996,No,0.22803151607513428
1997,No,0.17934024333953857
1998,No,0.20368921756744385
1999,No,0.17607030272483826
2000,No,0.17990916967391968
2001,No,0.10925807803869247
2002,No,0.12013238668441772
2003,No,0.08712930232286453
2004,No,0.21836316585540771
2005,No,0.22953826189041138
2006,No,0.3400076627731323
2007,No,0.29247593879699707
2008,No,0.2488282024860382
2009,Yes,0.5500986576080322
2010,No,0.43018895387649536
2011,Yes,0.7522301077842712
2012,Yes,0.5148231387138367
2013,No,0.4405880272388458
2014,Yes,0.8308340907096863
2015,Yes,0.8431409001350403
2016,Yes,0.9164433479309082
2017,No,0.17328736186027527
2018,No,0.15105625987052917
2019,No,0.1819574385881424
2020,No,0.13389787077903748
2021,No,0.1077854111790657
2022,No,0.0837833434343338
2023,No,0.072193443775177
2024,No,0.06547777354717255
2025,No,0.14134126901626587
2026,No,0.18874332308769226
2027,No,0.17762310802936554
2028,No,0.15158222615718842
2029,No,0.20899945497512817
2030,No,0.2182367742061615
2031,No,0.11457357555627823
2032,No,0.10341447591781616
2033,Yes,0.6266703009605408
2034,No,0.3284601867198944
2035,No,0.45642563700675964
2036,No,0.3032774031162262
2037,No,0.19287109375
2038,No,0.1062285304069519
2039,No,0.15561798214912415
2040,No,0.12635202705860138
2041,No,0.1330389529466629
2042,No,0.07806859910488129
2043,No,0.12535890936851501
2044,No,0.1227247342467308
2045,No,0.1090061217546463
2046,No,0.07756268233060837
2047,No,0.08020143210887909
2048,No,0.07864938676357269
2049,No,0.3598458766937256
2050,No,0.2591916024684906
2051,No,0.16063764691352844
2052,No,0.13349996507167816
2053,No,0.4498560130596161
2054,No,0.2226565182209015
2055,No,0.2827823758125305
2056,No,0.1942358762025833
2057,No,0.21913327276706696
2058,No,0.30744534730911255
2059,No,0.25634709000587463
2060,No,0.2894599139690399
2061,No,0.31379202008247375
2062,No,0.3676105737686157
2063,No,0.24762308597564697
2064,No,0.19867786765098572
2065,No,0.2174762487411499
2066,No,0.09941093623638153
2067,No,0.0830928236246109
2068,No,0.09371168166399002
2069,No,0.3305831551551819
2070,No,0.30257949233055115
2071,No,0.1864025592803955
2072,No,0.1304243505001068
2073,No,0.1619769185781479
2074,No,0.14743784070014954
2075,No,0.15376152098178864
2076,No,0.1662438064813614
2077,No,0.1330389529466629
2078,No,0.07806859910488129
2079,No,0.12535890936851501
2080,No,0.1227247342467308
2081,No,0.33073890209198
2082,No,0.44905465841293335
2083,No,0.42208704352378845
2084,Yes,0.5288426280021667
2085,No,0.31635570526123047
2086,No,0.34936854243278503
2087,No,0.2917499244213104
2088,No,0.32618051767349243
2089,Yes,0.9754739999771118
2090,Yes,0.9749987125396729
2091,Yes,0.9704850912094116
2092,Yes,0.9681103229522705
2093,No,0.2437181919813156
2094,No,0.29797500371932983
2095,No,0.4059590697288513
2096,No,0.2747959494590759
2097,No,0.07305731624364853
2098,No,0.09354184567928314
2099,No,0.08994469046592712
2100,No,0.08919088542461395
2101,No,0.07055893540382385
2102,No,0.10233820229768753
2103,No,0.08890479803085327
2104,No,0.10571881383657455
2105,No,0.19344057142734528
2106,No,0.2139696180820465
2107,No,0.2312810868024826
2108,No,0.19718898832798004
2109,No,0.07094814628362656
2110,No,0.09394226223230362
2111,No,0.06901469826698303
2112,No,0.08018752932548523
2113,No,0.19179677963256836
2114,No,0.178647980093956
2115,No,0.14114545285701752
2116,No,0.13960444927215576
2117,No,0.1156693696975708
2118,No,0.2711251974105835
2119,No,0.08585602045059204
2120,No,0.14918988943099976
2121,No,0.13809716701507568
2122,No,0.1222374439239502
2123,No,0.08067292720079422
2124,No,0.08710022270679474
2125,No,0.14304858446121216
2126,No,0.16647903621196747
2127,No,0.16034260392189026
2128,No,0.13458816707134247
2129,No,0.13594403862953186
2130,No,0.11489296704530716
2131,No,0.1037818118929863
2132,No,0.10155798494815826
2133,No,0.12236715853214264
2134,No,0.29024332761764526
2135,No,0.07078937441110611
2136,No,0.11696842312812805
2137,No,0.25980719923973083
2138,No,0.37368088960647583
2139,No,0.09419582784175873
2140,No,0.08816749602556229
2141,No,0.09677867591381073
2142,No,0.11728758364915848
2143,No,0.10222788900136948
2144,No,0.11860642582178116
2145,No,0.07379700988531113
2146,No,0.16155974566936493
2147,No,0.06595730036497116
2148,No,0.10920566320419312
2149,No,0.10834275186061859
2150,No,0.2132614403963089
2151,No,0.09880717843770981
2152,No,0.14998772740364075
2153,No,0.11543096601963043
2154,No,0.19847960770130157
2155,No,0.08292949199676514
2156,No,0.1517012119293213
2157,No,0.13534191250801086
2158,No,0.14076893031597137
2159,No,0.1101553663611412
2160,No,0.14075791835784912
2161,No,0.22355006635189056
2162,No,0.17737792432308197
2163,No,0.14779828488826752
2164,No,0.2095068246126175
2165,No,0.1540101319551468
2166,No,0.11479178071022034
2167,No,0.18305440247058868
2168,No,0.1932353526353836
2169,No,0.11305398494005203
2170,No,0.18982937932014465
2171,No,0.10581435263156891
2172,No,0.18461859226226807
2173,No,0.07391761988401413
2174,No,0.15847504138946533
2175,No,0.08120118826627731
2176,No,0.15018753707408905
2177,No,0.2580353617668152
2178,No,0.20455209910869598
2179,No,0.17564672231674194
2180,No,0.15910248458385468
2181,No,0.3927110731601715
2182,No,0.41393178701400757
2183,No,0.34844905138015747
2184,No,0.33167579770088196
2185,No,0.2041846662759781
2186,No,0.16629154980182648
2187,No,0.15011931955814362
2188,No,0.14328978955745697
2189,No,0.10100200027227402
2190,No,0.09869837760925293
2191,No,0.12570424377918243
2192,No,0.13339616358280182
2193,No,0.10786368697881699
2194,No,0.09981590509414673
2195,No,0.09734296053647995
2196,No,0.1015801876783371
2197,No,0.43890810012817383
2198,No,0.4274936318397522
2199,No,0.3716704845428467
2200,No,0.3063017725944519
2201,No,0.1117839515209198
2202,No,0.13166677951812744
2203,No,0.10706113278865814
2204,No,0.09991433471441269
2205,No,0.1707717627286911
2206,No,0.24756892025470734
2207,No,0.17440687119960785
2208,No,0.1722424030303955
2209,No,0.15233436226844788
2210,No,0.13781709969043732
2211,No,0.3022533059120178
2212,No,0.2983609735965729
2213,No,0.11146047711372375
2214,No,0.1521916687488556
2215,No,0.11693383753299713
2216,No,0.12762291729450226
2217,No,0.11715927720069885
2218,No,0.11283373087644577
2219,No,0.13630881905555725
2220,No,0.12381879985332489
2221,No,0.05584389343857765
2222,No,0.13759677112102509
2223,No,0.08048452436923981
2224,No,0.1234179362654686
2225,No,0.11649156361818314
2226,No,0.2051335871219635
2227,No,0.1260385811328888
2228,No,0.18232950568199158
2229,No,0.22937917709350586
2230,No,0.22257602214813232
2231,No,0.1422835886478424
2232,No,0.1549077033996582
2233,No,0.32005348801612854
2234,No,0.42581382393836975
2235,No,0.3362012803554535
2236,No,0.3811837136745453
2237,No,0.16353459656238556
2238,No,0.1888974905014038
2239,No,0.15449479222297668
2240,No,0.1549721211194992
2241,No,0.34905076026916504
2242,No,0.21767562627792358
2243,No,0.2734181880950928
2244,No,0.18892280757427216
2245,No,0.2955226004123688
2246,No,0.28045132756233215
2247,No,0.3883143365383148
2248,No,0.3605263829231262
2249,No,0.19956454634666443
2250,No,0.27029693126678467
2251,No,0.30488044023513794
2252,No,0.33158937096595764
2253,No,0.13019566237926483
2254,No,0.14641878008842468
2255,No,0.1339019387960434
2256,No,0.10808368027210236
2257,No,0.1388154923915863
2258,No,0.12087342143058777
2259,No,0.1267389953136444
2260,No,0.11887429654598236
2261,No,0.11372478306293488
2262,No,0.11142673343420029
2263,No,0.10906998813152313
2264,No,0.10149193555116653
2265,No,0.21550381183624268
2266,No,0.3977982699871063
2267,No,0.1661854088306427
2268,No,0.10086753964424133
2269,No,0.21907463669776917
2270,No,0.13632886111736298
2271,No,0.12099315971136093
2272,No,0.1205800473690033
2273,No,0.15297432243824005
2274,No,0.1370321810245514
2275,No,0.15523454546928406
2276,No,0.14596648514270782
2277,No,0.21451808512210846
2278,No,0.1922701895236969
2279,No,0.16780945658683777
2280,No,0.18106387555599213
2281,No,0.17470599710941315
2282,No,0.2148018330335617
2283,No,0.1266581416130066
2284,No,0.16957801580429077
2285,No,0.10261507332324982
2286,No,0.12454817444086075
2287,No,0.09223915636539459
2288,No,0.13734078407287598
2289,No,0.20679707825183868
2290,No,0.22648835182189941
2291,No,0.22922663390636444
2292,No,0.2030690759420395
2293,No,0.06539358198642731
2294,No,0.08154050260782242
2295,No,0.09094471484422684
2296,No,0.092582568526268
2297,No,0.1356504261493683
2298,No,0.11328858137130737
2299,No,0.09597322344779968
2300,No,0.09751781076192856
2301,No,0.20542074739933014
2302,No,0.1098155602812767
2303,No,0.11528407037258148
2304,No,0.11573691666126251
2305,No,0.09725059568881989
2306,No,0.09794370085000992
2307,No,0.13307586312294006
2308,No,0.15950287878513336
2309,No,0.24458803236484528
2310,No,0.3724396824836731
2311,No,0.46948522329330444
2312,Yes,0.5149610638618469
2313,No,0.07236317545175552
2314,No,0.10765644907951355
2315,No,0.08012516796588898
2316,No,0.09546004980802536
2317,No,0.1654818207025528
2318,No,0.16946183145046234
2319,No,0.12171725183725357
2320,No,0.12250802665948868
2321,No,0.07870574295520782
2322,No,0.12196341902017593
2323,No,0.08326968550682068
2324,No,0.10689222812652588
2325,No,0.108169786632061
2326,No,0.15088602900505066
2327,No,0.11777402460575104
2328,No,0.13803982734680176
2329,No,0.14570510387420654
2330,No,0.15645943582057953
2331,No,0.13776269555091858
2332,No,0.1340963989496231
2333,No,0.25816237926483154
2334,No,0.29195553064346313
2335,No,0.12147495150566101
2336,No,0.19152212142944336
2337,No,0.09506820142269135
2338,No,0.09413930773735046
2339,No,0.06187061592936516
2340,No,0.07639088481664658
2341,No,0.14217177033424377
2342,No,0.17510142922401428
2343,No,0.144855335354805
2344,No,0.14502252638339996
2345,No,0.14176224172115326
2346,No,0.08609069138765335
2347,No,0.13196006417274475
2348,No,0.24894379079341888
2349,No,0.16456814110279083
2350,No,0.14774246513843536
2351,No,0.09214217215776443
2352,No,0.11989568918943405
2353,No,0.10077960789203644
2354,No,0.1719409078359604
2355,No,0.13239818811416626
2356,No,0.15460297465324402
2357,No,0.11463374644517899
2358,No,0.12379331141710281
2359,No,0.0809270441532135
2360,No,0.10645893216133118
2361,No,0.10449004918336868
2362,No,0.08468513190746307
2363,No,0.09140169620513916
2364,No,0.06342200934886932
2365,No,0.08202074468135834
2366,No,0.07196910679340363
2367,No,0.07211119681596756
2368,No,0.0681137889623642
2369,No,0.0996246412396431
2370,No,0.1835101991891861
2371,No,0.07209912687540054
2372,No,0.10246754437685013
2373,No,0.11744716018438339
2374,No,0.1517365574836731
2375,No,0.12796729803085327
2376,No,0.19707483053207397
2377,No,0.10534175485372543
2378,No,0.1699516773223877
2379,No,0.07070524245500565
2380,No,0.10892041772603989
2381,No,0.10918979346752167
2382,No,0.19025000929832458
2383,No,0.19185777008533478
2384,No,0.255327969789505
2385,No,0.05821973457932472
2386,No,0.08296296745538712
2387,No,0.050805822014808655
2388,No,0.0564701147377491
2389,Yes,0.6069332957267761
2390,Yes,0.8428248167037964
2391,Yes,0.8811850547790527
2392,Yes,0.9050828218460083
2393,No,0.07096187770366669
2394,No,0.10591521859169006
2395,No,0.10159413516521454
2396,No,0.12610898911952972
2397,No,0.10907627642154694
2398,No,0.166463240981102
2399,No,0.06082586199045181
2400,No,0.08297232538461685
2401,No,0.10456418991088867
2402,No,0.22785402834415436
2403,No,0.09786670655012131
2404,No,0.13759838044643402
2405,No,0.106874480843544
2406,No,0.10003174841403961
2407,No,0.07278614491224289
2408,No,0.08572245389223099
2409,No,0.3540782332420349
2410,No,0.45530077815055847
2411,No,0.34374967217445374
2412,No,0.3446107506752014
2413,No,0.1674325317144394
2414,No,0.13319405913352966
2415,No,0.1297520101070404
2416,No,0.11594529449939728
2417,No,0.149103045463562
2418,No,0.14130368828773499
2419,No,0.13119514286518097
2420,No,0.1439789980649948
2421,No,0.12635575234889984
2422,No,0.12158162146806717
2423,No,0.10468283295631409
2424,No,0.09784993529319763
2425,No,0.11821707338094711
2426,No,0.16189530491828918
2427,No,0.0813334584236145
2428,No,0.09251613914966583
2429,No,0.08713836967945099
2430,No,0.15094301104545593
2431,No,0.08839426934719086
2432,No,0.10088986903429031
2433,No,0.15609659254550934
2434,No,0.15954285860061646
2435,No,0.1537623256444931
2436,No,0.16473731398582458
2437,No,0.08830415457487106
2438,No,0.15073776245117188
2439,No,0.1693408340215683
2440,No,0.1468169093132019
2441,No,0.1270432472229004
2442,No,0.14726224541664124
2443,No,0.17744414508342743
2444,No,0.20009902119636536
2445,No,0.12516136467456818
2446,No,0.15074627101421356
2447,No,0.11542903631925583
2448,No,0.12929940223693848
2449,No,0.12164624780416489
2450,No,0.14734354615211487
2451,No,0.13140104711055756
2452,No,0.2035440355539322
2453,No,0.1516580730676651
2454,No,0.1571168750524521
2455,No,0.09894822537899017
2456,No,0.13875313103199005
2457,No,0.05437726899981499
2458,No,0.09783046692609787
2459,No,0.07102734595537186
2460,No,0.12187554687261581
2461,No,0.05417480319738388
2462,No,0.11125645041465759
2463,No,0.07634379714727402
2464,No,0.10449646413326263
2465,No,0.17967690527439117
2466,No,0.15500740706920624
2467,No,0.3110678791999817
2468,No,0.15582536160945892
2469,No,0.10072959959506989
2470,No,0.08857816457748413
2471,No,0.11081136763095856
2472,No,0.09977265447378159
2473,No,0.2899634838104248
2474,No,0.19510307908058167
2475,No,0.34884852170944214
2476,No,0.21507605910301208
2477,Yes,0.6587998867034912
2478,No,0.4870505928993225
2479,Yes,0.5641124844551086
2480,No,0.2606503963470459
2481,No,0.20606428384780884
2482,No,0.10456334799528122
2483,No,0.1223980262875557
2484,No,0.0942327156662941
2485,No,0.31354597210884094
2486,No,0.249919131398201
2487,No,0.36957865953445435
2488,No,0.18166466057300568
2489,No,0.22527123987674713
2490,No,0.13678191602230072
2491,No,0.14870086312294006
2492,No,0.12096694856882095
2493,No,0.20434637367725372
2494,No,0.13945187628269196
2495,No,0.235874742269516
2496,No,0.09845554828643799
2497,Yes,0.6992365121841431
2498,No,0.3793375790119171
2499,Yes,0.5237802267074585
2500,No,0.3951159119606018
2501,No,0.21955865621566772
2502,No,0.10591025650501251
2503,No,0.17420694231987
2504,No,0.12219833582639694
2505,No,0.11690789461135864
2506,No,0.13455525040626526
2507,No,0.10437892377376556
2508,No,0.08562449365854263
2509,No,0.13811439275741577
2510,No,0.10097090154886246
2511,No,0.1042238250374794
2512,No,0.127057284116745
2513,No,0.19560936093330383
2514,No,0.217289999127388
2515,No,0.3396010994911194
2516,No,0.4250181317329407
2517,No,0.21045686304569244
2518,No,0.311607301235199
2519,No,0.2562568783760071
2520,No,0.2553601861000061
2521,No,0.3105989694595337
2522,No,0.19924068450927734
2523,No,0.19410757720470428
2524,No,0.2132691591978073
2525,No,0.3431743383407593
2526,No,0.3008365333080292
2527,No,0.33107617497444153
2528,No,0.25093862414360046
2529,No,0.1083775982260704
2530,No,0.14136768877506256
2531,No,0.12355251610279083
2532,No,0.13333597779273987
2533,Yes,0.7604448199272156
2534,Yes,0.7535091638565063
2535,Yes,0.8409978747367859
2536,Yes,0.8678982853889465
2537,No,0.18757879734039307
2538,No,0.102318175137043
2539,No,0.15685251355171204
2540,No,0.13302865624427795
2541,No,0.17520590126514435
2542,No,0.12325259298086166
2543,No,0.17434391379356384
2544,No,0.1542116105556488
2545,No,0.12542954087257385
2546,No,0.1571250557899475
2547,No,0.1183808445930481
2548,No,0.14787869155406952
2549,No,0.16316600143909454
2550,No,0.16817550361156464
2551,No,0.1160818412899971
2552,No,0.12183832377195358
2553,No,0.08335950970649719
2554,No,0.06966409087181091
2555,No,0.06854134052991867
2556,No,0.10132700949907303
2557,No,0.08955313265323639
2558,No,0.31343239545822144
2559,No,0.424919068813324
2560,Yes,0.6393689513206482
2561,No,0.0857594907283783
2562,No,0.13466417789459229
2563,No,0.159559428691864
2564,No,0.24781838059425354
2565,Yes,0.5035988092422485
2566,No,0.3501244783401489
2567,Yes,0.577934980392456
2568,Yes,0.5923759341239929
2569,No,0.12623228132724762
2570,No,0.15912680327892303
2571,No,0.06768789142370224
2572,No,0.10992050170898438
2573,No,0.12386775761842728
2574,No,0.1127326712012291
2575,No,0.11428457498550415
2576,No,0.10343720763921738
2577,No,0.2279244214296341
2578,No,0.28946560621261597
2579,No,0.18191812932491302
2580,No,0.2878650426864624
2581,No,0.15040729939937592
2582,No,0.16167864203453064
2583,No,0.09547777473926544
2584,No,0.12872013449668884
2585,No,0.30012616515159607
2586,No,0.2431480586528778
2587,No,0.22842876613140106
2588,No,0.3376034200191498
2589,No,0.16310344636440277
2590,No,0.17297689616680145
2591,No,0.12391842901706696
2592,No,0.16227781772613525
2593,No,0.12526434659957886
2594,No,0.1674993336200714
2595,No,0.10779542475938797
2596,No,0.17664609849452972
2597,No,0.14027023315429688
2598,No,0.1448439210653305
2599,No,0.2006905972957611
2600,No,0.21976107358932495
2601,No,0.19160465896129608
2602,No,0.18241940438747406
2603,No,0.13273318111896515
2604,No,0.1710442453622818
2605,No,0.24330423772335052
2606,No,0.26125451922416687
2607,No,0.23017624020576477
2608,No,0.22601592540740967
2609,No,0.17749489843845367
2610,No,0.2169072926044464
2611,No,0.12473613023757935
2612,No,0.18815527856349945
2613,No,0.19550223648548126
2614,No,0.37071603536605835
2615,No,0.2843656837940216
2616,Yes,0.580439031124115
2617,No,0.2979568541049957
2618,No,0.2848207652568817
2619,No,0.23816053569316864
2620,No,0.3937515616416931
2621,No,0.15438376367092133
2622,No,0.21875368058681488
2623,No,0.1638781875371933
2624,No,0.19153986871242523
2625,No,0.12202668935060501
2626,No,0.11983384937047958
2627,No,0.07284815609455109
2628,No,0.10451804101467133
2629,No,0.22807401418685913
2630,No,0.23816382884979248
2631,No,0.13948915898799896
2632,No,0.14447523653507233
2633,No,0.16015887260437012
2634,No,0.30644020438194275
2635,No,0.17075732350349426
2636,No,0.17714761197566986
2637,No,0.4123462736606598
2638,No,0.4760519564151764
2639,Yes,0.6778303384780884
2640,Yes,0.6937432885169983
2641,No,0.14442196488380432
2642,No,0.1355304718017578
2643,No,0.07505183666944504
2644,No,0.06677420437335968
2645,Yes,0.5856423377990723
2646,No,0.47733592987060547
2647,Yes,0.7633377313613892
2648,Yes,0.7390851974487305
2649,No,0.3531970679759979
2650,No,0.2457478642463684
2651,No,0.19674520194530487
2652,No,0.19602935016155243
2653,No,0.24665533006191254
2654,No,0.1941339373588562
2655,No,0.14355474710464478
2656,No,0.18389540910720825
2657,No,0.216970756649971
2658,No,0.2325051724910736
2659,No,0.31547683477401733
2660,No,0.24457983672618866
2661,No,0.14818279445171356
2662,No,0.15191146731376648
2663,No,0.19376085698604584
2664,No,0.13248184323310852
2665,No,0.3477626442909241
2666,No,0.4180823266506195
2667,No,0.29462137818336487
2668,No,0.4165773391723633
2669,No,0.320175439119339
2670,No,0.30985045433044434
2671,No,0.16873960196971893
2672,No,0.12866124510765076
2673,No,0.14818279445171356
2674,No,0.15191146731376648
2675,No,0.19376085698604584
2676,No,0.13248184323310852
2677,No,0.36690688133239746
2678,No,0.34491634368896484
2679,No,0.4451219439506531
2680,No,0.39817506074905396
2681,No,0.06371017545461655
2682,No,0.07617122679948807
2683,No,0.0664684846997261
2684,No,0.09230926632881165
2685,Yes,0.582539439201355
2686,Yes,0.602429211139679
2687,Yes,0.5718823671340942
2688,Yes,0.5581023693084717
2689,No,0.30916622281074524
2690,No,0.20736490190029144
2691,No,0.24095387756824493
2692,No,0.2556959092617035
2693,No,0.10402671247720718
2694,No,0.10267364978790283
2695,No,0.09294988960027695
2696,No,0.08946054428815842
2697,No,0.1336541473865509
2698,No,0.11190730333328247
2699,No,0.13308309018611908
2700,No,0.129668191075325
2701,No,0.20824983716011047
2702,No,0.24174344539642334
2703,No,0.27836382389068604
2704,No,0.34660467505455017
2705,No,0.12125828117132187
2706,No,0.13226056098937988
2707,No,0.15465910732746124
2708,No,0.22918979823589325
2709,No,0.18230338394641876
2710,No,0.4943709373474121
2711,No,0.06385049968957901
2712,No,0.0654555931687355
2713,No,0.0476047657430172
2714,No,0.08648598194122314
2715,No,0.07145412266254425
2716,No,0.10006015002727509
2717,No,0.16206993162631989
2718,No,0.15595969557762146
2719,No,0.21909864246845245
2720,No,0.18731717765331268
2721,No,0.05387932062149048
2722,No,0.12602947652339935
2723,No,0.07813083380460739
2724,No,0.1284310519695282
2725,No,0.09407664090394974
2726,No,0.1903827041387558
2727,No,0.13471995294094086
2728,No,0.1656695008277893
2729,No,0.10620655864477158
2730,No,0.18504536151885986
2731,No,0.1360418051481247
2732,No,0.14452004432678223
2733,No,0.07199373841285706
2734,No,0.11212975531816483
2735,No,0.05415598303079605
2736,No,0.09153041243553162
2737,No,0.3500526249408722
2738,No,0.36479485034942627
2739,No,0.26417723298072815
2740,No,0.2339932769536972
2741,No,0.130230113863945
2742,No,0.11773326247930527
2743,No,0.09207316488027573
2744,No,0.0935773178935051
2745,No,0.061172936111688614
2746,No,0.06676094233989716
2747,No,0.042324312031269073
2748,No,0.06072545051574707
2749,No,0.08305541425943375
2750,No,0.1401945799589157
2751,No,0.06543204933404922
2752,No,0.12818235158920288
2753,No,0.07031218707561493
2754,No,0.1448453664779663
2755,No,0.14035660028457642
2756,No,0.13978230953216553
2757,No,0.08513975888490677
2758,No,0.0746656209230423
2759,No,0.19796207547187805
2760,No,0.12448932975530624
2761,No,0.05387932062149048
2762,No,0.12602947652339935
2763,No,0.07813083380460739
2764,No,0.1284310519695282
2765,No,0.1508345901966095
2766,No,0.18173237144947052
2767,No,0.14372652769088745
2768,No,0.14028553664684296
2769,No,0.08163284510374069
2770,No,0.14272956550121307
2771,No,0.06266949325799942
2772,No,0.10456375032663345
2773,No,0.17183947563171387
2774,No,0.22906488180160522
2775,No,0.13664837181568146
2776,No,0.17207789421081543
2777,No,0.06276482343673706
2778,No,0.10716155916452408
2779,No,0.06315602362155914
2780,No,0.10077067464590073
2781,No,0.08014360070228577
2782,No,0.15072773396968842
2783,No,0.06871996074914932
2784,No,0.11706747114658356
2785,No,0.31534621119499207
2786,No,0.24453486502170563
2787,Yes,0.5106135606765747
2788,No,0.36892786622047424
2789,No,0.14622220396995544
2790,No,0.18952791392803192
2791,No,0.26031744480133057
2792,No,0.15199679136276245
2793,No,0.16189324855804443
2794,No,0.11032044142484665
2795,No,0.14370037615299225
2796,No,0.11411095410585403
2797,No,0.19819845259189606
2798,No,0.1274462193250656
2799,No,0.1577938348054886
2800,No,0.10590016841888428
2801,Yes,0.5886917114257812
2802,Yes,0.5203774571418762
2803,No,0.39430898427963257
2804,No,0.41661903262138367
2805,No,0.32037684321403503
2806,No,0.44203582406044006
2807,Yes,0.5458194017410278
2808,Yes,0.5876496434211731
2809,No,0.3147864043712616
2810,No,0.27105286717414856
2811,No,0.4595218598842621
2812,No,0.3144266903400421
2813,No,0.1088053286075592
2814,No,0.24811185896396637
2815,No,0.1232634037733078
2816,No,0.20133356750011444
2817,No,0.1477292776107788
2818,No,0.18476910889148712
2819,No,0.12748686969280243
2820,No,0.16778036952018738
2821,No,0.29336461424827576
2822,No,0.2732963562011719
2823,No,0.3710712492465973
2824,No,0.4075314998626709
2825,No,0.14792285859584808
2826,No,0.1788543313741684
2827,No,0.13924482464790344
2828,No,0.17930403351783752
2829,No,0.3421751856803894
2830,No,0.20320092141628265
2831,No,0.2014482617378235
2832,No,0.166436567902565
2833,No,0.16872189939022064
2834,No,0.17557759582996368
2835,No,0.18966835737228394
2836,No,0.12929560244083405
2837,No,0.23459270596504211
2838,No,0.15173643827438354
2839,No,0.22464139759540558
2840,No,0.16581566631793976
2841,No,0.05922558531165123
2842,No,0.09869406372308731
2843,No,0.07932797074317932
2844,No,0.08542018383741379
2845,Yes,0.7302169799804688
2846,Yes,0.7381952404975891
2847,Yes,0.6842992305755615
2848,Yes,0.6964958310127258
2849,Yes,0.9463514089584351
2850,Yes,0.8634530305862427
2851,Yes,0.8207634091377258
2852,Yes,0.8219357132911682
2853,No,0.058039531111717224
2854,No,0.07614870369434357
2855,No,0.08305734395980835
2856,No,0.07340273261070251
2857,No,0.09254372119903564
2858,No,0.10002532601356506
2859,No,0.10711587220430374
2860,No,0.11615410447120667
2861,No,0.08128377795219421
2862,No,0.08328993618488312
2863,No,0.10212744027376175
2864,No,0.09052596986293793
2865,No,0.28834864497184753
2866,No,0.27143386006355286
2867,No,0.24569110572338104
2868,No,0.19117452204227448
2869,No,0.2656155526638031
2870,No,0.2026965320110321
2871,No,0.15818654000759125
2872,No,0.12158088386058807
2873,No,0.14922530949115753
2874,No,0.15587136149406433
2875,No,0.16141469776630402
2876,No,0.13149365782737732
2877,No,0.09665369987487793
2878,No,0.12590181827545166
2879,No,0.2041464000940323
2880,No,0.11889853328466415
2881,No,0.14719675481319427
2882,No,0.3326575756072998
2883,No,0.23063300549983978
2884,No,0.30575796961784363
2885,Yes,0.7645632028579712
2886,Yes,0.8211655616760254
2887,Yes,0.9137170314788818
2888,Yes,0.9146531820297241
2889,No,0.34922856092453003
2890,No,0.4259636700153351
2891,No,0.41834792494773865
2892,No,0.4620600640773773
2893,No,0.12603303790092468
2894,No,0.14414331316947937
2895,No,0.2625802159309387
2896,No,0.2900789976119995
2897,No,0.14000393450260162
2898,No,0.1642557978630066
2899,No,0.15152186155319214
2900,No,0.34627634286880493
2901,No,0.19688084721565247
2902,No,0.21808288991451263
2903,No,0.171195387840271
2904,No,0.21587418019771576
2905,No,0.08311324566602707
2906,No,0.20828984677791595
2907,No,0.0988149344921112
2908,No,0.14695924520492554
2909,No,0.1235145702958107
2910,No,0.17342641949653625
2911,No,0.13781677186489105
2912,No,0.1961188167333603
2913,No,0.25075533986091614
2914,No,0.2702905237674713
2915,No,0.18820463120937347
2916,No,0.2323668897151947
2917,No,0.307859867811203
2918,No,0.4023556113243103
2919,No,0.39929822087287903
2920,Yes,0.5625439286231995
2921,No,0.3406236469745636
2922,Yes,0.5575817227363586
2923,No,0.1622256487607956
2924,No,0.2524139881134033
2925,No,0.3803178668022156
2926,No,0.3181520998477936
2927,No,0.24842865765094757
2928,No,0.2603921592235565
2929,No,0.3988026976585388
2930,No,0.40129560232162476
2931,No,0.21716715395450592
2932,No,0.20459319651126862
2933,No,0.3337787985801697
2934,No,0.29217931628227234
2935,No,0.2723832130432129
2936,No,0.21574722230434418
2937,No,0.362567275762558
2938,No,0.37796780467033386
2939,No,0.24414567649364471
2940,No,0.24299731850624084
2941,No,0.3599000573158264
2942,No,0.40269896388053894
2943,No,0.37509849667549133
2944,No,0.3743959069252014
2945,No,0.16041192412376404
2946,No,0.1627286672592163
2947,No,0.13881833851337433
2948,No,0.20677325129508972
2949,No,0.11681598424911499
2950,No,0.13590683043003082
2951,No,0.14838707447052002
2952,No,0.1688883900642395
2953,No,0.14494222402572632
2954,No,0.11437604576349258
2955,No,0.1550893783569336
2956,No,0.1638845056295395
2957,No,0.12048851698637009
2958,No,0.1746024638414383
2959,No,0.14551274478435516
2960,No,0.16376358270645142
2961,No,0.10210017114877701
2962,No,0.13151918351650238
2963,No,0.08552277088165283
2964,No,0.15695326030254364
2965,Yes,0.69759202003479
2966,Yes,0.5822019577026367
2967,Yes,0.7173342108726501
2968,Yes,0.6561676263809204
2969,No,0.18648093938827515
2970,No,0.2295222282409668
2971,No,0.21681305766105652
2972,No,0.1934894472360611
2973,No,0.1411513090133667
2974,No,0.24929608404636383
2975,No,0.10891833901405334
2976,No,0.25960075855255127
2977,No,0.16642522811889648
2978,No,0.18569940328598022
2979,No,0.19549331068992615
2980,No,0.13722354173660278
2981,No,0.10796122252941132
2982,No,0.14133410155773163
2983,No,0.13190625607967377
2984,No,0.14042773842811584
2985,No,0.27465635538101196
2986,No,0.43589818477630615
2987,No,0.31096160411834717
2988,No,0.3686482310295105
2989,No,0.13659341633319855
2990,No,0.14067867398262024
2991,No,0.19150634109973907
2992,No,0.11246369779109955
2993,No,0.20044389367103577
2994,No,0.2327525019645691
2995,No,0.13068215548992157
2996,No,0.1470634490251541
2997,No,0.03932443633675575
2998,No,0.04960600286722183
2999,No,0.05342892184853554
3000,No,0.0472530759871006
3001,No,0.11795283108949661
3002,No,0.15176118910312653
3003,No,0.15812017023563385
3004,No,0.15185405313968658
3005,No,0.09337764978408813
3006,No,0.15950332581996918
3007,No,0.20612525939941406
3008,No,0.1569748967885971
3009,No,0.0707937702536583
3010,No,0.07633890956640244
3011,No,0.07437515258789062
3012,No,0.07753973454236984
3013,No,0.07637177407741547
3014,No,0.14237108826637268
3015,No,0.06121141090989113
3016,No,0.07413029670715332
3017,No,0.0825643241405487
3018,No,0.10421712696552277
3019,No,0.10497873276472092
3020,No,0.0965055376291275
3021,No,0.35211241245269775
3022,No,0.4674106240272522
3023,No,0.4877399802207947
3024,No,0.33631932735443115
3025,No,0.09533704817295074
3026,No,0.1107301115989685
3027,No,0.09121997654438019
3028,No,0.09682931751012802
3029,No,0.10273455083370209
3030,No,0.10498160868883133
3031,No,0.11925286054611206
3032,No,0.13080577552318573
3033,No,0.1312548816204071
3034,No,0.16212144494056702
3035,No,0.1582782119512558
3036,No,0.1638024002313614
3037,No,0.12015338987112045
3038,No,0.1906498521566391
3039,No,0.16838796436786652
3040,No,0.2559361457824707
3041,No,0.07609767466783524
3042,No,0.07560502737760544
3043,No,0.08233620971441269
3044,No,0.07816264778375626
3045,No,0.1467123180627823
3046,No,0.21242079138755798
3047,No,0.2699050009250641
3048,No,0.14871707558631897
3049,No,0.3796805739402771
3050,No,0.3252686560153961
3051,Yes,0.5276054739952087
3052,No,0.40229532122612
3053,No,0.3184528052806854
3054,No,0.34222641587257385
3055,No,0.2809653580188751
3056,No,0.2854272723197937
3057,No,0.1254424750804901
3058,No,0.10086168348789215
3059,No,0.09778998047113419
3060,No,0.0733804777264595
3061,No,0.15721924602985382
3062,No,0.07178738713264465
3063,No,0.182759091258049
3064,No,0.07437150925397873
3065,No,0.10411946475505829
3066,No,0.15405212342739105
3067,No,0.1081494614481926
3068,No,0.09234988689422607
3069,No,0.25448328256607056
3070,No,0.17001758515834808
3071,No,0.12407948821783066
3072,No,0.11566291004419327
3073,No,0.2885592579841614
3074,No,0.34927886724472046
3075,No,0.4640671908855438
3076,No,0.37384673953056335
3077,No,0.23610079288482666
3078,No,0.20867455005645752
3079,No,0.13084040582180023
3080,No,0.1034262403845787
3081,No,0.07129644602537155
3082,No,0.1289888620376587
3083,No,0.16331873834133148
3084,No,0.10363421589136124
3085,No,0.09639285504817963
3086,No,0.12338837236166
3087,No,0.1682259738445282
3088,No,0.13759452104568481
3089,No,0.06969515979290009
3090,No,0.09427705407142639
3091,No,0.12792032957077026
3092,No,0.13134776055812836
3093,No,0.14209327101707458
3094,No,0.11766752600669861
3095,No,0.10912282019853592
3096,No,0.11074720323085785
3097,No,0.10733781009912491
3098,No,0.09755884855985641
3099,No,0.10104497522115707
3100,No,0.11694510281085968
3101,No,0.25529518723487854
3102,No,0.26611801981925964
3103,No,0.3776111900806427
3104,No,0.1999351680278778
3105,No,0.15150105953216553
3106,No,0.10752850770950317
3107,No,0.21807274222373962
3108,No,0.13096466660499573
3109,No,0.1304667741060257
3110,No,0.1346185952425003
3111,No,0.15425056219100952
3112,No,0.22763323783874512
3113,No,0.08310282230377197
3114,No,0.07645652443170547
3115,No,0.08930938690900803
3116,No,0.08962641656398773
3117,No,0.4274251163005829
3118,No,0.24896962940692902
3119,No,0.11478570848703384
3120,No,0.11746450513601303
3121,No,0.16604553163051605
3122,No,0.11177314072847366
3123,No,0.1296064853668213
3124,No,0.09721916168928146
3125,No,0.10733781009912491
3126,No,0.09755884855985641
3127,No,0.10104497522115707
3128,No,0.11694510281085968
3129,No,0.14209327101707458
3130,No,0.11766752600669861
3131,No,0.10912282019853592
3132,No,0.11074720323085785
3133,No,0.17684781551361084
3134,No,0.35650938749313354
3135,No,0.29798048734664917
3136,No,0.3155072033405304
3137,No,0.06870651245117188
3138,No,0.07421628385782242
3139,No,0.05193743854761124
3140,No,0.06196381896734238
3141,No,0.0708468109369278
3142,No,0.09421376883983612
3143,No,0.06853652745485306
3144,No,0.09690593928098679
3145,No,0.43736937642097473
3146,No,0.26986485719680786
3147,No,0.35164934396743774
3148,No,0.33333706855773926
3149,No,0.09769372642040253
3150,No,0.10314764827489853
3151,No,0.10578407347202301
3152,No,0.11208797246217728
3153,No,0.06691910326480865
3154,No,0.12275060266256332
3155,No,0.09177280217409134
3156,No,0.17517529428005219
3157,No,0.09799350798130035
3158,No,0.11933756619691849
3159,No,0.08547733724117279
3160,No,0.09602678567171097
3161,No,0.10222433507442474
3162,No,0.12438955157995224
3163,No,0.11735914647579193
3164,No,0.14552916586399078
3165,No,0.3944454789161682
3166,No,0.3818519711494446
3167,No,0.30407795310020447
3168,No,0.2828300893306732
3169,No,0.163120299577713
3170,No,0.1078365296125412
3171,No,0.09635988622903824
3172,No,0.14432595670223236
3173,Yes,0.50047367811203
3174,No,0.31723156571388245
3175,No,0.29069802165031433
3176,No,0.2879001498222351
3177,No,0.13176973164081573
3178,No,0.11368797719478607
3179,No,0.2372855693101883
3180,No,0.23840714991092682
3181,No,0.12891709804534912
3182,No,0.16120804846286774
3183,No,0.10202149301767349
3184,No,0.1249946653842926
3185,No,0.2827613055706024
3186,No,0.22142453491687775
3187,No,0.17531810700893402
3188,No,0.20019656419754028
3189,No,0.10952848941087723
3190,No,0.1997540295124054
3191,No,0.13019154965877533
3192,No,0.17027227580547333
3193,No,0.098150335252285
3194,No,0.11347340792417526
3195,No,0.09362484514713287
3196,No,0.11939766258001328
3197,No,0.07529538869857788
3198,No,0.10044573247432709
3199,No,0.11383585631847382
3200,No,0.1874273717403412
3201,No,0.07059206813573837
3202,No,0.1332160234451294
3203,No,0.1459924429655075
3204,No,0.16110672056674957
3205,No,0.13378632068634033
3206,No,0.25372788310050964
3207,No,0.16567252576351166
3208,No,0.2375958412885666
3209,No,0.2510291039943695
3210,No,0.31640884280204773
3211,No,0.2217920422554016
3212,No,0.2377694994211197
3213,No,0.16451320052146912
3214,No,0.23084405064582825
3215,No,0.3570670783519745
3216,No,0.24584998190402985
3217,No,0.14636196196079254
3218,No,0.16188926994800568
3219,No,0.11304814368486404
3220,No,0.12393085658550262
3221,No,0.15931649506092072
3222,No,0.1212998628616333
3223,No,0.1376403272151947
3224,No,0.11277012526988983
3225,No,0.1839754581451416
3226,No,0.47874054312705994
3227,Yes,0.6002145409584045
3228,Yes,0.8278781175613403
3229,No,0.09904959052801132
3230,No,0.1100165843963623
3231,No,0.10408813506364822
3232,No,0.10433033853769302
3233,No,0.08537497371435165
3234,No,0.11024400591850281
3235,No,0.14505605399608612
3236,No,0.1639571338891983
3237,No,0.10879723727703094
3238,No,0.11572043597698212
3239,No,0.14944471418857574
3240,No,0.18006035685539246
3241,No,0.1929333657026291
3242,No,0.13877537846565247
3243,No,0.1761607825756073
3244,No,0.14655381441116333
3245,Yes,0.8714362382888794
3246,Yes,0.882678747177124
3247,Yes,0.9454364776611328
3248,Yes,0.9310070276260376
3249,Yes,0.6269311904907227
3250,Yes,0.6892847418785095
3251,Yes,0.5350853204727173
3252,Yes,0.6175966262817383
3253,No,0.046724576503038406
3254,No,0.07013846188783646
3255,No,0.04997849464416504
3256,No,0.05305936187505722
3257,No,0.24669721722602844
3258,No,0.31103336811065674
3259,No,0.21688765287399292
3260,No,0.2165127545595169
3261,No,0.13010679185390472
3262,No,0.14059628546237946
3263,No,0.10266903042793274
3264,No,0.08376727998256683
3265,No,0.13344724476337433
3266,No,0.14176404476165771
3267,No,0.11327943950891495
3268,No,0.09753779321908951
3269,No,0.23476575314998627
3270,No,0.25984424352645874
3271,No,0.3551829159259796
3272,No,0.3003741502761841
3273,No,0.22878192365169525
3274,No,0.14934103190898895
3275,No,0.20701369643211365
3276,No,0.11625944077968597
3277,Yes,0.6269311904907227
3278,Yes,0.6892847418785095
3279,Yes,0.5350853204727173
3280,Yes,0.6175966262817383
3281,No,0.24794164299964905
3282,No,0.3790818154811859
3283,No,0.23398636281490326
3284,No,0.2363530546426773
3285,No,0.12267252057790756
3286,No,0.09073704481124878
3287,No,0.0916987732052803
3288,No,0.09368465095758438
3289,Yes,0.6417799592018127
3290,Yes,0.6057806611061096
3291,Yes,0.7495611310005188
3292,Yes,0.5713484287261963
3293,No,0.24169404804706573
3294,No,0.26966723799705505
3295,No,0.15818463265895844
3296,No,0.11178866028785706
3297,Yes,0.7934640645980835
3298,Yes,0.7279864549636841
3299,Yes,0.8666508197784424
3300,Yes,0.8051513433456421
3301,No,0.12062343955039978
3302,No,0.12460483610630035
3303,No,0.12968695163726807
3304,No,0.1439678817987442
3305,No,0.12243806570768356
3306,No,0.11463024467229843
3307,No,0.1054353266954422
3308,No,0.13217030465602875
3309,No,0.09512942284345627
3310,No,0.18607601523399353
3311,No,0.19969533383846283
3312,No,0.3665555715560913
3313,No,0.11379792541265488
3314,No,0.19134502112865448
3315,No,0.13176310062408447
3316,No,0.2678704857826233
3317,No,0.13231642544269562
3318,No,0.13217391073703766
3319,No,0.11724576354026794
3320,No,0.17193932831287384
3321,No,0.12297652661800385
3322,No,0.13314561545848846
3323,No,0.12021046876907349
3324,No,0.19276395440101624
3325,No,0.10351884365081787
3326,No,0.15838871896266937
3327,No,0.21057605743408203
3328,No,0.38691720366477966
3329,No,0.44423311948776245
3330,No,0.2690667510032654
3331,No,0.38513776659965515
3332,No,0.3458501994609833
3333,No,0.1698819398880005
3334,No,0.12917760014533997
3335,No,0.15991447865962982
3336,No,0.13676293194293976
3337,No,0.45560914278030396
3338,No,0.411721795797348
3339,No,0.3055470883846283
3340,No,0.4924447536468506
3341,No,0.24818013608455658
3342,No,0.1729944944381714
3343,No,0.3072926700115204
3344,No,0.2957206666469574
3345,No,0.3130338191986084
3346,No,0.28326982259750366
3347,No,0.3585374653339386
3348,No,0.3345319330692291
3349,No,0.3472534120082855
3350,No,0.4211130142211914
3351,Yes,0.518537700176239
3352,Yes,0.5636786818504333
3353,No,0.1316724717617035
3354,No,0.15408286452293396
3355,No,0.17954790592193604
3356,No,0.1809767633676529
3357,No,0.2780854403972626
3358,No,0.18469412624835968
3359,No,0.2906774580478668
3360,No,0.23930630087852478
3361,No,0.330626517534256
3362,Yes,0.5979640483856201
3363,Yes,0.7678685188293457
3364,Yes,0.81544429063797
3365,No,0.09808836877346039
3366,No,0.1351795196533203
3367,No,0.08626804500818253
3368,No,0.10632913559675217
3369,No,0.09579771012067795
3370,No,0.17368470132350922
3371,No,0.12434960156679153
3372,No,0.182599276304245
3373,No,0.11260673403739929
3374,No,0.10981173068284988
3375,No,0.08984752744436264
3376,No,0.1037258729338646
3377,No,0.15934239327907562
3378,No,0.15962697565555573
3379,No,0.13359405100345612
3380,No,0.15633560717105865
3381,No,0.06511155515909195
3382,No,0.0843258872628212
3383,No,0.08713965862989426
3384,No,0.09471216797828674
3385,No,0.37518858909606934
3386,No,0.32527706027030945
3387,Yes,0.7329286336898804
3388,Yes,0.6493693590164185
3389,No,0.057061757892370224
3390,No,0.06920022517442703
3391,No,0.07188861817121506
3392,No,0.07034355401992798
3393,No,0.10163019597530365
3394,No,0.10523342341184616
3395,No,0.09950604289770126
3396,No,0.12954439222812653
3397,No,0.07335089147090912
3398,No,0.08660327643156052
3399,No,0.05201113224029541
3400,No,0.06289143860340118
3401,No,0.07237409800291061
3402,No,0.14333944022655487
3403,No,0.06144460290670395
3404,No,0.1018780916929245
3405,No,0.25677672028541565
3406,No,0.23012855648994446
3407,No,0.18196430802345276
3408,No,0.15822868049144745
3409,No,0.4712022542953491
3410,Yes,0.6733105182647705
3411,No,0.3441941738128662
3412,Yes,0.5427281260490417
3413,Yes,0.6213071346282959
3414,Yes,0.6072282791137695
3415,No,0.09766244888305664
3416,No,0.15990594029426575
3417,No,0.09465067088603973
3418,No,0.146193265914917
3419,No,0.06886547803878784
3420,No,0.09373419731855392
3421,No,0.15328273177146912
3422,No,0.19763398170471191
3423,No,0.21520790457725525
3424,No,0.2235095053911209
3425,No,0.1433364450931549
3426,No,0.21551640331745148
3427,No,0.12411823123693466
3428,No,0.14702463150024414
3429,No,0.12720060348510742
3430,No,0.18837526440620422
3431,No,0.10128246992826462
3432,No,0.11060811579227448
3433,No,0.11680081486701965
3434,No,0.18693625926971436
3435,No,0.14924725890159607
3436,No,0.19037869572639465
3437,No,0.3047633469104767
3438,No,0.3784235715866089
3439,No,0.4173243045806885
3440,No,0.4427306354045868
3441,No,0.25482797622680664
3442,No,0.2523714005947113
3443,No,0.22645282745361328
3444,No,0.2609787583351135
3445,No,0.34414029121398926
3446,No,0.38734129071235657
3447,No,0.31079748272895813
3448,No,0.30865025520324707
3449,No,0.2909261882305145
3450,No,0.16100552678108215
3451,No,0.11188533157110214
3452,No,0.11837408691644669
3453,No,0.46485257148742676
3454,No,0.422940731048584
3455,No,0.35101836919784546
3456,No,0.38273170590400696
3457,No,0.23244675993919373
3458,No,0.3414768874645233
3459,No,0.22534330189228058
3460,No,0.25799843668937683
3461,No,0.15088053047657013
3462,No,0.11765377968549728
3463,No,0.08913877606391907
3464,No,0.10458160936832428
3465,No,0.2806553244590759
3466,No,0.2029266655445099
3467,No,0.1479436308145523
3468,No,0.17405517399311066
3469,No,0.3580421507358551
3470,No,0.40845948457717896
3471,No,0.33107489347457886
3472,No,0.41568684577941895
3473,No,0.247312530875206
3474,No,0.25058579444885254
3475,No,0.17570540308952332
3476,No,0.20391497015953064
3477,No,0.16405075788497925
3478,No,0.1230296641588211
3479,No,0.1694275289773941
3480,No,0.18949651718139648
3481,No,0.13430802524089813
3482,No,0.1380879133939743
3483,No,0.10622359812259674
3484,No,0.11170978099107742
3485,No,0.1300809383392334
3486,No,0.09774520993232727
3487,No,0.07598794996738434
3488,No,0.0933169275522232
3489,No,0.32710179686546326
3490,No,0.23811393976211548
3491,No,0.31110697984695435
3492,No,0.28153195977211
3493,No,0.21765866875648499
3494,No,0.26173704862594604
3495,No,0.23412199318408966
3496,No,0.30317288637161255
3497,No,0.21296581625938416
3498,No,0.23646070063114166
3499,No,0.19202323257923126
3500,No,0.25301459431648254
3501,No,0.053060129284858704
3502,No,0.0815880224108696
3503,No,0.07585170865058899
3504,No,0.08603876084089279
3505,No,0.10640214383602142
3506,No,0.11378505080938339
3507,No,0.11302471905946732
3508,No,0.10266304016113281
3509,No,0.23414361476898193
3510,No,0.23626092076301575
3511,No,0.19255323708057404
3512,No,0.2111966609954834
3513,No,0.13827066123485565
3514,No,0.1226978600025177
3515,No,0.17282356321811676
3516,No,0.13375723361968994
3517,No,0.2697392404079437
3518,No,0.42344599962234497
3519,No,0.3101751208305359
3520,No,0.4261203408241272
3521,No,0.10914211720228195
3522,No,0.25660794973373413
3523,No,0.21862781047821045
3524,Yes,0.5670120120048523
3525,No,0.2671653926372528
3526,No,0.38345035910606384
3527,Yes,0.6395270228385925
3528,Yes,0.5274040699005127
3529,Yes,0.9379435181617737
3530,Yes,0.6598874926567078
3531,Yes,0.9197058081626892
3532,Yes,0.8104674220085144
3533,No,0.07694369554519653
3534,No,0.11236460506916046
3535,No,0.10903877019882202
3536,No,0.10489169508218765
3537,No,0.11142753064632416
3538,No,0.13107362389564514
3539,No,0.12224125862121582
3540,No,0.143511101603508
3541,No,0.1386789083480835
3542,No,0.15956147015094757
3543,No,0.3393504023551941
3544,No,0.33757588267326355
3545,No,0.2003670036792755
3546,No,0.20339173078536987
3547,No,0.15707780420780182
3548,No,0.1848435401916504
3549,No,0.27462831139564514
3550,Yes,0.5679869651794434
3551,No,0.43249383568763733
3552,Yes,0.5602576732635498
3553,No,0.18662230670452118
3554,No,0.21608585119247437
3555,No,0.2573537230491638
3556,No,0.3288760483264923
3557,No,0.08026279509067535
3558,No,0.08298008143901825
3559,No,0.09464200586080551
3560,No,0.10198689997196198
3561,No,0.23433458805084229
3562,No,0.21351772546768188
3563,No,0.12446746230125427
3564,No,0.158892422914505
3565,No,0.1001773476600647
3566,No,0.12891660630702972
3567,No,0.1060614362359047
3568,No,0.12676295638084412
3569,No,0.10628114640712738
3570,No,0.0928356945514679
3571,No,0.08581307530403137
3572,No,0.09910891205072403
3573,No,0.1788041740655899
3574,No,0.2995307147502899
3575,No,0.12981855869293213
3576,No,0.12470796704292297
3577,No,0.2242211103439331
3578,No,0.15737885236740112
3579,No,0.16188661754131317
3580,No,0.16059838235378265
3581,No,0.0977727547287941
3582,No,0.15628038346767426
3583,No,0.10439164936542511
3584,No,0.23407110571861267
3585,No,0.12062352150678635
3586,No,0.1259850561618805
3587,No,0.16318276524543762
3588,No,0.13886256515979767
3589,No,0.1194438561797142
3590,No,0.1600264310836792
3591,No,0.16944198310375214
3592,No,0.1721719652414322
3593,No,0.3107914626598358
3594,No,0.38781800866127014
3595,Yes,0.5376017689704895
3596,Yes,0.5901691317558289
3597,No,0.16151754558086395
3598,No,0.16888940334320068
3599,No,0.21488416194915771
3600,No,0.24802057445049286
3601,No,0.41580307483673096
3602,Yes,0.6376934051513672
3603,No,0.49117976427078247
3604,Yes,0.5723872184753418
3605,No,0.306305855512619
3606,No,0.22629177570343018
3607,No,0.2079658955335617
3608,No,0.2886075973510742
3609,No,0.15090471506118774
3610,No,0.1406351923942566
3611,No,0.1698668748140335
3612,No,0.2003008872270584
3613,No,0.13503232598304749
3614,No,0.09645546972751617
3615,No,0.10119035840034485
3616,No,0.09747070074081421
3617,No,0.1459493637084961
3618,No,0.27919039130210876
3619,No,0.466229647397995
3620,Yes,0.5412859320640564
3621,No,0.306305855512619
3622,No,0.22629177570343018
3623,No,0.2079658955335617
3624,No,0.2886075973510742
3625,No,0.1182212382555008
3626,No,0.17066584527492523
3627,No,0.11951082199811935
3628,No,0.13338002562522888
3629,No,0.07957758754491806
3630,No,0.1370437890291214
3631,No,0.07472880929708481
3632,No,0.11584948748350143
3633,No,0.09861227124929428
3634,No,0.11060033738613129
3635,No,0.08802129328250885
3636,No,0.09094774723052979
3637,No,0.3278082013130188
3638,No,0.19125275313854218
3639,No,0.13743552565574646
3640,No,0.22713959217071533
3641,No,0.4177875220775604
3642,No,0.1427125632762909
3643,No,0.17759369313716888
3644,No,0.13822504878044128
3645,No,0.09416155517101288
3646,No,0.09181103855371475
3647,No,0.08298998326063156
3648,No,0.10222575068473816
3649,No,0.15613415837287903
3650,No,0.1918274462223053
3651,No,0.13924874365329742
3652,No,0.12428707629442215
3653,Yes,0.7622613310813904
3654,Yes,0.7225227355957031
3655,Yes,0.6780562996864319
3656,Yes,0.7074242830276489
3657,No,0.09520577639341354
3658,No,0.13013364374637604
3659,No,0.13966265320777893
3660,No,0.1119663193821907
3661,No,0.11243213713169098
3662,No,0.12077794224023819
3663,No,0.11744923144578934
3664,No,0.10762521624565125
3665,No,0.11966220289468765
3666,No,0.12619666755199432
3667,No,0.1118670329451561
3668,No,0.1394791156053543
3669,Yes,0.5297904014587402
3670,Yes,0.6676543354988098
3671,No,0.4916422665119171
3672,No,0.49818962812423706
3673,No,0.1466459333896637
3674,No,0.37651100754737854
3675,No,0.11697328835725784
3676,No,0.1749022752046585
3677,No,0.10798641294240952
3678,No,0.212264746427536
3679,No,0.2776387333869934
3680,Yes,0.6367987990379333
3681,No,0.08091702312231064
3682,No,0.10097403824329376
3683,No,0.07827670872211456
3684,No,0.09602122753858566
3685,No,0.07045711576938629
3686,No,0.08643175661563873
3687,No,0.11206386238336563
3688,No,0.13263021409511566
3689,No,0.2667063772678375
3690,No,0.33054041862487793
3691,Yes,0.5720927715301514
3692,Yes,0.7539917826652527
3693,No,0.2124316394329071
3694,No,0.2760097086429596
3695,No,0.20165900886058807
3696,No,0.22210948169231415
3697,Yes,0.5427356362342834
3698,No,0.43992090225219727
3699,No,0.3772411644458771
3700,No,0.27601903676986694
3701,No,0.07702871412038803
3702,No,0.11782651394605637
3703,No,0.12484084069728851
3704,No,0.19326342642307281
3705,No,0.11640973389148712
3706,No,0.1637663096189499
3707,No,0.11225040256977081
3708,No,0.15749862790107727
3709,No,0.22091105580329895
3710,No,0.15764634311199188
3711,No,0.14810773730278015
3712,No,0.15281924605369568
3713,No,0.2688412368297577
3714,No,0.1442992240190506
3715,No,0.14738187193870544
3716,No,0.12636777758598328
3717,No,0.3130868375301361
3718,No,0.46456122398376465
3719,Yes,0.5577861666679382
3720,Yes,0.5455887317657471
3721,No,0.08453693240880966
3722,No,0.09166108816862106
3723,No,0.0499265156686306
3724,No,0.059880077838897705
3725,No,0.09890460968017578
3726,No,0.13296043872833252
3727,No,0.1264680027961731
3728,No,0.11557067185640335
3729,No,0.22650037705898285
3730,No,0.19851472973823547
3731,No,0.17194221913814545
3732,No,0.21087989211082458
3733,No,0.46647050976753235
3734,Yes,0.7610450387001038
3735,Yes,0.5053980946540833
3736,Yes,0.6803443431854248
3737,No,0.24911318719387054
3738,No,0.16220082342624664
3739,No,0.16360610723495483
3740,No,0.17599734663963318
3741,No,0.1875385046005249
3742,No,0.326046884059906
3743,No,0.25533992052078247
3744,No,0.20934757590293884
3745,No,0.07087750732898712
3746,No,0.17767007648944855
3747,No,0.11339303851127625
3748,No,0.28400781750679016
3749,No,0.12651470303535461
3750,No,0.12630358338356018
3751,No,0.12791699171066284
3752,No,0.17323309183120728
3753,No,0.13617554306983948
3754,No,0.25456470251083374
3755,No,0.14068785309791565
3756,No,0.270658403635025
3757,No,0.04816608503460884
3758,No,0.08750691264867783
3759,No,0.09453938901424408
3760,No,0.1570223867893219
3761,No,0.1360490620136261
3762,No,0.12514765560626984
3763,No,0.13099128007888794
3764,No,0.11752492934465408
3765,No,0.4579128921031952
3766,Yes,0.6062670946121216
3767,Yes,0.7212612628936768
3768,Yes,0.8380112051963806
3769,No,0.1515008807182312
3770,No,0.19984474778175354
3771,No,0.11854012310504913
3772,No,0.16001811623573303
3773,No,0.08332125097513199
3774,No,0.08405885100364685
3775,No,0.1465943604707718
3776,No,0.08920937776565552
3777,No,0.1911853700876236
3778,No,0.3404817283153534
3779,No,0.3908514082431793
3780,No,0.4630796015262604
3781,No,0.14605945348739624
3782,No,0.1962922215461731
3783,No,0.24074192345142365
3784,No,0.2848294973373413
3785,No,0.0974399596452713
3786,No,0.15006819367408752
3787,No,0.12588360905647278
3788,No,0.1439070701599121
3789,No,0.16792099177837372
3790,No,0.22322413325309753
3791,No,0.1818859875202179
3792,No,0.18623028695583344
3793,No,0.25928953289985657
3794,No,0.2707996666431427
3795,No,0.25008437037467957
3796,No,0.2453468292951584
3797,No,0.16454167664051056
3798,No,0.27502676844596863
3799,Yes,0.5137262344360352
3800,No,0.48570555448532104
3801,No,0.1854008436203003
3802,No,0.2082277536392212
3803,Yes,0.5291967391967773
3804,No,0.4469311237335205
3805,No,0.10981354117393494
3806,No,0.2024761289358139
3807,No,0.10659390687942505
3808,No,0.11929987370967865
3809,No,0.12430047243833542
3810,No,0.1627490371465683
3811,No,0.21561364829540253
3812,No,0.20800472795963287
3813,No,0.14372293651103973
3814,No,0.19235627353191376
3815,No,0.14248478412628174
3816,No,0.12159111350774765
3817,No,0.14322945475578308
3818,No,0.13951127231121063
3819,No,0.08087845146656036
3820,No,0.0870470255613327
3821,No,0.3423213064670563
3822,No,0.15965449810028076
3823,No,0.17584282159805298
3824,No,0.14530998468399048
3825,No,0.1636945903301239
3826,No,0.1585955172777176
3827,No,0.14105646312236786
3828,No,0.14430850744247437
3829,No,0.26077789068222046
3830,No,0.1637873649597168
3831,No,0.3039399981498718
3832,No,0.15773408114910126
3833,No,0.21663779020309448
3834,No,0.22988790273666382
3835,No,0.1583348959684372
3836,No,0.19466812908649445
3837,No,0.35443899035453796
3838,No,0.44489794969558716
3839,Yes,0.5785866379737854
3840,No,0.48539629578590393
3841,No,0.24405094981193542
3842,No,0.18237414956092834
3843,No,0.13133551180362701
3844,No,0.16694243252277374
3845,No,0.166061133146286
3846,No,0.12578719854354858
3847,No,0.12180158495903015
3848,No,0.09248267114162445
3849,No,0.16658934950828552
3850,No,0.1272168606519699
3851,No,0.14115920662879944
3852,No,0.12195171415805817
3853,No,0.17196550965309143
3854,No,0.12692148983478546
3855,No,0.13813278079032898
3856,No,0.12376512587070465
3857,No,0.18049871921539307
3858,No,0.1298833042383194
3859,No,0.1572370082139969
3860,No,0.08912131935358047
3861,Yes,0.5988093614578247
3862,Yes,0.6713113784790039
3863,No,0.24656158685684204
3864,No,0.36700358986854553
3865,No,0.28462421894073486
3866,No,0.46570083498954773
3867,No,0.2591693103313446
3868,No,0.41861480474472046
3869,No,0.1845613420009613
3870,No,0.34942206740379333
3871,No,0.1530042290687561
3872,No,0.2538765072822571
3873,No,0.15704524517059326
3874,No,0.12859557569026947
3875,No,0.14940649271011353
3876,No,0.11057247966527939
3877,No,0.24405094981193542
3878,No,0.18237414956092834
3879,No,0.13133551180362701
3880,No,0.16694243252277374
3881,No,0.13267944753170013
3882,No,0.1259923130273819
3883,No,0.17348025739192963
3884,No,0.19266995787620544
3885,No,0.12971819937229156
3886,No,0.07879552990198135
3887,No,0.09991782903671265
3888,No,0.0795961320400238
3889,No,0.2093726098537445
3890,No,0.30735254287719727
3891,No,0.09590956568717957
3892,No,0.10098718106746674
3893,No,0.08898229151964188
3894,No,0.10490383952856064
3895,No,0.1254747360944748
3896,No,0.11602650582790375
3897,No,0.14273563027381897
3898,No,0.15350238978862762
3899,No,0.14469870924949646
3900,No,0.122093565762043
3901,No,0.13151614367961884
3902,No,0.16786102950572968
3903,No,0.17704463005065918
3904,No,0.21063633263111115
3905,No,0.14052321016788483
3906,No,0.23069284856319427
3907,No,0.0769975334405899
3908,No,0.2131381630897522
3909,No,0.07281813770532608
3910,No,0.1543770432472229
3911,No,0.09011399745941162
3912,No,0.11068225651979446
3913,No,0.30827268958091736
3914,No,0.2520981431007385
3915,No,0.19336768984794617
3916,No,0.22428247332572937
3917,No,0.1952962875366211
3918,No,0.16580893099308014
3919,No,0.14407341182231903
3920,No,0.1359270066022873
3921,No,0.07031489908695221
3922,No,0.1113443449139595
3923,No,0.09495384246110916
3924,No,0.12727949023246765
3925,No,0.30907702445983887
3926,No,0.49682384729385376
3927,No,0.44102731347084045
3928,No,0.39874979853630066
3929,No,0.10763118416070938
3930,No,0.096213199198246
3931,No,0.10151102393865585
3932,No,0.1349702924489975
3933,No,0.09606461226940155
3934,No,0.19708427786827087
3935,No,0.2310185581445694
3936,No,0.20439407229423523
3937,No,0.09169173240661621
3938,No,0.15687580406665802
3939,No,0.09319695085287094
3940,No,0.2154020518064499
3941,No,0.11430815607309341
3942,No,0.2000274360179901
3943,No,0.23839382827281952
3944,No,0.36892178654670715
3945,No,0.15968607366085052
3946,No,0.20274057984352112
3947,No,0.17168287932872772
3948,No,0.12144412845373154
3949,No,0.08553692698478699
3950,No,0.17915792763233185
3951,No,0.08072403073310852
3952,No,0.15133614838123322
3953,No,0.17679013311862946
3954,No,0.16793248057365417
3955,No,0.13355380296707153
3956,No,0.1653485745191574
3957,No,0.18528896570205688
3958,No,0.1831967830657959
3959,No,0.15721310675144196
3960,No,0.2568681538105011
3961,No,0.20599162578582764
3962,No,0.20784777402877808
3963,No,0.09047138690948486
3964,No,0.11235027015209198
3965,No,0.15807001292705536
3966,No,0.22016224265098572
3967,No,0.11068068444728851
3968,No,0.1925068497657776
3969,No,0.44224515557289124
3970,No,0.42415180802345276
3971,No,0.2123546153306961
3972,No,0.19324633479118347
3973,No,0.2882828712463379
3974,No,0.22924470901489258
3975,No,0.2042313814163208
3976,No,0.18599984049797058
3977,No,0.13480767607688904
3978,No,0.15023493766784668
3979,No,0.09433981776237488
3980,No,0.13454441726207733
3981,No,0.17916658520698547
3982,No,0.3080476224422455
3983,No,0.3749581575393677
3984,Yes,0.5241876244544983
3985,No,0.2045009285211563
3986,No,0.36850863695144653
3987,No,0.3059050738811493
3988,No,0.2730405628681183
3989,No,0.14236730337142944
3990,No,0.20267221331596375
3991,No,0.12082002311944962
3992,No,0.24390441179275513
3993,No,0.10926588624715805
3994,No,0.2965705096721649
3995,No,0.12369851022958755
3996,No,0.26585108041763306
3997,No,0.17155562341213226
3998,No,0.31088122725486755
3999,No,0.3915793001651764
4000,No,0.3611449897289276
4001,No,0.11651532351970673
4002,No,0.13599391281604767
4003,No,0.16420984268188477
4004,No,0.14132775366306305
4005,No,0.09498149901628494
4006,No,0.1824074685573578
4007,No,0.12647470831871033
4008,No,0.12253028899431229
4009,No,0.13669176399707794
4010,No,0.12059099227190018
4011,No,0.0865820050239563
4012,No,0.09543189406394958
4013,No,0.0745517909526825
4014,No,0.10682424157857895
4015,No,0.07459723204374313
4016,No,0.08088603615760803
4017,No,0.194522887468338
4018,No,0.19031663239002228
4019,No,0.15119360387325287
4020,No,0.15413102507591248
4021,No,0.13669176399707794
4022,No,0.12059099227190018
4023,No,0.0865820050239563
4024,No,0.09543189406394958
4025,No,0.21128754317760468
4026,No,0.14841069281101227
4027,No,0.1870221048593521
4028,No,0.13374367356300354
4029,No,0.2546568810939789
4030,No,0.32123592495918274
4031,No,0.3543455898761749
4032,No,0.39273208379745483
4033,No,0.11462882161140442
4034,No,0.17500939965248108
4035,No,0.22274763882160187
4036,No,0.37767431139945984
4037,No,0.13058055937290192
4038,No,0.12335819751024246
4039,No,0.15536414086818695
4040,No,0.13782399892807007
4041,No,0.04877513647079468
4042,No,0.41990897059440613
4043,No,0.2613881826400757
4044,Yes,0.7410604357719421
4045,No,0.19190528988838196
4046,No,0.17781434953212738
4047,No,0.2013707160949707
4048,No,0.14791534841060638
4049,No,0.30874308943748474
4050,No,0.4461384117603302
4051,No,0.471546471118927
4052,Yes,0.6346480846405029
4053,No,0.1187688484787941
4054,No,0.15058940649032593
4055,No,0.13320302963256836
4056,No,0.1407075971364975
4057,Yes,0.6904708743095398
4058,No,0.286592960357666
4059,No,0.42187753319740295
4060,No,0.33079564571380615
4061,No,0.1111118420958519
4062,No,0.12442999333143234
4063,No,0.1064634844660759
4064,No,0.12668491899967194
4065,No,0.12039728462696075
4066,No,0.1329295039176941
4067,No,0.1255541443824768
4068,No,0.12665778398513794
4069,No,0.3478966951370239
4070,No,0.33712443709373474
4071,No,0.2507117986679077
4072,No,0.2754242718219757
4073,No,0.2250451147556305
4074,No,0.3810522258281708
4075,No,0.189932182431221
4076,No,0.2725251615047455
4077,No,0.16423293948173523
4078,No,0.1562817543745041
4079,No,0.14834949374198914
4080,No,0.15056094527244568
4081,No,0.05044082924723625
4082,No,0.061198215931653976
4083,No,0.05813899636268616
4084,No,0.12098821252584457
4085,No,0.15087364614009857
4086,No,0.2340676337480545
4087,No,0.16625002026557922
4088,No,0.14015112817287445
4089,No,0.059431277215480804
4090,No,0.1084241196513176
4091,No,0.10020480304956436
4092,No,0.29446840286254883
4093,No,0.23857364058494568
4094,No,0.23313544690608978
4095,No,0.2896501123905182
4096,No,0.20929811894893646
4097,Yes,0.5124353766441345
4098,No,0.4863874614238739
4099,Yes,0.537389874458313
4100,No,0.4645807445049286
4101,No,0.08434851467609406
4102,No,0.11039446294307709
4103,No,0.06971731036901474
4104,No,0.08668147027492523
4105,Yes,0.6248697638511658
4106,Yes,0.7098402976989746
4107,Yes,0.8184586763381958
4108,Yes,0.8179005980491638
4109,No,0.098866768181324
4110,No,0.09241391718387604
4111,No,0.11006339639425278
4112,No,0.146574005484581
4113,No,0.1702401340007782
4114,No,0.166146382689476
4115,No,0.18767911195755005
4116,No,0.19096986949443817
4117,No,0.15298180282115936
4118,No,0.11160074174404144
4119,No,0.10694224387407303
4120,No,0.11296442896127701
4121,No,0.19728511571884155
4122,No,0.14896810054779053
4123,No,0.12712347507476807
4124,No,0.12976093590259552
4125,No,0.23522548377513885
4126,No,0.2798503339290619
4127,No,0.1533874273300171
4128,No,0.18143945932388306
4129,No,0.3405710756778717
4130,No,0.26168566942214966
4131,No,0.3637336790561676
4132,No,0.3416258990764618
4133,No,0.3637947142124176
4134,No,0.3415573537349701
4135,Yes,0.5907893776893616
4136,Yes,0.5118030309677124
4137,Yes,0.5174576044082642
4138,No,0.4660004675388336
4139,Yes,0.5504099726676941
4140,Yes,0.512742817401886
4141,No,0.3096493184566498
4142,No,0.2714426517486572
4143,No,0.32716915011405945
4144,No,0.31600165367126465
4145,No,0.34654879570007324
4146,No,0.4523145258426666
4147,Yes,0.531206488609314
4148,No,0.46482065320014954
4149,Yes,0.5044302940368652
4150,Yes,0.6055141687393188
4151,Yes,0.7518309950828552
4152,Yes,0.7260346412658691
4153,No,0.37412840127944946
4154,No,0.2735207676887512
4155,No,0.28600379824638367
4156,No,0.26513296365737915
4157,No,0.24229958653450012
4158,No,0.22958645224571228
4159,No,0.26373931765556335
4160,No,0.28713124990463257
4161,No,0.2406821846961975
4162,No,0.29268303513526917
4163,Yes,0.5192831754684448
4164,No,0.38633716106414795
4165,Yes,0.5593993663787842
4166,Yes,0.5446901321411133
4167,Yes,0.7307685613632202
4168,Yes,0.5401436686515808
4169,No,0.3864327669143677
4170,No,0.3184216022491455
4171,No,0.3749540448188782
4172,No,0.3914463222026825
4173,No,0.2689756751060486
4174,No,0.27785900235176086
4175,No,0.3066466748714447
4176,No,0.2721579670906067
4177,No,0.09400592744350433
4178,No,0.11477411538362503
4179,No,0.0729387030005455
4180,No,0.12803468108177185
4181,No,0.04615696892142296
4182,No,0.09463416039943695
4183,No,0.07426033914089203
4184,No,0.12524954974651337
4185,No,0.3184240162372589
4186,Yes,0.6055246591567993
4187,No,0.4049558639526367
4188,Yes,0.7203765511512756
4189,No,0.07654911279678345
4190,No,0.21310095489025116
4191,No,0.15920495986938477
4192,No,0.15294641256332397
4193,No,0.16794094443321228
4194,No,0.19989590346813202
4195,No,0.2573692500591278
4196,No,0.3137483298778534
4197,No,0.12383200973272324
4198,No,0.2981981635093689
4199,No,0.08547049015760422
4200,No,0.17653773725032806
4201,No,0.08728490024805069
4202,No,0.1351206749677658
4203,No,0.07716361433267593
4204,No,0.1029299944639206
4205,Yes,0.6762626767158508
4206,Yes,0.6431759595870972
4207,Yes,0.5666607022285461
4208,Yes,0.6624874472618103
4209,No,0.10929899662733078
4210,No,0.1666039228439331
4211,No,0.08523385226726532
4212,No,0.11975687742233276
4213,No,0.09153445810079575
4214,No,0.2597697377204895
4215,No,0.24340973794460297
4216,No,0.2557325065135956
4217,No,0.3421076238155365
4218,No,0.4576505720615387
4219,No,0.18340617418289185
4220,No,0.25975552201271057
4221,No,0.08337274193763733
4222,No,0.2090742588043213
4223,No,0.1605256199836731
4224,No,0.17463865876197815
4225,No,0.3351394534111023
4226,No,0.32883161306381226
4227,No,0.39294561743736267
4228,No,0.378574401140213
4229,No,0.32814961671829224
4230,No,0.385601669549942
4231,No,0.2892166078090668
4232,No,0.2915850579738617
4233,No,0.20090720057487488
4234,No,0.4547497630119324
4235,No,0.48095059394836426
4236,No,0.46250420808792114
4237,No,0.4075200855731964
4238,No,0.3011118769645691
4239,No,0.27025753259658813
4240,No,0.2351045310497284
4241,No,0.145048588514328
4242,No,0.304207444190979
4243,No,0.21383239328861237
4244,No,0.202194944024086
4245,No,0.2555621862411499
4246,No,0.2784020006656647
4247,No,0.22126251459121704
4248,No,0.19241221249103546
4249,Yes,0.5461650490760803
4250,No,0.41937196254730225
4251,No,0.47973573207855225
4252,No,0.42864760756492615
4253,No,0.2081209123134613
4254,No,0.1963142603635788
4255,No,0.3791416883468628
4256,No,0.2551436722278595
4257,No,0.165086567401886
4258,No,0.20223058760166168
4259,No,0.19761310517787933
4260,No,0.28431230783462524
4261,No,0.1687028408050537
4262,No,0.2253682166337967
4263,No,0.18310655653476715
4264,No,0.23939085006713867
4265,No,0.1641804724931717
4266,No,0.18528811633586884
4267,No,0.16083738207817078
4268,No,0.21745839715003967
4269,No,0.13329537212848663
4270,No,0.23375222086906433
4271,No,0.18921276926994324
4272,No,0.20918188989162445
4273,No,0.2581058442592621
4274,Yes,0.5894892811775208
4275,No,0.41160890460014343
4276,Yes,0.5347362756729126
4277,No,0.05735784396529198
4278,No,0.20556265115737915
4279,No,0.09411220997571945
4280,No,0.16463376581668854
4281,No,0.1481824666261673
4282,No,0.18150201439857483
4283,No,0.14979062974452972
4284,No,0.17267915606498718
4285,No,0.1264643520116806
4286,No,0.32791364192962646
4287,No,0.17576611042022705
4288,No,0.30320045351982117
4289,No,0.46071773767471313
4290,No,0.4283071458339691
4291,No,0.40855011343955994
4292,No,0.35208606719970703
4293,No,0.08158885687589645
4294,No,0.08699584752321243
4295,No,0.06935584545135498
4296,No,0.06386279314756393
4297,No,0.20828457176685333
4298,No,0.20946696400642395
4299,No,0.209396094083786
4300,No,0.17657971382141113
4301,No,0.046604257076978683
4302,No,0.07309035956859589
4303,No,0.0575321801006794
4304,No,0.074493907392025
4305,No,0.07202370464801788
4306,No,0.08281134068965912
4307,No,0.0666118860244751
4308,No,0.08733928203582764
4309,No,0.17105430364608765
4310,No,0.15176737308502197
4311,No,0.1676347702741623
4312,No,0.12926335632801056
4313,No,0.07333030551671982
4314,No,0.14200256764888763
4315,No,0.0875871554017067
4316,No,0.12536054849624634
4317,No,0.11145826429128647
4318,No,0.1351889967918396
4319,No,0.09957505017518997
4320,No,0.09764862060546875
4321,No,0.119838185608387
4322,No,0.19877323508262634
4323,No,0.14765574038028717
4324,No,0.1168537512421608
4325,No,0.06617765873670578
4326,No,0.08135373890399933
4327,No,0.06331394612789154
4328,No,0.09238818287849426
4329,No,0.07357191294431686
4330,No,0.09379713982343674
4331,No,0.08044547587633133
4332,No,0.11116664856672287
4333,No,0.10543384402990341
4334,No,0.08183713257312775
4335,No,0.09055058658123016
4336,No,0.07680083066225052
4337,No,0.09384214133024216
4338,No,0.09594450891017914
4339,No,0.0926923006772995
4340,No,0.09579958021640778
4341,No,0.08717654645442963
4342,No,0.15379886329174042
4343,No,0.11214619129896164
4344,No,0.09238804131746292
4345,No,0.17127256095409393
4346,No,0.18698415160179138
4347,No,0.11641312390565872
4348,No,0.12574352324008942
4349,No,0.07441084086894989
4350,No,0.09274592995643616
4351,No,0.09671489149332047
4352,No,0.11504431813955307
4353,No,0.11342598497867584
4354,No,0.11788970977067947
4355,No,0.137152299284935
4356,No,0.0983203798532486
4357,No,0.09800420701503754
4358,No,0.09842092543840408
4359,No,0.08992995321750641
4360,No,0.09166697412729263
4361,No,0.10241349041461945
4362,No,0.16787384450435638
4363,No,0.1429244726896286
4364,No,0.1714850515127182
4365,No,0.07383755594491959
4366,No,0.08654528111219406
4367,No,0.08981504291296005
4368,No,0.12897269427776337
4369,No,0.3332548141479492
4370,No,0.4155063331127167
4371,No,0.3364298939704895
4372,No,0.4252001941204071
4373,No,0.2031446099281311
4374,No,0.3791102468967438
4375,No,0.18323743343353271
4376,No,0.34258604049682617
4377,No,0.10155149549245834
4378,No,0.2165174037218094
4379,No,0.10402005910873413
4380,No,0.1454322636127472
4381,No,0.1569807231426239
4382,No,0.20511740446090698
4383,No,0.22737634181976318
4384,No,0.29989027976989746
4385,Yes,0.6833587288856506
4386,Yes,0.8120294213294983
4387,Yes,0.9173411130905151
4388,Yes,0.8866791129112244
4389,No,0.16238734126091003
4390,No,0.12097012996673584
4391,No,0.0677436888217926
4392,No,0.09435590356588364
4393,No,0.07690615952014923
4394,No,0.21472570300102234
4395,No,0.10747162252664566
4396,No,0.1457158923149109
4397,No,0.13873212039470673
4398,No,0.3483666777610779
4399,No,0.2179400771856308
4400,No,0.3068350553512573
4401,No,0.05580795928835869
4402,No,0.12894567847251892
4403,No,0.10971375554800034
4404,No,0.132444366812706
4405,No,0.08293581008911133
4406,No,0.11911648511886597
4407,No,0.10121472924947739
4408,No,0.12685640156269073
4409,No,0.11836881190538406
4410,No,0.24106983840465546
4411,No,0.21905192732810974
4412,No,0.380723774433136
4413,No,0.21084825694561005
4414,No,0.2360285371541977
4415,No,0.12513163685798645
4416,No,0.15676212310791016
