item,label,p_yes
1,Yes,0.7688086032867432
2,Yes,0.7596973180770874
3,Yes,0.762733519077301
4,Yes,0.7583837509155273
5,Yes,0.7743754386901855
6,Yes,0.7664107084274292
7,Yes,0.7636840343475342
8,Yes,0.7554832696914673
9,Yes,0.7789686322212219
10,Yes,0.7769549489021301
11,Yes,0.7722876667976379
12,Yes,0.7667755484580994
13,Yes,0.7745023965835571
14,Yes,0.7734031677246094
15,Yes,0.7642083168029785
16,Yes,0.7591794729232788
17,Yes,0.7690578699111938
18,Yes,0.7667275667190552
19,Yes,0.7613373398780823
20,Yes,0.7578136920928955
21,Yes,0.7733614444732666
22,Yes,0.7716589570045471
23,Yes,0.7621245384216309
24,Yes,0.7570371031761169
25,Yes,0.768170952796936
26,Yes,0.7639679312705994
27,Yes,0.7587824463844299
28,Yes,0.7594019174575806
29,Yes,0.7779808044433594
30,Yes,0.7738406658172607
31,Yes,0.7709662914276123
32,Yes,0.7676286101341248
33,Yes,0.7746091485023499
34,Yes,0.7685725688934326
35,Yes,0.768007218837738
36,Yes,0.7650887966156006
37,Yes,0.7688736319541931
38,Yes,0.7594208717346191
39,Yes,0.7501018643379211
40,Yes,0.7578227519989014
41,Yes,0.7665340304374695
42,Yes,0.7701355218887329
43,Yes,0.7659769058227539
44,Yes,0.760767936706543
45,Yes,0.7917013764381409
46,Yes,0.7696768045425415
47,Yes,0.7807376980781555
48,Yes,0.7968367338180542
49,Yes,0.7716595530509949
50,Yes,0.7483892440795898
51,Yes,0.7602115273475647
52,Yes,0.7513276934623718
53,Yes,0.782784640789032
54,Yes,0.7651950120925903
55,Yes,0.7649054527282715
56,Yes,0.7600629329681396
57,Yes,0.7577807307243347
58,Yes,0.7506340742111206
59,Yes,0.7647219300270081
60,Yes,0.7578049898147583
61,Yes,0.7798017263412476
62,Yes,0.7631835341453552
63,Yes,0.76363605260849
64,Yes,0.7604504823684692
65,Yes,0.793056309223175
66,Yes,0.7741476893424988
67,Yes,0.7730607986450195
68,Yes,0.7683733105659485
69,Yes,0.7909455895423889
70,Yes,0.771477997303009
71,Yes,0.771094560623169
72,Yes,0.7706900238990784
73,Yes,0.7925680875778198
74,Yes,0.7735105752944946
75,Yes,0.7742648124694824
76,Yes,0.7650521397590637
77,Yes,0.7752465605735779
78,Yes,0.7555591464042664
79,Yes,0.7524805068969727
80,Yes,0.7463340163230896
81,Yes,0.7761027216911316
82,Yes,0.7613859176635742
83,Yes,0.777863085269928
84,Yes,0.7680359482765198
85,Yes,0.7764090299606323
86,Yes,0.7657384276390076
87,Yes,0.7857792377471924
88,Yes,0.7747822403907776
89,Yes,0.7804890871047974
90,Yes,0.7588962316513062
91,Yes,0.7782246470451355
92,Yes,0.7648375034332275
93,Yes,0.764808714389801
94,Yes,0.7426934242248535
95,Yes,0.767970860004425
96,Yes,0.7540137767791748
97,Yes,0.770797073841095
98,Yes,0.7581002712249756
99,Yes,0.770473837852478
100,Yes,0.7607277035713196
101,Yes,0.7640843987464905
102,Yes,0.7417073845863342
103,Yes,0.7617689967155457
104,Yes,0.7495346665382385
105,Yes,0.7719880938529968
106,Yes,0.7490904927253723
107,Yes,0.7659919857978821
108,Yes,0.7552513480186462
109,Yes,0.7902883887290955
110,Yes,0.7595654726028442
111,Yes,0.7791372537612915
112,Yes,0.7682666182518005
113,Yes,0.7782981395721436
114,Yes,0.7589094042778015
115,Yes,0.7742319703102112
116,Yes,0.7624144554138184
117,Yes,0.7645365595817566
118,Yes,0.7623946666717529
119,Yes,0.7759653329849243
120,Yes,0.7656961679458618
121,Yes,0.7867019772529602
122,Yes,0.77281653881073
123,Yes,0.7940786480903625
124,Yes,0.7819439172744751
125,Yes,0.7704728841781616
126,Yes,0.7465472221374512
127,Yes,0.7726399898529053
128,Yes,0.7585945725440979
129,Yes,0.7805623412132263
130,Yes,0.7460975050926208
131,Yes,0.7521874904632568
132,Yes,0.7494974136352539
133,Yes,0.7934398055076599
134,Yes,0.7686232924461365
135,Yes,0.7718504071235657
136,Yes,0.7522959113121033
137,Yes,0.7772057056427002
138,Yes,0.7371457815170288
139,Yes,0.7609816789627075
140,Yes,0.7650119066238403
141,Yes,0.7950321435928345
142,Yes,0.7738538384437561
143,Yes,0.7817027568817139
144,Yes,0.7685583233833313
145,Yes,0.7707330584526062
146,Yes,0.7610291838645935
147,Yes,0.7676039934158325
148,Yes,0.7517411708831787
149,Yes,0.7772057056427002
150,Yes,0.7371457815170288
151,Yes,0.7609816789627075
152,Yes,0.7650119066238403
153,Yes,0.7717086672782898
154,Yes,0.7515757083892822
155,Yes,0.7614771127700806
156,Yes,0.7488793730735779
157,Yes,0.7814751267433167
158,Yes,0.7504444718360901
159,Yes,0.766279935836792
160,Yes,0.7471014261245728
161,Yes,0.7808082699775696
162,Yes,0.7750662565231323
163,Yes,0.7747088670730591
164,Yes,0.7658575773239136
165,Yes,0.7938792109489441
166,Yes,0.7807114720344543
167,Yes,0.7869688868522644
168,Yes,0.7730292677879333
169,Yes,0.7559434175491333
170,Yes,0.7490290999412537
171,Yes,0.7533913850784302
172,Yes,0.757666289806366
173,Yes,0.7921435236930847
174,Yes,0.7763331532478333
175,Yes,0.7812952995300293
176,Yes,0.768399715423584
177,Yes,0.8085851073265076
178,Yes,0.785601794719696
179,Yes,0.7918590903282166
180,Yes,0.778614342212677
181,Yes,0.7755700349807739
182,Yes,0.7467700242996216
183,Yes,0.7639279961585999
184,Yes,0.7785845994949341
185,Yes,0.8042365908622742
186,Yes,0.8028116226196289
187,Yes,0.7822529077529907
188,Yes,0.7866487503051758
189,Yes,0.7822381258010864
190,Yes,0.7612128853797913
191,Yes,0.7717682123184204
192,Yes,0.7579615116119385
193,Yes,0.7879074811935425
194,Yes,0.7605342268943787
195,Yes,0.765241801738739
196,Yes,0.7714030742645264
197,Yes,0.7906621694564819
198,Yes,0.7692241668701172
199,Yes,0.7791824340820312
200,Yes,0.7631261944770813
201,Yes,0.7689809799194336
202,Yes,0.7457428574562073
203,Yes,0.7549004554748535
204,Yes,0.7434909343719482
205,Yes,0.8143516182899475
206,Yes,0.7926823496818542
207,Yes,0.7945106029510498
208,Yes,0.7799112796783447
209,Yes,0.7872883677482605
210,Yes,0.7587296962738037
211,Yes,0.7632695436477661
212,Yes,0.7482824325561523
213,Yes,0.7912871241569519
214,Yes,0.7673859596252441
215,Yes,0.7710405588150024
216,Yes,0.772452712059021
217,Yes,0.8048712611198425
218,Yes,0.7904970645904541
219,Yes,0.7988772988319397
220,Yes,0.7887621521949768
221,Yes,0.7728767395019531
222,Yes,0.7468729615211487
223,Yes,0.7580327987670898
224,Yes,0.7478354573249817
225,Yes,0.7671486735343933
226,Yes,0.7926759123802185
227,Yes,0.7791297435760498
228,Yes,0.7820116877555847
229,Yes,0.7758404612541199
230,Yes,0.7884921431541443
231,Yes,0.7762355804443359
232,Yes,0.7772700786590576
233,Yes,0.7726613879203796
234,Yes,0.7868537902832031
235,Yes,0.7766323089599609
236,Yes,0.7784346342086792
237,Yes,0.76531583070755
238,Yes,0.800162672996521
239,Yes,0.7737215757369995
240,Yes,0.7812180519104004
241,Yes,0.7528095245361328
242,Yes,0.7696412205696106
243,Yes,0.7684572339057922
244,Yes,0.7520391941070557
245,Yes,0.7635939121246338
246,Yes,0.7837051153182983
247,Yes,0.779687762260437
248,Yes,0.7637019157409668
249,Yes,0.7804321646690369
250,Yes,0.807748019695282
251,Yes,0.7833440899848938
252,Yes,0.7856985330581665
253,Yes,0.7706523537635803
254,Yes,0.7913916707038879
255,Yes,0.7576988935470581
256,Yes,0.771480143070221
257,Yes,0.7683038711547852
258,Yes,0.786755383014679
259,Yes,0.7687614560127258
260,Yes,0.7716894149780273
261,Yes,0.7758967280387878
262,Yes,0.8048452138900757
263,Yes,0.7735931277275085
264,Yes,0.787822961807251
265,Yes,0.7803769707679749
266,Yes,0.805127739906311
267,Yes,0.7844849228858948
268,Yes,0.7916161417961121
269,Yes,0.7637658715248108
270,Yes,0.7626843452453613
271,Yes,0.760043203830719
272,Yes,0.7573985457420349
273,Yes,0.7752262353897095
274,Yes,0.7621345520019531
275,Yes,0.7867423295974731
276,Yes,0.780585765838623
277,Yes,0.7533371448516846
278,Yes,0.7460368871688843
279,Yes,0.7894957065582275
280,Yes,0.785979151725769
281,Yes,0.7854822874069214
282,Yes,0.7721024751663208
283,Yes,0.7809970378875732
284,Yes,0.7789413928985596
285,Yes,0.7707513570785522
286,Yes,0.7615640163421631
287,Yes,0.7730749845504761
288,Yes,0.7712874412536621
289,Yes,0.7824233174324036
290,Yes,0.7552992105484009
291,Yes,0.7819057703018188
292,Yes,0.7732113003730774
293,Yes,0.7801344394683838
294,Yes,0.7620468139648438
295,Yes,0.7837792634963989
296,Yes,0.7788490056991577
297,Yes,0.7809996008872986
298,Yes,0.7615253925323486
299,Yes,0.7838574647903442
300,Yes,0.7767540216445923
301,Yes,0.7716941833496094
302,Yes,0.7562754154205322
303,Yes,0.7800341248512268
304,Yes,0.7722036838531494
305,Yes,0.7949059009552002
306,Yes,0.7735158205032349
307,Yes,0.7745680809020996
308,Yes,0.7636035680770874
309,Yes,0.767768383026123
310,Yes,0.7344561815261841
311,Yes,0.7482032179832458
312,Yes,0.7654248476028442
313,Yes,0.7616647481918335
314,Yes,0.7402170300483704
315,Yes,0.7553235292434692
316,Yes,0.7437666058540344
317,Yes,0.7669020295143127
318,Yes,0.7448807954788208
319,Yes,0.7597724795341492
320,Yes,0.7475884556770325
321,Yes,0.7583697438240051
322,Yes,0.7463377118110657
323,Yes,0.7476871013641357
324,Yes,0.7506320476531982
325,Yes,0.732541024684906
326,Yes,0.7201520800590515
327,Yes,0.7463761568069458
328,Yes,0.7523242831230164
329,Yes,0.7760762572288513
330,Yes,0.7443389892578125
331,Yes,0.7601857781410217
332,Yes,0.7475305199623108
333,Yes,0.7605687379837036
334,Yes,0.7309948801994324
335,Yes,0.7478119730949402
336,Yes,0.734458863735199
337,Yes,0.7690714001655579
338,Yes,0.7539845108985901
339,Yes,0.7666826248168945
340,Yes,0.7539976239204407
341,Yes,0.7658383846282959
342,Yes,0.7553334832191467
343,Yes,0.7625464200973511
344,Yes,0.7528627514839172
345,Yes,0.7477309703826904
346,Yes,0.7366102337837219
347,Yes,0.7452936172485352
348,Yes,0.7355995774269104
349,Yes,0.7839168310165405
350,Yes,0.7675969004631042
351,Yes,0.7716700434684753
352,Yes,0.7570886611938477
353,Yes,0.7811196446418762
354,Yes,0.7577964067459106
355,Yes,0.7649217844009399
356,Yes,0.7541955709457397
357,Yes,0.7968823313713074
358,Yes,0.7792455554008484
359,Yes,0.7926324605941772
360,Yes,0.7821759581565857
361,Yes,0.8017539381980896
362,Yes,0.7742020487785339
363,Yes,0.7722187638282776
364,Yes,0.7736913561820984
365,Yes,0.7765487432479858
366,Yes,0.7587039470672607
367,Yes,0.7590436339378357
368,Yes,0.7468027472496033
369,Yes,0.7687239050865173
370,Yes,0.7540398240089417
371,Yes,0.7579779624938965
372,Yes,0.7608258128166199
373,Yes,0.7864779829978943
374,Yes,0.7690866589546204
375,Yes,0.775942325592041
376,Yes,0.7673965096473694
377,Yes,0.7735519409179688
378,Yes,0.7495623826980591
379,Yes,0.7477898597717285
380,Yes,0.7505489587783813
381,Yes,0.7605193853378296
382,Yes,0.7475243210792542
383,Yes,0.7504170536994934
384,Yes,0.7466204166412354
385,Yes,0.8122808933258057
386,Yes,0.7611181735992432
387,Yes,0.7947702407836914
388,Yes,0.779771625995636
389,Yes,0.7863738536834717
390,Yes,0.763081431388855
391,Yes,0.7658980488777161
392,Yes,0.750898540019989
393,Yes,0.7781287431716919
394,Yes,0.7524874210357666
395,Yes,0.765963077545166
396,Yes,0.7536555528640747
397,Yes,0.7820892930030823
398,Yes,0.7593916654586792
399,Yes,0.7709760665893555
400,Yes,0.7572712898254395
401,Yes,0.7787836790084839
402,Yes,0.7598782181739807
403,Yes,0.7671722769737244
404,Yes,0.7505713105201721
405,Yes,0.7947853207588196
406,Yes,0.7781442999839783
407,Yes,0.7846202254295349
408,Yes,0.7717570066452026
409,Yes,0.7825136184692383
410,Yes,0.755641758441925
411,Yes,0.7621954679489136
412,Yes,0.7628492116928101
413,Yes,0.7940322160720825
414,Yes,0.7565617561340332
415,Yes,0.7572281360626221
416,Yes,0.7584170699119568
417,Yes,0.7847914099693298
418,Yes,0.766734778881073
419,Yes,0.7721899151802063
420,Yes,0.7611578106880188
421,Yes,0.7677385807037354
422,Yes,0.7522667646408081
423,Yes,0.7583156824111938
424,Yes,0.7481783032417297
425,Yes,0.7684547305107117
426,Yes,0.7544309496879578
427,Yes,0.7603060603141785
428,Yes,0.765268862247467
429,Yes,0.771883487701416
430,Yes,0.7600354552268982
431,Yes,0.7700085043907166
432,Yes,0.7597963809967041
433,Yes,0.7682270407676697
434,Yes,0.7450826168060303
435,Yes,0.7608824372291565
436,Yes,0.7499354481697083
437,Yes,0.7713985443115234
438,Yes,0.7646624445915222
439,Yes,0.7722266316413879
440,Yes,0.7623072862625122
441,Yes,0.7671090960502625
442,Yes,0.7540963888168335
443,Yes,0.7609267234802246
444,Yes,0.7513521313667297
445,Yes,0.769561231136322
446,Yes,0.7554017305374146
447,Yes,0.7630602121353149
448,Yes,0.7536226511001587
449,Yes,0.7586205005645752
450,Yes,0.7417009472846985
451,Yes,0.7477350234985352
452,Yes,0.7541628479957581
453,Yes,0.7628593444824219
454,Yes,0.7499502897262573
455,Yes,0.7532118558883667
456,Yes,0.7560274004936218
457,Yes,0.7615175843238831
458,Yes,0.743432879447937
459,Yes,0.7646884322166443
460,Yes,0.7739341855049133
461,Yes,0.7953064441680908
462,Yes,0.7526739835739136
463,Yes,0.7693393230438232
464,Yes,0.7765747904777527
465,Yes,0.7439645528793335
466,Yes,0.7243517637252808
467,Yes,0.7365195751190186
468,Yes,0.7372873425483704
469,Yes,0.7714338898658752
470,Yes,0.7529773116111755
471,Yes,0.7544082403182983
472,Yes,0.7587378025054932
473,Yes,0.7644646763801575
474,Yes,0.755810558795929
475,Yes,0.7623258233070374
476,Yes,0.7760305404663086
477,Yes,0.7633165717124939
478,Yes,0.7488020658493042
479,Yes,0.747789204120636
480,Yes,0.7531503438949585
481,Yes,0.7753263711929321
482,Yes,0.7748379111289978
483,Yes,0.7635898590087891
484,Yes,0.7665889859199524
485,Yes,0.7645857930183411
486,Yes,0.7659702301025391
487,Yes,0.7640864253044128
488,Yes,0.7634956240653992
489,Yes,0.7818635106086731
490,Yes,0.7719190120697021
491,Yes,0.7550103664398193
492,Yes,0.7589694261550903
493,Yes,0.7844706773757935
494,Yes,0.7873373627662659
495,Yes,0.7872185707092285
496,Yes,0.7885900735855103
497,Yes,0.7668358087539673
498,Yes,0.7583584785461426
499,Yes,0.7618072032928467
500,Yes,0.7639451026916504
501,Yes,0.7585740685462952
502,Yes,0.7602964639663696
503,Yes,0.757127046585083
504,Yes,0.7564967274665833
505,Yes,0.7487794160842896
506,Yes,0.739544689655304
507,Yes,0.7485862374305725
508,Yes,0.7477703094482422
509,Yes,0.7576552629470825
510,Yes,0.7596536874771118
511,Yes,0.7560745477676392
512,Yes,0.7562004327774048
513,Yes,0.7683877348899841
514,Yes,0.74041348695755
515,Yes,0.757493793964386
516,Yes,0.7428233027458191
517,Yes,0.7832362055778503
518,Yes,0.7588164806365967
519,Yes,0.7674194574356079
520,Yes,0.754149317741394
521,Yes,0.7588580846786499
522,Yes,0.7367149591445923
523,Yes,0.7526369094848633
524,Yes,0.7404366731643677
525,Yes,0.7903405427932739
526,Yes,0.7593347430229187
527,Yes,0.7654044032096863
528,Yes,0.7520173192024231
529,Yes,0.7764698266983032
530,Yes,0.7457759976387024
531,Yes,0.7442910075187683
532,Yes,0.7475000023841858
533,Yes,0.8061965107917786
534,Yes,0.7768934369087219
535,Yes,0.7860873937606812
536,Yes,0.7693802118301392
537,Yes,0.7689323425292969
538,Yes,0.7477145195007324
539,Yes,0.743162989616394
540,Yes,0.7492992281913757
541,Yes,0.7924187183380127
542,Yes,0.7683031558990479
543,Yes,0.776066243648529
544,Yes,0.7656729221343994
545,Yes,0.7744430899620056
546,Yes,0.7528491616249084
547,Yes,0.7583921551704407
548,Yes,0.7467469573020935
549,Yes,0.8225045204162598
550,Yes,0.7867836356163025
551,Yes,0.8014754056930542
552,Yes,0.7816200852394104
553,Yes,0.7810066342353821
554,Yes,0.7524144053459167
555,Yes,0.7598631978034973
556,Yes,0.7476428747177124
557,Yes,0.7621415257453918
558,Yes,0.7355528473854065
559,Yes,0.7410367131233215
560,Yes,0.7433956265449524
561,Yes,0.7655887603759766
562,Yes,0.740539014339447
563,Yes,0.7403987646102905
564,Yes,0.7469968795776367
565,Yes,0.7865955829620361
566,Yes,0.7646927833557129
567,Yes,0.756685197353363
568,Yes,0.7634528279304504
569,Yes,0.7727150321006775
570,Yes,0.759602963924408
571,Yes,0.7676293253898621
572,Yes,0.7556792497634888
573,Yes,0.7768999338150024
574,Yes,0.7539197206497192
575,Yes,0.7626053690910339
576,Yes,0.7472936511039734
577,Yes,0.7956950068473816
578,Yes,0.760577917098999
579,Yes,0.7743569612503052
580,Yes,0.7893425226211548
581,Yes,0.7803298830986023
582,Yes,0.7635837197303772
583,Yes,0.7681701183319092
584,Yes,0.7527354955673218
585,Yes,0.7728940844535828
586,Yes,0.7485113739967346
587,Yes,0.7600197792053223
588,Yes,0.7435337901115417
589,Yes,0.7898361682891846
590,Yes,0.7637265920639038
591,Yes,0.7651759386062622
592,Yes,0.7696722745895386
593,Yes,0.777581512928009
594,Yes,0.7633419036865234
595,Yes,0.7634854912757874
596,Yes,0.7557262182235718
597,Yes,0.7767946720123291
598,Yes,0.7725223302841187
599,Yes,0.7722442746162415
600,Yes,0.7683531045913696
601,Yes,0.7822815775871277
602,Yes,0.7632784247398376
603,Yes,0.7675392031669617
604,Yes,0.757993221282959
605,Yes,0.772959291934967
606,Yes,0.7635733485221863
607,Yes,0.7657791376113892
608,Yes,0.7596139907836914
609,Yes,0.7834386229515076
610,Yes,0.7703173160552979
611,Yes,0.7850448489189148
612,Yes,0.7663983702659607
613,Yes,0.7943869233131409
614,Yes,0.774363100528717
615,Yes,0.7886086702346802
616,Yes,0.7759110927581787
617,Yes,0.7644986510276794
618,Yes,0.7548096776008606
619,Yes,0.767928421497345
620,Yes,0.7649649977684021
621,Yes,0.7874704003334045
622,Yes,0.7640528082847595
623,Yes,0.7806401252746582
624,Yes,0.7877838611602783
625,Yes,0.7615070939064026
626,Yes,0.743813693523407
627,Yes,0.7537714838981628
628,Yes,0.748952329158783
629,Yes,0.797914445400238
630,Yes,0.7707613110542297
631,Yes,0.7835037708282471
632,Yes,0.7714759707450867
633,Yes,0.7712653279304504
634,Yes,0.7496786117553711
635,Yes,0.7747953534126282
636,Yes,0.7642747759819031
637,Yes,0.7877221703529358
638,Yes,0.7556368112564087
639,Yes,0.7719408273696899
640,Yes,0.7548355460166931
641,Yes,0.7743198871612549
642,Yes,0.7661679983139038
643,Yes,0.7755913734436035
644,Yes,0.7571026086807251
645,Yes,0.7940088510513306
646,Yes,0.7656148076057434
647,Yes,0.7739521861076355
648,Yes,0.7688271999359131
649,Yes,0.7729445695877075
650,Yes,0.753960371017456
651,Yes,0.764030933380127
652,Yes,0.7598909735679626
653,Yes,0.7826467156410217
654,Yes,0.7538670301437378
655,Yes,0.7688703536987305
656,Yes,0.7626649737358093
657,Yes,0.7816579341888428
658,Yes,0.7593318223953247
659,Yes,0.77577143907547
660,Yes,0.7575879693031311
661,Yes,0.787424623966217
662,Yes,0.7676016092300415
663,Yes,0.7736361622810364
664,Yes,0.7564073204994202
665,Yes,0.7711191177368164
666,Yes,0.7501840591430664
667,Yes,0.7641451358795166
668,Yes,0.7510250806808472
669,Yes,0.7969982028007507
670,Yes,0.7628280520439148
671,Yes,0.7612485289573669
672,Yes,0.7649928331375122
673,Yes,0.7893542647361755
674,Yes,0.7676948308944702
675,Yes,0.7792837023735046
676,Yes,0.7658756971359253
677,Yes,0.7998983860015869
678,Yes,0.7649709582328796
679,Yes,0.761361300945282
680,Yes,0.7643761038780212
681,Yes,0.7930348515510559
682,Yes,0.7724880576133728
683,Yes,0.784562349319458
684,Yes,0.7721270322799683
685,Yes,0.7665787935256958
686,Yes,0.753445565700531
687,Yes,0.7630861401557922
688,Yes,0.7483010292053223
689,Yes,0.7905431389808655
690,Yes,0.7604780793190002
691,Yes,0.7778715491294861
692,Yes,0.7586269974708557
693,Yes,0.7876459956169128
694,Yes,0.7557284832000732
695,Yes,0.7799242734909058
696,Yes,0.7558070421218872
697,Yes,0.8027640581130981
698,Yes,0.7692605257034302
699,Yes,0.7676443457603455
700,Yes,0.7703920602798462
701,Yes,0.7750875949859619
702,Yes,0.7584318518638611
703,Yes,0.7641090154647827
704,Yes,0.748690128326416
705,Yes,0.7816579341888428
706,Yes,0.7593318223953247
707,Yes,0.77577143907547
708,Yes,0.7575879693031311
709,Yes,0.7969982028007507
710,Yes,0.7628280520439148
711,Yes,0.7612485289573669
712,Yes,0.7649928331375122
713,Yes,0.7776699066162109
714,Yes,0.7651525735855103
715,Yes,0.7732995748519897
716,Yes,0.7581575512886047
717,Yes,0.773073673248291
718,Yes,0.7431139349937439
719,Yes,0.7464426755905151
720,Yes,0.7492636442184448
721,Yes,0.7965746521949768
722,Yes,0.7828907370567322
723,Yes,0.7831435799598694
724,Yes,0.7726157903671265
725,Yes,0.8005387783050537
726,Yes,0.7909249663352966
727,Yes,0.7877619862556458
728,Yes,0.7763023972511292
729,Yes,0.7942233681678772
730,Yes,0.7860696911811829
731,Yes,0.7884402871131897
732,Yes,0.7770088911056519
733,Yes,0.7882606983184814
734,Yes,0.7962697148323059
735,Yes,0.8002362251281738
736,Yes,0.7894434928894043
737,Yes,0.8128717541694641
738,Yes,0.8025689125061035
739,Yes,0.7954195737838745
740,Yes,0.7866349816322327
741,Yes,0.7866677045822144
742,Yes,0.7805531024932861
743,Yes,0.7789595723152161
744,Yes,0.7684736251831055
745,Yes,0.8058633804321289
746,Yes,0.7899194359779358
747,Yes,0.7880629897117615
748,Yes,0.7772483825683594
749,Yes,0.7969440817832947
750,Yes,0.781722366809845
751,Yes,0.7823537588119507
752,Yes,0.770691990852356
753,Yes,0.7909189462661743
754,Yes,0.7781420946121216
755,Yes,0.7823061347007751
756,Yes,0.7731238007545471
757,Yes,0.8254271745681763
758,Yes,0.8020241856575012
759,Yes,0.7945310473442078
760,Yes,0.7851075530052185
761,Yes,0.7994440793991089
762,Yes,0.7908270955085754
763,Yes,0.7948660850524902
764,Yes,0.7830216884613037
765,Yes,0.8070136308670044
766,Yes,0.7939988374710083
767,Yes,0.7887807488441467
768,Yes,0.7786235213279724
769,Yes,0.7828131914138794
770,Yes,0.7501822113990784
771,Yes,0.7606799006462097
772,Yes,0.7563602328300476
773,Yes,0.7767403721809387
774,Yes,0.7473595142364502
775,Yes,0.7608467936515808
776,Yes,0.7659871578216553
777,Yes,0.7818915843963623
778,Yes,0.7581674456596375
779,Yes,0.7663730382919312
780,Yes,0.7657167911529541
781,Yes,0.7699773907661438
782,Yes,0.7436740398406982
783,Yes,0.7565430998802185
784,Yes,0.7568082213401794
785,Yes,0.7595969438552856
786,Yes,0.7364532947540283
787,Yes,0.7649035453796387
788,Yes,0.7672631144523621
789,Yes,0.7648608684539795
790,Yes,0.7333223819732666
791,Yes,0.7548184990882874
792,Yes,0.759716808795929
793,Yes,0.7769330739974976
794,Yes,0.7698926329612732
795,Yes,0.7653144598007202
796,Yes,0.7628059983253479
797,Yes,0.7805938720703125
798,Yes,0.7493737936019897
799,Yes,0.7690964937210083
800,Yes,0.7775318026542664
801,Yes,0.7815952897071838
802,Yes,0.762671172618866
803,Yes,0.7711323499679565
804,Yes,0.7688416242599487
805,Yes,0.7869648337364197
806,Yes,0.7607446908950806
807,Yes,0.771207869052887
808,Yes,0.7693420648574829
809,Yes,0.783247172832489
810,Yes,0.7557989358901978
811,Yes,0.7664323449134827
812,Yes,0.7670789361000061
813,Yes,0.7816598415374756
814,Yes,0.757640540599823
815,Yes,0.7646152973175049
816,Yes,0.7641443014144897
817,Yes,0.7473453283309937
818,Yes,0.7509611248970032
819,Yes,0.7511827349662781
820,Yes,0.7534294724464417
821,Yes,0.7278505563735962
822,Yes,0.7355498671531677
823,Yes,0.7259051203727722
824,Yes,0.7408541440963745
825,Yes,0.743906557559967
826,Yes,0.7487256526947021
827,Yes,0.7477412819862366
828,Yes,0.7454667091369629
829,Yes,0.7336640954017639
830,Yes,0.7372770309448242
831,Yes,0.7302464246749878
832,Yes,0.7404627799987793
833,Yes,0.7293421626091003
834,Yes,0.7304362058639526
835,Yes,0.7224617600440979
836,Yes,0.7267815470695496
837,Yes,0.7343855500221252
838,Yes,0.7405576109886169
839,Yes,0.7419798374176025
840,Yes,0.7440012097358704
841,Yes,0.7473453283309937
842,Yes,0.7509611248970032
843,Yes,0.7511827349662781
844,Yes,0.7534294724464417
845,Yes,0.7391706705093384
846,Yes,0.7537393569946289
847,Yes,0.7433049082756042
848,Yes,0.7458270788192749
849,Yes,0.7956556677818298
850,Yes,0.7850522994995117
851,Yes,0.7854295969009399
852,Yes,0.781928539276123
853,Yes,0.7846441268920898
854,Yes,0.7573477625846863
855,Yes,0.7667179703712463
856,Yes,0.7636598348617554
857,Yes,0.7937741875648499
858,Yes,0.7688664793968201
859,Yes,0.7836892008781433
860,Yes,0.768787682056427
861,Yes,0.7776184678077698
862,Yes,0.7624936699867249
863,Yes,0.7747291326522827
864,Yes,0.7541243433952332
865,Yes,0.833204448223114
866,Yes,0.816801130771637
867,Yes,0.8142551779747009
868,Yes,0.8057962656021118
869,Yes,0.7930312752723694
870,Yes,0.7626906037330627
871,Yes,0.7766750454902649
872,Yes,0.7660034894943237
873,Yes,0.8026575446128845
874,Yes,0.7913607954978943
875,Yes,0.7916980981826782
876,Yes,0.7828565835952759
877,Yes,0.8059324026107788
878,Yes,0.7949463725090027
879,Yes,0.7982122898101807
880,Yes,0.7871441841125488
881,Yes,0.7897377014160156
882,Yes,0.777743399143219
883,Yes,0.7765635251998901
884,Yes,0.7626810073852539
885,Yes,0.7941252589225769
886,Yes,0.7807651162147522
887,Yes,0.775471031665802
888,Yes,0.7645392417907715
889,Yes,0.8180357813835144
890,Yes,0.7999106645584106
891,Yes,0.8025477528572083
892,Yes,0.7928820252418518
893,Yes,0.8104251623153687
894,Yes,0.8040662407875061
895,Yes,0.8021693229675293
896,Yes,0.794032633304596
897,Yes,0.8055823445320129
898,Yes,0.7696930766105652
899,Yes,0.7890267968177795
900,Yes,0.7672320008277893
901,Yes,0.7954419851303101
902,Yes,0.7645337581634521
903,Yes,0.7765383720397949
904,Yes,0.7616909146308899
905,Yes,0.8006889224052429
906,Yes,0.7737234830856323
907,Yes,0.7804914712905884
908,Yes,0.7601528763771057
909,Yes,0.7952135801315308
910,Yes,0.7708183526992798
911,Yes,0.7816961407661438
912,Yes,0.7786962985992432
913,Yes,0.7981764674186707
914,Yes,0.7661935687065125
915,Yes,0.7827965021133423
916,Yes,0.7653114199638367
917,Yes,0.8027145862579346
918,Yes,0.7756286859512329
919,Yes,0.8034337759017944
920,Yes,0.7843074202537537
921,Yes,0.7996337413787842
922,Yes,0.7720348834991455
923,Yes,0.7986752986907959
924,Yes,0.7822315096855164
925,Yes,0.7936887145042419
926,Yes,0.7705341577529907
927,Yes,0.7868794798851013
928,Yes,0.7724389433860779
929,Yes,0.8007069826126099
930,Yes,0.7727888226509094
931,Yes,0.7860143184661865
932,Yes,0.7653946876525879
933,Yes,0.7876668572425842
934,Yes,0.7658420205116272
935,Yes,0.7768536806106567
936,Yes,0.7615774273872375
937,Yes,0.8125113844871521
938,Yes,0.7962318658828735
939,Yes,0.8019485473632812
940,Yes,0.7817079424858093
941,Yes,0.7980974912643433
942,Yes,0.7694216966629028
943,Yes,0.7873629927635193
944,Yes,0.7703914046287537
945,Yes,0.8025141954421997
946,Yes,0.7888829708099365
947,Yes,0.77679443359375
948,Yes,0.7725349068641663
949,Yes,0.7431544661521912
950,Yes,0.7236587405204773
951,Yes,0.7502700090408325
952,Yes,0.740195631980896
953,Yes,0.7879102826118469
954,Yes,0.7716882824897766
955,Yes,0.7753450870513916
956,Yes,0.759004533290863
957,Yes,0.7861067056655884
958,Yes,0.7646933794021606
959,Yes,0.7735411524772644
960,Yes,0.7551400661468506
961,Yes,0.7849014401435852
962,Yes,0.7645699381828308
963,Yes,0.778484046459198
964,Yes,0.7614971995353699
965,Yes,0.7740374207496643
966,Yes,0.7647038102149963
967,Yes,0.774179995059967
968,Yes,0.7578354477882385
969,Yes,0.7828614115715027
970,Yes,0.7580417990684509
971,Yes,0.776639997959137
972,Yes,0.7597851157188416
973,Yes,0.7837443947792053
974,Yes,0.7589454650878906
975,Yes,0.7684371471405029
976,Yes,0.7643341422080994
977,Yes,0.7734141945838928
978,Yes,0.7476015090942383
979,Yes,0.7518612146377563
980,Yes,0.7554063200950623
981,Yes,0.7566677331924438
982,Yes,0.7459704875946045
983,Yes,0.752665638923645
984,Yes,0.7543365955352783
985,Yes,0.7696613073348999
986,Yes,0.7415171265602112
987,Yes,0.7493603825569153
988,Yes,0.75249844789505
989,Yes,0.7706968188285828
990,Yes,0.739621102809906
991,Yes,0.7612688541412354
992,Yes,0.7695612907409668
993,Yes,0.7753241658210754
994,Yes,0.7479941844940186
995,Yes,0.7471252083778381
996,Yes,0.751509428024292
997,Yes,0.7698999643325806
998,Yes,0.7471517324447632
999,Yes,0.7526597380638123
1000,Yes,0.7545956373214722
1001,Yes,0.7620140910148621
1002,Yes,0.7340460419654846
1003,Yes,0.737902045249939
1004,Yes,0.7413636445999146
1005,Yes,0.7722504138946533
1006,Yes,0.7505031228065491
1007,Yes,0.7524312138557434
1008,Yes,0.7561902403831482
1009,Yes,0.7803153991699219
1010,Yes,0.7887811064720154
1011,Yes,0.7581143975257874
1012,Yes,0.7744372487068176
1013,Yes,0.7964877486228943
1014,Yes,0.786182701587677
1015,Yes,0.7766147255897522
1016,Yes,0.7905580401420593
1017,Yes,0.7682890295982361
1018,Yes,0.7714444994926453
1019,Yes,0.7383748292922974
1020,Yes,0.7643895149230957
1021,Yes,0.7867480516433716
1022,Yes,0.7880316376686096
1023,Yes,0.7656700611114502
1024,Yes,0.7901046872138977
1025,Yes,0.7778936624526978
1026,Yes,0.7829692363739014
1027,Yes,0.762062132358551
1028,Yes,0.781326413154602
1029,Yes,0.795299768447876
1030,Yes,0.8034786581993103
1031,Yes,0.7727037072181702
1032,Yes,0.7921367287635803
1033,Yes,0.7734112739562988
1034,Yes,0.7770774364471436
1035,Yes,0.7594078779220581
1036,Yes,0.781283974647522
1037,Yes,0.798183262348175
1038,Yes,0.7819442749023438
1039,Yes,0.7694621086120605
1040,Yes,0.7789722084999084
1041,Yes,0.7795377969741821
1042,Yes,0.78721022605896
1043,Yes,0.7617176175117493
1044,Yes,0.7827334403991699
1045,Yes,0.7950697541236877
1046,Yes,0.7980226278305054
1047,Yes,0.7627121806144714
1048,Yes,0.7833715677261353
1049,Yes,0.8012197017669678
1050,Yes,0.8046308159828186
1051,Yes,0.7772158980369568
1052,Yes,0.7949852347373962
1053,Yes,0.7899160385131836
1054,Yes,0.7933810949325562
1055,Yes,0.7767927646636963
1056,Yes,0.7918297052383423
1057,Yes,0.7956510782241821
1058,Yes,0.7962609529495239
1059,Yes,0.774782657623291
1060,Yes,0.7912349104881287
1061,Yes,0.7834914922714233
1062,Yes,0.7857913970947266
1063,Yes,0.763411283493042
1064,Yes,0.7830249667167664
1065,Yes,0.795299768447876
1066,Yes,0.8034786581993103
1067,Yes,0.7727037072181702
1068,Yes,0.7921367287635803
1069,Yes,0.7731425166130066
1070,Yes,0.7892147898674011
1071,Yes,0.7661176919937134
1072,Yes,0.7880516648292542
1073,Yes,0.7908408045768738
1074,Yes,0.7781440615653992
1075,Yes,0.7804448008537292
1076,Yes,0.7691731452941895
1077,Yes,0.7666635513305664
1078,Yes,0.7621214389801025
1079,Yes,0.7635583281517029
1080,Yes,0.7734745740890503
1081,Yes,0.7813615798950195
1082,Yes,0.7680673599243164
1083,Yes,0.7753043174743652
1084,Yes,0.7698749303817749
1085,Yes,0.7836148738861084
1086,Yes,0.7704149484634399
1087,Yes,0.7800890803337097
1088,Yes,0.7750551104545593
1089,Yes,0.7908331155776978
1090,Yes,0.778797447681427
1091,Yes,0.7847498655319214
1092,Yes,0.7759349942207336
1093,Yes,0.7842558026313782
1094,Yes,0.7702540755271912
1095,Yes,0.7676613330841064
1096,Yes,0.7601145505905151
1097,Yes,0.7730335593223572
1098,Yes,0.7589905261993408
1099,Yes,0.7577124834060669
1100,Yes,0.7519782781600952
1101,Yes,0.7783621549606323
1102,Yes,0.7638327479362488
1103,Yes,0.7676481008529663
1104,Yes,0.7612393498420715
1105,Yes,0.790144681930542
1106,Yes,0.7544168829917908
1107,Yes,0.7891676425933838
1108,Yes,0.7545173168182373
1109,Yes,0.8035383820533752
1110,Yes,0.7627728581428528
1111,Yes,0.7884601950645447
1112,Yes,0.755363941192627
1113,Yes,0.8025813102722168
1114,Yes,0.7668651342391968
1115,Yes,0.7916842699050903
1116,Yes,0.7617412805557251
1117,Yes,0.801062822341919
1118,Yes,0.765332818031311
1119,Yes,0.7860484719276428
1120,Yes,0.761646568775177
1121,Yes,0.7937422394752502
1122,Yes,0.7612664699554443
1123,Yes,0.7881850004196167
1124,Yes,0.7561913728713989
1125,Yes,0.7987276911735535
1126,Yes,0.7604169845581055
1127,Yes,0.7857144474983215
1128,Yes,0.7558221817016602
1129,Yes,0.8044419884681702
1130,Yes,0.7670698165893555
1131,Yes,0.7902576327323914
1132,Yes,0.7882380485534668
1133,Yes,0.793204665184021
1134,Yes,0.7666758894920349
1135,Yes,0.7753736972808838
1136,Yes,0.744621753692627
1137,Yes,0.749563992023468
1138,Yes,0.7360085844993591
1139,Yes,0.7466651201248169
1140,Yes,0.7382582426071167
1141,Yes,0.7352128624916077
1142,Yes,0.7180279493331909
1143,Yes,0.7349080443382263
1144,Yes,0.7239943146705627
1145,Yes,0.7684212327003479
1146,Yes,0.7569524645805359
1147,Yes,0.7598650455474854
1148,Yes,0.7501236796379089
1149,Yes,0.7493882775306702
1150,Yes,0.7159544229507446
1151,Yes,0.7316898703575134
1152,Yes,0.7175925970077515
1153,Yes,0.7421088814735413
1154,Yes,0.724829375743866
1155,Yes,0.7522602677345276
1156,Yes,0.7560661435127258
1157,Yes,0.784528911113739
1158,Yes,0.7554916143417358
1159,Yes,0.7739077806472778
1160,Yes,0.753864049911499
1161,Yes,0.7630769610404968
1162,Yes,0.728836715221405
1163,Yes,0.7538666129112244
1164,Yes,0.7348793148994446
1165,Yes,0.745419979095459
1166,Yes,0.7094647884368896
1167,Yes,0.7355559468269348
1168,Yes,0.7197794318199158
1169,Yes,0.7588522434234619
1170,Yes,0.7473042011260986
1171,Yes,0.7496110200881958
1172,Yes,0.7568612098693848
1173,Yes,0.7520651817321777
1174,Yes,0.7568816542625427
1175,Yes,0.7587718367576599
1176,Yes,0.7536627650260925
1177,Yes,0.7719221115112305
1178,Yes,0.7672758102416992
1179,Yes,0.7669083476066589
1180,Yes,0.7590890526771545
1181,Yes,0.7578749060630798
1182,Yes,0.7571845054626465
1183,Yes,0.7543492317199707
1184,Yes,0.7631297707557678
1185,Yes,0.7756944298744202
1186,Yes,0.7660495638847351
1187,Yes,0.76598060131073
1188,Yes,0.7660880088806152
1189,Yes,0.7798863053321838
1190,Yes,0.7630606293678284
1191,Yes,0.7671629190444946
1192,Yes,0.7526320815086365
1193,Yes,0.795052707195282
1194,Yes,0.7785362005233765
1195,Yes,0.7888022661209106
1196,Yes,0.77674400806427
1197,Yes,0.7821291089057922
1198,Yes,0.7677041292190552
1199,Yes,0.774746835231781
1200,Yes,0.7604878544807434
1201,Yes,0.7439559102058411
1202,Yes,0.7354609370231628
1203,Yes,0.756853461265564
1204,Yes,0.7472577691078186
1205,Yes,0.7854894399642944
1206,Yes,0.7656945586204529
1207,Yes,0.7682890295982361
1208,Yes,0.7542231678962708
1209,Yes,0.7790828943252563
1210,Yes,0.7480012774467468
1211,Yes,0.7671100497245789
1212,Yes,0.7785850167274475
1213,Yes,0.78169184923172
1214,Yes,0.7627014517784119
1215,Yes,0.7701957821846008
1216,Yes,0.7539258599281311
1217,Yes,0.7768423557281494
1218,Yes,0.7458831071853638
1219,Yes,0.7541564106941223
1220,Yes,0.7514989972114563
1221,Yes,0.7822175621986389
1222,Yes,0.7707648277282715
1223,Yes,0.7722440958023071
1224,Yes,0.7549444437026978
1225,Yes,0.7820320725440979
1226,Yes,0.7754625678062439
1227,Yes,0.7768393158912659
1228,Yes,0.7583156824111938
1229,Yes,0.7732098698616028
1230,Yes,0.7506105899810791
1231,Yes,0.7650035619735718
1232,Yes,0.7496127486228943
1233,Yes,0.7839170098304749
1234,Yes,0.7693064212799072
1235,Yes,0.7715935707092285
1236,Yes,0.7531442046165466
1237,Yes,0.7855615615844727
1238,Yes,0.7634028196334839
1239,Yes,0.7713099122047424
1240,Yes,0.7550327777862549
1241,Yes,0.7822175621986389
1242,Yes,0.7707648277282715
1243,Yes,0.7722440958023071
1244,Yes,0.7549444437026978
1245,Yes,0.7768910527229309
1246,Yes,0.7581919431686401
1247,Yes,0.7526198029518127
1248,Yes,0.7535588145256042
1249,Yes,0.796775758266449
1250,Yes,0.7725601196289062
1251,Yes,0.771354615688324
1252,Yes,0.7563818693161011
1253,Yes,0.7928722500801086
1254,Yes,0.7726156115531921
1255,Yes,0.7752644419670105
1256,Yes,0.764028787612915
1257,Yes,0.7906844019889832
1258,Yes,0.7836487889289856
1259,Yes,0.7796280980110168
1260,Yes,0.7656978368759155
1261,Yes,0.7735734581947327
1262,Yes,0.7419223189353943
1263,Yes,0.7370871901512146
1264,Yes,0.7379952669143677
1265,Yes,0.7968548536300659
1266,Yes,0.7724416851997375
1267,Yes,0.774153470993042
1268,Yes,0.7572788596153259
1269,Yes,0.7937006950378418
1270,Yes,0.7716506123542786
1271,Yes,0.7786560654640198
1272,Yes,0.770110547542572
1273,Yes,0.7909135818481445
1274,Yes,0.7714996933937073
1275,Yes,0.7731472253799438
1276,Yes,0.7577378153800964
1277,Yes,0.7862779498100281
1278,Yes,0.7671671509742737
1279,Yes,0.7692235112190247
1280,Yes,0.7573226690292358
1281,Yes,0.797146201133728
1282,Yes,0.7765193581581116
1283,Yes,0.7789835929870605
1284,Yes,0.7653396129608154
1285,Yes,0.79620361328125
1286,Yes,0.7776740789413452
1287,Yes,0.7840615510940552
1288,Yes,0.7690260410308838
1289,Yes,0.7928236722946167
1290,Yes,0.7788819670677185
1291,Yes,0.777580976486206
1292,Yes,0.7614895701408386
1293,Yes,0.803422749042511
1294,Yes,0.7724250555038452
1295,Yes,0.7816922664642334
1296,Yes,0.7918352484703064
1297,Yes,0.8024070858955383
1298,Yes,0.7786623239517212
1299,Yes,0.776174783706665
1300,Yes,0.7594080567359924
1301,Yes,0.7967895269393921
1302,Yes,0.7713194489479065
1303,Yes,0.7792232036590576
1304,Yes,0.766953706741333
1305,Yes,0.807583749294281
1306,Yes,0.789513349533081
1307,Yes,0.7896235585212708
1308,Yes,0.77875155210495
1309,Yes,0.797874927520752
1310,Yes,0.7840360403060913
1311,Yes,0.7894901037216187
1312,Yes,0.7747323513031006
1313,Yes,0.8041234612464905
1314,Yes,0.767085075378418
1315,Yes,0.7920093536376953
1316,Yes,0.7601374983787537
1317,Yes,0.8131905198097229
1318,Yes,0.7701592445373535
1319,Yes,0.7865673303604126
1320,Yes,0.7739906311035156
1321,Yes,0.7971178889274597
1322,Yes,0.7579087615013123
1323,Yes,0.7904582619667053
1324,Yes,0.7575944662094116
1325,Yes,0.7956292033195496
1326,Yes,0.7572906613349915
1327,Yes,0.7800770401954651
1328,Yes,0.7515740394592285
1329,Yes,0.8078684210777283
1330,Yes,0.7717665433883667
1331,Yes,0.7967528104782104
1332,Yes,0.7681300044059753
1333,Yes,0.7912992835044861
1334,Yes,0.7469602227210999
1335,Yes,0.781730592250824
1336,Yes,0.7453557252883911
1337,Yes,0.7997021079063416
1338,Yes,0.760811984539032
1339,Yes,0.7905727028846741
1340,Yes,0.7614118456840515
1341,Yes,0.7986695766448975
1342,Yes,0.7667997479438782
1343,Yes,0.7914137840270996
1344,Yes,0.760670006275177
1345,Yes,0.7978003025054932
1346,Yes,0.7587765455245972
1347,Yes,0.785119891166687
1348,Yes,0.7520745992660522
1349,Yes,0.793598473072052
1350,Yes,0.7457366585731506
1351,Yes,0.782368540763855
1352,Yes,0.7518405318260193
1353,Yes,0.782795786857605
1354,Yes,0.7522640228271484
1355,Yes,0.7814571261405945
1356,Yes,0.7510539293289185
1357,Yes,0.8003637194633484
1358,Yes,0.7683785557746887
1359,Yes,0.7758959531784058
1360,Yes,0.7641083598136902
1361,Yes,0.7794626951217651
1362,Yes,0.7657114863395691
1363,Yes,0.771834671497345
1364,Yes,0.7565504312515259
1365,Yes,0.7732908725738525
1366,Yes,0.7463650703430176
1367,Yes,0.7572205066680908
1368,Yes,0.7431308627128601
1369,Yes,0.764975905418396
1370,Yes,0.7569159865379333
1371,Yes,0.7709929943084717
1372,Yes,0.7618415355682373
1373,Yes,0.792413592338562
1374,Yes,0.7628611922264099
1375,Yes,0.7715668082237244
1376,Yes,0.7721837162971497
1377,Yes,0.7620735764503479
1378,Yes,0.7385532855987549
1379,Yes,0.7479436993598938
1380,Yes,0.7498740553855896
1381,Yes,0.7796345353126526
1382,Yes,0.7633804082870483
1383,Yes,0.7805925607681274
1384,Yes,0.7708595991134644
1385,Yes,0.777362048625946
1386,Yes,0.7575076818466187
1387,Yes,0.766208291053772
1388,Yes,0.7515670657157898
1389,Yes,0.7867962718009949
1390,Yes,0.7671598196029663
1391,Yes,0.769480288028717
1392,Yes,0.7523425221443176
1393,Yes,0.754898726940155
1394,Yes,0.7222434282302856
1395,Yes,0.7381458878517151
1396,Yes,0.7405279874801636
1397,Yes,0.7635663747787476
1398,Yes,0.7446874976158142
1399,Yes,0.7506040334701538
1400,Yes,0.7544106245040894
1401,Yes,0.7924293875694275
1402,Yes,0.7538694739341736
1403,Yes,0.7716028690338135
1404,Yes,0.7581164240837097
1405,Yes,0.7795681953430176
1406,Yes,0.7502171397209167
1407,Yes,0.7698594927787781
1408,Yes,0.7527231574058533
1409,Yes,0.7746596932411194
1410,Yes,0.7471478581428528
1411,Yes,0.7653054594993591
1412,Yes,0.7518512606620789
1413,Yes,0.7731305956840515
1414,Yes,0.7473809123039246
1415,Yes,0.7624964118003845
1416,Yes,0.7472025156021118
1417,Yes,0.7716581225395203
1418,Yes,0.7349116206169128
1419,Yes,0.7630687355995178
1420,Yes,0.7462480664253235
1421,Yes,0.7895470261573792
1422,Yes,0.7567801475524902
1423,Yes,0.7719205617904663
1424,Yes,0.7531219720840454
1425,Yes,0.7280468344688416
1426,Yes,0.7242984771728516
1427,Yes,0.7301969528198242
1428,Yes,0.7261770367622375
1429,Yes,0.738308310508728
1430,Yes,0.7229121327400208
1431,Yes,0.7281415462493896
1432,Yes,0.7185690402984619
1433,Yes,0.7478461861610413
1434,Yes,0.7449367046356201
1435,Yes,0.7391079068183899
1436,Yes,0.7286691665649414
1437,Yes,0.7400012612342834
1438,Yes,0.7351943254470825
1439,Yes,0.7233829498291016
1440,Yes,0.7283614873886108
1441,Yes,0.7894191741943359
1442,Yes,0.7550158500671387
1443,Yes,0.785592794418335
1444,Yes,0.7888768315315247
1445,Yes,0.8138090372085571
1446,Yes,0.7794899344444275
1447,Yes,0.7843068242073059
1448,Yes,0.7871996760368347
1449,Yes,0.818815290927887
1450,Yes,0.7669459581375122
1451,Yes,0.7965494394302368
1452,Yes,0.7898349761962891
1453,Yes,0.8006356358528137
1454,Yes,0.7783086895942688
1455,Yes,0.7804940938949585
1456,Yes,0.7786180973052979
1457,Yes,0.7993257641792297
1458,Yes,0.7613009214401245
1459,Yes,0.7786690592765808
1460,Yes,0.7854024767875671
1461,Yes,0.8172468543052673
1462,Yes,0.7808820009231567
1463,Yes,0.7895394563674927
1464,Yes,0.78707355260849
1465,Yes,0.7845936417579651
1466,Yes,0.7608801126480103
1467,Yes,0.7886139750480652
1468,Yes,0.7882933616638184
1469,Yes,0.799511194229126
1470,Yes,0.7668888568878174
1471,Yes,0.7732170820236206
1472,Yes,0.7741857171058655
1473,Yes,0.7704991102218628
1474,Yes,0.7506008744239807
1475,Yes,0.7569455504417419
1476,Yes,0.7594364285469055
1477,Yes,0.7763569951057434
1478,Yes,0.757315456867218
1479,Yes,0.7826191186904907
1480,Yes,0.7718312740325928
1481,Yes,0.7776962518692017
1482,Yes,0.7612588405609131
1483,Yes,0.76983642578125
1484,Yes,0.7543359994888306
1485,Yes,0.7447580099105835
1486,Yes,0.718514621257782
1487,Yes,0.7389772534370422
1488,Yes,0.7283234596252441
1489,Yes,0.7977460622787476
1490,Yes,0.7794376015663147
1491,Yes,0.7824752926826477
1492,Yes,0.7680367827415466
1493,Yes,0.7895487546920776
1494,Yes,0.7709977626800537
1495,Yes,0.7807377576828003
1496,Yes,0.7634837031364441
1497,Yes,0.7776962518692017
1498,Yes,0.7612588405609131
1499,Yes,0.76983642578125
1500,Yes,0.7543359994888306
1501,Yes,0.7860265970230103
1502,Yes,0.7592523694038391
1503,Yes,0.7741607427597046
1504,Yes,0.7621825337409973
1505,Yes,0.7758289575576782
1506,Yes,0.7626076936721802
1507,Yes,0.7679185271263123
1508,Yes,0.7479790449142456
1509,Yes,0.7657071352005005
1510,Yes,0.7477885484695435
1511,Yes,0.7472805976867676
1512,Yes,0.7206705808639526
1513,Yes,0.7906532287597656
1514,Yes,0.7786683440208435
1515,Yes,0.7758764028549194
1516,Yes,0.7712152004241943
1517,Yes,0.7731431126594543
1518,Yes,0.7582194805145264
1519,Yes,0.7780126333236694
1520,Yes,0.7500958442687988
1521,Yes,0.7811027765274048
1522,Yes,0.7618646621704102
1523,Yes,0.7734257578849792
1524,Yes,0.7560765147209167
1525,Yes,0.7735328674316406
1526,Yes,0.7507880926132202
1527,Yes,0.759921133518219
1528,Yes,0.7563713192939758
1529,Yes,0.7825456261634827
1530,Yes,0.7605577707290649
1531,Yes,0.7729191184043884
1532,Yes,0.7572067975997925
1533,Yes,0.7799115180969238
1534,Yes,0.7602895498275757
1535,Yes,0.7617526054382324
1536,Yes,0.7569655776023865
1537,Yes,0.7682414650917053
1538,Yes,0.7631300687789917
1539,Yes,0.7663711905479431
1540,Yes,0.7568333745002747
1541,Yes,0.7829585671424866
1542,Yes,0.7694609761238098
1543,Yes,0.776272714138031
1544,Yes,0.7601329684257507
1545,Yes,0.7672462463378906
1546,Yes,0.7599882483482361
1547,Yes,0.7634113430976868
1548,Yes,0.7550209164619446
1549,Yes,0.7546310424804688
1550,Yes,0.7461433410644531
1551,Yes,0.7492684125900269
1552,Yes,0.7348116040229797
1553,Yes,0.7735949754714966
1554,Yes,0.7636135816574097
1555,Yes,0.766360342502594
1556,Yes,0.7568390965461731
1557,Yes,0.7772468328475952
1558,Yes,0.7560631036758423
1559,Yes,0.7681450247764587
1560,Yes,0.7582274675369263
1561,Yes,0.7612886428833008
1562,Yes,0.7483718395233154
1563,Yes,0.7522768378257751
1564,Yes,0.7472632527351379
1565,Yes,0.7613584995269775
1566,Yes,0.7583542466163635
1567,Yes,0.7577502727508545
1568,Yes,0.7475343942642212
1569,Yes,0.7885093092918396
1570,Yes,0.7620102167129517
1571,Yes,0.7678216695785522
1572,Yes,0.7678539156913757
1573,Yes,0.8040989637374878
1574,Yes,0.7746023535728455
1575,Yes,0.7814282178878784
1576,Yes,0.7833304405212402
1577,Yes,0.7646281719207764
1578,Yes,0.7492179870605469
1579,Yes,0.7531716227531433
1580,Yes,0.7528727650642395
1581,Yes,0.7990351319313049
1582,Yes,0.780144989490509
1583,Yes,0.7868279218673706
1584,Yes,0.785024881362915
1585,Yes,0.7518734335899353
1586,Yes,0.741037905216217
1587,Yes,0.7529782652854919
1588,Yes,0.7526963949203491
1589,Yes,0.7503384351730347
1590,Yes,0.7424242496490479
1591,Yes,0.7495835423469543
1592,Yes,0.748691737651825
1593,Yes,0.7427504062652588
1594,Yes,0.7267274260520935
1595,Yes,0.7466832399368286
1596,Yes,0.7437114119529724
1597,Yes,0.7564180493354797
1598,Yes,0.7552375793457031
1599,Yes,0.7591915130615234
1600,Yes,0.7579391002655029
1601,Yes,0.7488895058631897
1602,Yes,0.7429134249687195
1603,Yes,0.7536764740943909
1604,Yes,0.7538551092147827
1605,Yes,0.7695224285125732
1606,Yes,0.7478410005569458
1607,Yes,0.7567081451416016
1608,Yes,0.7512551546096802
1609,Yes,0.7599688768386841
1610,Yes,0.7420743703842163
1611,Yes,0.7492762207984924
1612,Yes,0.7471012473106384
1613,Yes,0.7590564489364624
1614,Yes,0.7485889196395874
1615,Yes,0.7553357481956482
1616,Yes,0.7671124935150146
1617,Yes,0.7386502027511597
1618,Yes,0.7291576266288757
1619,Yes,0.7367085218429565
1620,Yes,0.743756890296936
1621,Yes,0.7596914172172546
1622,Yes,0.7527584433555603
1623,Yes,0.7459477186203003
1624,Yes,0.7584065198898315
1625,Yes,0.7407311201095581
1626,Yes,0.7464842200279236
1627,Yes,0.7420518398284912
1628,Yes,0.7586205005645752
1629,Yes,0.736924946308136
1630,Yes,0.7320957779884338
1631,Yes,0.7350804209709167
1632,Yes,0.7362324595451355
1633,Yes,0.7698127627372742
1634,Yes,0.7575612664222717
1635,Yes,0.7736932039260864
1636,Yes,0.762900710105896
1637,Yes,0.7924622893333435
1638,Yes,0.766356885433197
1639,Yes,0.7693824172019958
1640,Yes,0.7715635895729065
1641,Yes,0.785060465335846
1642,Yes,0.7655187249183655
1643,Yes,0.7783992886543274
1644,Yes,0.7659735083580017
1645,Yes,0.7713375687599182
1646,Yes,0.7587719559669495
1647,Yes,0.7689737677574158
1648,Yes,0.754706859588623
1649,Yes,0.7713375687599182
1650,Yes,0.7587719559669495
1651,Yes,0.7689737677574158
1652,Yes,0.754706859588623
1653,Yes,0.7627233266830444
1654,Yes,0.7528195381164551
1655,Yes,0.7631505131721497
1656,Yes,0.755011260509491
1657,Yes,0.7787579894065857
1658,Yes,0.7584664821624756
1659,Yes,0.7704454660415649
1660,Yes,0.7572711110115051
1661,Yes,0.7720987796783447
1662,Yes,0.7581014633178711
1663,Yes,0.772098183631897
1664,Yes,0.7571257948875427
1665,Yes,0.7889025211334229
1666,Yes,0.7555966377258301
1667,Yes,0.7788020372390747
1668,Yes,0.7853155732154846
1669,Yes,0.7867151498794556
1670,Yes,0.7591398358345032
1671,Yes,0.7681116461753845
1672,Yes,0.7776915431022644
1673,Yes,0.7865626215934753
1674,Yes,0.7537980675697327
1675,Yes,0.7727415561676025
1676,Yes,0.779244065284729
1677,Yes,0.7898451089859009
1678,Yes,0.7562858462333679
1679,Yes,0.7735764384269714
1680,Yes,0.7828115224838257
1681,Yes,0.7794479131698608
1682,Yes,0.7645783424377441
1683,Yes,0.7726133465766907
1684,Yes,0.7571825385093689
1685,Yes,0.788201630115509
1686,Yes,0.7713022828102112
1687,Yes,0.7791551351547241
1688,Yes,0.7589898705482483
1689,Yes,0.7740249037742615
1690,Yes,0.7582515478134155
1691,Yes,0.7644509673118591
1692,Yes,0.7472713589668274
1693,Yes,0.7714069485664368
1694,Yes,0.7522678971290588
1695,Yes,0.7640949487686157
1696,Yes,0.7630171179771423
1697,Yes,0.7838889956474304
1698,Yes,0.7679779529571533
1699,Yes,0.7763821482658386
1700,Yes,0.7609035968780518
1701,Yes,0.7803714275360107
1702,Yes,0.7573680281639099
1703,Yes,0.7671087384223938
1704,Yes,0.7515050768852234
1705,Yes,0.7776117324829102
1706,Yes,0.760288417339325
1707,Yes,0.768161416053772
1708,Yes,0.750022292137146
1709,Yes,0.7889411449432373
1710,Yes,0.77116459608078
1711,Yes,0.7795224189758301
1712,Yes,0.7630598545074463
1713,Yes,0.7768187522888184
1714,Yes,0.7594929933547974
1715,Yes,0.771457850933075
1716,Yes,0.7569688558578491
1717,Yes,0.7956996560096741
1718,Yes,0.7794899344444275
1719,Yes,0.7853497266769409
1720,Yes,0.7684365510940552
1721,Yes,0.7764069437980652
1722,Yes,0.756394624710083
1723,Yes,0.7668558359146118
1724,Yes,0.7521046996116638
1725,Yes,0.7997458577156067
1726,Yes,0.7753157019615173
1727,Yes,0.7826176285743713
1728,Yes,0.7684993743896484
1729,Yes,0.7639212012290955
1730,Yes,0.7494804263114929
1731,Yes,0.7582069039344788
1732,Yes,0.749476432800293
1733,Yes,0.761422872543335
1734,Yes,0.7561593055725098
1735,Yes,0.7612264156341553
1736,Yes,0.7520552277565002
1737,Yes,0.7523350119590759
1738,Yes,0.7427442073822021
1739,Yes,0.7522692084312439
1740,Yes,0.7480658292770386
1741,Yes,0.7773077487945557
1742,Yes,0.7543609738349915
1743,Yes,0.7725568413734436
1744,Yes,0.7794872522354126
1745,Yes,0.7506034970283508
1746,Yes,0.7330276966094971
1747,Yes,0.7448123693466187
1748,Yes,0.7391920685768127
1749,Yes,0.7670748829841614
1750,Yes,0.7462348937988281
1751,Yes,0.7541006207466125
1752,Yes,0.7602332234382629
1753,Yes,0.7556184530258179
1754,Yes,0.7402779459953308
1755,Yes,0.7516104578971863
1756,Yes,0.7484276294708252
1757,Yes,0.7595816850662231
1758,Yes,0.7438827157020569
1759,Yes,0.7552929520606995
1760,Yes,0.7505202889442444
1761,Yes,0.8047848343849182
1762,Yes,0.7871233820915222
1763,Yes,0.7844220995903015
1764,Yes,0.7806240320205688
1765,Yes,0.8122878670692444
1766,Yes,0.7823654413223267
1767,Yes,0.7942964434623718
1768,Yes,0.7770546078681946
1769,Yes,0.7952260375022888
1770,Yes,0.7758257389068604
1771,Yes,0.7869524955749512
1772,Yes,0.7622790932655334
1773,Yes,0.7932026982307434
1774,Yes,0.7682518362998962
1775,Yes,0.7828423976898193
1776,Yes,0.7616172432899475
1777,Yes,0.8027948141098022
1778,Yes,0.7699280977249146
1779,Yes,0.7829834818840027
1780,Yes,0.76048743724823
1781,Yes,0.8247227072715759
1782,Yes,0.7935099601745605
1783,Yes,0.8021692037582397
1784,Yes,0.7802729606628418
1785,Yes,0.8083443641662598
1786,Yes,0.7828876972198486
1787,Yes,0.800519585609436
1788,Yes,0.7802667021751404
1789,Yes,0.8107678294181824
1790,Yes,0.7874355912208557
1791,Yes,0.7994656562805176
1792,Yes,0.7799873352050781
1793,Yes,0.787373423576355
1794,Yes,0.7644141316413879
1795,Yes,0.7762634754180908
1796,Yes,0.7641323804855347
1797,Yes,0.7936990857124329
1798,Yes,0.7649268507957458
1799,Yes,0.7776153087615967
1800,Yes,0.7642017006874084
1801,Yes,0.7872744202613831
1802,Yes,0.7684417366981506
1803,Yes,0.778384268283844
1804,Yes,0.7679625153541565
1805,Yes,0.7702751159667969
1806,Yes,0.7584523558616638
1807,Yes,0.7653452157974243
1808,Yes,0.7548319697380066
1809,Yes,0.7840706706047058
1810,Yes,0.7589718103408813
1811,Yes,0.7804750204086304
1812,Yes,0.7804238200187683
1813,Yes,0.791019856929779
1814,Yes,0.7655543684959412
1815,Yes,0.7730854749679565
1816,Yes,0.7493426203727722
1817,Yes,0.7897135019302368
1818,Yes,0.7618678212165833
1819,Yes,0.7761581540107727
1820,Yes,0.7529862523078918
1821,Yes,0.7864145636558533
1822,Yes,0.7746236324310303
1823,Yes,0.783724844455719
1824,Yes,0.7619072198867798
1825,Yes,0.7982773780822754
1826,Yes,0.7720767259597778
1827,Yes,0.7813483476638794
1828,Yes,0.7611120343208313
1829,Yes,0.8133261799812317
1830,Yes,0.7809266448020935
1831,Yes,0.7941548228263855
1832,Yes,0.7712219953536987
1833,Yes,0.7962398529052734
1834,Yes,0.7706583738327026
1835,Yes,0.7847543954849243
1836,Yes,0.7644668817520142
1837,Yes,0.7971954941749573
1838,Yes,0.7670823335647583
1839,Yes,0.7907492518424988
1840,Yes,0.7700816988945007
1841,Yes,0.7683579921722412
1842,Yes,0.7580593228340149
1843,Yes,0.7615084052085876
1844,Yes,0.7575283050537109
1845,Yes,0.7695890069007874
1846,Yes,0.7581655979156494
1847,Yes,0.7599231004714966
1848,Yes,0.7567504644393921
1849,Yes,0.7643309235572815
1850,Yes,0.7555392980575562
1851,Yes,0.7597503066062927
1852,Yes,0.7554686069488525
1853,Yes,0.7901944518089294
1854,Yes,0.7742365002632141
1855,Yes,0.7740452289581299
1856,Yes,0.7780342102050781
1857,Yes,0.7519803643226624
1858,Yes,0.7457178831100464
1859,Yes,0.7475458979606628
1860,Yes,0.7481981515884399
1861,Yes,0.7489486932754517
1862,Yes,0.7354053854942322
1863,Yes,0.7412703633308411
1864,Yes,0.7375057935714722
1865,Yes,0.7779825329780579
1866,Yes,0.7547113299369812
1867,Yes,0.7518170475959778
1868,Yes,0.7628751397132874
1869,Yes,0.7539334893226624
1870,Yes,0.7474532723426819
1871,Yes,0.7396495342254639
1872,Yes,0.7483934164047241
1873,Yes,0.796375036239624
1874,Yes,0.789703905582428
1875,Yes,0.7812482118606567
1876,Yes,0.778384804725647
1877,Yes,0.7937183380126953
1878,Yes,0.774571418762207
1879,Yes,0.7718141078948975
1880,Yes,0.769186794757843
1881,Yes,0.786949098110199
1882,Yes,0.7797653675079346
1883,Yes,0.7723778486251831
1884,Yes,0.7716182470321655
1885,Yes,0.7980204224586487
1886,Yes,0.7849165797233582
1887,Yes,0.7764729857444763
1888,Yes,0.774878978729248
1889,Yes,0.8069431185722351
1890,Yes,0.7945609092712402
1891,Yes,0.7922963500022888
1892,Yes,0.7911960482597351
1893,Yes,0.7898025512695312
1894,Yes,0.771257758140564
1895,Yes,0.77020663022995
1896,Yes,0.76601243019104
1897,Yes,0.792870044708252
1898,Yes,0.7795703411102295
1899,Yes,0.7706425786018372
1900,Yes,0.7747957110404968
1901,Yes,0.7808213829994202
1902,Yes,0.7705650329589844
1903,Yes,0.774957001209259
1904,Yes,0.7779577374458313
1905,Yes,0.7973195314407349
1906,Yes,0.7813093066215515
1907,Yes,0.777542233467102
1908,Yes,0.775448739528656
1909,Yes,0.7872742414474487
1910,Yes,0.7726190686225891
1911,Yes,0.7641093730926514
1912,Yes,0.7647612690925598
1913,Yes,0.8045801520347595
1914,Yes,0.7858144044876099
1915,Yes,0.7746912240982056
1916,Yes,0.7770240902900696
1917,Yes,0.8032246232032776
1918,Yes,0.789426863193512
1919,Yes,0.7859979867935181
1920,Yes,0.7846625447273254
1921,Yes,0.7831882834434509
1922,Yes,0.7683606743812561
1923,Yes,0.7760583758354187
1924,Yes,0.7770693898200989
1925,Yes,0.7956510186195374
1926,Yes,0.7859593033790588
1927,Yes,0.7741388082504272
1928,Yes,0.775831401348114
1929,Yes,0.7787641882896423
1930,Yes,0.7646902799606323
1931,Yes,0.7889363169670105
1932,Yes,0.7854921221733093
1933,Yes,0.802442729473114
1934,Yes,0.783145010471344
1935,Yes,0.7808812260627747
1936,Yes,0.778124988079071
1937,Yes,0.7870709300041199
1938,Yes,0.7718400359153748
1939,Yes,0.7742635607719421
1940,Yes,0.7706091403961182
1941,Yes,0.7877005338668823
1942,Yes,0.7787039875984192
1943,Yes,0.7739486694335938
1944,Yes,0.7696217894554138
1945,Yes,0.7963224053382874
1946,Yes,0.7798625230789185
1947,Yes,0.7811639308929443
1948,Yes,0.7768464684486389
1949,Yes,0.7963351607322693
1950,Yes,0.7890583872795105
1951,Yes,0.7881219387054443
1952,Yes,0.7849013209342957
1953,Yes,0.7776045203208923
1954,Yes,0.7648797035217285
1955,Yes,0.7628175020217896
1956,Yes,0.7568437457084656
1957,Yes,0.7802281975746155
1958,Yes,0.7687697410583496
1959,Yes,0.7669110894203186
1960,Yes,0.7626743912696838
1961,Yes,0.7821829915046692
1962,Yes,0.7721359729766846
1963,Yes,0.7700121402740479
1964,Yes,0.7637105584144592
1965,Yes,0.7833144068717957
1966,Yes,0.7741087675094604
1967,Yes,0.7736548185348511
1968,Yes,0.7686224579811096
1969,Yes,0.7875676155090332
1970,Yes,0.7454437017440796
1971,Yes,0.7783932685852051
1972,Yes,0.7558432221412659
1973,Yes,0.8022505640983582
1974,Yes,0.7584855556488037
1975,Yes,0.7834091186523438
1976,Yes,0.766572892665863
1977,Yes,0.7993865013122559
1978,Yes,0.7521665096282959
1979,Yes,0.7780555486679077
1980,Yes,0.7797564268112183
1981,Yes,0.787690281867981
1982,Yes,0.7556537985801697
1983,Yes,0.7824219465255737
1984,Yes,0.7620525360107422
1985,Yes,0.795242428779602
1986,Yes,0.7453979849815369
1987,Yes,0.7734734416007996
1988,Yes,0.7530855536460876
1989,Yes,0.8003508448600769
1990,Yes,0.7582408785820007
1991,Yes,0.7850448489189148
1992,Yes,0.7640820741653442
1993,Yes,0.7956172823905945
1994,Yes,0.7637829780578613
1995,Yes,0.790672779083252
1996,Yes,0.7699557542800903
1997,Yes,0.8096519112586975
1998,Yes,0.7672169804573059
1999,Yes,0.7944421768188477
2000,Yes,0.7699248194694519
2001,Yes,0.7992783188819885
2002,Yes,0.7656217217445374
2003,Yes,0.8025116324424744
2004,Yes,0.7837616205215454
2005,Yes,0.7725456953048706
2006,Yes,0.7468250393867493
2007,Yes,0.7806041836738586
2008,Yes,0.7637361288070679
2009,Yes,0.7920228242874146
2010,Yes,0.7517504692077637
2011,Yes,0.7865269184112549
2012,Yes,0.7659443616867065
2013,Yes,0.7942729592323303
2014,Yes,0.7705432772636414
2015,Yes,0.791722297668457
2016,Yes,0.7950596213340759
2017,Yes,0.7998891472816467
2018,Yes,0.7633751034736633
2019,Yes,0.7760976552963257
2020,Yes,0.7559472918510437
2021,Yes,0.8047130107879639
2022,Yes,0.7634896636009216
2023,Yes,0.7687927484512329
2024,Yes,0.748847484588623
2025,Yes,0.8031954765319824
2026,Yes,0.7646383047103882
2027,Yes,0.7724693417549133
2028,Yes,0.7558181881904602
2029,Yes,0.7990090847015381
2030,Yes,0.7661109566688538
2031,Yes,0.7808404564857483
2032,Yes,0.7611548900604248
2033,Yes,0.8348679542541504
2034,Yes,0.7929354906082153
2035,Yes,0.8034239411354065
2036,Yes,0.7829112410545349
2037,Yes,0.8051028251647949
2038,Yes,0.7695767879486084
2039,Yes,0.7727449536323547
2040,Yes,0.7540044784545898
2041,Yes,0.7979549169540405
2042,Yes,0.7564193606376648
2043,Yes,0.7731229066848755
2044,Yes,0.7493048310279846
2045,Yes,0.8087115287780762
2046,Yes,0.7676724791526794
2047,Yes,0.7896131277084351
2048,Yes,0.7675477266311646
2049,Yes,0.8124370574951172
2050,Yes,0.7657110691070557
2051,Yes,0.7815461158752441
2052,Yes,0.7578631043434143
2053,Yes,0.803141176700592
2054,Yes,0.7579873204231262
2055,Yes,0.7710540294647217
2056,Yes,0.751171350479126
2057,Yes,0.8116112947463989
2058,Yes,0.7804479002952576
2059,Yes,0.7903521656990051
2060,Yes,0.7651172280311584
2061,Yes,0.7677797675132751
2062,Yes,0.7398428320884705
2063,Yes,0.7587072253227234
2064,Yes,0.7399582862854004
2065,Yes,0.809640109539032
2066,Yes,0.7646241784095764
2067,Yes,0.7828487157821655
2068,Yes,0.7613583207130432
2069,Yes,0.7998433113098145
2070,Yes,0.7744160890579224
2071,Yes,0.7802714705467224
2072,Yes,0.7642049193382263
2073,Yes,0.7970474362373352
2074,Yes,0.7597780227661133
2075,Yes,0.7886767983436584
2076,Yes,0.7675014734268188
2077,Yes,0.7979549169540405
2078,Yes,0.7564193606376648
2079,Yes,0.7731229066848755
2080,Yes,0.7493048310279846
2081,Yes,0.7902785539627075
2082,Yes,0.7521274089813232
2083,Yes,0.7662991881370544
2084,Yes,0.749970018863678
2085,Yes,0.7800459265708923
2086,Yes,0.75433349609375
2087,Yes,0.7607755661010742
2088,Yes,0.7440555691719055
2089,Yes,0.7712384462356567
2090,Yes,0.7421528100967407
2091,Yes,0.7625835537910461
2092,Yes,0.7431396842002869
2093,Yes,0.7769619226455688
2094,Yes,0.7565296292304993
2095,Yes,0.7698736190795898
2096,Yes,0.7565637230873108
2097,Yes,0.8044410943984985
2098,Yes,0.7827193140983582
2099,Yes,0.7877393960952759
2100,Yes,0.763399600982666
2101,Yes,0.7986893057823181
2102,Yes,0.7705338001251221
2103,Yes,0.7760916352272034
2104,Yes,0.7479961514472961
2105,Yes,0.8225655555725098
2106,Yes,0.7886765599250793
2107,Yes,0.7937227487564087
2108,Yes,0.7836083769798279
2109,Yes,0.7983325123786926
2110,Yes,0.7758609652519226
2111,Yes,0.7844927906990051
2112,Yes,0.7633420825004578
2113,Yes,0.8085638880729675
2114,Yes,0.7835005521774292
2115,Yes,0.798966109752655
2116,Yes,0.7714595794677734
2117,Yes,0.7973591685295105
2118,Yes,0.7744797468185425
2119,Yes,0.7877572178840637
2120,Yes,0.7655638456344604
2121,Yes,0.8027976751327515
2122,Yes,0.7768914103507996
2123,Yes,0.7831400632858276
2124,Yes,0.7591572999954224
2125,Yes,0.815604567527771
2126,Yes,0.7762793302536011
2127,Yes,0.7937871813774109
2128,Yes,0.7943916916847229
2129,Yes,0.7803992033004761
2130,Yes,0.7625189423561096
2131,Yes,0.772765576839447
2132,Yes,0.7485173344612122
2133,Yes,0.7834491729736328
2134,Yes,0.7455880641937256
2135,Yes,0.7549736499786377
2136,Yes,0.7435600757598877
2137,Yes,0.8047335743904114
2138,Yes,0.7773368954658508
2139,Yes,0.7926143407821655
2140,Yes,0.7685052156448364
2141,Yes,0.8011236786842346
2142,Yes,0.7649018168449402
2143,Yes,0.7802428007125854
2144,Yes,0.7717641592025757
2145,Yes,0.8019037246704102
2146,Yes,0.7765408158302307
2147,Yes,0.7898436188697815
2148,Yes,0.7736746072769165
2149,Yes,0.7978461980819702
2150,Yes,0.7792673707008362
2151,Yes,0.7913962602615356
2152,Yes,0.7735336422920227
2153,Yes,0.7799727320671082
2154,Yes,0.7611746788024902
2155,Yes,0.7788323163986206
2156,Yes,0.7634347677230835
2157,Yes,0.7888167500495911
2158,Yes,0.7668651938438416
2159,Yes,0.7751291990280151
2160,Yes,0.7603638172149658
2161,Yes,0.7967291474342346
2162,Yes,0.7753987312316895
2163,Yes,0.7859776020050049
2164,Yes,0.7679293155670166
2165,Yes,0.7958539128303528
2166,Yes,0.7687857747077942
2167,Yes,0.7807030081748962
2168,Yes,0.7649460434913635
2169,Yes,0.7733617424964905
2170,Yes,0.749742865562439
2171,Yes,0.7685323357582092
2172,Yes,0.7717829942703247
2173,Yes,0.7901898622512817
2174,Yes,0.7660285234451294
2175,Yes,0.7806656956672668
2176,Yes,0.7606781125068665
2177,Yes,0.7843952178955078
2178,Yes,0.7629714012145996
2179,Yes,0.7765031456947327
2180,Yes,0.7879063487052917
2181,Yes,0.7880603075027466
2182,Yes,0.7766266465187073
2183,Yes,0.778514564037323
2184,Yes,0.783387303352356
2185,Yes,0.8020427823066711
2186,Yes,0.7801806330680847
2187,Yes,0.7810479402542114
2188,Yes,0.7857797741889954
2189,Yes,0.795153021812439
2190,Yes,0.7749108076095581
2191,Yes,0.7752021551132202
2192,Yes,0.7795389890670776
2193,Yes,0.7744918465614319
2194,Yes,0.7742968201637268
2195,Yes,0.7666780352592468
2196,Yes,0.7747373580932617
2197,Yes,0.7619847655296326
2198,Yes,0.7691303491592407
2199,Yes,0.7585414052009583
2200,Yes,0.7606631517410278
2201,Yes,0.7775837182998657
2202,Yes,0.7819191217422485
2203,Yes,0.7745623588562012
2204,Yes,0.7799019813537598
2205,Yes,0.7777954936027527
2206,Yes,0.7805412411689758
2207,Yes,0.769881010055542
2208,Yes,0.7753587961196899
2209,Yes,0.7675161957740784
2210,Yes,0.7641440629959106
2211,Yes,0.7684879302978516
2212,Yes,0.7604047656059265
2213,Yes,0.7802647948265076
2214,Yes,0.7869402170181274
2215,Yes,0.7890265583992004
2216,Yes,0.7796695232391357
2217,Yes,0.7634207606315613
2218,Yes,0.7630985975265503
2219,Yes,0.7641749978065491
2220,Yes,0.7561394572257996
2221,Yes,0.7666845917701721
2222,Yes,0.7609714269638062
2223,Yes,0.7631142735481262
2224,Yes,0.7569153904914856
2225,Yes,0.780296266078949
2226,Yes,0.759148359298706
2227,Yes,0.752739667892456
2228,Yes,0.7464867830276489
2229,Yes,0.8022897243499756
2230,Yes,0.7856305837631226
2231,Yes,0.7877085208892822
2232,Yes,0.7762110829353333
2233,Yes,0.7933819890022278
2234,Yes,0.7867711782455444
2235,Yes,0.7792077660560608
2236,Yes,0.7691839337348938
2237,Yes,0.785845935344696
2238,Yes,0.7638834714889526
2239,Yes,0.7662107348442078
2240,Yes,0.7563410997390747
2241,Yes,0.779503345489502
2242,Yes,0.7620091438293457
2243,Yes,0.7926902174949646
2244,Yes,0.7729699015617371
2245,Yes,0.7789878249168396
2246,Yes,0.7696022391319275
2247,Yes,0.7900217771530151
2248,Yes,0.771812915802002
2249,Yes,0.8035274744033813
2250,Yes,0.7865036725997925
2251,Yes,0.7901515364646912
2252,Yes,0.7791839241981506
2253,Yes,0.7814663052558899
2254,Yes,0.7692029476165771
2255,Yes,0.7819147109985352
2256,Yes,0.7657855153083801
2257,Yes,0.7761216759681702
2258,Yes,0.7684919834136963
2259,Yes,0.7766667008399963
2260,Yes,0.757305920124054
2261,Yes,0.7648622989654541
2262,Yes,0.7515824437141418
2263,Yes,0.7677879333496094
2264,Yes,0.7508512139320374
2265,Yes,0.7877082228660583
2266,Yes,0.7737985253334045
2267,Yes,0.791111946105957
2268,Yes,0.7762662172317505
2269,Yes,0.7817562818527222
2270,Yes,0.7811955213546753
2271,Yes,0.7918907403945923
2272,Yes,0.774502694606781
2273,Yes,0.7948085069656372
2274,Yes,0.7890585660934448
2275,Yes,0.7873579263687134
2276,Yes,0.7808175683021545
2277,Yes,0.8089622855186462
2278,Yes,0.7854509949684143
2279,Yes,0.7887536883354187
2280,Yes,0.7823858261108398
2281,Yes,0.7793754935264587
2282,Yes,0.7668105959892273
2283,Yes,0.7659562826156616
2284,Yes,0.75676429271698
2285,Yes,0.7895245552062988
2286,Yes,0.7749060392379761
2287,Yes,0.7811424732208252
2288,Yes,0.7697135210037231
2289,Yes,0.7912270426750183
2290,Yes,0.7762593030929565
2291,Yes,0.7703331708908081
2292,Yes,0.7736597061157227
2293,Yes,0.790632963180542
2294,Yes,0.7708207368850708
2295,Yes,0.7735500931739807
2296,Yes,0.7749536633491516
2297,Yes,0.7938084006309509
2298,Yes,0.7683872580528259
2299,Yes,0.7696963548660278
2300,Yes,0.7719765901565552
2301,Yes,0.7847321629524231
2302,Yes,0.7611856460571289
2303,Yes,0.7608064413070679
2304,Yes,0.7642240524291992
2305,Yes,0.7657480835914612
2306,Yes,0.7683632373809814
2307,Yes,0.7590739727020264
2308,Yes,0.7623575925827026
2309,Yes,0.7652993202209473
2310,Yes,0.7739141583442688
2311,Yes,0.765447735786438
2312,Yes,0.7681514024734497
2313,Yes,0.7688791751861572
2314,Yes,0.7646205425262451
2315,Yes,0.7689864039421082
2316,Yes,0.7639210224151611
2317,Yes,0.7634814381599426
2318,Yes,0.750525176525116
2319,Yes,0.7552940845489502
2320,Yes,0.7803792953491211
2321,Yes,0.7571770548820496
2322,Yes,0.7630866765975952
2323,Yes,0.7595092058181763
2324,Yes,0.7651493549346924
2325,Yes,0.762206494808197
2326,Yes,0.7656736969947815
2327,Yes,0.7569875717163086
2328,Yes,0.7587776780128479
2329,Yes,0.7792437076568604
2330,Yes,0.7758298516273499
2331,Yes,0.7694353461265564
2332,Yes,0.7812649011611938
2333,Yes,0.7741149663925171
2334,Yes,0.7726553678512573
2335,Yes,0.7678201198577881
2336,Yes,0.7681246399879456
2337,Yes,0.7753298878669739
2338,Yes,0.7703055143356323
2339,Yes,0.7653828859329224
2340,Yes,0.7632949352264404
2341,Yes,0.7456712126731873
2342,Yes,0.7594960927963257
2343,Yes,0.7524552941322327
2344,Yes,0.7622217535972595
2345,Yes,0.7733452320098877
2346,Yes,0.7669107913970947
2347,Yes,0.7650842070579529
2348,Yes,0.7671067118644714
2349,Yes,0.7638764977455139
2350,Yes,0.7746855616569519
2351,Yes,0.7673463225364685
2352,Yes,0.7697241902351379
2353,Yes,0.7648288011550903
2354,Yes,0.7587144374847412
2355,Yes,0.7611857652664185
2356,Yes,0.7539793848991394
2357,Yes,0.7667821049690247
2358,Yes,0.757762610912323
2359,Yes,0.7587988972663879
2360,Yes,0.750195324420929
2361,Yes,0.7837249040603638
2362,Yes,0.7731515765190125
2363,Yes,0.7727973461151123
2364,Yes,0.7648730278015137
2365,Yes,0.7684617638587952
2366,Yes,0.75809645652771
2367,Yes,0.7526494264602661
2368,Yes,0.7439442276954651
2369,Yes,0.7593567371368408
2370,Yes,0.7441396713256836
2371,Yes,0.7532671093940735
2372,Yes,0.7455241680145264
2373,Yes,0.7591111660003662
2374,Yes,0.7441805601119995
2375,Yes,0.7541747093200684
2376,Yes,0.743928849697113
2377,Yes,0.7726189494132996
2378,Yes,0.7607071995735168
2379,Yes,0.7619801163673401
2380,Yes,0.7539539933204651
2381,Yes,0.7705078125
2382,Yes,0.7499422430992126
2383,Yes,0.7845740914344788
2384,Yes,0.777713418006897
2385,Yes,0.7594106197357178
2386,Yes,0.7440284490585327
2387,Yes,0.7507724165916443
2388,Yes,0.7447769045829773
2389,Yes,0.7630929350852966
2390,Yes,0.7500539422035217
2391,Yes,0.7494965195655823
2392,Yes,0.7423744797706604
2393,Yes,0.7418825626373291
2394,Yes,0.7394552826881409
2395,Yes,0.7415193319320679
2396,Yes,0.7322714924812317
2397,Yes,0.7815237641334534
2398,Yes,0.7668963074684143
2399,Yes,0.7695274353027344
2400,Yes,0.761690080165863
2401,Yes,0.8079653382301331
2402,Yes,0.7807378768920898
2403,Yes,0.7831075191497803
2404,Yes,0.765626072883606
2405,Yes,0.8080844283103943
2406,Yes,0.7830642461776733
2407,Yes,0.7865386605262756
2408,Yes,0.7694878578186035
2409,Yes,0.8094176650047302
2410,Yes,0.78971928358078
2411,Yes,0.7955602407455444
2412,Yes,0.7799172401428223
2413,Yes,0.7937708497047424
2414,Yes,0.7800223231315613
2415,Yes,0.779669463634491
2416,Yes,0.7673187255859375
2417,Yes,0.7732192873954773
2418,Yes,0.7642587423324585
2419,Yes,0.7677088975906372
2420,Yes,0.7700492143630981
2421,Yes,0.7812551856040955
2422,Yes,0.7625468969345093
2423,Yes,0.7758319973945618
2424,Yes,0.7888305187225342
2425,Yes,0.785306453704834
2426,Yes,0.7688018083572388
2427,Yes,0.7688435316085815
2428,Yes,0.7723779082298279
2429,Yes,0.7658276557922363
2430,Yes,0.7508054971694946
2431,Yes,0.7607721090316772
2432,Yes,0.7702721357345581
2433,Yes,0.7640377283096313
2434,Yes,0.758425772190094
2435,Yes,0.767695963382721
2436,Yes,0.7699159383773804
2437,Yes,0.7901859283447266
2438,Yes,0.7714530229568481
2439,Yes,0.7783557176589966
2440,Yes,0.7806846499443054
2441,Yes,0.7671449184417725
2442,Yes,0.7525972127914429
2443,Yes,0.7571053504943848
2444,Yes,0.7580156922340393
2445,Yes,0.7804127931594849
2446,Yes,0.7664029598236084
2447,Yes,0.774316132068634
2448,Yes,0.7779712677001953
2449,Yes,0.7927678823471069
2450,Yes,0.772659957408905
2451,Yes,0.7857708930969238
2452,Yes,0.7720057964324951
2453,Yes,0.7625566124916077
2454,Yes,0.7431038618087769
2455,Yes,0.7478025555610657
2456,Yes,0.751772403717041
2457,Yes,0.7736182808876038
2458,Yes,0.7582105994224548
2459,Yes,0.7721264958381653
2460,Yes,0.761677622795105
2461,Yes,0.7919865846633911
2462,Yes,0.7667607069015503
2463,Yes,0.768975019454956
2464,Yes,0.7711411118507385
2465,Yes,0.7971760630607605
2466,Yes,0.7687828540802002
2467,Yes,0.7828664183616638
2468,Yes,0.760247528553009
2469,Yes,0.8119214773178101
2470,Yes,0.788386881351471
2471,Yes,0.7990210056304932
2472,Yes,0.783205509185791
2473,Yes,0.7933169007301331
2474,Yes,0.7729542851448059
2475,Yes,0.7780917882919312
2476,Yes,0.7632439136505127
2477,Yes,0.80727219581604
2478,Yes,0.7803084850311279
2479,Yes,0.7904562950134277
2480,Yes,0.7684808373451233
2481,Yes,0.8005796670913696
2482,Yes,0.7779414057731628
2483,Yes,0.787005603313446
2484,Yes,0.7697495222091675
2485,Yes,0.7913318276405334
2486,Yes,0.7617554664611816
2487,Yes,0.775056779384613
2488,Yes,0.7591052055358887
2489,Yes,0.8053030967712402
2490,Yes,0.7769721150398254
2491,Yes,0.7836695909500122
2492,Yes,0.7826917171478271
2493,Yes,0.7925354242324829
2494,Yes,0.7701793313026428
2495,Yes,0.782748818397522
2496,Yes,0.7644005417823792
2497,Yes,0.8053985238075256
2498,Yes,0.7797640562057495
2499,Yes,0.7877748608589172
2500,Yes,0.7651968002319336
2501,Yes,0.8042733669281006
2502,Yes,0.7784872055053711
2503,Yes,0.7914571166038513
2504,Yes,0.7717578411102295
2505,Yes,0.8030681014060974
2506,Yes,0.7688698172569275
2507,Yes,0.7818936109542847
2508,Yes,0.7612016797065735
2509,Yes,0.797253429889679
2510,Yes,0.7597190737724304
2511,Yes,0.7794855833053589
2512,Yes,0.7618594169616699
2513,Yes,0.7645679116249084
2514,Yes,0.7742881178855896
2515,Yes,0.7940714359283447
2516,Yes,0.7892832159996033
2517,Yes,0.7640012502670288
2518,Yes,0.745537281036377
2519,Yes,0.7725067734718323
2520,Yes,0.7784278988838196
2521,Yes,0.7767511010169983
2522,Yes,0.7466846704483032
2523,Yes,0.7735848426818848
2524,Yes,0.7729859948158264
2525,Yes,0.7835097312927246
2526,Yes,0.7603819966316223
2527,Yes,0.7785231471061707
2528,Yes,0.7865774035453796
2529,Yes,0.7812992930412292
2530,Yes,0.7575723528862
2531,Yes,0.7721344828605652
2532,Yes,0.7771324515342712
2533,Yes,0.7911866307258606
2534,Yes,0.7629492282867432
2535,Yes,0.7798910140991211
2536,Yes,0.7874789834022522
2537,Yes,0.7673168182373047
2538,Yes,0.7696008682250977
2539,Yes,0.7933915853500366
2540,Yes,0.7869489192962646
2541,Yes,0.774039089679718
2542,Yes,0.7577000856399536
2543,Yes,0.7767863869667053
2544,Yes,0.7861688733100891
2545,Yes,0.7654224634170532
2546,Yes,0.7409390807151794
2547,Yes,0.7491621971130371
2548,Yes,0.7395804524421692
2549,Yes,0.7854927778244019
2550,Yes,0.7720282077789307
2551,Yes,0.775330662727356
2552,Yes,0.7686012983322144
2553,Yes,0.7788119912147522
2554,Yes,0.7698761820793152
2555,Yes,0.7743290066719055
2556,Yes,0.7630586624145508
2557,Yes,0.7796534895896912
2558,Yes,0.7546193599700928
2559,Yes,0.7600299715995789
2560,Yes,0.7465658187866211
2561,Yes,0.7536987662315369
2562,Yes,0.7501588463783264
2563,Yes,0.7544175982475281
2564,Yes,0.7432613968849182
2565,Yes,0.7929312586784363
2566,Yes,0.7690808176994324
2567,Yes,0.7785465717315674
2568,Yes,0.7671024203300476
2569,Yes,0.779479444026947
2570,Yes,0.7614393830299377
2571,Yes,0.7550942897796631
2572,Yes,0.7603099942207336
2573,Yes,0.7832105159759521
2574,Yes,0.7728038430213928
2575,Yes,0.7710736393928528
2576,Yes,0.7623867988586426
2577,Yes,0.7783053517341614
2578,Yes,0.7655922770500183
2579,Yes,0.7816689014434814
2580,Yes,0.7637954354286194
2581,Yes,0.7752265930175781
2582,Yes,0.7608616948127747
2583,Yes,0.7739531397819519
2584,Yes,0.7556779980659485
2585,Yes,0.7752465605735779
2586,Yes,0.7624857425689697
2587,Yes,0.7821657061576843
2588,Yes,0.7667704820632935
2589,Yes,0.7680745720863342
2590,Yes,0.7480644583702087
2591,Yes,0.7631047368049622
2592,Yes,0.7444575428962708
2593,Yes,0.7676953673362732
2594,Yes,0.7380658388137817
2595,Yes,0.7469314932823181
2596,Yes,0.7378432154655457
2597,Yes,0.759748637676239
2598,Yes,0.7365177273750305
2599,Yes,0.7513309121131897
2600,Yes,0.7377909421920776
2601,Yes,0.7550284266471863
2602,Yes,0.7423350811004639
2603,Yes,0.7577468752861023
2604,Yes,0.7481412887573242
2605,Yes,0.7585891485214233
2606,Yes,0.7424131631851196
2607,Yes,0.7560097575187683
2608,Yes,0.7479528784751892
2609,Yes,0.7652723789215088
2610,Yes,0.7535294890403748
2611,Yes,0.7630934715270996
2612,Yes,0.7547006607055664
2613,Yes,0.7718034982681274
2614,Yes,0.7550652027130127
2615,Yes,0.7724109888076782
2616,Yes,0.7841431498527527
2617,Yes,0.7637922167778015
2618,Yes,0.7537969946861267
2619,Yes,0.765212893486023
2620,Yes,0.7544500231742859
2621,Yes,0.7778626680374146
2622,Yes,0.7538482546806335
2623,Yes,0.7692984342575073
2624,Yes,0.779529333114624
2625,Yes,0.7889117002487183
2626,Yes,0.7683244943618774
2627,Yes,0.7793560028076172
2628,Yes,0.7669734358787537
2629,Yes,0.8015561699867249
2630,Yes,0.7973383665084839
2631,Yes,0.7981743812561035
2632,Yes,0.77982097864151
2633,Yes,0.7918832302093506
2634,Yes,0.7851843237876892
2635,Yes,0.7889662981033325
2636,Yes,0.7746536731719971
2637,Yes,0.8058204650878906
2638,Yes,0.7780162692070007
2639,Yes,0.7876080274581909
2640,Yes,0.7701056599617004
2641,Yes,0.7932933568954468
2642,Yes,0.7757132649421692
2643,Yes,0.7797552943229675
2644,Yes,0.7630958557128906
2645,Yes,0.8021814823150635
2646,Yes,0.796272337436676
2647,Yes,0.7893205285072327
2648,Yes,0.7750805020332336
2649,Yes,0.8076322674751282
2650,Yes,0.7869224548339844
2651,Yes,0.7941335439682007
2652,Yes,0.7761951684951782
2653,Yes,0.8008769750595093
2654,Yes,0.7810469269752502
2655,Yes,0.7877063751220703
2656,Yes,0.7721217274665833
2657,Yes,0.7776843905448914
2658,Yes,0.7487349510192871
2659,Yes,0.7671584486961365
2660,Yes,0.7518532276153564
2661,Yes,0.7775533199310303
2662,Yes,0.7595683336257935
2663,Yes,0.7699131965637207
2664,Yes,0.7581716179847717
2665,Yes,0.774172842502594
2666,Yes,0.7539917230606079
2667,Yes,0.748752236366272
2668,Yes,0.7501092553138733
2669,Yes,0.7895259261131287
2670,Yes,0.7657291889190674
2671,Yes,0.7718017101287842
2672,Yes,0.7595074772834778
2673,Yes,0.7775533199310303
2674,Yes,0.7595683336257935
2675,Yes,0.7699131965637207
2676,Yes,0.7581716179847717
2677,Yes,0.77874755859375
2678,Yes,0.7600167393684387
2679,Yes,0.7654758095741272
2680,Yes,0.753699541091919
2681,Yes,0.7877724170684814
2682,Yes,0.7643494606018066
2683,Yes,0.7720245718955994
2684,Yes,0.7558519244194031
2685,Yes,0.7986022233963013
2686,Yes,0.7809947729110718
2687,Yes,0.7824520468711853
2688,Yes,0.7660449147224426
2689,Yes,0.7777712941169739
2690,Yes,0.7495196461677551
2691,Yes,0.7502758502960205
2692,Yes,0.7500696182250977
2693,Yes,0.7799484133720398
2694,Yes,0.7766337990760803
2695,Yes,0.7808356881141663
2696,Yes,0.7641560435295105
2697,Yes,0.7960354685783386
2698,Yes,0.772828221321106
2699,Yes,0.7786058783531189
2700,Yes,0.7665039896965027
2701,Yes,0.7804150581359863
2702,Yes,0.7545861601829529
2703,Yes,0.7621361613273621
2704,Yes,0.765449047088623
2705,Yes,0.7706443071365356
2706,Yes,0.7431620359420776
2707,Yes,0.7553999423980713
2708,Yes,0.7678756713867188
2709,Yes,0.7679756879806519
2710,Yes,0.7479773163795471
2711,Yes,0.7637619376182556
2712,Yes,0.7527073621749878
2713,Yes,0.781345784664154
2714,Yes,0.7549729943275452
2715,Yes,0.7708631753921509
2716,Yes,0.7566980123519897
2717,Yes,0.7883719205856323
2718,Yes,0.7636485695838928
2719,Yes,0.7657010555267334
2720,Yes,0.7494595050811768
2721,Yes,0.7680463790893555
2722,Yes,0.7631732225418091
2723,Yes,0.7641788125038147
2724,Yes,0.754098653793335
2725,Yes,0.769246518611908
2726,Yes,0.7479561567306519
2727,Yes,0.7595620155334473
2728,Yes,0.7505561709403992
2729,Yes,0.7702836990356445
2730,Yes,0.7634811997413635
2731,Yes,0.7608116269111633
2732,Yes,0.7535734176635742
2733,Yes,0.764931857585907
2734,Yes,0.7544622421264648
2735,Yes,0.7562209367752075
2736,Yes,0.7473948001861572
2737,Yes,0.8053785562515259
2738,Yes,0.7592839598655701
2739,Yes,0.7962498068809509
2740,Yes,0.779822826385498
2741,Yes,0.7730543613433838
2742,Yes,0.7568767070770264
2743,Yes,0.764269232749939
2744,Yes,0.7574656009674072
2745,Yes,0.7860424518585205
2746,Yes,0.7715398669242859
2747,Yes,0.770980715751648
2748,Yes,0.762182354927063
2749,Yes,0.7568702101707458
2750,Yes,0.7478175163269043
2751,Yes,0.7592290043830872
2752,Yes,0.7520186305046082
2753,Yes,0.7714188694953918
2754,Yes,0.7643899917602539
2755,Yes,0.7665678262710571
2756,Yes,0.7584864497184753
2757,Yes,0.7448926568031311
2758,Yes,0.7354221940040588
2759,Yes,0.7563179731369019
2760,Yes,0.7634674310684204
2761,Yes,0.7680463790893555
2762,Yes,0.7631732225418091
2763,Yes,0.7641788125038147
2764,Yes,0.754098653793335
2765,Yes,0.7651574611663818
2766,Yes,0.7517446875572205
2767,Yes,0.7544500231742859
2768,Yes,0.7583743333816528
2769,Yes,0.7906100749969482
2770,Yes,0.7695081233978271
2771,Yes,0.7758564949035645
2772,Yes,0.7659969925880432
2773,Yes,0.7750825881958008
2774,Yes,0.7657961845397949
2775,Yes,0.7659618258476257
2776,Yes,0.7586706876754761
2777,Yes,0.7417473793029785
2778,Yes,0.7403006553649902
2779,Yes,0.7451845407485962
2780,Yes,0.7392951846122742
2781,Yes,0.7553967237472534
2782,Yes,0.7371036410331726
2783,Yes,0.7469790577888489
2784,Yes,0.7383001446723938
2785,Yes,0.7756137847900391
2786,Yes,0.7658699154853821
2787,Yes,0.7755493521690369
2788,Yes,0.766067385673523
2789,Yes,0.7978992462158203
2790,Yes,0.7746134400367737
2791,Yes,0.7823593616485596
2792,Yes,0.7700623869895935
2793,Yes,0.7995449900627136
2794,Yes,0.786460280418396
2795,Yes,0.791134774684906
2796,Yes,0.7800582051277161
2797,Yes,0.7859973311424255
2798,Yes,0.7660828828811646
2799,Yes,0.7747155427932739
2800,Yes,0.7776018977165222
2801,Yes,0.7468109130859375
2802,Yes,0.7375472784042358
2803,Yes,0.7448815703392029
2804,Yes,0.7427640557289124
2805,Yes,0.7524886131286621
2806,Yes,0.7352839112281799
2807,Yes,0.7648866772651672
2808,Yes,0.7562331557273865
2809,Yes,0.7808269262313843
2810,Yes,0.7526137828826904
2811,Yes,0.7754905223846436
2812,Yes,0.7599487900733948
2813,Yes,0.7807421088218689
2814,Yes,0.7633195519447327
2815,Yes,0.7679314613342285
2816,Yes,0.7641979455947876
2817,Yes,0.7917377948760986
2818,Yes,0.7681132555007935
2819,Yes,0.7834407687187195
2820,Yes,0.7682644128799438
2821,Yes,0.7845116853713989
2822,Yes,0.7633352279663086
2823,Yes,0.7829530835151672
2824,Yes,0.7707916498184204
2825,Yes,0.782095730304718
2826,Yes,0.7584487199783325
2827,Yes,0.7772173881530762
2828,Yes,0.7636679410934448
2829,Yes,0.7975655198097229
2830,Yes,0.7722101807594299
2831,Yes,0.7752084732055664
2832,Yes,0.7557765245437622
2833,Yes,0.7707858681678772
2834,Yes,0.750209391117096
2835,Yes,0.7578950524330139
2836,Yes,0.7506352066993713
2837,Yes,0.7864845991134644
2838,Yes,0.7641141414642334
2839,Yes,0.7696490287780762
2840,Yes,0.759208083152771
2841,Yes,0.7865387201309204
2842,Yes,0.7580687403678894
2843,Yes,0.7692605257034302
2844,Yes,0.7572149634361267
2845,Yes,0.7762649655342102
2846,Yes,0.7451788783073425
2847,Yes,0.7699245810508728
2848,Yes,0.7594882845878601
2849,Yes,0.7838840484619141
2850,Yes,0.7444861531257629
2851,Yes,0.77427077293396
2852,Yes,0.7621027827262878
2853,Yes,0.787166953086853
2854,Yes,0.7526631355285645
2855,Yes,0.7673353552818298
2856,Yes,0.7517470121383667
2857,Yes,0.776177704334259
2858,Yes,0.7577530741691589
2859,Yes,0.7654951810836792
2860,Yes,0.7558964490890503
2861,Yes,0.7929677367210388
2862,Yes,0.7688881158828735
2863,Yes,0.7745884656906128
2864,Yes,0.7651852369308472
2865,Yes,0.7661914825439453
2866,Yes,0.7418544888496399
2867,Yes,0.7529599070549011
2868,Yes,0.7430113554000854
2869,Yes,0.7665414214134216
2870,Yes,0.7405514717102051
2871,Yes,0.7607806324958801
2872,Yes,0.7467315793037415
2873,Yes,0.7805843949317932
2874,Yes,0.7633412480354309
2875,Yes,0.7670636773109436
2876,Yes,0.7561642527580261
2877,Yes,0.8050572872161865
2878,Yes,0.777938961982727
2879,Yes,0.7926079034805298
2880,Yes,0.7810360193252563
2881,Yes,0.7735178470611572
2882,Yes,0.7588769197463989
2883,Yes,0.7810022234916687
2884,Yes,0.7686136364936829
2885,Yes,0.7842057943344116
2886,Yes,0.7637728452682495
2887,Yes,0.7941204905509949
2888,Yes,0.776583194732666
2889,Yes,0.7780700325965881
2890,Yes,0.7604841589927673
2891,Yes,0.7688472270965576
2892,Yes,0.7534536719322205
2893,Yes,0.7554915547370911
2894,Yes,0.7452330589294434
2895,Yes,0.7645629644393921
2896,Yes,0.7671118974685669
2897,Yes,0.7473059892654419
2898,Yes,0.7383983731269836
2899,Yes,0.7542994022369385
2900,Yes,0.7432436943054199
2901,Yes,0.7708765268325806
2902,Yes,0.7436200976371765
2903,Yes,0.7663530111312866
2904,Yes,0.7725657224655151
2905,Yes,0.772370457649231
2906,Yes,0.7523167133331299
2907,Yes,0.771414041519165
2908,Yes,0.7573922872543335
2909,Yes,0.7477697730064392
2910,Yes,0.7348558306694031
2911,Yes,0.7559812068939209
2912,Yes,0.7443835735321045
2913,Yes,0.7977588772773743
2914,Yes,0.7716016173362732
2915,Yes,0.7707438468933105
2916,Yes,0.7691119313240051
2917,Yes,0.7923213243484497
2918,Yes,0.7637607455253601
2919,Yes,0.7783907055854797
2920,Yes,0.7765273451805115
2921,Yes,0.8069373965263367
2922,Yes,0.7804471850395203
2923,Yes,0.7849687337875366
2924,Yes,0.7809964418411255
2925,Yes,0.8015124797821045
2926,Yes,0.7724955677986145
2927,Yes,0.7817111015319824
2928,Yes,0.7805778384208679
2929,Yes,0.7958264946937561
2930,Yes,0.7864894866943359
2931,Yes,0.7878280282020569
2932,Yes,0.7796621918678284
2933,Yes,0.7931671142578125
2934,Yes,0.7733197212219238
2935,Yes,0.7783330082893372
2936,Yes,0.779895007610321
2937,Yes,0.7938832640647888
2938,Yes,0.7886099219322205
2939,Yes,0.7800877690315247
2940,Yes,0.7767606973648071
2941,Yes,0.8050462603569031
2942,Yes,0.7944918870925903
2943,Yes,0.8026968836784363
2944,Yes,0.8068876266479492
2945,Yes,0.7715054750442505
2946,Yes,0.7553172707557678
2947,Yes,0.7647735476493835
2948,Yes,0.7540984153747559
2949,Yes,0.78192538022995
2950,Yes,0.7611681222915649
2951,Yes,0.7616913914680481
2952,Yes,0.7697569131851196
2953,Yes,0.7668201923370361
2954,Yes,0.7386358380317688
2955,Yes,0.7549622058868408
2956,Yes,0.7442403435707092
2957,Yes,0.7696662545204163
2958,Yes,0.7450755834579468
2959,Yes,0.7598686814308167
2960,Yes,0.7652037143707275
2961,Yes,0.7692521810531616
2962,Yes,0.7460178136825562
2963,Yes,0.7640883326530457
2964,Yes,0.7521795630455017
2965,Yes,0.7493456602096558
2966,Yes,0.7233231663703918
2967,Yes,0.7316979169845581
2968,Yes,0.7367128729820251
2969,Yes,0.7801868319511414
2970,Yes,0.7574082612991333
2971,Yes,0.7724306583404541
2972,Yes,0.7647466063499451
2973,Yes,0.7659831643104553
2974,Yes,0.7381662130355835
2975,Yes,0.7644075155258179
2976,Yes,0.7546296715736389
2977,Yes,0.7998103499412537
2978,Yes,0.7671931982040405
2979,Yes,0.770689070224762
2980,Yes,0.7750075459480286
2981,Yes,0.7892445921897888
2982,Yes,0.7686575651168823
2983,Yes,0.7688497304916382
2984,Yes,0.7725721597671509
2985,Yes,0.7951847910881042
2986,Yes,0.7657643556594849
2987,Yes,0.7742708921432495
2988,Yes,0.7738153338432312
2989,Yes,0.793546199798584
2990,Yes,0.7715849280357361
2991,Yes,0.7761096358299255
2992,Yes,0.7789347767829895
2993,Yes,0.8090872764587402
2994,Yes,0.7906084060668945
2995,Yes,0.7932193279266357
2996,Yes,0.7953630089759827
2997,Yes,0.8038154244422913
2998,Yes,0.7737514972686768
2999,Yes,0.7790462374687195
3000,Yes,0.7777278423309326
3001,Yes,0.7899692058563232
3002,Yes,0.7703530788421631
3003,Yes,0.7762761116027832
3004,Yes,0.7777799367904663
3005,Yes,0.7838265299797058
3006,Yes,0.7554295063018799
3007,Yes,0.7638864517211914
3008,Yes,0.7638944387435913
3009,Yes,0.811767041683197
3010,Yes,0.7850778698921204
3011,Yes,0.7858734130859375
3012,Yes,0.7897268533706665
3013,Yes,0.7903269529342651
3014,Yes,0.7622371315956116
3015,Yes,0.7729271650314331
3016,Yes,0.7807282209396362
3017,Yes,0.8140971064567566
3018,Yes,0.78658127784729
3019,Yes,0.7961212992668152
3020,Yes,0.7940355539321899
3021,Yes,0.795510470867157
3022,Yes,0.76426100730896
3023,Yes,0.7781426906585693
3024,Yes,0.7897274494171143
3025,Yes,0.787751317024231
3026,Yes,0.7616086602210999
3027,Yes,0.7810991406440735
3028,Yes,0.7900906205177307
3029,Yes,0.8119769096374512
3030,Yes,0.7847655415534973
3031,Yes,0.7854968905448914
3032,Yes,0.7901595234870911
3033,Yes,0.8150971531867981
3034,Yes,0.7772035002708435
3035,Yes,0.7824385762214661
3036,Yes,0.7797011733055115
3037,Yes,0.8015071749687195
3038,Yes,0.7741411924362183
3039,Yes,0.778224527835846
3040,Yes,0.7788113951683044
3041,Yes,0.7769758701324463
3042,Yes,0.7646864056587219
3043,Yes,0.7609663605690002
3044,Yes,0.7542344331741333
3045,Yes,0.7602683305740356
3046,Yes,0.7541540861129761
3047,Yes,0.7537050843238831
3048,Yes,0.7485092878341675
3049,Yes,0.7672934532165527
3050,Yes,0.7540062069892883
3051,Yes,0.7593039870262146
3052,Yes,0.7511201500892639
3053,Yes,0.7734956741333008
3054,Yes,0.7674387693405151
3055,Yes,0.7542697191238403
3056,Yes,0.7422717213630676
3057,Yes,0.7445178627967834
3058,Yes,0.7422000765800476
3059,Yes,0.7415131330490112
3060,Yes,0.7337834239006042
3061,Yes,0.7949391007423401
3062,Yes,0.7742443680763245
3063,Yes,0.7697916626930237
3064,Yes,0.7656229138374329
3065,Yes,0.7846841812133789
3066,Yes,0.7767830491065979
3067,Yes,0.7764200568199158
3068,Yes,0.7701802253723145
3069,Yes,0.7843330502510071
3070,Yes,0.7742089629173279
3071,Yes,0.7755244970321655
3072,Yes,0.7699251770973206
3073,Yes,0.7756222486495972
3074,Yes,0.7648794054985046
3075,Yes,0.7669948935508728
3076,Yes,0.7594667077064514
3077,Yes,0.7812084555625916
3078,Yes,0.7815505862236023
3079,Yes,0.7762940526008606
3080,Yes,0.777244508266449
3081,Yes,0.7737812995910645
3082,Yes,0.7681360244750977
3083,Yes,0.7677905559539795
3084,Yes,0.7580942511558533
3085,Yes,0.7609004378318787
3086,Yes,0.7656969428062439
3087,Yes,0.7645357847213745
3088,Yes,0.7572786808013916
3089,Yes,0.779477596282959
3090,Yes,0.7672957181930542
3091,Yes,0.7709617018699646
3092,Yes,0.7597422003746033
3093,Yes,0.7796421647071838
3094,Yes,0.7710094451904297
3095,Yes,0.7781726121902466
3096,Yes,0.7675382494926453
3097,Yes,0.7841476202011108
3098,Yes,0.7729673981666565
3099,Yes,0.7814866304397583
3100,Yes,0.7692000865936279
3101,Yes,0.7635021805763245
3102,Yes,0.751104474067688
3103,Yes,0.767652690410614
3104,Yes,0.7764710783958435
3105,Yes,0.7711805701255798
3106,Yes,0.7606891989707947
3107,Yes,0.7686936259269714
3108,Yes,0.7567346096038818
3109,Yes,0.776984691619873
3110,Yes,0.7657113671302795
3111,Yes,0.7755189538002014
3112,Yes,0.7653800249099731
3113,Yes,0.769730806350708
3114,Yes,0.7574875354766846
3115,Yes,0.7711272835731506
3116,Yes,0.781843900680542
3117,Yes,0.7811095118522644
3118,Yes,0.7792974710464478
3119,Yes,0.7789133787155151
3120,Yes,0.7683165669441223
3121,Yes,0.7962099313735962
3122,Yes,0.7854185104370117
3123,Yes,0.7930437922477722
3124,Yes,0.7813103795051575
3125,Yes,0.7841476202011108
3126,Yes,0.7729673981666565
3127,Yes,0.7814866304397583
3128,Yes,0.7692000865936279
3129,Yes,0.7796421647071838
3130,Yes,0.7710094451904297
3131,Yes,0.7781726121902466
3132,Yes,0.7675382494926453
3133,Yes,0.7799717783927917
3134,Yes,0.7618638277053833
3135,Yes,0.7617793083190918
3136,Yes,0.7666829228401184
3137,Yes,0.7956915497779846
3138,Yes,0.7740627527236938
3139,Yes,0.7631233930587769
3140,Yes,0.7599648833274841
3141,Yes,0.7980096340179443
3142,Yes,0.7843624353408813
3143,Yes,0.7787671685218811
3144,Yes,0.7771050930023193
3145,Yes,0.7801315784454346
3146,Yes,0.7621513605117798
3147,Yes,0.7675319314002991
3148,Yes,0.7659127116203308
3149,Yes,0.7835222482681274
3150,Yes,0.7771722674369812
3151,Yes,0.7636510729789734
3152,Yes,0.7604019045829773
3153,Yes,0.7479746341705322
3154,Yes,0.7466356158256531
3155,Yes,0.77411949634552
3156,Yes,0.770379364490509
3157,Yes,0.7927951812744141
3158,Yes,0.7813826203346252
3159,Yes,0.7703386545181274
3160,Yes,0.7702029347419739
3161,Yes,0.7870608568191528
3162,Yes,0.7802764773368835
3163,Yes,0.760225772857666
3164,Yes,0.7594865560531616
3165,Yes,0.7711284160614014
3166,Yes,0.7644463181495667
3167,Yes,0.765906035900116
3168,Yes,0.7625324130058289
3169,Yes,0.7594367861747742
3170,Yes,0.7423397898674011
3171,Yes,0.7490639686584473
3172,Yes,0.7422338724136353
3173,Yes,0.762213945388794
3174,Yes,0.7482977509498596
3175,Yes,0.7584620118141174
3176,Yes,0.7456289529800415
3177,Yes,0.7465343475341797
3178,Yes,0.729364812374115
3179,Yes,0.7452821731567383
3180,Yes,0.7397859692573547
3181,Yes,0.7504149079322815
3182,Yes,0.7492834329605103
3183,Yes,0.7495214343070984
3184,Yes,0.7427382469177246
3185,Yes,0.7429577708244324
3186,Yes,0.7395972609519958
3187,Yes,0.7475583553314209
3188,Yes,0.7416757345199585
3189,Yes,0.7533778548240662
3190,Yes,0.7608947157859802
3191,Yes,0.744928240776062
3192,Yes,0.7546297311782837
3193,Yes,0.7420850992202759
3194,Yes,0.7323633432388306
3195,Yes,0.7423950433731079
3196,Yes,0.7378890514373779
3197,Yes,0.722271740436554
3198,Yes,0.722987174987793
3199,Yes,0.738274097442627
3200,Yes,0.7497707605361938
3201,Yes,0.7427275776863098
3202,Yes,0.7383988499641418
3203,Yes,0.7544928789138794
3204,Yes,0.7485558390617371
3205,Yes,0.7524430155754089
3206,Yes,0.746548056602478
3207,Yes,0.7596650719642639
3208,Yes,0.754503071308136
3209,Yes,0.74608314037323
3210,Yes,0.7433900833129883
3211,Yes,0.751418948173523
3212,Yes,0.7454399466514587
3213,Yes,0.7907592058181763
3214,Yes,0.7761680483818054
3215,Yes,0.786080002784729
3216,Yes,0.7760601043701172
3217,Yes,0.7681151628494263
3218,Yes,0.7533328533172607
3219,Yes,0.7834324836730957
3220,Yes,0.7772659063339233
3221,Yes,0.746276319026947
3222,Yes,0.7346009016036987
3223,Yes,0.7483692169189453
3224,Yes,0.7392991781234741
3225,Yes,0.7320305705070496
3226,Yes,0.7291277647018433
3227,Yes,0.7432413101196289
3228,Yes,0.7368220686912537
3229,Yes,0.7512806057929993
3230,Yes,0.748967170715332
3231,Yes,0.7508328557014465
3232,Yes,0.7470093369483948
3233,Yes,0.7235124707221985
3234,Yes,0.7337841391563416
3235,Yes,0.7357932329177856
3236,Yes,0.7299222946166992
3237,Yes,0.756861686706543
3238,Yes,0.7493033409118652
3239,Yes,0.7523088455200195
3240,Yes,0.7475358247756958
3241,Yes,0.7752544283866882
3242,Yes,0.7624636292457581
3243,Yes,0.7761227488517761
3244,Yes,0.7675340175628662
3245,Yes,0.7494738698005676
3246,Yes,0.7433590292930603
3247,Yes,0.7545427083969116
3248,Yes,0.7483498454093933
3249,Yes,0.7994522452354431
3250,Yes,0.7683232426643372
3251,Yes,0.7882615327835083
3252,Yes,0.780040979385376
3253,Yes,0.754909336566925
3254,Yes,0.7439283132553101
3255,Yes,0.7645910382270813
3256,Yes,0.756401538848877
3257,Yes,0.7413300275802612
3258,Yes,0.7307941913604736
3259,Yes,0.7441455721855164
3260,Yes,0.7378619909286499
3261,Yes,0.7809489369392395
3262,Yes,0.7579619884490967
3263,Yes,0.7741960883140564
3264,Yes,0.7632575631141663
3265,Yes,0.762187659740448
3266,Yes,0.7430066466331482
3267,Yes,0.7617154121398926
3268,Yes,0.755469560623169
3269,Yes,0.7647244334220886
3270,Yes,0.7422233819961548
3271,Yes,0.7558882236480713
3272,Yes,0.7517564296722412
3273,Yes,0.7576640248298645
3274,Yes,0.7445038557052612
3275,Yes,0.7544792890548706
3276,Yes,0.7505603432655334
3277,Yes,0.7994522452354431
3278,Yes,0.7683232426643372
3279,Yes,0.7882615327835083
3280,Yes,0.780040979385376
3281,Yes,0.730247974395752
3282,Yes,0.72748202085495
3283,Yes,0.7455102801322937
3284,Yes,0.7443167567253113
3285,Yes,0.7642014622688293
3286,Yes,0.750239372253418
3287,Yes,0.7647848725318909
3288,Yes,0.7591911554336548
3289,Yes,0.7564110159873962
3290,Yes,0.7432374358177185
3291,Yes,0.7631598114967346
3292,Yes,0.7570236325263977
3293,Yes,0.7538332343101501
3294,Yes,0.743614137172699
3295,Yes,0.749872624874115
3296,Yes,0.7417274713516235
3297,Yes,0.7667665481567383
3298,Yes,0.7566057443618774
3299,Yes,0.7755507826805115
3300,Yes,0.776735782623291
3301,Yes,0.7767542004585266
3302,Yes,0.7599758505821228
3303,Yes,0.7670943737030029
3304,Yes,0.7686349153518677
3305,Yes,0.7745144963264465
3306,Yes,0.7499268651008606
3307,Yes,0.7643398642539978
3308,Yes,0.7516459226608276
3309,Yes,0.7599953413009644
3310,Yes,0.7459830045700073
3311,Yes,0.7598915100097656
3312,Yes,0.7565020322799683
3313,Yes,0.7555956244468689
3314,Yes,0.7431581616401672
3315,Yes,0.758097231388092
3316,Yes,0.7601796388626099
3317,Yes,0.7678952217102051
3318,Yes,0.7536736726760864
3319,Yes,0.7662659883499146
3320,Yes,0.7535851001739502
3321,Yes,0.7926597595214844
3322,Yes,0.7685921788215637
3323,Yes,0.7806519865989685
3324,Yes,0.7660880088806152
3325,Yes,0.7653492093086243
3326,Yes,0.741071343421936
3327,Yes,0.7568548917770386
3328,Yes,0.7420922517776489
3329,Yes,0.784382164478302
3330,Yes,0.7657036781311035
3331,Yes,0.7814585566520691
3332,Yes,0.765099823474884
3333,Yes,0.771984338760376
3334,Yes,0.7516148686408997
3335,Yes,0.7639300227165222
3336,Yes,0.7515867352485657
3337,Yes,0.7760536670684814
3338,Yes,0.7535725831985474
3339,Yes,0.7711036801338196
3340,Yes,0.761610209941864
3341,Yes,0.7687258720397949
3342,Yes,0.7468387484550476
3343,Yes,0.7634842395782471
3344,Yes,0.752813458442688
3345,Yes,0.7793306708335876
3346,Yes,0.757614016532898
3347,Yes,0.7742824554443359
3348,Yes,0.7596650123596191
3349,Yes,0.7643642425537109
3350,Yes,0.7503587007522583
3351,Yes,0.755295991897583
3352,Yes,0.7578231692314148
3353,Yes,0.7838525176048279
3354,Yes,0.7631816864013672
3355,Yes,0.7792087197303772
3356,Yes,0.7641245126724243
3357,Yes,0.8044958710670471
3358,Yes,0.7701329588890076
3359,Yes,0.7758501172065735
3360,Yes,0.7727571129798889
3361,Yes,0.7720865607261658
3362,Yes,0.7601893544197083
3363,Yes,0.7650313973426819
3364,Yes,0.7647843956947327
3365,Yes,0.776394248008728
3366,Yes,0.7717987895011902
3367,Yes,0.755500316619873
3368,Yes,0.7634278535842896
3369,Yes,0.7784627079963684
3370,Yes,0.7759478688240051
3371,Yes,0.7594976425170898
3372,Yes,0.7665494084358215
3373,Yes,0.7698417901992798
3374,Yes,0.7591594457626343
3375,Yes,0.7569347620010376
3376,Yes,0.7618851661682129
3377,Yes,0.764565110206604
3378,Yes,0.7635818719863892
3379,Yes,0.7528528571128845
3380,Yes,0.7571946382522583
3381,Yes,0.7741391062736511
3382,Yes,0.7717825770378113
3383,Yes,0.76278156042099
3384,Yes,0.767670214176178
3385,Yes,0.7665561437606812
3386,Yes,0.7571344375610352
3387,Yes,0.7666679620742798
3388,Yes,0.7680267095565796
3389,Yes,0.7779012322425842
3390,Yes,0.7721307277679443
3391,Yes,0.7691094279289246
3392,Yes,0.7748532295227051
3393,Yes,0.8007800579071045
3394,Yes,0.7904040813446045
3395,Yes,0.7930941581726074
3396,Yes,0.7833508849143982
3397,Yes,0.7780889272689819
3398,Yes,0.7751589417457581
3399,Yes,0.770973265171051
3400,Yes,0.7656238675117493
3401,Yes,0.7875239849090576
3402,Yes,0.7847597002983093
3403,Yes,0.7844101786613464
3404,Yes,0.7816771268844604
3405,Yes,0.8087440133094788
3406,Yes,0.7963451743125916
3407,Yes,0.7867714762687683
3408,Yes,0.7741836905479431
3409,Yes,0.7886515855789185
3410,Yes,0.7764539122581482
3411,Yes,0.7758628726005554
3412,Yes,0.7813798189163208
3413,Yes,0.8034934997558594
3414,Yes,0.7995755076408386
3415,Yes,0.7812620997428894
3416,Yes,0.772521436214447
3417,Yes,0.8087777495384216
3418,Yes,0.7967568635940552
3419,Yes,0.7986856698989868
3420,Yes,0.79038006067276
3421,Yes,0.7813693284988403
3422,Yes,0.7725642323493958
3423,Yes,0.7771926522254944
3424,Yes,0.76767498254776
3425,Yes,0.8193939328193665
3426,Yes,0.8028308749198914
3427,Yes,0.7985950112342834
3428,Yes,0.7859320640563965
3429,Yes,0.8001570701599121
3430,Yes,0.7881171107292175
3431,Yes,0.7897638082504272
3432,Yes,0.782576858997345
3433,Yes,0.8050328493118286
3434,Yes,0.7958611845970154
3435,Yes,0.789007842540741
3436,Yes,0.7798894047737122
3437,Yes,0.7897643446922302
3438,Yes,0.7852205634117126
3439,Yes,0.7832345366477966
3440,Yes,0.7747048139572144
3441,Yes,0.7735520601272583
3442,Yes,0.7703992128372192
3443,Yes,0.7479486465454102
3444,Yes,0.757114827632904
3445,Yes,0.7852674722671509
3446,Yes,0.7802069187164307
3447,Yes,0.7733225226402283
3448,Yes,0.7776572108268738
3449,Yes,0.7936794757843018
3450,Yes,0.7846408486366272
3451,Yes,0.7802603840827942
3452,Yes,0.7845216393470764
3453,Yes,0.7701327204704285
3454,Yes,0.763292133808136
3455,Yes,0.7674738168716431
3456,Yes,0.7706053853034973
3457,Yes,0.7927244901657104
3458,Yes,0.7928019165992737
3459,Yes,0.7925884127616882
3460,Yes,0.7957576513290405
3461,Yes,0.7711968421936035
3462,Yes,0.7750590443611145
3463,Yes,0.7626743912696838
3464,Yes,0.7677652835845947
3465,Yes,0.7643024325370789
3466,Yes,0.7650314569473267
3467,Yes,0.757315456867218
3468,Yes,0.7614926099777222
3469,Yes,0.7747465968132019
3470,Yes,0.7759183645248413
3471,Yes,0.7653578519821167
3472,Yes,0.7685777544975281
3473,Yes,0.7552626729011536
3474,Yes,0.7468939423561096
3475,Yes,0.7486533522605896
3476,Yes,0.7518713474273682
3477,Yes,0.7580423355102539
3478,Yes,0.7508232593536377
3479,Yes,0.7608829140663147
3480,Yes,0.7637754082679749
3481,Yes,0.7840539813041687
3482,Yes,0.7894196510314941
3483,Yes,0.7827461361885071
3484,Yes,0.7882871627807617
3485,Yes,0.7768571376800537
3486,Yes,0.7684972286224365
3487,Yes,0.7588427662849426
3488,Yes,0.7631495594978333
3489,Yes,0.7646409273147583
3490,Yes,0.7576828002929688
3491,Yes,0.762285053730011
3492,Yes,0.7631794810295105
3493,Yes,0.768720805644989
3494,Yes,0.7611504197120667
3495,Yes,0.7449525594711304
3496,Yes,0.7510080933570862
3497,Yes,0.7696962952613831
3498,Yes,0.7711541056632996
3499,Yes,0.7694191932678223
3500,Yes,0.7713986039161682
3501,Yes,0.7733275294303894
3502,Yes,0.7642826437950134
3503,Yes,0.7608919739723206
3504,Yes,0.7628748416900635
3505,Yes,0.782531201839447
3506,Yes,0.7493684887886047
3507,Yes,0.757396936416626
3508,Yes,0.7505034804344177
3509,Yes,0.8007237911224365
3510,Yes,0.7627037763595581
3511,Yes,0.7651522159576416
3512,Yes,0.7567192316055298
3513,Yes,0.7926605939865112
3514,Yes,0.779330849647522
3515,Yes,0.7825406789779663
3516,Yes,0.7793309092521667
3517,Yes,0.7753645181655884
3518,Yes,0.759304404258728
3519,Yes,0.7559951543807983
3520,Yes,0.7558844089508057
3521,Yes,0.7724740505218506
3522,Yes,0.750694990158081
3523,Yes,0.7808939218521118
3524,Yes,0.7664530277252197
3525,Yes,0.777224063873291
3526,Yes,0.7577688097953796
3527,Yes,0.7734051942825317
3528,Yes,0.7581517696380615
3529,Yes,0.7750204801559448
3530,Yes,0.7544214129447937
3531,Yes,0.7705419063568115
3532,Yes,0.7567363977432251
3533,Yes,0.7824242115020752
3534,Yes,0.765198826789856
3535,Yes,0.7813054323196411
3536,Yes,0.7690147161483765
3537,Yes,0.7714007496833801
3538,Yes,0.7594596743583679
3539,Yes,0.7738741636276245
3540,Yes,0.7595766186714172
3541,Yes,0.7806172966957092
3542,Yes,0.7550196051597595
3543,Yes,0.7703763246536255
3544,Yes,0.755596399307251
3545,Yes,0.7670908570289612
3546,Yes,0.7436330914497375
3547,Yes,0.7627754807472229
3548,Yes,0.7492151856422424
3549,Yes,0.7637025713920593
3550,Yes,0.7422894835472107
3551,Yes,0.7591320276260376
3552,Yes,0.7432702779769897
3553,Yes,0.7810543775558472
3554,Yes,0.7626634836196899
3555,Yes,0.7766562700271606
3556,Yes,0.7636140584945679
3557,Yes,0.7728179097175598
3558,Yes,0.7504305839538574
3559,Yes,0.7554938197135925
3560,Yes,0.7564027309417725
3561,Yes,0.8007250428199768
3562,Yes,0.7814446091651917
3563,Yes,0.7842698693275452
3564,Yes,0.7707073092460632
3565,Yes,0.7881143093109131
3566,Yes,0.7735118269920349
3567,Yes,0.7791774272918701
3568,Yes,0.7627126574516296
3569,Yes,0.7953429818153381
3570,Yes,0.7756068706512451
3571,Yes,0.7766711711883545
3572,Yes,0.7616485953330994
3573,Yes,0.795232355594635
3574,Yes,0.7746933102607727
3575,Yes,0.7854702472686768
3576,Yes,0.7710517048835754
3577,Yes,0.792962372303009
3578,Yes,0.7668449282646179
3579,Yes,0.7673408389091492
3580,Yes,0.7539513111114502
3581,Yes,0.7912406325340271
3582,Yes,0.7679420113563538
3583,Yes,0.7738316655158997
3584,Yes,0.7745479941368103
3585,Yes,0.7881102561950684
3586,Yes,0.7648243308067322
3587,Yes,0.778002917766571
3588,Yes,0.7658394575119019
3589,Yes,0.7811895608901978
3590,Yes,0.7780493497848511
3591,Yes,0.7893902659416199
3592,Yes,0.7770535349845886
3593,Yes,0.792086660861969
3594,Yes,0.7730114459991455
3595,Yes,0.787270188331604
3596,Yes,0.7745699286460876
3597,Yes,0.787916898727417
3598,Yes,0.7619524598121643
3599,Yes,0.7627331018447876
3600,Yes,0.7614619731903076
3601,Yes,0.7727435827255249
3602,Yes,0.756961464881897
3603,Yes,0.7631760239601135
3604,Yes,0.7588775157928467
3605,Yes,0.7742090225219727
3606,Yes,0.7471900582313538
3607,Yes,0.7467513084411621
3608,Yes,0.7497803568840027
3609,Yes,0.7730630040168762
3610,Yes,0.7623289227485657
3611,Yes,0.7719782590866089
3612,Yes,0.7661259770393372
3613,Yes,0.7815003991127014
3614,Yes,0.7632667422294617
3615,Yes,0.7678055763244629
3616,Yes,0.7535179257392883
3617,Yes,0.7888157963752747
3618,Yes,0.7644920945167542
3619,Yes,0.7691458463668823
3620,Yes,0.7581586837768555
3621,Yes,0.7742090225219727
3622,Yes,0.7471900582313538
3623,Yes,0.7467513084411621
3624,Yes,0.7497803568840027
3625,Yes,0.7743517756462097
3626,Yes,0.7599108219146729
3627,Yes,0.7654567360877991
3628,Yes,0.7714747190475464
3629,Yes,0.7778053879737854
3630,Yes,0.7548432946205139
3631,Yes,0.764024555683136
3632,Yes,0.7553372979164124
3633,Yes,0.7827022671699524
3634,Yes,0.7668523788452148
3635,Yes,0.7752487063407898
3636,Yes,0.7634658217430115
3637,Yes,0.7900476455688477
3638,Yes,0.7657260894775391
3639,Yes,0.7689347267150879
3640,Yes,0.7580172419548035
3641,Yes,0.7990126609802246
3642,Yes,0.7825644612312317
3643,Yes,0.7911617755889893
3644,Yes,0.7816392183303833
3645,Yes,0.7843935489654541
3646,Yes,0.7702233195304871
3647,Yes,0.7702140212059021
3648,Yes,0.7574085593223572
3649,Yes,0.7779256105422974
3650,Yes,0.7499098777770996
3651,Yes,0.7544613480567932
3652,Yes,0.7456401586532593
3653,Yes,0.7734602689743042
3654,Yes,0.7513376474380493
3655,Yes,0.7678972482681274
3656,Yes,0.7614193558692932
3657,Yes,0.76610267162323
3658,Yes,0.7546864151954651
3659,Yes,0.7605251669883728
3660,Yes,0.7495590448379517
3661,Yes,0.7523518800735474
3662,Yes,0.7443808317184448
3663,Yes,0.7607534527778625
3664,Yes,0.7541962265968323
3665,Yes,0.7975720763206482
3666,Yes,0.778412938117981
3667,Yes,0.7871577143669128
3668,Yes,0.7724398970603943
3669,Yes,0.7807295322418213
3670,Yes,0.7584388256072998
3671,Yes,0.7712575197219849
3672,Yes,0.7575405240058899
3673,Yes,0.7907471060752869
3674,Yes,0.7722753286361694
3675,Yes,0.7842744588851929
3676,Yes,0.7716616988182068
3677,Yes,0.8019397258758545
3678,Yes,0.7811324000358582
3679,Yes,0.7915989756584167
3680,Yes,0.7818472385406494
3681,Yes,0.7777298092842102
3682,Yes,0.7579798102378845
3683,Yes,0.7778164148330688
3684,Yes,0.763639509677887
3685,Yes,0.7700556516647339
3686,Yes,0.7498641610145569
3687,Yes,0.7535382509231567
3688,Yes,0.7563145160675049
3689,Yes,0.7957180142402649
3690,Yes,0.7759825587272644
3691,Yes,0.7877717614173889
3692,Yes,0.778590738773346
3693,Yes,0.787940502166748
3694,Yes,0.7768932580947876
3695,Yes,0.7855299115180969
3696,Yes,0.7756917476654053
3697,Yes,0.7799872159957886
3698,Yes,0.7465695142745972
3699,Yes,0.7424342036247253
3700,Yes,0.7486638426780701
3701,Yes,0.7910892367362976
3702,Yes,0.7794182896614075
3703,Yes,0.768976628780365
3704,Yes,0.7708374261856079
3705,Yes,0.7947210669517517
3706,Yes,0.7760715484619141
3707,Yes,0.7859691977500916
3708,Yes,0.7747605443000793
3709,Yes,0.7918863296508789
3710,Yes,0.7714260816574097
3711,Yes,0.7806894779205322
3712,Yes,0.7690359354019165
3713,Yes,0.7669719457626343
3714,Yes,0.769817054271698
3715,Yes,0.7973435521125793
3716,Yes,0.7990975379943848
3717,Yes,0.8002955913543701
3718,Yes,0.7812758684158325
3719,Yes,0.7970791459083557
3720,Yes,0.8038461804389954
3721,Yes,0.7765141129493713
3722,Yes,0.7894967794418335
3723,Yes,0.8066703677177429
3724,Yes,0.8002462983131409
3725,Yes,0.7972303032875061
3726,Yes,0.7766273617744446
3727,Yes,0.7970112562179565
3728,Yes,0.8067834377288818
3729,Yes,0.8125270009040833
3730,Yes,0.7889335751533508
3731,Yes,0.8050323724746704
3732,Yes,0.8058812618255615
3733,Yes,0.8062336444854736
3734,Yes,0.7914334535598755
3735,Yes,0.8109965920448303
3736,Yes,0.8129025101661682
3737,Yes,0.8172978162765503
3738,Yes,0.7892510890960693
3739,Yes,0.8075899481773376
3740,Yes,0.8154213428497314
3741,Yes,0.8071156144142151
3742,Yes,0.7823104858398438
3743,Yes,0.798054039478302
3744,Yes,0.8083202242851257
3745,Yes,0.7603587508201599
3746,Yes,0.7531989216804504
3747,Yes,0.7530542612075806
3748,Yes,0.7419428825378418
3749,Yes,0.7633838653564453
3750,Yes,0.7600466012954712
3751,Yes,0.7687933444976807
3752,Yes,0.7627395391464233
3753,Yes,0.7720308303833008
3754,Yes,0.7661328911781311
3755,Yes,0.7686731815338135
3756,Yes,0.7659062743186951
3757,Yes,0.7558225989341736
3758,Yes,0.742807924747467
3759,Yes,0.7450572848320007
3760,Yes,0.7503664493560791
3761,Yes,0.773800253868103
3762,Yes,0.7538300156593323
3763,Yes,0.7677573561668396
3764,Yes,0.7814173102378845
3765,Yes,0.7647713422775269
3766,Yes,0.7803533673286438
3767,Yes,0.7915372252464294
3768,Yes,0.7926806211471558
3769,Yes,0.7707613706588745
3770,Yes,0.7530535459518433
3771,Yes,0.7645271420478821
3772,Yes,0.7746448516845703
3773,Yes,0.7539323568344116
3774,Yes,0.7371518015861511
3775,Yes,0.7551532983779907
3776,Yes,0.7666895985603333
3777,Yes,0.7488049864768982
3778,Yes,0.7376589179039001
3779,Yes,0.7425558567047119
3780,Yes,0.7512755990028381
3781,Yes,0.7490409016609192
3782,Yes,0.7486523985862732
3783,Yes,0.7439419031143188
3784,Yes,0.7446548938751221
3785,Yes,0.7406745553016663
3786,Yes,0.7485784292221069
3787,Yes,0.7525507211685181
3788,Yes,0.7462286949157715
3789,Yes,0.7610935568809509
3790,Yes,0.7567621469497681
3791,Yes,0.7623204588890076
3792,Yes,0.7582643032073975
3793,Yes,0.7561068534851074
3794,Yes,0.7572259902954102
3795,Yes,0.7498231530189514
3796,Yes,0.7573491930961609
3797,Yes,0.7518900036811829
3798,Yes,0.7401244640350342
3799,Yes,0.7434134483337402
3800,Yes,0.7358942627906799
3801,Yes,0.7365926504135132
3802,Yes,0.7391607761383057
3803,Yes,0.7456334829330444
3804,Yes,0.7402442097663879
3805,Yes,0.7594997882843018
3806,Yes,0.7469578385353088
3807,Yes,0.7555028796195984
3808,Yes,0.7533974647521973
3809,Yes,0.7334874868392944
3810,Yes,0.7329936623573303
3811,Yes,0.7421349883079529
3812,Yes,0.7490348219871521
3813,Yes,0.7472602128982544
3814,Yes,0.7453327775001526
3815,Yes,0.757116436958313
3816,Yes,0.7615751624107361
3817,Yes,0.745639979839325
3818,Yes,0.7365561127662659
3819,Yes,0.7402849793434143
3820,Yes,0.7456158995628357
3821,Yes,0.7711488604545593
3822,Yes,0.7657189965248108
3823,Yes,0.7811466455459595
3824,Yes,0.7899095416069031
3825,Yes,0.7480056285858154
3826,Yes,0.7393521666526794
3827,Yes,0.7454524040222168
3828,Yes,0.7547348141670227
3829,Yes,0.7548481822013855
3830,Yes,0.7458107471466064
3831,Yes,0.7576401829719543
3832,Yes,0.770118772983551
3833,Yes,0.7551624178886414
3834,Yes,0.7414682507514954
3835,Yes,0.7690850496292114
3836,Yes,0.7719606161117554
3837,Yes,0.7375290393829346
3838,Yes,0.7358924746513367
3839,Yes,0.7396849393844604
3840,Yes,0.7438478469848633
3841,Yes,0.8136565685272217
3842,Yes,0.7938321828842163
3843,Yes,0.8036423921585083
3844,Yes,0.7828022837638855
3845,Yes,0.8276326060295105
3846,Yes,0.7939547300338745
3847,Yes,0.7951377034187317
3848,Yes,0.7930905818939209
3849,Yes,0.817499577999115
3850,Yes,0.7938891053199768
3851,Yes,0.80455482006073
3852,Yes,0.7838121652603149
3853,Yes,0.8215858340263367
3854,Yes,0.7962661385536194
3855,Yes,0.8010758757591248
3856,Yes,0.7781866788864136
3857,Yes,0.8318958878517151
3858,Yes,0.8105098009109497
3859,Yes,0.825261116027832
3860,Yes,0.8045850992202759
3861,Yes,0.8205574750900269
3862,Yes,0.792813241481781
3863,Yes,0.8047946691513062
3864,Yes,0.7838743925094604
3865,Yes,0.8087555766105652
3866,Yes,0.7811091542243958
3867,Yes,0.791407585144043
3868,Yes,0.7710450887680054
3869,Yes,0.809013843536377
3870,Yes,0.7653083205223083
3871,Yes,0.787146270275116
3872,Yes,0.7906156778335571
3873,Yes,0.8341576457023621
3874,Yes,0.795071542263031
3875,Yes,0.8112474679946899
3876,Yes,0.8111758232116699
3877,Yes,0.8136565685272217
3878,Yes,0.7938321828842163
3879,Yes,0.8036423921585083
3880,Yes,0.7828022837638855
3881,Yes,0.7929835319519043
3882,Yes,0.7766475677490234
3883,Yes,0.7892023324966431
3884,Yes,0.7691697478294373
3885,Yes,0.8075677156448364
3886,Yes,0.7855582237243652
3887,Yes,0.7973374724388123
3888,Yes,0.7775113582611084
3889,Yes,0.7717125415802002
3890,Yes,0.7525092959403992
3891,Yes,0.7601179480552673
3892,Yes,0.7469164729118347
3893,Yes,0.7718762755393982
3894,Yes,0.7645671963691711
3895,Yes,0.7724762558937073
3896,Yes,0.7623000144958496
3897,Yes,0.7616015076637268
3898,Yes,0.7494033575057983
3899,Yes,0.7589541673660278
3900,Yes,0.7517098188400269
3901,Yes,0.769654393196106
3902,Yes,0.7530486583709717
3903,Yes,0.7683444619178772
3904,Yes,0.7583337426185608
3905,Yes,0.7500223517417908
3906,Yes,0.7285755276679993
3907,Yes,0.732109010219574
3908,Yes,0.7345637679100037
3909,Yes,0.7654129862785339
3910,Yes,0.7475177645683289
3911,Yes,0.7554513812065125
3912,Yes,0.7465198636054993
3913,Yes,0.7686331868171692
3914,Yes,0.7451132535934448
3915,Yes,0.759335458278656
3916,Yes,0.7521363496780396
3917,Yes,0.758898138999939
3918,Yes,0.7446577548980713
3919,Yes,0.7535257935523987
3920,Yes,0.7461428642272949
3921,Yes,0.7656964063644409
3922,Yes,0.7502636313438416
3923,Yes,0.7644011974334717
3924,Yes,0.7664380073547363
3925,Yes,0.7306413054466248
3926,Yes,0.7281306982040405
3927,Yes,0.7304261326789856
3928,Yes,0.7356128692626953
3929,Yes,0.7535505294799805
3930,Yes,0.7386209964752197
3931,Yes,0.7599363327026367
3932,Yes,0.7636247873306274
3933,Yes,0.8033552169799805
3934,Yes,0.7795966267585754
3935,Yes,0.7842261791229248
3936,Yes,0.7837827801704407
3937,Yes,0.7891129851341248
3938,Yes,0.7730545401573181
3939,Yes,0.7866800427436829
3940,Yes,0.7744637727737427
3941,Yes,0.7710868716239929
3942,Yes,0.7567352652549744
3943,Yes,0.768224835395813
3944,Yes,0.7754628658294678
3945,Yes,0.7723164558410645
3946,Yes,0.7618629336357117
3947,Yes,0.7727335691452026
3948,Yes,0.7623600959777832
3949,Yes,0.7988579869270325
3950,Yes,0.7677074074745178
3951,Yes,0.76766437292099
3952,Yes,0.7711014151573181
3953,Yes,0.793129026889801
3954,Yes,0.7776768803596497
3955,Yes,0.7831626534461975
3956,Yes,0.770061194896698
3957,Yes,0.7976006865501404
3958,Yes,0.7771202325820923
3959,Yes,0.7881963849067688
3960,Yes,0.7759445309638977
3961,Yes,0.7970308065414429
3962,Yes,0.7818714380264282
3963,Yes,0.7914530038833618
3964,Yes,0.7822579741477966
3965,Yes,0.7827880382537842
3966,Yes,0.7695645689964294
3967,Yes,0.7648531794548035
3968,Yes,0.7725919485092163
3969,Yes,0.7906798124313354
3970,Yes,0.7574853897094727
3971,Yes,0.7680497169494629
3972,Yes,0.7620113492012024
3973,Yes,0.8182733654975891
3974,Yes,0.7896302342414856
3975,Yes,0.8021172285079956
3976,Yes,0.7843544483184814
3977,Yes,0.8030357360839844
3978,Yes,0.7742226123809814
3979,Yes,0.7873494029045105
3980,Yes,0.7723245620727539
3981,Yes,0.793700635433197
3982,Yes,0.7664655447006226
3983,Yes,0.7880303263664246
3984,Yes,0.7764613628387451
3985,Yes,0.7717550992965698
3986,Yes,0.7567801475524902
3987,Yes,0.7729308605194092
3988,Yes,0.7580817937850952
3989,Yes,0.769938051700592
3990,Yes,0.7579910755157471
3991,Yes,0.7686037421226501
3992,Yes,0.7499566674232483
3993,Yes,0.7677968740463257
3994,Yes,0.7544599175453186
3995,Yes,0.7582055926322937
3996,Yes,0.7504557371139526
3997,Yes,0.8020681142807007
3998,Yes,0.772948682308197
3999,Yes,0.7831998467445374
4000,Yes,0.7783840298652649
4001,Yes,0.7680216431617737
4002,Yes,0.7773402333259583
4003,Yes,0.7634390592575073
4004,Yes,0.7707065939903259
4005,Yes,0.7706075310707092
4006,Yes,0.7717002630233765
4007,Yes,0.7595816254615784
4008,Yes,0.7676010727882385
4009,Yes,0.7795073986053467
4010,Yes,0.7842026352882385
4011,Yes,0.7701632380485535
4012,Yes,0.7768224477767944
4013,Yes,0.7699156999588013
4014,Yes,0.7832149267196655
4015,Yes,0.7666468620300293
4016,Yes,0.7733981609344482
4017,Yes,0.7837001085281372
4018,Yes,0.7920527458190918
4019,Yes,0.781589686870575
4020,Yes,0.7901633977890015
4021,Yes,0.7795073986053467
4022,Yes,0.7842026352882385
4023,Yes,0.7701632380485535
4024,Yes,0.7768224477767944
4025,Yes,0.7778009176254272
4026,Yes,0.7773858308792114
4027,Yes,0.7704017758369446
4028,Yes,0.776822566986084
4029,Yes,0.764872133731842
4030,Yes,0.7634543776512146
4031,Yes,0.7511839866638184
4032,Yes,0.7563134431838989
4033,Yes,0.768604576587677
4034,Yes,0.7532575726509094
4035,Yes,0.7726728916168213
4036,Yes,0.7590684294700623
4037,Yes,0.7837409377098083
4038,Yes,0.7644092440605164
4039,Yes,0.7641885280609131
4040,Yes,0.7541598081588745
4041,Yes,0.7835143208503723
4042,Yes,0.7654304504394531
4043,Yes,0.76726895570755
4044,Yes,0.7584913969039917
4045,Yes,0.8102321624755859
4046,Yes,0.7843090295791626
4047,Yes,0.7958144545555115
4048,Yes,0.7854796051979065
4049,Yes,0.7812750935554504
4050,Yes,0.7656431198120117
4051,Yes,0.7571865916252136
4052,Yes,0.7482964396476746
4053,Yes,0.7820161581039429
4054,Yes,0.7626585364341736
4055,Yes,0.7818459272384644
4056,Yes,0.7691248059272766
4057,Yes,0.7752207517623901
4058,Yes,0.763340175151825
4059,Yes,0.7712787985801697
4060,Yes,0.7602227926254272
4061,Yes,0.7700073719024658
4062,Yes,0.7501955032348633
4063,Yes,0.7734289169311523
4064,Yes,0.7621024250984192
4065,Yes,0.7809295654296875
4066,Yes,0.7655602693557739
4067,Yes,0.7658129334449768
4068,Yes,0.7575508952140808
4069,Yes,0.7863200902938843
4070,Yes,0.7748298048973083
4071,Yes,0.7750166654586792
4072,Yes,0.7636051774024963
4073,Yes,0.7908941507339478
4074,Yes,0.765114426612854
4075,Yes,0.7779179215431213
4076,Yes,0.7678397297859192
4077,Yes,0.7783439755439758
4078,Yes,0.7624265551567078
4079,Yes,0.7678641080856323
4080,Yes,0.758159875869751
4081,Yes,0.7722387909889221
4082,Yes,0.7562205791473389
4083,Yes,0.7691460251808167
4084,Yes,0.7574920654296875
4085,Yes,0.7673311829566956
4086,Yes,0.7467318773269653
4087,Yes,0.750034511089325
4088,Yes,0.7451847195625305
4089,Yes,0.783515989780426
4090,Yes,0.7556812763214111
4091,Yes,0.7700794339179993
4092,Yes,0.7578717470169067
4093,Yes,0.7862766981124878
4094,Yes,0.7716540694236755
4095,Yes,0.7695757746696472
4096,Yes,0.7611211538314819
4097,Yes,0.7581628561019897
4098,Yes,0.7620675563812256
4099,Yes,0.7535573840141296
4100,Yes,0.7580475211143494
4101,Yes,0.7527881860733032
4102,Yes,0.7590264678001404
4103,Yes,0.7433537840843201
4104,Yes,0.7459452748298645
4105,Yes,0.7468138337135315
4106,Yes,0.7544767260551453
4107,Yes,0.7415367364883423
4108,Yes,0.7480913400650024
4109,Yes,0.7500876188278198
4110,Yes,0.7491121888160706
4111,Yes,0.7700780630111694
4112,Yes,0.7744710445404053
4113,Yes,0.752193808555603
4114,Yes,0.7629378437995911
4115,Yes,0.7516710758209229
4116,Yes,0.7584764361381531
4117,Yes,0.7515166997909546
4118,Yes,0.7636094093322754
4119,Yes,0.7508049607276917
4120,Yes,0.7565643191337585
4121,Yes,0.7529875636100769
4122,Yes,0.7667223811149597
4123,Yes,0.751861035823822
4124,Yes,0.7584301829338074
4125,Yes,0.7483973503112793
4126,Yes,0.7524044513702393
4127,Yes,0.7486076354980469
4128,Yes,0.751029908657074
4129,Yes,0.7817990779876709
4130,Yes,0.7634682655334473
4131,Yes,0.7603117227554321
4132,Yes,0.7546802759170532
4133,Yes,0.7810154557228088
4134,Yes,0.7737719416618347
4135,Yes,0.781121015548706
4136,Yes,0.7723188400268555
4137,Yes,0.7882664799690247
4138,Yes,0.759814977645874
4139,Yes,0.7757555246353149
4140,Yes,0.7868326902389526
4141,Yes,0.7884640693664551
4142,Yes,0.7740923762321472
4143,Yes,0.777862012386322
4144,Yes,0.7814528942108154
4145,Yes,0.7654833793640137
4146,Yes,0.7612676024436951
4147,Yes,0.7545520067214966
4148,Yes,0.7523440718650818
4149,Yes,0.7363839745521545
4150,Yes,0.7321662902832031
4151,Yes,0.7527387142181396
4152,Yes,0.7510790824890137
4153,Yes,0.7673531770706177
4154,Yes,0.7671281099319458
4155,Yes,0.7656533718109131
4156,Yes,0.7592174410820007
4157,Yes,0.7447031736373901
4158,Yes,0.7420938014984131
4159,Yes,0.7499535083770752
4160,Yes,0.7445624470710754
4161,Yes,0.7694624066352844
4162,Yes,0.7632389068603516
4163,Yes,0.7748801112174988
4164,Yes,0.7731882333755493
4165,Yes,0.7577517628669739
4166,Yes,0.7508557438850403
4167,Yes,0.7517408132553101
4168,Yes,0.7589522004127502
4169,Yes,0.777399480342865
4170,Yes,0.7646007537841797
4171,Yes,0.7741908431053162
4172,Yes,0.7674282789230347
4173,Yes,0.7748566269874573
4174,Yes,0.761056125164032
4175,Yes,0.7674742937088013
4176,Yes,0.7613844871520996
4177,Yes,0.7655568718910217
4178,Yes,0.7533636093139648
4179,Yes,0.7705696225166321
4180,Yes,0.7767125964164734
4181,Yes,0.7801060080528259
4182,Yes,0.765341579914093
4183,Yes,0.7730383276939392
4184,Yes,0.7657082676887512
4185,Yes,0.7781415581703186
4186,Yes,0.7649111747741699
4187,Yes,0.7642168998718262
4188,Yes,0.7696800827980042
4189,Yes,0.7747063636779785
4190,Yes,0.7667165398597717
4191,Yes,0.7721816897392273
4192,Yes,0.7625266313552856
4193,Yes,0.7990412712097168
4194,Yes,0.7784955501556396
4195,Yes,0.7830156683921814
4196,Yes,0.7722787857055664
4197,Yes,0.7757709622383118
4198,Yes,0.7617725133895874
4199,Yes,0.7549678087234497
4200,Yes,0.7632439136505127
4201,Yes,0.7815528512001038
4202,Yes,0.7684644460678101
4203,Yes,0.7757469415664673
4204,Yes,0.7684234380722046
4205,Yes,0.767291247844696
4206,Yes,0.7523782849311829
4207,Yes,0.769944429397583
4208,Yes,0.7700530886650085
4209,Yes,0.7632448077201843
4210,Yes,0.7570651173591614
4211,Yes,0.7582027316093445
4212,Yes,0.7648768424987793
4213,Yes,0.7548826336860657
4214,Yes,0.7464015483856201
4215,Yes,0.7604982852935791
4216,Yes,0.7534162402153015
4217,Yes,0.789517879486084
4218,Yes,0.7821424603462219
4219,Yes,0.7821664810180664
4220,Yes,0.7744997143745422
4221,Yes,0.770768404006958
4222,Yes,0.7649690508842468
4223,Yes,0.7711529731750488
4224,Yes,0.764016330242157
4225,Yes,0.7685856819152832
4226,Yes,0.73973149061203
4227,Yes,0.7618885636329651
4228,Yes,0.7528207898139954
4229,Yes,0.7578751444816589
4230,Yes,0.743718683719635
4231,Yes,0.7575464844703674
4232,Yes,0.7518154382705688
4233,Yes,0.7440736889839172
4234,Yes,0.7391619086265564
4235,Yes,0.7537685036659241
4236,Yes,0.7522047162055969
4237,Yes,0.7704632878303528
4238,Yes,0.7496812343597412
4239,Yes,0.7577038407325745
4240,Yes,0.7530691027641296
4241,Yes,0.7511647939682007
4242,Yes,0.7407758831977844
4243,Yes,0.7623423337936401
4244,Yes,0.7575909495353699
4245,Yes,0.7565406560897827
4246,Yes,0.7362327575683594
4247,Yes,0.7461769580841064
4248,Yes,0.7430756688117981
4249,Yes,0.733991801738739
4250,Yes,0.7249253988265991
4251,Yes,0.7648264765739441
4252,Yes,0.7604587078094482
4253,Yes,0.7643913626670837
4254,Yes,0.7529929280281067
4255,Yes,0.7655155062675476
4256,Yes,0.7593924403190613
4257,Yes,0.7666483521461487
4258,Yes,0.7446848750114441
4259,Yes,0.7605358362197876
4260,Yes,0.7476575374603271
4261,Yes,0.7657756209373474
4262,Yes,0.753001868724823
4263,Yes,0.769575834274292
4264,Yes,0.7582311034202576
4265,Yes,0.7636851072311401
4266,Yes,0.7656041979789734
4267,Yes,0.7823549509048462
4268,Yes,0.7705745697021484
4269,Yes,0.7786983251571655
4270,Yes,0.7521263957023621
4271,Yes,0.767140805721283
4272,Yes,0.7630664110183716
4273,Yes,0.7667523622512817
4274,Yes,0.7503929138183594
4275,Yes,0.7572059035301208
4276,Yes,0.7583974003791809
4277,Yes,0.7832272052764893
4278,Yes,0.7585925459861755
4279,Yes,0.7660579681396484
4280,Yes,0.7658969759941101
4281,Yes,0.7924800515174866
4282,Yes,0.7777611613273621
4283,Yes,0.7924618721008301
4284,Yes,0.7789474129676819
4285,Yes,0.7686117887496948
4286,Yes,0.7580914497375488
4287,Yes,0.7745040655136108
4288,Yes,0.7655556797981262
4289,Yes,0.7767389416694641
4290,Yes,0.7594422698020935
4291,Yes,0.7671629190444946
4292,Yes,0.751423180103302
4293,Yes,0.8011261224746704
4294,Yes,0.7860230207443237
4295,Yes,0.791429340839386
4296,Yes,0.7784605026245117
4297,Yes,0.7611556053161621
4298,Yes,0.7560339570045471
4299,Yes,0.7654205560684204
4300,Yes,0.7483739852905273
4301,Yes,0.7857785820960999
4302,Yes,0.7653505802154541
4303,Yes,0.7806339859962463
4304,Yes,0.7618743777275085
4305,Yes,0.7789041996002197
4306,Yes,0.775244414806366
4307,Yes,0.7840749025344849
4308,Yes,0.7645070552825928
4309,Yes,0.7935271859169006
4310,Yes,0.7731846570968628
4311,Yes,0.7850824594497681
4312,Yes,0.7672780156135559
4313,Yes,0.7765107750892639
4314,Yes,0.7458752393722534
4315,Yes,0.7514014840126038
4316,Yes,0.7529580593109131
4317,Yes,0.7909165620803833
4318,Yes,0.7679558992385864
4319,Yes,0.7743427753448486
4320,Yes,0.7570837736129761
4321,Yes,0.7792133688926697
4322,Yes,0.7678800821304321
4323,Yes,0.7773458957672119
4324,Yes,0.7608433961868286
4325,Yes,0.7857404351234436
4326,Yes,0.7589889168739319
4327,Yes,0.7729319930076599
4328,Yes,0.7574600577354431
4329,Yes,0.7771146893501282
4330,Yes,0.7536982297897339
4331,Yes,0.763616144657135
4332,Yes,0.7652136087417603
4333,Yes,0.7986611127853394
4334,Yes,0.7653493285179138
4335,Yes,0.7841950058937073
4336,Yes,0.7900593876838684
4337,Yes,0.8025863170623779
4338,Yes,0.7742697596549988
4339,Yes,0.7784175276756287
4340,Yes,0.7787560224533081
4341,Yes,0.7825440168380737
4342,Yes,0.7588926553726196
4343,Yes,0.769443929195404
4344,Yes,0.7553056478500366
4345,Yes,0.787722110748291
4346,Yes,0.7653502821922302
4347,Yes,0.770740270614624
4348,Yes,0.7532680630683899
4349,Yes,0.7812225818634033
4350,Yes,0.7619919180870056
4351,Yes,0.7730204463005066
4352,Yes,0.7576696276664734
4353,Yes,0.8066568970680237
4354,Yes,0.777550220489502
4355,Yes,0.7766567468643188
4356,Yes,0.7771389484405518
4357,Yes,0.7940977811813354
4358,Yes,0.7665648460388184
4359,Yes,0.782146155834198
4360,Yes,0.7638522386550903
4361,Yes,0.7697632312774658
4362,Yes,0.745794951915741
4363,Yes,0.7615041732788086
4364,Yes,0.7447893023490906
4365,Yes,0.7889984250068665
4366,Yes,0.7607665657997131
4367,Yes,0.772490382194519
4368,Yes,0.7560918927192688
4369,Yes,0.7234218120574951
4370,Yes,0.7292301654815674
4371,Yes,0.7368080615997314
4372,Yes,0.7406125068664551
4373,Yes,0.7262652516365051
4374,Yes,0.7309634685516357
4375,Yes,0.7403165698051453
4376,Yes,0.7404961585998535
4377,Yes,0.7543749213218689
4378,Yes,0.7591806054115295
4379,Yes,0.7464076280593872
4380,Yes,0.7463231682777405
4381,Yes,0.7292133569717407
4382,Yes,0.7355832457542419
4383,Yes,0.733896017074585
4384,Yes,0.7434006929397583
4385,Yes,0.7272471785545349
4386,Yes,0.7466066479682922
4387,Yes,0.7420734167098999
4388,Yes,0.7436293363571167
4389,Yes,0.7280526757240295
4390,Yes,0.7408743500709534
4391,Yes,0.7416163682937622
4392,Yes,0.7429470419883728
4393,Yes,0.7210552096366882
4394,Yes,0.7393003106117249
4395,Yes,0.738592267036438
4396,Yes,0.7422816753387451
4397,Yes,0.7505289912223816
4398,Yes,0.744422197341919
4399,Yes,0.7370370626449585
4400,Yes,0.7360596656799316
4401,Yes,0.7540081739425659
4402,Yes,0.7386491894721985
4403,Yes,0.7570505142211914
4404,Yes,0.7373683452606201
4405,Yes,0.7483125329017639
4406,Yes,0.7202036380767822
4407,Yes,0.7464101314544678
4408,Yes,0.7534841895103455
4409,Yes,0.7553799152374268
4410,Yes,0.7354022264480591
4411,Yes,0.7513706088066101
4412,Yes,0.7483788728713989
4413,Yes,0.7454579472541809
4414,Yes,0.7148066759109497
4415,Yes,0.7378180027008057
4416,Yes,0.7212896943092346
