item,label,p_yes
1,No,0.4808275103569031
2,Yes,0.5536075830459595
3,Yes,0.5678502321243286
4,Yes,0.6891199946403503
5,No,0.3375486135482788
6,Yes,0.5006499290466309
7,No,0.4984225630760193
8,Yes,0.6190839409828186
9,No,0.29864439368247986
10,No,0.34986430406570435
11,No,0.36041679978370667
12,No,0.40804651379585266
13,No,0.30301591753959656
14,No,0.3818349242210388
15,No,0.35853683948516846
16,No,0.4013073146343231
17,No,0.48109617829322815
18,No,0.4422251284122467
19,No,0.4186330735683441
20,No,0.4851052165031433
21,No,0.3174450993537903
22,No,0.3352743089199066
23,No,0.2567040026187897
24,No,0.3051668107509613
25,Yes,0.690761148929596
26,Yes,0.771178662776947
27,Yes,0.7413815855979919
28,Yes,0.8493301868438721
29,Yes,0.5119962692260742
30,No,0.3861965835094452
31,No,0.40407630801200867
32,No,0.4658161401748657
33,No,0.46688422560691833
34,Yes,0.556003212928772
35,Yes,0.5433878302574158
36,Yes,0.6173516511917114
37,No,0.4133872985839844
38,No,0.43966957926750183
39,No,0.4050500988960266
40,Yes,0.5056214928627014
41,No,0.40297895669937134
42,No,0.4554981291294098
43,No,0.40940380096435547
44,No,0.4737170934677124
45,No,0.2915147840976715
46,No,0.37782803177833557
47,No,0.3433149755001068
48,No,0.49072322249412537
49,No,0.45187658071517944
50,No,0.40990379452705383
51,No,0.39530646800994873
52,No,0.46632152795791626
53,No,0.39037850499153137
54,No,0.4301401972770691
55,Yes,0.5026106238365173
56,Yes,0.502717912197113
57,No,0.43500643968582153
58,No,0.48428207635879517
59,No,0.48891139030456543
60,Yes,0.5663329362869263
61,Yes,0.8136370182037354
62,Yes,0.5947622656822205
63,Yes,0.6696597337722778
64,Yes,0.6315371990203857
65,Yes,0.524136483669281
66,No,0.4523685872554779
67,Yes,0.5568923354148865
68,Yes,0.5392048358917236
69,Yes,0.5054163336753845
70,No,0.34154513478279114
71,No,0.41975417733192444
72,No,0.4198172092437744
73,Yes,0.539726197719574
74,Yes,0.5570985674858093
75,Yes,0.5567182898521423
76,Yes,0.5938307046890259
77,No,0.4998597800731659
78,No,0.4600309729576111
79,No,0.4744585156440735
80,No,0.4855166971683502
81,No,0.4684915244579315
82,No,0.396304726600647
83,Yes,0.5671276450157166
84,No,0.46919265389442444
85,Yes,0.6422388553619385
86,Yes,0.6015638709068298
87,Yes,0.7257239818572998
88,Yes,0.6599535942077637
89,Yes,0.5265960693359375
90,No,0.45828455686569214
91,Yes,0.6004815101623535
92,Yes,0.500587522983551
93,Yes,0.7066551446914673
94,Yes,0.6795130372047424
95,Yes,0.8179563879966736
96,Yes,0.821980893611908
97,Yes,0.5347691178321838
98,No,0.4518080949783325
99,Yes,0.5835548639297485
100,Yes,0.5147262215614319
101,Yes,0.5942484140396118
102,No,0.44141215085983276
103,Yes,0.5727511048316956
104,No,0.47021394968032837
105,No,0.3991996943950653
106,No,0.3852909505367279
107,Yes,0.5088478922843933
108,No,0.46853548288345337
109,Yes,0.5129680037498474
110,No,0.3942219018936157
111,Yes,0.572237491607666
112,No,0.48596155643463135
113,No,0.363118052482605
114,No,0.35953453183174133
115,Yes,0.5738083124160767
116,No,0.4916634261608124
117,Yes,0.645295262336731
118,No,0.32201775908470154
119,No,0.45753946900367737
120,No,0.35828930139541626
121,No,0.47767871618270874
122,No,0.39185523986816406
123,Yes,0.5631534457206726
124,No,0.4532429277896881
125,Yes,0.5797817707061768
126,Yes,0.5075836181640625
127,Yes,0.6550129055976868
128,Yes,0.566908061504364
129,Yes,0.708106517791748
130,Yes,0.6709771752357483
131,Yes,0.7168991565704346
132,Yes,0.6202941536903381
133,Yes,0.7605105638504028
134,Yes,0.6780452728271484
135,Yes,0.72711580991745
136,Yes,0.6349493265151978
137,Yes,0.6503724455833435
138,Yes,0.5729166865348816
139,Yes,0.6768007874488831
140,Yes,0.6163998246192932
141,Yes,0.6128225922584534
142,No,0.44243401288986206
143,Yes,0.5367870926856995
144,No,0.448975533246994
145,Yes,0.5900766849517822
146,Yes,0.514564037322998
147,Yes,0.6008027791976929
148,Yes,0.502488374710083
149,Yes,0.6503724455833435
150,Yes,0.5729166865348816
151,Yes,0.6768007874488831
152,Yes,0.6163998246192932
153,Yes,0.8481457829475403
154,Yes,0.760175883769989
155,Yes,0.842904806137085
156,Yes,0.7953340411186218
157,Yes,0.7765325903892517
158,Yes,0.7176350951194763
159,Yes,0.7133177518844604
160,Yes,0.6650338768959045
161,Yes,0.6225585341453552
162,Yes,0.6269424557685852
163,Yes,0.5088304877281189
164,No,0.4721909761428833
165,Yes,0.6224926710128784
166,No,0.46213313937187195
167,Yes,0.5124205946922302
168,Yes,0.5279213786125183
169,Yes,0.6510452032089233
170,Yes,0.574070155620575
171,Yes,0.611688494682312
172,Yes,0.6191065907478333
173,No,0.4416080117225647
174,No,0.4326280653476715
175,No,0.46485817432403564
176,No,0.4417644739151001
177,Yes,0.5616496205329895
178,Yes,0.6637225151062012
179,Yes,0.5173596739768982
180,No,0.48814332485198975
181,Yes,0.5594914555549622
182,Yes,0.5525810122489929
183,No,0.4804234802722931
184,No,0.4568813741207123
185,No,0.42300331592559814
186,No,0.4562359154224396
187,No,0.4558260440826416
188,No,0.44456538558006287
189,Yes,0.6628875732421875
190,Yes,0.7508207559585571
191,Yes,0.6214795112609863
192,Yes,0.6655327081680298
193,No,0.3379685580730438
194,No,0.3109215199947357
195,No,0.39171287417411804
196,No,0.37922903895378113
197,Yes,0.7639763355255127
198,Yes,0.8366103768348694
199,Yes,0.6983131170272827
200,Yes,0.7411670088768005
201,No,0.3124644160270691
202,No,0.4127253293991089
203,No,0.38422977924346924
204,No,0.3635804355144501
205,Yes,0.6210334300994873
206,Yes,0.5145140290260315
207,No,0.4619289040565491
208,No,0.44571077823638916
209,No,0.37711891531944275
210,No,0.35204192996025085
211,No,0.37855014204978943
212,No,0.3720681071281433
213,No,0.47491514682769775
214,No,0.419960618019104
215,No,0.4304986596107483
216,No,0.39263084530830383
217,No,0.48305630683898926
218,No,0.48857465386390686
219,No,0.4582338333129883
220,No,0.4803520441055298
221,No,0.2652987539768219
222,No,0.27892613410949707
223,No,0.29393261671066284
224,No,0.2467312514781952
225,Yes,0.7176190614700317
226,No,0.44351595640182495
227,Yes,0.6408900022506714
228,No,0.4111214876174927
229,Yes,0.8057710528373718
230,No,0.46456432342529297
231,Yes,0.8075316548347473
232,No,0.48453643918037415
233,Yes,0.8458119034767151
234,Yes,0.6056408882141113
235,Yes,0.8344777226448059
236,Yes,0.5242794752120972
237,Yes,0.7012803554534912
238,No,0.4654664099216461
239,Yes,0.7733026146888733
240,No,0.44653406739234924
241,Yes,0.8266382813453674
242,Yes,0.6860950589179993
243,Yes,0.8559213280677795
244,Yes,0.5315796136856079
245,Yes,0.8730608820915222
246,Yes,0.6088209748268127
247,Yes,0.861362099647522
248,Yes,0.5976952910423279
249,Yes,0.8875633478164673
250,Yes,0.6635374426841736
251,Yes,0.8819242715835571
252,Yes,0.5441057682037354
253,Yes,0.7849587798118591
254,Yes,0.5550596714019775
255,Yes,0.7850432991981506
256,Yes,0.5858374238014221
257,Yes,0.826511025428772
258,Yes,0.5821881294250488
259,Yes,0.8323758840560913
260,Yes,0.5764241814613342
261,Yes,0.7717437148094177
262,No,0.44309499859809875
263,Yes,0.8128960728645325
264,No,0.422887921333313
265,Yes,0.7537283897399902
266,No,0.3916220963001251
267,Yes,0.728981077671051
268,No,0.356381893157959
269,Yes,0.6161805391311646
270,No,0.43241655826568604
271,Yes,0.6720635890960693
272,No,0.398192435503006
273,Yes,0.590800404548645
274,Yes,0.5302941799163818
275,Yes,0.6747056841850281
276,Yes,0.6289347410202026
277,Yes,0.6520887613296509
278,No,0.49868330359458923
279,Yes,0.7262700200080872
280,Yes,0.5943596363067627
281,Yes,0.6167320609092712
282,No,0.4646400511264801
283,Yes,0.5966206789016724
284,No,0.49871230125427246
285,Yes,0.6315932273864746
286,No,0.4663222134113312
287,No,0.49014443159103394
288,No,0.38005390763282776
289,No,0.43255940079689026
290,No,0.3346947431564331
291,No,0.4864142835140228
292,No,0.3668115735054016
293,Yes,0.7758812308311462
294,No,0.45554429292678833
295,Yes,0.6487944722175598
296,No,0.45403093099594116
297,Yes,0.6703210473060608
298,Yes,0.5566686987876892
299,Yes,0.6427572965621948
300,Yes,0.5864883661270142
301,Yes,0.694751501083374
302,Yes,0.5121163129806519
303,Yes,0.6687363982200623
304,Yes,0.5398193597793579
305,Yes,0.893168032169342
306,Yes,0.8491409420967102
307,Yes,0.8335919976234436
308,Yes,0.780204176902771
309,Yes,0.7771169543266296
310,Yes,0.6793901324272156
311,Yes,0.7253897190093994
312,Yes,0.6440281271934509
313,Yes,0.7595730423927307
314,Yes,0.687680184841156
315,Yes,0.6038731336593628
316,Yes,0.5601293444633484
317,Yes,0.6704294681549072
318,Yes,0.6839434504508972
319,Yes,0.7634840607643127
320,Yes,0.6903652548789978
321,Yes,0.7969803810119629
322,Yes,0.830145001411438
323,Yes,0.7622485756874084
324,Yes,0.7113857865333557
325,Yes,0.7532355785369873
326,Yes,0.6969484686851501
327,Yes,0.6861560344696045
328,Yes,0.6601901054382324
329,Yes,0.8234503865242004
330,Yes,0.7212902307510376
331,Yes,0.7304346561431885
332,Yes,0.6678581833839417
333,Yes,0.9295090436935425
334,Yes,0.8706820607185364
335,Yes,0.877819836139679
336,Yes,0.8196603059768677
337,Yes,0.6193199753761292
338,Yes,0.578811764717102
339,Yes,0.687690258026123
340,Yes,0.6245085000991821
341,No,0.4578893184661865
342,No,0.36863887310028076
343,Yes,0.502774715423584
344,No,0.43590179085731506
345,No,0.42234382033348083
346,No,0.35783156752586365
347,Yes,0.5222623944282532
348,No,0.4500257968902588
349,Yes,0.6007471680641174
350,Yes,0.5241091847419739
351,Yes,0.6288178563117981
352,Yes,0.5573407411575317
353,Yes,0.7366102337837219
354,Yes,0.5991097092628479
355,Yes,0.6965590715408325
356,Yes,0.6196666955947876
357,Yes,0.591130256652832
358,No,0.3327226936817169
359,No,0.42462438344955444
360,No,0.352018266916275
361,Yes,0.7151128053665161
362,Yes,0.5335051417350769
363,Yes,0.6020351052284241
364,Yes,0.511662483215332
365,Yes,0.5046226978302002
366,No,0.3924821615219116
367,No,0.40904781222343445
368,No,0.3344099223613739
369,Yes,0.5919078588485718
370,Yes,0.5802296996116638
371,No,0.43230727314949036
372,No,0.40397754311561584
373,Yes,0.5667705535888672
374,No,0.4139206111431122
375,Yes,0.5250575542449951
376,No,0.4059559404850006
377,Yes,0.5953661799430847
378,No,0.44561317563056946
379,Yes,0.5408700704574585
380,No,0.46919551491737366
381,Yes,0.7556154131889343
382,Yes,0.6634482145309448
383,Yes,0.7441981434822083
384,Yes,0.705510139465332
385,Yes,0.933673083782196
386,Yes,0.6633720397949219
387,Yes,0.8882911205291748
388,Yes,0.8106093406677246
389,Yes,0.6724635362625122
390,Yes,0.5653256773948669
391,Yes,0.6042622923851013
392,Yes,0.5311453938484192
393,Yes,0.676637589931488
394,Yes,0.5926808714866638
395,Yes,0.6798451542854309
396,Yes,0.5812753438949585
397,Yes,0.5086904168128967
398,No,0.47222888469696045
399,Yes,0.6109232902526855
400,Yes,0.5428088307380676
401,Yes,0.5338919758796692
402,No,0.48435041308403015
403,No,0.48803460597991943
404,No,0.49584412574768066
405,Yes,0.5464851260185242
406,No,0.49178189039230347
407,Yes,0.5698819756507874
408,Yes,0.5450319051742554
409,Yes,0.729846179485321
410,Yes,0.6764128804206848
411,Yes,0.6613875031471252
412,Yes,0.6887273788452148
413,Yes,0.9135222434997559
414,Yes,0.8850317001342773
415,Yes,0.8822024464607239
416,Yes,0.8479162454605103
417,No,0.2744453251361847
418,No,0.34879544377326965
419,No,0.4583333730697632
420,No,0.4757978618144989
421,No,0.4158148765563965
422,No,0.44174763560295105
423,No,0.3978354334831238
424,Yes,0.501498818397522
425,Yes,0.6587068438529968
426,Yes,0.7689956426620483
427,Yes,0.6397456526756287
428,Yes,0.7266243100166321
429,Yes,0.5270400643348694
430,Yes,0.5844628214836121
431,Yes,0.5809056162834167
432,Yes,0.5953742861747742
433,No,0.43361660838127136
434,No,0.43748223781585693
435,No,0.48127925395965576
436,Yes,0.5182688236236572
437,Yes,0.5759825706481934
438,No,0.35120466351509094
439,No,0.3581385016441345
440,No,0.3495100438594818
441,Yes,0.5199105143547058
442,Yes,0.5580468773841858
443,Yes,0.5423707365989685
444,Yes,0.5660104155540466
445,No,0.3101826608181
446,No,0.3757436275482178
447,No,0.3804047405719757
448,No,0.41957545280456543
449,No,0.41285765171051025
450,No,0.4786563515663147
451,No,0.39008402824401855
452,No,0.4094751179218292
453,Yes,0.5671908855438232
454,Yes,0.5861572623252869
455,Yes,0.6309009194374084
456,Yes,0.6211891174316406
457,Yes,0.5022602677345276
458,No,0.3281318247318268
459,No,0.3915015161037445
460,No,0.36870503425598145
461,Yes,0.5980783700942993
462,No,0.45677801966667175
463,No,0.45494312047958374
464,No,0.4345993995666504
465,No,0.4399215877056122
466,Yes,0.5289751291275024
467,Yes,0.5498793125152588
468,Yes,0.535588264465332
469,Yes,0.7095603942871094
470,Yes,0.575391948223114
471,Yes,0.5824742913246155
472,Yes,0.5571740865707397
473,Yes,0.6647554636001587
474,Yes,0.5509363412857056
475,Yes,0.7188955545425415
476,Yes,0.6621372699737549
477,Yes,0.5020230412483215
478,Yes,0.5702260136604309
479,Yes,0.5277302265167236
480,Yes,0.5464629530906677
481,Yes,0.5049340128898621
482,No,0.48129937052726746
483,No,0.4820708632469177
484,Yes,0.5247796773910522
485,Yes,0.7542766332626343
486,Yes,0.8077539801597595
487,Yes,0.7433784008026123
488,Yes,0.7876666784286499
489,No,0.4614162743091583
490,No,0.496206670999527
491,Yes,0.5458959341049194
492,Yes,0.5367963910102844
493,Yes,0.5430703163146973
494,No,0.48093381524086
495,No,0.4639313220977783
496,No,0.4964136481285095
497,Yes,0.6724262237548828
498,Yes,0.6894102692604065
499,Yes,0.7356520295143127
500,Yes,0.7960178256034851
501,Yes,0.7441048622131348
502,Yes,0.8039239645004272
503,Yes,0.7303240895271301
504,Yes,0.7315828204154968
505,Yes,0.668034553527832
506,Yes,0.7617706656455994
507,Yes,0.6467901468276978
508,Yes,0.6640092730522156
509,No,0.2808091342449188
510,No,0.301776647567749
511,No,0.36828798055648804
512,No,0.37417465448379517
513,Yes,0.8117458820343018
514,Yes,0.7931862473487854
515,Yes,0.6411767601966858
516,Yes,0.5072544813156128
517,Yes,0.6212289929389954
518,Yes,0.5505379438400269
519,Yes,0.5527862906455994
520,Yes,0.5474604368209839
521,Yes,0.551577627658844
522,Yes,0.6153578758239746
523,Yes,0.6248617768287659
524,Yes,0.5525493621826172
525,Yes,0.7895202040672302
526,Yes,0.6864205598831177
527,Yes,0.7307037115097046
528,Yes,0.6316751837730408
529,Yes,0.553450882434845
530,No,0.4734092950820923
531,Yes,0.5049493312835693
532,No,0.43983525037765503
533,Yes,0.5826533436775208
534,Yes,0.5707407593727112
535,Yes,0.6793723702430725
536,Yes,0.6145630478858948
537,Yes,0.6371095180511475
538,Yes,0.5948410034179688
539,Yes,0.6467854976654053
540,Yes,0.5787943005561829
541,Yes,0.5865757465362549
542,Yes,0.5376704335212708
543,Yes,0.5623152852058411
544,No,0.49663636088371277
545,Yes,0.7442966103553772
546,Yes,0.6016016602516174
547,Yes,0.7724313735961914
548,Yes,0.6346500515937805
549,Yes,0.9385315775871277
550,Yes,0.7522180676460266
551,Yes,0.8993620872497559
552,Yes,0.7791902422904968
553,Yes,0.7044960260391235
554,Yes,0.6470695734024048
555,Yes,0.7493084073066711
556,Yes,0.6570990681648254
557,Yes,0.5091069936752319
558,Yes,0.5061646103858948
559,Yes,0.6004564166069031
560,Yes,0.5386771559715271
561,Yes,0.6279829740524292
562,Yes,0.608282744884491
563,Yes,0.6447921395301819
564,Yes,0.663084089756012
565,Yes,0.8027304410934448
566,Yes,0.7002290487289429
567,Yes,0.8428177237510681
568,Yes,0.7623239159584045
569,Yes,0.5281217694282532
570,No,0.4927951693534851
571,Yes,0.5549954771995544
572,No,0.46715885400772095
573,Yes,0.710637092590332
574,Yes,0.604343593120575
575,Yes,0.6371124386787415
576,Yes,0.532895028591156
577,Yes,0.5231101512908936
578,No,0.46334782242774963
579,Yes,0.5384126305580139
580,No,0.48637089133262634
581,Yes,0.751370906829834
582,Yes,0.5525853633880615
583,Yes,0.5964152812957764
584,Yes,0.551405668258667
585,Yes,0.863356351852417
586,Yes,0.7126654982566833
587,Yes,0.8555205464363098
588,Yes,0.780590832233429
589,Yes,0.5607052445411682
590,Yes,0.5133484601974487
591,Yes,0.5564209222793579
592,Yes,0.5379537343978882
593,Yes,0.5897700786590576
594,Yes,0.5293863415718079
595,Yes,0.6513594388961792
596,Yes,0.6169641613960266
597,Yes,0.7413256168365479
598,Yes,0.708549976348877
599,Yes,0.7828639149665833
600,Yes,0.7408185005187988
601,Yes,0.7800445556640625
602,Yes,0.7521262168884277
603,Yes,0.7981431484222412
604,Yes,0.7729797959327698
605,Yes,0.7351633310317993
606,Yes,0.5297547578811646
607,Yes,0.7248876094818115
608,Yes,0.6449185609817505
609,No,0.4611615240573883
610,Yes,0.5411537289619446
611,Yes,0.597734272480011
612,Yes,0.5696930885314941
613,Yes,0.60707026720047
614,Yes,0.5699583888053894
615,Yes,0.5635527968406677
616,Yes,0.613114058971405
617,Yes,0.663550078868866
618,Yes,0.6957623958587646
619,Yes,0.5701368451118469
620,Yes,0.5798221230506897
621,No,0.49061545729637146
622,Yes,0.5160505175590515
623,Yes,0.510607898235321
624,Yes,0.620842456817627
625,Yes,0.6209931373596191
626,No,0.45637330412864685
627,Yes,0.5396755337715149
628,Yes,0.5197113752365112
629,No,0.4077043831348419
630,Yes,0.5030842423439026
631,Yes,0.5164021849632263
632,Yes,0.5208459496498108
633,Yes,0.5405263304710388
634,No,0.4944407641887665
635,Yes,0.540824830532074
636,Yes,0.5370469689369202
637,No,0.48303142189979553
638,No,0.3751865029335022
639,No,0.46886539459228516
640,No,0.45286744832992554
641,No,0.3614352345466614
642,No,0.29948681592941284
643,No,0.32523757219314575
644,No,0.3517973721027374
645,No,0.39880385994911194
646,No,0.37165215611457825
647,No,0.48805859684944153
648,No,0.45512357354164124
649,Yes,0.8147962689399719
650,Yes,0.7504433989524841
651,Yes,0.7628973722457886
652,Yes,0.7520076036453247
653,No,0.43187472224235535
654,No,0.36889228224754333
655,No,0.44137847423553467
656,No,0.42407986521720886
657,No,0.4595716893672943
658,No,0.43605220317840576
659,Yes,0.5004669427871704
660,No,0.4521097242832184
661,Yes,0.7092525959014893
662,No,0.4932669997215271
663,No,0.49000462889671326
664,No,0.48571109771728516
665,Yes,0.5075132846832275
666,No,0.4678611755371094
667,Yes,0.5345532894134521
668,No,0.4851759970188141
669,No,0.4793805778026581
670,No,0.4262506067752838
671,No,0.4439357817173004
672,No,0.41580435633659363
673,No,0.4872598946094513
674,No,0.3991820514202118
675,No,0.3997941315174103
676,No,0.35900023579597473
677,Yes,0.7282571792602539
678,Yes,0.6279752850532532
679,Yes,0.7216751575469971
680,Yes,0.6197182536125183
681,Yes,0.7396817207336426
682,Yes,0.7279202342033386
683,Yes,0.5480076670646667
684,Yes,0.5192117691040039
685,Yes,0.584475040435791
686,No,0.46745193004608154
687,Yes,0.5463373064994812
688,Yes,0.5109239220619202
689,No,0.3572303354740143
690,No,0.33134278655052185
691,No,0.43670278787612915
692,No,0.41157251596450806
693,Yes,0.7147000432014465
694,Yes,0.6215847730636597
695,Yes,0.6483576893806458
696,Yes,0.5960395336151123
697,No,0.36887943744659424
698,No,0.31968259811401367
699,No,0.42414984107017517
700,No,0.3721702992916107
701,Yes,0.7484866976737976
702,Yes,0.7252501845359802
703,Yes,0.6056544184684753
704,Yes,0.5581473708152771
705,No,0.4595716893672943
706,No,0.43605220317840576
707,Yes,0.5004669427871704
708,No,0.4521097242832184
709,No,0.4793805778026581
710,No,0.4262506067752838
711,No,0.4439357817173004
712,No,0.41580435633659363
713,No,0.392768532037735
714,No,0.4312221109867096
715,No,0.3611440062522888
716,No,0.3473150432109833
717,Yes,0.5220159292221069
718,Yes,0.5357123613357544
719,Yes,0.5651236176490784
720,Yes,0.5975853800773621
721,No,0.4746600389480591
722,No,0.4915603995323181
723,No,0.47704192996025085
724,Yes,0.5230690240859985
725,Yes,0.6494976878166199
726,Yes,0.509074866771698
727,Yes,0.5329336524009705
728,Yes,0.5477298498153687
729,No,0.4790124297142029
730,No,0.456219345331192
731,Yes,0.5187728404998779
732,No,0.4992921054363251
733,Yes,0.501972496509552
734,Yes,0.5228433012962341
735,Yes,0.5373857021331787
736,Yes,0.5668171048164368
737,Yes,0.5344439744949341
738,No,0.4809970557689667
739,Yes,0.5203004479408264
740,Yes,0.5038172602653503
741,No,0.4298189580440521
742,No,0.48762041330337524
743,Yes,0.5539770126342773
744,Yes,0.5424768328666687
745,Yes,0.8279314041137695
746,Yes,0.7314771413803101
747,Yes,0.7265166640281677
748,Yes,0.7092790603637695
749,Yes,0.5335153937339783
750,No,0.4662007987499237
751,Yes,0.5881399512290955
752,Yes,0.5368191599845886
753,Yes,0.5834813117980957
754,Yes,0.6094831228256226
755,Yes,0.6730518937110901
756,Yes,0.6628580689430237
757,Yes,0.5738242864608765
758,Yes,0.5562167763710022
759,Yes,0.6005643606185913
760,Yes,0.5993104577064514
761,Yes,0.805210530757904
762,Yes,0.7665928602218628
763,Yes,0.8003562688827515
764,Yes,0.8051174879074097
765,Yes,0.511795699596405
766,Yes,0.5093398094177246
767,Yes,0.5371147394180298
768,Yes,0.5366140604019165
769,Yes,0.7280062437057495
770,Yes,0.573227047920227
771,Yes,0.6268302798271179
772,Yes,0.5753083825111389
773,Yes,0.6195763945579529
774,Yes,0.6227886080741882
775,Yes,0.7058550715446472
776,Yes,0.6427578330039978
777,Yes,0.5648801922798157
778,Yes,0.5603823661804199
779,Yes,0.6496078372001648
780,Yes,0.5704971551895142
781,Yes,0.5741180181503296
782,Yes,0.544394314289093
783,Yes,0.5792548060417175
784,Yes,0.5378886461257935
785,No,0.43288180232048035
786,Yes,0.5167310833930969
787,Yes,0.6096193194389343
788,Yes,0.5850271582603455
789,Yes,0.6570037603378296
790,Yes,0.6244229674339294
791,Yes,0.6191228032112122
792,Yes,0.5662468671798706
793,Yes,0.682162880897522
794,No,0.299685537815094
795,No,0.33099934458732605
796,No,0.29763951897621155
797,No,0.49810051918029785
798,No,0.41077080368995667
799,Yes,0.5066735148429871
800,No,0.4599742293357849
801,No,0.4820098280906677
802,No,0.35127755999565125
803,No,0.41074731945991516
804,No,0.38027992844581604
805,No,0.40722841024398804
806,No,0.39660316705703735
807,Yes,0.561382532119751
808,No,0.49648311734199524
809,Yes,0.5212361812591553
810,Yes,0.5168317556381226
811,Yes,0.6552049517631531
812,Yes,0.6280104517936707
813,No,0.47578442096710205
814,Yes,0.5063604116439819
815,Yes,0.5110329985618591
816,No,0.4477873742580414
817,Yes,0.5346072912216187
818,Yes,0.5584959387779236
819,Yes,0.6330639719963074
820,Yes,0.6158639192581177
821,Yes,0.7358071804046631
822,Yes,0.7179035544395447
823,Yes,0.7849854826927185
824,Yes,0.7707357406616211
825,Yes,0.5302896499633789
826,Yes,0.5021896362304688
827,Yes,0.6723682880401611
828,Yes,0.5901532769203186
829,Yes,0.5039676427841187
830,Yes,0.5659884214401245
831,Yes,0.5366424918174744
832,Yes,0.5262914896011353
833,Yes,0.5761467814445496
834,Yes,0.5796391367912292
835,Yes,0.5900164842605591
836,Yes,0.5897018909454346
837,No,0.48548606038093567
838,No,0.42080411314964294
839,Yes,0.5371959805488586
840,No,0.4868299961090088
841,Yes,0.5346073508262634
842,Yes,0.5584987998008728
843,Yes,0.6330612897872925
844,Yes,0.6158652901649475
845,Yes,0.697428286075592
846,Yes,0.7264130711555481
847,Yes,0.7882126569747925
848,Yes,0.7589168548583984
849,Yes,0.8353404998779297
850,Yes,0.8122774362564087
851,Yes,0.8794434070587158
852,Yes,0.8910298347473145
853,Yes,0.7825499773025513
854,Yes,0.7175500988960266
855,Yes,0.7944088578224182
856,Yes,0.7838962078094482
857,No,0.46041151881217957
858,Yes,0.5185367465019226
859,Yes,0.5902366042137146
860,Yes,0.5987810492515564
861,Yes,0.7221493721008301
862,Yes,0.7599754333496094
863,Yes,0.7859220504760742
864,Yes,0.7833446264266968
865,Yes,0.8412352800369263
866,Yes,0.8399029970169067
867,Yes,0.8058229088783264
868,Yes,0.767982542514801
869,Yes,0.6771247982978821
870,Yes,0.6588472723960876
871,Yes,0.6765574812889099
872,Yes,0.6408804059028625
873,Yes,0.7130801677703857
874,Yes,0.6000833511352539
875,Yes,0.6517304182052612
876,Yes,0.56351637840271
877,Yes,0.7509534955024719
878,Yes,0.7249252200126648
879,Yes,0.7764164805412292
880,Yes,0.7435516715049744
881,Yes,0.9127521514892578
882,Yes,0.8899957537651062
883,Yes,0.8449329137802124
884,Yes,0.8125694990158081
885,Yes,0.7242295145988464
886,Yes,0.6468196511268616
887,Yes,0.6263895630836487
888,Yes,0.5616127252578735
889,Yes,0.5980004668235779
890,No,0.394680917263031
891,Yes,0.500666618347168
892,No,0.4311142563819885
893,No,0.4506596326828003
894,No,0.45759978890419006
895,No,0.4936157166957855
896,No,0.43656957149505615
897,Yes,0.5165002942085266
898,No,0.47909292578697205
899,Yes,0.5700221657752991
900,Yes,0.5611448884010315
901,Yes,0.6233201026916504
902,Yes,0.6230010986328125
903,Yes,0.7089837789535522
904,Yes,0.7607347369194031
905,No,0.3585965037345886
906,No,0.3661420941352844
907,No,0.36679667234420776
908,No,0.33721327781677246
909,No,0.4544751048088074
910,No,0.42540809512138367
911,Yes,0.5714713335037231
912,Yes,0.5913965702056885
913,Yes,0.5214809775352478
914,No,0.34814897179603577
915,No,0.4196440875530243
916,No,0.38024938106536865
917,No,0.46091702580451965
918,No,0.423543244600296
919,Yes,0.5191705822944641
920,Yes,0.5007073879241943
921,No,0.41586756706237793
922,Yes,0.5953869223594666
923,Yes,0.6317988038063049
924,Yes,0.695520281791687
925,No,0.43766748905181885
926,No,0.46830588579177856
927,Yes,0.5563344359397888
928,Yes,0.5831519961357117
929,No,0.39164239168167114
930,No,0.3235081732273102
931,No,0.38968023657798767
932,No,0.34886056184768677
933,Yes,0.5279180407524109
934,No,0.47187137603759766
935,Yes,0.5701249837875366
936,Yes,0.5241117477416992
937,No,0.43216001987457275
938,No,0.4008142352104187
939,No,0.4682072401046753
940,No,0.3995669484138489
941,No,0.33891189098358154
942,No,0.32670557498931885
943,No,0.4086732864379883
944,No,0.3601103723049164
945,Yes,0.5272346138954163
946,Yes,0.5993424654006958
947,Yes,0.5759844183921814
948,Yes,0.6191939115524292
949,Yes,0.6634534001350403
950,Yes,0.721695601940155
951,Yes,0.6550666689872742
952,Yes,0.701792299747467
953,Yes,0.6084032654762268
954,No,0.36646100878715515
955,No,0.3711897134780884
956,No,0.3673272430896759
957,No,0.3855751156806946
958,No,0.41953617334365845
959,No,0.410396546125412
960,No,0.4890082776546478
961,No,0.39679795503616333
962,No,0.40722396969795227
963,Yes,0.5136697292327881
964,Yes,0.5156382322311401
965,No,0.3933813273906708
966,No,0.4960951805114746
967,No,0.42284509539604187
968,No,0.4675896167755127
969,No,0.3952789008617401
970,No,0.43901878595352173
971,No,0.40768104791641235
972,Yes,0.5057198405265808
973,Yes,0.7479903697967529
974,Yes,0.7033535838127136
975,Yes,0.6656875610351562
976,Yes,0.696082592010498
977,Yes,0.6753402948379517
978,Yes,0.5982471108436584
979,Yes,0.8071185350418091
980,Yes,0.7278955578804016
981,Yes,0.5759138464927673
982,No,0.44922277331352234
983,Yes,0.602245569229126
984,Yes,0.5054912567138672
985,Yes,0.7160546183586121
986,Yes,0.6828836798667908
987,Yes,0.8370829820632935
988,Yes,0.7711053490638733
989,Yes,0.6732354164123535
990,Yes,0.5306101441383362
991,Yes,0.6445470452308655
992,Yes,0.5771867036819458
993,No,0.4601450264453888
994,No,0.49397099018096924
995,Yes,0.6659120321273804
996,Yes,0.6097705364227295
997,Yes,0.7688687443733215
998,Yes,0.7413316965103149
999,Yes,0.8213752508163452
1000,Yes,0.7601487636566162
1001,Yes,0.6276782751083374
1002,Yes,0.5404337644577026
1003,Yes,0.67546546459198
1004,Yes,0.5653773546218872
1005,Yes,0.5973408222198486
1006,Yes,0.5531473755836487
1007,Yes,0.78857421875
1008,Yes,0.6896744966506958
1009,No,0.39776384830474854
1010,Yes,0.5001856684684753
1011,No,0.48958370089530945
1012,Yes,0.6048101782798767
1013,Yes,0.5501997470855713
1014,No,0.49656450748443604
1015,Yes,0.5829790234565735
1016,Yes,0.5774258375167847
1017,No,0.37484773993492126
1018,No,0.4139293134212494
1019,No,0.3636309504508972
1020,No,0.37973684072494507
1021,No,0.45690232515335083
1022,Yes,0.5064667463302612
1023,No,0.4734829366207123
1024,Yes,0.5100709199905396
1025,Yes,0.5050882697105408
1026,No,0.42728883028030396
1027,No,0.4228595793247223
1028,Yes,0.5046721696853638
1029,Yes,0.6517073512077332
1030,Yes,0.6247917413711548
1031,Yes,0.6701151728630066
1032,Yes,0.6352825164794922
1033,No,0.4096570909023285
1034,No,0.4109589755535126
1035,Yes,0.5475543141365051
1036,Yes,0.6262677907943726
1037,Yes,0.5730076432228088
1038,Yes,0.6737244725227356
1039,Yes,0.7444620728492737
1040,Yes,0.7578898072242737
1041,Yes,0.602182149887085
1042,Yes,0.7216532230377197
1043,Yes,0.6331684589385986
1044,Yes,0.7500824332237244
1045,No,0.4262121617794037
1046,No,0.4600272476673126
1047,No,0.4676133096218109
1048,No,0.4567261040210724
1049,No,0.43882790207862854
1050,No,0.43656161427497864
1051,No,0.43832701444625854
1052,No,0.45469197630882263
1053,Yes,0.5808698534965515
1054,Yes,0.6371822357177734
1055,Yes,0.6647746562957764
1056,Yes,0.6972578167915344
1057,No,0.47955644130706787
1058,No,0.4499029517173767
1059,Yes,0.5289111733436584
1060,Yes,0.5390190482139587
1061,No,0.42553094029426575
1062,Yes,0.5467060804367065
1063,No,0.42728468775749207
1064,No,0.4829404354095459
1065,Yes,0.6517077684402466
1066,Yes,0.6247907876968384
1067,Yes,0.6701156497001648
1068,Yes,0.6352803111076355
1069,No,0.331420361995697
1070,No,0.42017143964767456
1071,No,0.3771381378173828
1072,No,0.47184914350509644
1073,Yes,0.6563987135887146
1074,Yes,0.6691694855690002
1075,Yes,0.6769278049468994
1076,Yes,0.6701456904411316
1077,Yes,0.68382328748703
1078,Yes,0.5971358418464661
1079,Yes,0.7490664124488831
1080,Yes,0.6877610683441162
1081,Yes,0.6445112824440002
1082,No,0.4226175546646118
1083,Yes,0.532597005367279
1084,No,0.4848768711090088
1085,Yes,0.7573082447052002
1086,Yes,0.7010942697525024
1087,Yes,0.6281549334526062
1088,Yes,0.6401397585868835
1089,Yes,0.5300464034080505
1090,No,0.4829612374305725
1091,Yes,0.5809760689735413
1092,Yes,0.5468760132789612
1093,No,0.3763171136379242
1094,No,0.4111218750476837
1095,Yes,0.5520706176757812
1096,Yes,0.5107598304748535
1097,Yes,0.5460557341575623
1098,No,0.4626823365688324
1099,No,0.493676096200943
1100,No,0.4599246084690094
1101,Yes,0.5100717544555664
1102,No,0.4535629451274872
1103,Yes,0.5602757930755615
1104,Yes,0.518596887588501
1105,No,0.4253307580947876
1106,No,0.33850887417793274
1107,No,0.4392896294593811
1108,No,0.3819810152053833
1109,No,0.3736148178577423
1110,No,0.3373020589351654
1111,No,0.4239650368690491
1112,No,0.397987425327301
1113,Yes,0.7193108797073364
1114,Yes,0.7294594049453735
1115,Yes,0.7974738478660583
1116,Yes,0.7410182356834412
1117,Yes,0.5125930905342102
1118,No,0.34099629521369934
1119,No,0.4733244478702545
1120,No,0.3877299427986145
1121,Yes,0.5247583985328674
1122,No,0.4787328243255615
1123,Yes,0.5457573533058167
1124,No,0.49942314624786377
1125,Yes,0.5571740865707397
1126,Yes,0.5421407222747803
1127,Yes,0.5304489731788635
1128,Yes,0.5567570924758911
1129,Yes,0.5156285762786865
1130,No,0.4478078782558441
1131,No,0.49897336959838867
1132,No,0.4914083182811737
1133,Yes,0.612179696559906
1134,Yes,0.5358284711837769
1135,Yes,0.5825058221817017
1136,Yes,0.5314863324165344
1137,Yes,0.6808184385299683
1138,Yes,0.6298097372055054
1139,Yes,0.6219144463539124
1140,Yes,0.5685642957687378
1141,Yes,0.5604077577590942
1142,Yes,0.5378820896148682
1143,Yes,0.6018246412277222
1144,Yes,0.5566469430923462
1145,No,0.4292304217815399
1146,No,0.389140784740448
1147,Yes,0.53830885887146
1148,No,0.40419241786003113
1149,Yes,0.5516469478607178
1150,Yes,0.5458249449729919
1151,Yes,0.6578950881958008
1152,Yes,0.5696271657943726
1153,Yes,0.8328956961631775
1154,Yes,0.8965637683868408
1155,Yes,0.8681051731109619
1156,Yes,0.810345470905304
1157,Yes,0.8805078268051147
1158,Yes,0.8110789656639099
1159,Yes,0.8798803687095642
1160,Yes,0.7775753140449524
1161,Yes,0.8227648138999939
1162,Yes,0.8018624782562256
1163,Yes,0.8558714389801025
1164,Yes,0.7695326209068298
1165,Yes,0.7495192289352417
1166,Yes,0.6743712425231934
1167,Yes,0.7843447923660278
1168,Yes,0.6211533546447754
1169,Yes,0.5576003193855286
1170,Yes,0.5593577027320862
1171,Yes,0.5752096772193909
1172,Yes,0.6238968968391418
1173,No,0.4247860014438629
1174,No,0.43818122148513794
1175,No,0.4486891031265259
1176,No,0.4650411009788513
1177,No,0.45914921164512634
1178,Yes,0.5170612335205078
1179,Yes,0.5116847157478333
1180,Yes,0.514401912689209
1181,No,0.40371793508529663
1182,Yes,0.5027525424957275
1183,No,0.479163259267807
1184,Yes,0.5290417075157166
1185,No,0.27262356877326965
1186,No,0.3927185833454132
1187,No,0.22976385056972504
1188,No,0.31524816155433655
1189,No,0.3101813793182373
1190,No,0.33967867493629456
1191,No,0.33482834696769714
1192,No,0.3461214601993561
1193,No,0.34938758611679077
1194,No,0.2783276438713074
1195,No,0.3084575831890106
1196,No,0.33778107166290283
1197,No,0.2887554466724396
1198,No,0.3007966876029968
1199,No,0.31351417303085327
1200,No,0.32734423875808716
1201,Yes,0.6314994096755981
1202,Yes,0.6691679358482361
1203,Yes,0.6113106608390808
1204,Yes,0.7290927171707153
1205,Yes,0.6061246991157532
1206,Yes,0.5352749228477478
1207,Yes,0.5323183536529541
1208,Yes,0.533963143825531
1209,No,0.3178856670856476
1210,No,0.34760499000549316
1211,No,0.3420131206512451
1212,No,0.39490294456481934
1213,Yes,0.5407010912895203
1214,No,0.49040040373802185
1215,No,0.4021608829498291
1216,No,0.4709179699420929
1217,Yes,0.7040042281150818
1218,Yes,0.7452548146247864
1219,Yes,0.7291156053543091
1220,Yes,0.741071879863739
1221,Yes,0.7354375123977661
1222,Yes,0.6402301788330078
1223,Yes,0.6955944299697876
1224,Yes,0.6728691458702087
1225,Yes,0.7389654517173767
1226,No,0.4285195469856262
1227,No,0.4719972610473633
1228,No,0.45187029242515564
1229,Yes,0.7468505501747131
1230,Yes,0.6927780508995056
1231,Yes,0.7326884865760803
1232,Yes,0.7053911089897156
1233,No,0.48611995577812195
1234,No,0.47000014781951904
1235,Yes,0.5246005654335022
1236,Yes,0.5208672285079956
1237,Yes,0.6630492806434631
1238,Yes,0.6448519229888916
1239,Yes,0.7114340662956238
1240,Yes,0.6857134699821472
1241,Yes,0.7354375123977661
1242,Yes,0.6402301788330078
1243,Yes,0.6955944299697876
1244,Yes,0.6728691458702087
1245,Yes,0.6697232723236084
1246,Yes,0.6543150544166565
1247,Yes,0.6503519415855408
1248,Yes,0.703052818775177
1249,Yes,0.5022264719009399
1250,No,0.43444496393203735
1251,Yes,0.502224326133728
1252,No,0.4980471432209015
1253,Yes,0.6093054413795471
1254,No,0.43413031101226807
1255,Yes,0.6141793131828308
1256,Yes,0.5450468063354492
1257,Yes,0.5765455961227417
1258,No,0.24955998361110687
1259,No,0.3362390100955963
1260,No,0.2904784679412842
1261,Yes,0.6379521489143372
1262,Yes,0.5329629182815552
1263,Yes,0.5969539284706116
1264,Yes,0.6177788376808167
1265,No,0.4765799343585968
1266,No,0.4363428056240082
1267,Yes,0.514080286026001
1268,No,0.45363327860832214
1269,Yes,0.533473789691925
1270,Yes,0.5095649361610413
1271,Yes,0.6936330795288086
1272,Yes,0.6136266589164734
1273,Yes,0.6029423475265503
1274,No,0.4732886254787445
1275,Yes,0.6042665839195251
1276,Yes,0.5180935859680176
1277,Yes,0.6130529642105103
1278,Yes,0.5285851359367371
1279,Yes,0.6635395884513855
1280,Yes,0.6228708028793335
1281,No,0.4312622547149658
1282,No,0.4020252525806427
1283,No,0.4261808395385742
1284,No,0.40198078751564026
1285,No,0.37038832902908325
1286,No,0.29803553223609924
1287,No,0.41152116656303406
1288,No,0.36502358317375183
1289,Yes,0.6024477481842041
1290,No,0.4610227048397064
1291,Yes,0.5969547629356384
1292,Yes,0.5057591199874878
1293,Yes,0.5152717232704163
1294,No,0.3969171941280365
1295,No,0.41123878955841064
1296,No,0.3704531192779541
1297,No,0.3588256537914276
1298,No,0.36438247561454773
1299,No,0.430344820022583
1300,No,0.3748340904712677
1301,Yes,0.6423319578170776
1302,Yes,0.5369774699211121
1303,Yes,0.7019574642181396
1304,Yes,0.5713542699813843
1305,No,0.35224464535713196
1306,No,0.25841471552848816
1307,No,0.3448856472969055
1308,No,0.32910022139549255
1309,No,0.3901553452014923
1310,No,0.49487388134002686
1311,Yes,0.5782051086425781
1312,No,0.47087976336479187
1313,No,0.46231213212013245
1314,No,0.4269219934940338
1315,Yes,0.5233701467514038
1316,Yes,0.5080339312553406
1317,No,0.3732169568538666
1318,No,0.33971884846687317
1319,No,0.43005603551864624
1320,No,0.42121341824531555
1321,Yes,0.5088096261024475
1322,No,0.4466647207736969
1323,No,0.4446601867675781
1324,No,0.45972174406051636
1325,No,0.4379212558269501
1326,No,0.38589391112327576
1327,No,0.3950631022453308
1328,No,0.4068305790424347
1329,Yes,0.7118218541145325
1330,Yes,0.5813159346580505
1331,Yes,0.5668613910675049
1332,Yes,0.5594772696495056
1333,Yes,0.8079431653022766
1334,Yes,0.7479196190834045
1335,Yes,0.7265532612800598
1336,Yes,0.7011697888374329
1337,No,0.4011107087135315
1338,No,0.4435414671897888
1339,No,0.46536847949028015
1340,No,0.4945165812969208
1341,Yes,0.598011314868927
1342,Yes,0.5590302348136902
1343,Yes,0.5616719722747803
1344,Yes,0.5430105924606323
1345,No,0.4911503791809082
1346,Yes,0.5349674224853516
1347,Yes,0.5581454038619995
1348,Yes,0.5740708708763123
1349,Yes,0.6025965809822083
1350,Yes,0.5419941544532776
1351,Yes,0.5862054824829102
1352,Yes,0.5860843062400818
1353,No,0.38995134830474854
1354,No,0.4192914664745331
1355,No,0.45261695981025696
1356,No,0.4647674560546875
1357,No,0.46842852234840393
1358,Yes,0.5297462344169617
1359,No,0.4456535875797272
1360,No,0.47421184182167053
1361,No,0.24242594838142395
1362,No,0.27814754843711853
1363,No,0.26168709993362427
1364,No,0.29475054144859314
1365,No,0.44028058648109436
1366,No,0.3159261643886566
1367,No,0.25439080595970154
1368,No,0.3189006447792053
1369,No,0.2817760407924652
1370,No,0.3178565800189972
1371,No,0.2349890172481537
1372,No,0.27426576614379883
1373,No,0.33199694752693176
1374,No,0.32804131507873535
1375,No,0.35046640038490295
1376,No,0.3578892946243286
1377,No,0.3590256869792938
1378,No,0.39579668641090393
1379,No,0.3671317994594574
1380,No,0.4052848219871521
1381,No,0.29231706261634827
1382,No,0.4616931676864624
1383,No,0.41963696479797363
1384,Yes,0.5330021977424622
1385,No,0.25635525584220886
1386,No,0.26075777411460876
1387,No,0.2034677118062973
1388,No,0.24349504709243774
1389,No,0.342436820268631
1390,No,0.39189812541007996
1391,No,0.275457501411438
1392,No,0.3577527105808258
1393,No,0.38587018847465515
1394,No,0.4049818813800812
1395,No,0.44200578331947327
1396,No,0.47112587094306946
1397,No,0.4709520637989044
1398,Yes,0.5453986525535583
1399,No,0.48318058252334595
1400,No,0.4897119700908661
1401,No,0.43901193141937256
1402,No,0.3628217875957489
1403,Yes,0.5285952687263489
1404,No,0.4600929617881775
1405,Yes,0.7678245902061462
1406,Yes,0.5992244482040405
1407,Yes,0.7860535383224487
1408,Yes,0.6216297149658203
1409,Yes,0.5115751624107361
1410,No,0.36423853039741516
1411,No,0.4526177644729614
1412,No,0.3966135084629059
1413,No,0.4680417478084564
1414,Yes,0.5112950801849365
1415,Yes,0.6142333149909973
1416,Yes,0.5323312282562256
1417,Yes,0.6018548607826233
1418,Yes,0.5924797654151917
1419,Yes,0.6792377233505249
1420,Yes,0.6651743650436401
1421,Yes,0.8164533972740173
1422,Yes,0.6530281901359558
1423,Yes,0.6631147265434265
1424,Yes,0.6053730845451355
1425,No,0.4229883849620819
1426,No,0.4091072082519531
1427,No,0.32460328936576843
1428,No,0.33960258960723877
1429,Yes,0.5775734782218933
1430,No,0.47733932733535767
1431,Yes,0.5068897604942322
1432,No,0.4660011827945709
1433,Yes,0.652874767780304
1434,Yes,0.7061739563941956
1435,Yes,0.6112611293792725
1436,Yes,0.6451236605644226
1437,No,0.4293024241924286
1438,Yes,0.551723062992096
1439,No,0.41463160514831543
1440,No,0.4607658386230469
1441,Yes,0.5392162799835205
1442,No,0.4595200717449188
1443,Yes,0.660222589969635
1444,Yes,0.5652884840965271
1445,No,0.342160165309906
1446,No,0.44850000739097595
1447,Yes,0.5755311250686646
1448,Yes,0.529059648513794
1449,Yes,0.8738566637039185
1450,Yes,0.6730066537857056
1451,Yes,0.9106968641281128
1452,Yes,0.8132361173629761
1453,Yes,0.6974836587905884
1454,Yes,0.7085757255554199
1455,Yes,0.8078948259353638
1456,Yes,0.6871277093887329
1457,Yes,0.6196855306625366
1458,Yes,0.5384945869445801
1459,Yes,0.7289406061172485
1460,Yes,0.6118866801261902
1461,Yes,0.7162314057350159
1462,Yes,0.6505467891693115
1463,Yes,0.6869378685951233
1464,Yes,0.5425573587417603
1465,Yes,0.5810878276824951
1466,No,0.49354884028434753
1467,Yes,0.602085292339325
1468,No,0.48981988430023193
1469,Yes,0.6215326189994812
1470,Yes,0.5716822147369385
1471,Yes,0.6857513785362244
1472,Yes,0.5725255012512207
1473,Yes,0.5581802129745483
1474,Yes,0.6865323781967163
1475,Yes,0.6357044577598572
1476,Yes,0.720543622970581
1477,Yes,0.6803717017173767
1478,Yes,0.695877730846405
1479,Yes,0.6815115809440613
1480,Yes,0.7171541452407837
1481,Yes,0.6550205945968628
1482,Yes,0.5929718017578125
1483,Yes,0.5777064561843872
1484,Yes,0.5650964975357056
1485,Yes,0.5393190383911133
1486,Yes,0.5359570980072021
1487,Yes,0.5603482127189636
1488,Yes,0.5241355299949646
1489,No,0.33283600211143494
1490,No,0.34601810574531555
1491,No,0.49427831172943115
1492,No,0.4857877790927887
1493,No,0.4764126241207123
1494,No,0.4526907205581665
1495,Yes,0.6030451655387878
1496,Yes,0.5446199178695679
1497,Yes,0.6550214290618896
1498,Yes,0.5929703712463379
1499,Yes,0.5777064561843872
1500,Yes,0.5650983452796936
1501,No,0.5002305507659912
1502,No,0.41293275356292725
1503,No,0.454762727022171
1504,No,0.4761498272418976
1505,Yes,0.5439022779464722
1506,No,0.40987905859947205
1507,Yes,0.6633460521697998
1508,Yes,0.5485832691192627
1509,Yes,0.6359549164772034
1510,Yes,0.7848643660545349
1511,Yes,0.6466093063354492
1512,Yes,0.5746978521347046
1513,No,0.46796903014183044
1514,No,0.37900325655937195
1515,No,0.4916839003562927
1516,No,0.38175731897354126
1517,Yes,0.6525675654411316
1518,Yes,0.724908709526062
1519,Yes,0.672071635723114
1520,Yes,0.5548429489135742
1521,No,0.4012985825538635
1522,No,0.3612077534198761
1523,No,0.48287689685821533
1524,No,0.42860013246536255
1525,No,0.4998946487903595
1526,No,0.4424988329410553
1527,Yes,0.6264877319335938
1528,Yes,0.5528056025505066
1529,Yes,0.5978571772575378
1530,Yes,0.5154936909675598
1531,Yes,0.5686523914337158
1532,Yes,0.5607035756111145
1533,Yes,0.6802518963813782
1534,Yes,0.6168186664581299
1535,Yes,0.681801974773407
1536,Yes,0.6401307582855225
1537,No,0.332643985748291
1538,No,0.35384368896484375
1539,No,0.3141191005706787
1540,No,0.36998361349105835
1541,Yes,0.5359907746315002
1542,Yes,0.5512701272964478
1543,No,0.4295726418495178
1544,Yes,0.5228496789932251
1545,No,0.34664496779441833
1546,No,0.3282232880592346
1547,No,0.30061253905296326
1548,No,0.33325010538101196
1549,No,0.4275035858154297
1550,No,0.424689382314682
1551,No,0.2982122004032135
1552,No,0.372941792011261
1553,No,0.4968505799770355
1554,Yes,0.5164017677307129
1555,No,0.45808592438697815
1556,Yes,0.5450242161750793
1557,Yes,0.590937077999115
1558,Yes,0.5696055889129639
1559,Yes,0.5217016935348511
1560,Yes,0.5952189564704895
1561,Yes,0.5117384791374207
1562,Yes,0.514565110206604
1563,No,0.474834144115448
1564,Yes,0.5471439957618713
1565,No,0.38165056705474854
1566,No,0.4470161497592926
1567,No,0.3630715012550354
1568,No,0.4616008996963501
1569,No,0.49918293952941895
1570,No,0.3913165330886841
1571,No,0.4641355574131012
1572,No,0.41240641474723816
1573,Yes,0.5645535588264465
1574,No,0.43462735414505005
1575,Yes,0.5706363320350647
1576,No,0.4502435028553009
1577,No,0.4183061420917511
1578,No,0.4141054153442383
1579,Yes,0.5588710308074951
1580,No,0.4772573709487915
1581,No,0.47328418493270874
1582,No,0.41128864884376526
1583,Yes,0.6208640933036804
1584,Yes,0.5486233830451965
1585,No,0.34957459568977356
1586,No,0.3800446689128876
1587,Yes,0.5296958088874817
1588,Yes,0.5287995338439941
1589,No,0.2833787202835083
1590,No,0.4189121723175049
1591,No,0.4574366807937622
1592,Yes,0.5019158124923706
1593,No,0.36215683817863464
1594,No,0.3952876925468445
1595,No,0.45326605439186096
1596,Yes,0.5012178421020508
1597,No,0.40464699268341064
1598,No,0.44099000096321106
1599,Yes,0.5211132168769836
1600,No,0.49635955691337585
1601,No,0.49990928173065186
1602,Yes,0.5359199047088623
1603,Yes,0.6013872027397156
1604,Yes,0.6564934849739075
1605,Yes,0.6741217970848083
1606,Yes,0.7051175832748413
1607,Yes,0.6900454759597778
1608,Yes,0.7220994234085083
1609,Yes,0.72043776512146
1610,Yes,0.6095697283744812
1611,Yes,0.6969788074493408
1612,Yes,0.7203170657157898
1613,Yes,0.5655207633972168
1614,Yes,0.6885059475898743
1615,Yes,0.7136660218238831
1616,Yes,0.7852733135223389
1617,No,0.4439059793949127
1618,Yes,0.6247668862342834
1619,Yes,0.5686174035072327
1620,Yes,0.7147100567817688
1621,No,0.3752506673336029
1622,No,0.4421934485435486
1623,No,0.4097452461719513
1624,Yes,0.5416302680969238
1625,Yes,0.5083935260772705
1626,Yes,0.6390678286552429
1627,Yes,0.5952678322792053
1628,Yes,0.7351682186126709
1629,Yes,0.7693096995353699
1630,Yes,0.8924527168273926
1631,Yes,0.7492201328277588
1632,Yes,0.8646183013916016
1633,No,0.3724125921726227
1634,No,0.446778267621994
1635,No,0.3640895485877991
1636,No,0.41863173246383667
1637,No,0.45585888624191284
1638,No,0.42653346061706543
1639,No,0.45082345604896545
1640,No,0.47287043929100037
1641,No,0.38828036189079285
1642,No,0.35895124077796936
1643,No,0.3560093939304352
1644,No,0.37070295214653015
1645,No,0.3937928080558777
1646,No,0.4469999372959137
1647,No,0.36822327971458435
1648,No,0.40594053268432617
1649,No,0.39379194378852844
1650,No,0.44700178503990173
1651,No,0.36822330951690674
1652,No,0.4059451222419739
1653,No,0.3693418800830841
1654,No,0.46043717861175537
1655,No,0.42521002888679504
1656,No,0.4538661539554596
1657,Yes,0.5410735011100769
1658,Yes,0.5071374177932739
1659,No,0.4734596610069275
1660,Yes,0.5263310074806213
1661,No,0.4021129310131073
1662,No,0.4187263250350952
1663,No,0.45948946475982666
1664,No,0.49886569380760193
1665,Yes,0.5407894849777222
1666,No,0.49596989154815674
1667,Yes,0.5703888535499573
1668,No,0.43880030512809753
1669,Yes,0.838426411151886
1670,Yes,0.7127832174301147
1671,Yes,0.6383536458015442
1672,Yes,0.5323486328125
1673,Yes,0.7484665513038635
1674,Yes,0.6912257671356201
1675,Yes,0.7539080381393433
1676,Yes,0.5893531441688538
1677,No,0.4958454370498657
1678,No,0.49265238642692566
1679,Yes,0.6646744012832642
1680,Yes,0.5333606004714966
1681,Yes,0.5055776834487915
1682,No,0.3928699791431427
1683,No,0.40083593130111694
1684,No,0.3851465880870819
1685,No,0.40491345524787903
1686,Yes,0.5059332847595215
1687,Yes,0.5577829480171204
1688,Yes,0.5988078713417053
1689,No,0.2743603587150574
1690,No,0.29124829173088074
1691,No,0.28641924262046814
1692,No,0.3277004361152649
1693,No,0.4273611605167389
1694,Yes,0.600872278213501
1695,Yes,0.5362803339958191
1696,Yes,0.665715754032135
1697,Yes,0.633492112159729
1698,Yes,0.6341705918312073
1699,Yes,0.6108776926994324
1700,Yes,0.598111093044281
1701,Yes,0.7042592167854309
1702,Yes,0.6281531453132629
1703,Yes,0.5496000051498413
1704,Yes,0.5773617625236511
1705,No,0.38578227162361145
1706,No,0.4069451689720154
1707,No,0.3975854516029358
1708,No,0.4004197418689728
1709,No,0.40029197931289673
1710,No,0.34548115730285645
1711,No,0.3714579641819
1712,No,0.3706188201904297
1713,No,0.4985312819480896
1714,No,0.38508880138397217
1715,No,0.4195290207862854
1716,No,0.40563729405403137
1717,Yes,0.5309959053993225
1718,No,0.39801645278930664
1719,No,0.432492196559906
1720,No,0.42095890641212463
1721,No,0.36488568782806396
1722,No,0.37480300664901733
1723,No,0.4214036762714386
1724,No,0.4092719852924347
1725,No,0.4557037353515625
1726,No,0.47252002358436584
1727,No,0.46540600061416626
1728,Yes,0.5081702470779419
1729,Yes,0.6490371227264404
1730,Yes,0.5995873808860779
1731,Yes,0.7327194213867188
1732,Yes,0.6990482807159424
1733,Yes,0.5333992838859558
1734,Yes,0.5557456612586975
1735,Yes,0.6291440725326538
1736,Yes,0.6862351298332214
1737,No,0.45167431235313416
1738,No,0.4808245301246643
1739,Yes,0.6268082857131958
1740,Yes,0.6537196040153503
1741,Yes,0.5269668698310852
1742,Yes,0.5029463171958923
1743,Yes,0.5380011796951294
1744,Yes,0.5989058017730713
1745,Yes,0.8667497634887695
1746,Yes,0.8573222756385803
1747,Yes,0.8761605024337769
1748,Yes,0.887560248374939
1749,Yes,0.5193875432014465
1750,Yes,0.5441731810569763
1751,Yes,0.7258744239807129
1752,Yes,0.7727632522583008
1753,Yes,0.6727724671363831
1754,Yes,0.688219428062439
1755,Yes,0.7350054383277893
1756,Yes,0.7536077499389648
1757,Yes,0.7976034879684448
1758,Yes,0.7195356488227844
1759,Yes,0.7503449320793152
1760,Yes,0.7599074244499207
1761,Yes,0.6806234121322632
1762,Yes,0.7371861934661865
1763,Yes,0.7402522563934326
1764,Yes,0.7510732412338257
1765,No,0.4509400725364685
1766,No,0.4390992522239685
1767,No,0.46235716342926025
1768,No,0.41845962405204773
1769,No,0.4532872438430786
1770,Yes,0.508616030216217
1771,Yes,0.5800947546958923
1772,Yes,0.5299352407455444
1773,Yes,0.5352612733840942
1774,No,0.4562177062034607
1775,No,0.48638078570365906
1776,No,0.4473513662815094
1777,No,0.3346188962459564
1778,No,0.3233209550380707
1779,No,0.419320285320282
1780,No,0.3771207928657532
1781,Yes,0.5219461917877197
1782,Yes,0.5547896027565002
1783,Yes,0.5375300049781799
1784,Yes,0.5610981583595276
1785,Yes,0.5160720348358154
1786,Yes,0.5743952989578247
1787,No,0.4917791187763214
1788,No,0.4942244291305542
1789,No,0.4097605347633362
1790,No,0.3502286374568939
1791,No,0.39927682280540466
1792,No,0.3800855278968811
1793,No,0.48372358083724976
1794,Yes,0.5225734114646912
1795,Yes,0.5613306760787964
1796,Yes,0.5920430421829224
1797,No,0.45619168877601624
1798,Yes,0.5054307579994202
1799,Yes,0.569298505783081
1800,Yes,0.5559831857681274
1801,Yes,0.5200799107551575
1802,No,0.48973697423934937
1803,Yes,0.6138378381729126
1804,Yes,0.5975181460380554
1805,No,0.4544540345668793
1806,No,0.46594560146331787
1807,No,0.4916541576385498
1808,Yes,0.5465641021728516
1809,Yes,0.6801735758781433
1810,Yes,0.5925754904747009
1811,Yes,0.6627107262611389
1812,Yes,0.6318696141242981
1813,Yes,0.6226097941398621
1814,Yes,0.5540531873703003
1815,Yes,0.6236907243728638
1816,Yes,0.5735865831375122
1817,Yes,0.9240257740020752
1818,Yes,0.8838917016983032
1819,Yes,0.8795053958892822
1820,Yes,0.7883480787277222
1821,Yes,0.5611168742179871
1822,Yes,0.5014504790306091
1823,Yes,0.5902672410011292
1824,Yes,0.5009906888008118
1825,Yes,0.8552762866020203
1826,Yes,0.7523855566978455
1827,Yes,0.8061913251876831
1828,Yes,0.7386367321014404
1829,Yes,0.8679508566856384
1830,Yes,0.8266354203224182
1831,Yes,0.842695951461792
1832,Yes,0.7930348515510559
1833,Yes,0.8077609539031982
1834,Yes,0.7155584692955017
1835,Yes,0.7838478684425354
1836,Yes,0.738434910774231
1837,Yes,0.778895378112793
1838,Yes,0.7051195502281189
1839,Yes,0.7823824882507324
1840,Yes,0.7239394783973694
1841,No,0.47135117650032043
1842,No,0.46591368317604065
1843,No,0.45578598976135254
1844,No,0.45509377121925354
1845,Yes,0.6133683323860168
1846,No,0.4930526316165924
1847,Yes,0.5116901397705078
1848,No,0.48820188641548157
1849,No,0.3850548565387726
1850,No,0.35765597224235535
1851,No,0.36291348934173584
1852,No,0.3749640882015228
1853,Yes,0.6574245095252991
1854,Yes,0.555618405342102
1855,No,0.48967820405960083
1856,No,0.4881886839866638
1857,Yes,0.62953120470047
1858,Yes,0.6601541638374329
1859,Yes,0.5673984289169312
1860,Yes,0.5927844643592834
1861,No,0.4844738245010376
1862,No,0.44746682047843933
1863,No,0.3927798867225647
1864,No,0.33169567584991455
1865,No,0.45259231328964233
1866,No,0.36993300914764404
1867,No,0.384615421295166
1868,No,0.3670182526111603
1869,No,0.49201130867004395
1870,Yes,0.6044855713844299
1871,No,0.4974900484085083
1872,Yes,0.5703647136688232
1873,No,0.4979548156261444
1874,Yes,0.5165830254554749
1875,Yes,0.5471062660217285
1876,Yes,0.5501514673233032
1877,Yes,0.6368536353111267
1878,No,0.49973905086517334
1879,Yes,0.5799379348754883
1880,Yes,0.5348573923110962
1881,No,0.41767188906669617
1882,No,0.38344043493270874
1883,Yes,0.5287051796913147
1884,No,0.4490441679954529
1885,No,0.49354586005210876
1886,No,0.4385237693786621
1887,Yes,0.6861186623573303
1888,Yes,0.5736966729164124
1889,Yes,0.5773575901985168
1890,Yes,0.6247056722640991
1891,Yes,0.539574921131134
1892,Yes,0.5346353650093079
1893,Yes,0.5257976651191711
1894,No,0.49412965774536133
1895,No,0.42974352836608887
1896,No,0.42529961466789246
1897,No,0.33164215087890625
1898,No,0.25009188055992126
1899,No,0.27996665239334106
1900,No,0.27851343154907227
1901,No,0.4747786521911621
1902,No,0.30728256702423096
1903,No,0.31110742688179016
1904,No,0.32062870264053345
1905,Yes,0.5325020551681519
1906,No,0.4602474272251129
1907,Yes,0.5957856178283691
1908,Yes,0.5281673073768616
1909,No,0.44639864563941956
1910,No,0.44874709844589233
1911,Yes,0.5089917778968811
1912,Yes,0.5075986981391907
1913,No,0.4477503001689911
1914,No,0.4492136240005493
1915,No,0.4629823863506317
1916,No,0.4677533805370331
1917,Yes,0.6753138303756714
1918,Yes,0.6531463265419006
1919,Yes,0.6701692938804626
1920,Yes,0.7060886025428772
1921,No,0.2981271743774414
1922,No,0.33909207582473755
1923,No,0.3682917654514313
1924,No,0.39998528361320496
1925,Yes,0.5701841115951538
1926,Yes,0.5070369839668274
1927,Yes,0.5824530720710754
1928,Yes,0.5311046242713928
1929,Yes,0.6454604864120483
1930,Yes,0.5636062026023865
1931,Yes,0.725494384765625
1932,Yes,0.67280113697052
1933,No,0.4389857053756714
1934,No,0.3380824625492096
1935,Yes,0.5571507811546326
1936,No,0.4264971911907196
1937,No,0.36186036467552185
1938,No,0.3001994788646698
1939,No,0.3062357008457184
1940,No,0.28381097316741943
1941,No,0.34881407022476196
1942,No,0.31379562616348267
1943,No,0.3885094225406647
1944,No,0.35321834683418274
1945,Yes,0.5102265477180481
1946,No,0.4096755385398865
1947,No,0.40572795271873474
1948,No,0.3718210756778717
1949,Yes,0.5433114171028137
1950,No,0.458890825510025
1951,Yes,0.659385621547699
1952,Yes,0.5911728143692017
1953,No,0.3640521466732025
1954,No,0.3366852402687073
1955,No,0.34093257784843445
1956,No,0.326552152633667
1957,No,0.28812375664711
1958,No,0.3323978781700134
1959,No,0.323341965675354
1960,No,0.36258381605148315
1961,Yes,0.530076265335083
1962,No,0.3565811812877655
1963,No,0.38473057746887207
1964,No,0.39249148964881897
1965,No,0.39192941784858704
1966,No,0.39835506677627563
1967,No,0.3990148901939392
1968,No,0.4398537576198578
1969,Yes,0.5527837872505188
1970,No,0.47408443689346313
1971,Yes,0.5131543874740601
1972,No,0.38882380723953247
1973,Yes,0.7172081470489502
1974,Yes,0.5997130274772644
1975,Yes,0.7120042443275452
1976,Yes,0.5224897861480713
1977,Yes,0.633310854434967
1978,Yes,0.5741742849349976
1979,Yes,0.6284381747245789
1980,Yes,0.5009391903877258
1981,Yes,0.7557820677757263
1982,Yes,0.7303181886672974
1983,Yes,0.6660375595092773
1984,Yes,0.5297991037368774
1985,Yes,0.7476123571395874
1986,Yes,0.7547898888587952
1987,Yes,0.780167818069458
1988,Yes,0.6831494569778442
1989,Yes,0.8064436316490173
1990,Yes,0.551525354385376
1991,Yes,0.7053691744804382
1992,No,0.4402451813220978
1993,Yes,0.812692403793335
1994,Yes,0.6852974891662598
1995,Yes,0.7907770872116089
1996,Yes,0.6344172358512878
1997,Yes,0.7997318506240845
1998,Yes,0.6746190786361694
1999,Yes,0.8310903310775757
2000,Yes,0.6232542395591736
2001,Yes,0.643332839012146
2002,Yes,0.5003188848495483
2003,Yes,0.5489479303359985
2004,No,0.39168041944503784
2005,Yes,0.6587767004966736
2006,Yes,0.6985251307487488
2007,Yes,0.6521704196929932
2008,No,0.4794650077819824
2009,Yes,0.8236148357391357
2010,Yes,0.8001912236213684
2011,Yes,0.8563039898872375
2012,Yes,0.6966959834098816
2013,Yes,0.5848903656005859
2014,Yes,0.687985897064209
2015,Yes,0.839163601398468
2016,Yes,0.6958250999450684
2017,Yes,0.6122730374336243
2018,Yes,0.502816379070282
2019,Yes,0.5204024910926819
2020,No,0.48222512006759644
2021,No,0.3910805583000183
2022,No,0.34878233075141907
2023,No,0.34124982357025146
2024,No,0.3957590162754059
2025,Yes,0.7539594173431396
2026,Yes,0.6193854808807373
2027,No,0.4855634272098541
2028,Yes,0.5282434821128845
2029,No,0.4115719795227051
2030,No,0.447091281414032
2031,No,0.4117698669433594
2032,No,0.4141988158226013
2033,Yes,0.8351696729660034
2034,Yes,0.7026233673095703
2035,Yes,0.7549427151679993
2036,Yes,0.7117079496383667
2037,Yes,0.5233124494552612
2038,Yes,0.5278214812278748
2039,Yes,0.6158400177955627
2040,Yes,0.5729835629463196
2041,Yes,0.7366346120834351
2042,Yes,0.556380033493042
2043,Yes,0.6552201509475708
2044,Yes,0.5833240151405334
2045,No,0.38248229026794434
2046,No,0.34082886576652527
2047,No,0.4057430326938629
2048,No,0.39715978503227234
2049,Yes,0.525177001953125
2050,Yes,0.5772355198860168
2051,Yes,0.6206709146499634
2052,Yes,0.6156474351882935
2053,Yes,0.5735055804252625
2054,Yes,0.5506437420845032
2055,Yes,0.5543416142463684
2056,Yes,0.5891015529632568
2057,Yes,0.6112503409385681
2058,Yes,0.6230729818344116
2059,Yes,0.5882323384284973
2060,Yes,0.6139070391654968
2061,Yes,0.7230298519134521
2062,Yes,0.6864128708839417
2063,Yes,0.7321776747703552
2064,Yes,0.7415251135826111
2065,No,0.4000532031059265
2066,No,0.4050678014755249
2067,No,0.46319377422332764
2068,No,0.4370860457420349
2069,Yes,0.6604899168014526
2070,No,0.40821900963783264
2071,No,0.4514431357383728
2072,No,0.4535149931907654
2073,Yes,0.5881578922271729
2074,Yes,0.5844511389732361
2075,Yes,0.5693544149398804
2076,Yes,0.6346873641014099
2077,Yes,0.7366346120834351
2078,Yes,0.556380033493042
2079,Yes,0.6552201509475708
2080,Yes,0.5833240151405334
2081,Yes,0.6221123337745667
2082,Yes,0.5253346562385559
2083,Yes,0.754332423210144
2084,Yes,0.5777548551559448
2085,Yes,0.8705589175224304
2086,Yes,0.7337155342102051
2087,Yes,0.8705064654350281
2088,Yes,0.6678981781005859
2089,Yes,0.9549179077148438
2090,Yes,0.9155387282371521
2091,Yes,0.9472100138664246
2092,Yes,0.8569448590278625
2093,Yes,0.8392992615699768
2094,Yes,0.7360697388648987
2095,Yes,0.7998508214950562
2096,Yes,0.6400836706161499
2097,Yes,0.503042459487915
2098,No,0.4680922329425812
2099,Yes,0.5245810151100159
2100,Yes,0.5030941963195801
2101,Yes,0.5294099450111389
2102,No,0.4756453037261963
2103,Yes,0.5295324325561523
2104,No,0.4919857978820801
2105,Yes,0.6676504015922546
2106,Yes,0.5905596613883972
2107,Yes,0.5616787075996399
2108,Yes,0.5453465580940247
2109,No,0.4243295192718506
2110,No,0.4006706178188324
2111,Yes,0.5166804790496826
2112,No,0.47577542066574097
2113,Yes,0.7605692744255066
2114,Yes,0.6381112337112427
2115,Yes,0.7549259066581726
2116,Yes,0.6304477453231812
2117,Yes,0.7868980765342712
2118,Yes,0.7532275319099426
2119,Yes,0.7668107151985168
2120,Yes,0.7480449676513672
2121,No,0.47163376212120056
2122,No,0.4177466928958893
2123,No,0.4498603641986847
2124,No,0.4562292695045471
2125,Yes,0.5818697810173035
2126,No,0.4985962510108948
2127,No,0.4572199881076813
2128,No,0.46705853939056396
2129,No,0.40484344959259033
2130,No,0.4004402160644531
2131,No,0.4622645378112793
2132,No,0.464158296585083
2133,Yes,0.7676976919174194
2134,Yes,0.6568989157676697
2135,Yes,0.6721880435943604
2136,Yes,0.6813698410987854
2137,Yes,0.7780731916427612
2138,Yes,0.6622660756111145
2139,Yes,0.6108568906784058
2140,Yes,0.5824097394943237
2141,Yes,0.5429686903953552
2142,Yes,0.501546323299408
2143,No,0.46872472763061523
2144,Yes,0.5239002108573914
2145,Yes,0.5207890868186951
2146,No,0.38515764474868774
2147,Yes,0.5106362700462341
2148,No,0.48629704117774963
2149,Yes,0.5445690155029297
2150,No,0.49667030572891235
2151,Yes,0.6517463326454163
2152,Yes,0.6182501316070557
2153,Yes,0.6160438656806946
2154,Yes,0.5828713178634644
2155,Yes,0.5869408845901489
2156,Yes,0.5734339952468872
2157,Yes,0.5366783142089844
2158,No,0.4415309727191925
2159,Yes,0.6351547837257385
2160,Yes,0.5789086818695068
2161,Yes,0.7305731773376465
2162,Yes,0.6170240044593811
2163,Yes,0.6512330770492554
2164,Yes,0.6351609230041504
2165,Yes,0.6644947528839111
2166,Yes,0.6697843670845032
2167,Yes,0.6763186454772949
2168,Yes,0.7218489646911621
2169,Yes,0.6544453501701355
2170,Yes,0.6620479822158813
2171,Yes,0.6807517409324646
2172,Yes,0.7303827404975891
2173,Yes,0.6895487308502197
2174,Yes,0.5901837348937988
2175,Yes,0.7285192608833313
2176,Yes,0.6842954158782959
2177,Yes,0.6378492116928101
2178,No,0.4914841651916504
2179,Yes,0.5899018049240112
2180,Yes,0.5350699424743652
2181,Yes,0.7246485352516174
2182,Yes,0.6654351949691772
2183,Yes,0.7447890043258667
2184,Yes,0.6899321675300598
2185,Yes,0.6879944801330566
2186,Yes,0.6488410830497742
2187,Yes,0.7261294722557068
2188,Yes,0.688562273979187
2189,Yes,0.5399945974349976
2190,No,0.45105600357055664
2191,Yes,0.579630970954895
2192,Yes,0.5049251914024353
2193,No,0.4871431887149811
2194,No,0.48618704080581665
2195,Yes,0.5453723669052124
2196,Yes,0.5215134024620056
2197,Yes,0.688040554523468
2198,Yes,0.710814893245697
2199,Yes,0.7597930431365967
2200,Yes,0.7510775327682495
2201,Yes,0.6555969715118408
2202,Yes,0.534671425819397
2203,Yes,0.5955199599266052
2204,Yes,0.570114254951477
2205,Yes,0.7377890944480896
2206,Yes,0.6562204360961914
2207,Yes,0.677641749382019
2208,Yes,0.6266703605651855
2209,No,0.4245353937149048
2210,Yes,0.5298315286636353
2211,No,0.42517930269241333
2212,Yes,0.5967462062835693
2213,No,0.3012942373752594
2214,No,0.2761860191822052
2215,No,0.2844081223011017
2216,No,0.32803601026535034
2217,No,0.42459484934806824
2218,No,0.4181945323944092
2219,No,0.4002969563007355
2220,No,0.44211098551750183
2221,No,0.36132723093032837
2222,No,0.30451473593711853
2223,No,0.3226006329059601
2224,No,0.3438315689563751
2225,Yes,0.7517504692077637
2226,Yes,0.5976676940917969
2227,Yes,0.7046048045158386
2228,Yes,0.6365714073181152
2229,Yes,0.7783912420272827
2230,Yes,0.6962209939956665
2231,Yes,0.7536183595657349
2232,Yes,0.6556461453437805
2233,Yes,0.7802416086196899
2234,Yes,0.7599668502807617
2235,Yes,0.7615271210670471
2236,Yes,0.7093640565872192
2237,Yes,0.5634369254112244
2238,Yes,0.5480380058288574
2239,Yes,0.5306597948074341
2240,No,0.46070218086242676
2241,Yes,0.8192365169525146
2242,Yes,0.7331048846244812
2243,Yes,0.8241332173347473
2244,Yes,0.7545524835586548
2245,Yes,0.5359609127044678
2246,No,0.37016451358795166
2247,Yes,0.6295671463012695
2248,No,0.43168359994888306
2249,Yes,0.5497146248817444
2250,Yes,0.5736020803451538
2251,Yes,0.6105889678001404
2252,Yes,0.6020020246505737
2253,Yes,0.5536321401596069
2254,No,0.4083886742591858
2255,Yes,0.6230499148368835
2256,No,0.4785090386867523
2257,Yes,0.5363403558731079
2258,No,0.4013615846633911
2259,Yes,0.5689209699630737
2260,No,0.41898107528686523
2261,No,0.31722721457481384
2262,No,0.29348844289779663
2263,Yes,0.5067093968391418
2264,No,0.40209048986434937
2265,Yes,0.6483082175254822
2266,Yes,0.5575644969940186
2267,Yes,0.5934541821479797
2268,Yes,0.546958327293396
2269,Yes,0.6170238256454468
2270,No,0.3079827129840851
2271,No,0.40604084730148315
2272,No,0.3193235397338867
2273,Yes,0.7233424186706543
2274,Yes,0.7050567865371704
2275,Yes,0.6823304295539856
2276,Yes,0.6821783781051636
2277,Yes,0.6780416965484619
2278,Yes,0.7037184834480286
2279,Yes,0.6576237678527832
2280,Yes,0.6587950587272644
2281,Yes,0.7837458848953247
2282,Yes,0.6899121403694153
2283,Yes,0.6823545098304749
2284,Yes,0.7201963067054749
2285,Yes,0.7489967346191406
2286,Yes,0.6927691102027893
2287,Yes,0.6842060089111328
2288,Yes,0.6821464896202087
2289,Yes,0.6322911381721497
2290,Yes,0.5118716955184937
2291,Yes,0.5408881902694702
2292,No,0.45385944843292236
2293,No,0.4107504189014435
2294,No,0.33912762999534607
2295,No,0.4494039714336395
2296,No,0.38983821868896484
2297,Yes,0.5152433514595032
2298,No,0.4224817156791687
2299,Yes,0.5859066843986511
2300,Yes,0.5162736177444458
2301,Yes,0.7976109385490417
2302,Yes,0.6457807421684265
2303,Yes,0.6676198840141296
2304,Yes,0.5914097428321838
2305,Yes,0.6030371189117432
2306,No,0.4952879250049591
2307,No,0.45473214983940125
2308,No,0.45993348956108093
2309,No,0.2571248412132263
2310,No,0.3810579180717468
2311,No,0.3174581825733185
2312,No,0.3757404685020447
2313,No,0.3312463164329529
2314,No,0.2922200560569763
2315,No,0.2783310115337372
2316,No,0.2858738601207733
2317,No,0.28145936131477356
2318,No,0.29263487458229065
2319,No,0.2898395359516144
2320,No,0.32101988792419434
2321,No,0.28210964798927307
2322,No,0.3349054157733917
2323,No,0.30458590388298035
2324,No,0.33960866928100586
2325,No,0.31440362334251404
2326,No,0.3143017292022705
2327,No,0.295640230178833
2328,No,0.30524590611457825
2329,No,0.3203677237033844
2330,No,0.3016444742679596
2331,No,0.3083685636520386
2332,No,0.32903480529785156
2333,No,0.24305039644241333
2334,No,0.2528393864631653
2335,No,0.26666396856307983
2336,No,0.27317097783088684
2337,No,0.1767948716878891
2338,No,0.20569682121276855
2339,No,0.22896260023117065
2340,No,0.2226145714521408
2341,No,0.22887414693832397
2342,No,0.3134402632713318
2343,No,0.18173691630363464
2344,No,0.23054805397987366
2345,No,0.4415466785430908
2346,No,0.3553871214389801
2347,No,0.43310874700546265
2348,No,0.4575466215610504
2349,No,0.21288113296031952
2350,No,0.2576099932193756
2351,No,0.24777939915657043
2352,No,0.26741549372673035
2353,No,0.45137426257133484
2354,Yes,0.5267389416694641
2355,No,0.4804178476333618
2356,Yes,0.5104883313179016
2357,No,0.4342592656612396
2358,No,0.35126733779907227
2359,No,0.34717267751693726
2360,No,0.36006128787994385
2361,No,0.32192763686180115
2362,No,0.3777179419994354
2363,No,0.3850579559803009
2364,No,0.40346434712409973
2365,No,0.3150518238544464
2366,No,0.37682977318763733
2367,No,0.35125240683555603
2368,No,0.36409738659858704
2369,Yes,0.5210883021354675
2370,Yes,0.6447849273681641
2371,Yes,0.6128829121589661
2372,Yes,0.6764458417892456
2373,No,0.37051692605018616
2374,No,0.3991329073905945
2375,No,0.3988392651081085
2376,No,0.43498945236206055
2377,No,0.3537079393863678
2378,No,0.3636285960674286
2379,No,0.3911137282848358
2380,No,0.41418713331222534
2381,No,0.2879510223865509
2382,No,0.37617120146751404
2383,No,0.3472972810268402
2384,No,0.45312750339508057
2385,No,0.3728804588317871
2386,No,0.472530335187912
2387,No,0.4515334665775299
2388,No,0.44249165058135986
2389,Yes,0.5183489322662354
2390,Yes,0.7486602663993835
2391,Yes,0.6408928036689758
2392,Yes,0.7633494734764099
2393,No,0.44503849744796753
2394,No,0.44437175989151
2395,No,0.40695828199386597
2396,No,0.44174590706825256
2397,No,0.47503647208213806
2398,Yes,0.5386491417884827
2399,No,0.4046255052089691
2400,No,0.46698418259620667
2401,No,0.4393133521080017
2402,Yes,0.5050061345100403
2403,No,0.48602843284606934
2404,Yes,0.522418200969696
2405,No,0.45031607151031494
2406,No,0.47425931692123413
2407,Yes,0.536873459815979
2408,Yes,0.5154612064361572
2409,Yes,0.7199568152427673
2410,Yes,0.6553084850311279
2411,Yes,0.6612207293510437
2412,Yes,0.6710827946662903
2413,No,0.44540640711784363
2414,No,0.4888978898525238
2415,Yes,0.5196417570114136
2416,Yes,0.5393364429473877
2417,Yes,0.5827181935310364
2418,No,0.4037396013736725
2419,No,0.49093422293663025
2420,No,0.465017169713974
2421,No,0.4272369146347046
2422,No,0.34912654757499695
2423,No,0.4141000807285309
2424,No,0.37192413210868835
2425,No,0.2814410924911499
2426,No,0.26818859577178955
2427,No,0.37826961278915405
2428,No,0.3556969463825226
2429,Yes,0.6441928148269653
2430,Yes,0.6269170641899109
2431,Yes,0.722098171710968
2432,Yes,0.6794734597206116
2433,No,0.46198779344558716
2434,No,0.40544554591178894
2435,Yes,0.5497308373451233
2436,No,0.48704782128334045
2437,No,0.4326123595237732
2438,No,0.3796465992927551
2439,Yes,0.531405508518219
2440,No,0.4565982520580292
2441,Yes,0.6850410103797913
2442,Yes,0.5685580372810364
2443,Yes,0.6555278897285461
2444,Yes,0.621296763420105
2445,No,0.49860236048698425
2446,No,0.4444751441478729
2447,Yes,0.5080167055130005
2448,No,0.4564620554447174
2449,No,0.4711751639842987
2450,No,0.437685489654541
2451,Yes,0.5999751687049866
2452,Yes,0.5602522492408752
2453,Yes,0.5084777474403381
2454,No,0.45722827315330505
2455,Yes,0.5139952301979065
2456,Yes,0.5462342500686646
2457,No,0.4184858202934265
2458,No,0.4173228144645691
2459,Yes,0.5986666679382324
2460,Yes,0.5313972234725952
2461,Yes,0.6091874241828918
2462,Yes,0.6241642832756042
2463,Yes,0.6905441880226135
2464,Yes,0.7030743956565857
2465,No,0.49035435914993286
2466,No,0.3448430001735687
2467,No,0.437163382768631
2468,No,0.35467836260795593
2469,No,0.30368930101394653
2470,No,0.273497611284256
2471,No,0.3452487289905548
2472,No,0.29264676570892334
2473,Yes,0.7235830426216125
2474,Yes,0.5392622947692871
2475,Yes,0.7051985263824463
2476,Yes,0.5822464227676392
2477,Yes,0.8330551385879517
2478,Yes,0.594799280166626
2479,Yes,0.655206561088562
2480,No,0.4993950128555298
2481,Yes,0.6104505658149719
2482,No,0.31077811121940613
2483,No,0.3980570137500763
2484,No,0.3002891540527344
2485,No,0.3694969117641449
2486,No,0.3439157009124756
2487,No,0.4758949875831604
2488,No,0.39677947759628296
2489,No,0.4255559742450714
2490,No,0.3633936047554016
2491,No,0.425575852394104
2492,No,0.39741024374961853
2493,Yes,0.6783949136734009
2494,Yes,0.5924785733222961
2495,Yes,0.632965624332428
2496,Yes,0.5218300819396973
2497,Yes,0.6819946765899658
2498,Yes,0.5416658520698547
2499,Yes,0.7255000472068787
2500,Yes,0.5817660689353943
2501,No,0.4573898911476135
2502,No,0.3620707392692566
2503,Yes,0.5083459615707397
2504,No,0.4508853554725647
2505,No,0.31257113814353943
2506,No,0.2793469727039337
2507,No,0.4249785244464874
2508,No,0.34713298082351685
2509,Yes,0.6347099542617798
2510,No,0.46685370802879333
2511,Yes,0.5921076536178589
2512,No,0.4824942946434021
2513,Yes,0.5853911638259888
2514,No,0.4600483477115631
2515,Yes,0.5848762392997742
2516,No,0.4255061149597168
2517,Yes,0.5651116967201233
2518,Yes,0.5786312818527222
2519,Yes,0.5207003951072693
2520,No,0.35910508036613464
2521,Yes,0.5856624245643616
2522,No,0.4260340631008148
2523,No,0.47936469316482544
2524,No,0.3556463420391083
2525,Yes,0.6355612874031067
2526,No,0.48054739832878113
2527,Yes,0.5825461745262146
2528,No,0.4125269055366516
2529,No,0.36182859539985657
2530,No,0.3277314305305481
2531,No,0.35134440660476685
2532,No,0.24727042019367218
2533,Yes,0.8296670317649841
2534,Yes,0.7243926525115967
2535,Yes,0.8363953828811646
2536,Yes,0.6874637007713318
2537,Yes,0.5607549548149109
2538,No,0.3974115550518036
2539,No,0.46982643008232117
2540,No,0.3993321657180786
2541,No,0.4784524440765381
2542,No,0.31821832060813904
2543,No,0.38145211338996887
2544,No,0.27867427468299866
2545,No,0.39643600583076477
2546,No,0.30640995502471924
2547,No,0.37064120173454285
2548,No,0.31418201327323914
2549,Yes,0.607742428779602
2550,Yes,0.6033875346183777
2551,Yes,0.7058172225952148
2552,Yes,0.6948472857475281
2553,No,0.3669661283493042
2554,No,0.42630475759506226
2555,No,0.49734407663345337
2556,No,0.49891358613967896
2557,Yes,0.67372065782547
2558,Yes,0.683967649936676
2559,Yes,0.7439543604850769
2560,Yes,0.7338088750839233
2561,Yes,0.620722770690918
2562,Yes,0.5124915242195129
2563,Yes,0.6693375110626221
2564,Yes,0.6289401054382324
2565,Yes,0.7766239047050476
2566,Yes,0.821252167224884
2567,Yes,0.8292291164398193
2568,Yes,0.833415687084198
2569,Yes,0.724655270576477
2570,Yes,0.7002841830253601
2571,Yes,0.6948909163475037
2572,Yes,0.6763004660606384
2573,No,0.46359753608703613
2574,No,0.44907599687576294
2575,Yes,0.5075647234916687
2576,No,0.48080217838287354
2577,Yes,0.5841566324234009
2578,Yes,0.6259315609931946
2579,Yes,0.7126887440681458
2580,Yes,0.7265656590461731
2581,No,0.4758455157279968
2582,No,0.48611217737197876
2583,Yes,0.5646451711654663
2584,Yes,0.5895746350288391
2585,Yes,0.5265141129493713
2586,No,0.47099411487579346
2587,Yes,0.705803632736206
2588,Yes,0.6972939968109131
2589,Yes,0.632896363735199
2590,No,0.4893423318862915
2591,Yes,0.6166921257972717
2592,Yes,0.6574482321739197
2593,Yes,0.5781901478767395
2594,Yes,0.5124342441558838
2595,No,0.4216926097869873
2596,No,0.4912216365337372
2597,Yes,0.6883548498153687
2598,Yes,0.5731590390205383
2599,Yes,0.5651018619537354
2600,Yes,0.637359619140625
2601,Yes,0.5835222005844116
2602,Yes,0.6297272443771362
2603,Yes,0.5683467984199524
2604,Yes,0.6559091210365295
2605,No,0.3853922486305237
2606,No,0.48815903067588806
2607,No,0.45974671840667725
2608,Yes,0.5291746854782104
2609,Yes,0.5252809524536133
2610,No,0.43526893854141235
2611,No,0.438123494386673
2612,Yes,0.5255632400512695
2613,No,0.4826269745826721
2614,Yes,0.5263773798942566
2615,Yes,0.504454493522644
2616,Yes,0.6567450761795044
2617,No,0.33908340334892273
2618,No,0.42791157960891724
2619,No,0.4882744550704956
2620,Yes,0.622947633266449
2621,No,0.4962911307811737
2622,No,0.4676990211009979
2623,No,0.4031277298927307
2624,No,0.4966835677623749
2625,No,0.38230186700820923
2626,No,0.3903067409992218
2627,No,0.4105875790119171
2628,No,0.405849814414978
2629,No,0.4515742063522339
2630,No,0.4323555827140808
2631,No,0.46436288952827454
2632,No,0.40035974979400635
2633,No,0.3430623710155487
2634,No,0.3680468499660492
2635,No,0.33366209268569946
2636,No,0.34265124797821045
2637,Yes,0.5036105513572693
2638,Yes,0.5405021905899048
2639,Yes,0.5820671319961548
2640,Yes,0.5750296115875244
2641,Yes,0.5034446120262146
2642,No,0.4599178433418274
2643,No,0.4778939485549927
2644,No,0.4210782051086426
2645,Yes,0.6096557378768921
2646,Yes,0.665911853313446
2647,Yes,0.7758230566978455
2648,Yes,0.780798077583313
2649,No,0.33036503195762634
2650,No,0.34476223587989807
2651,No,0.3685821294784546
2652,No,0.3807436525821686
2653,No,0.4630773663520813
2654,No,0.35723814368247986
2655,No,0.39543649554252625
2656,No,0.36714473366737366
2657,Yes,0.713040292263031
2658,Yes,0.6626784801483154
2659,Yes,0.8209671378135681
2660,Yes,0.7250550985336304
2661,Yes,0.6995481848716736
2662,Yes,0.5969497561454773
2663,Yes,0.6484174728393555
2664,Yes,0.5648281574249268
2665,Yes,0.819226861000061
2666,Yes,0.7771583795547485
2667,Yes,0.7359035015106201
2668,Yes,0.6890068054199219
2669,Yes,0.7333664298057556
2670,Yes,0.6250669360160828
2671,Yes,0.7278858423233032
2672,Yes,0.615446150302887
2673,Yes,0.6995458006858826
2674,Yes,0.5969516038894653
2675,Yes,0.6484187841415405
2676,Yes,0.5648319125175476
2677,Yes,0.6190642714500427
2678,Yes,0.6742664575576782
2679,Yes,0.7415754199028015
2680,Yes,0.6658061742782593
2681,Yes,0.6093344688415527
2682,Yes,0.543287992477417
2683,Yes,0.6952719688415527
2684,Yes,0.6104615330696106
2685,Yes,0.947022557258606
2686,Yes,0.8872498869895935
2687,Yes,0.906955361366272
2688,Yes,0.8021257519721985
2689,Yes,0.6723234057426453
2690,Yes,0.5647789835929871
2691,Yes,0.6176822781562805
2692,Yes,0.548977255821228
2693,Yes,0.5519775152206421
2694,Yes,0.6163482069969177
2695,Yes,0.6192763447761536
2696,Yes,0.5523990392684937
2697,Yes,0.6627185940742493
2698,Yes,0.5391453504562378
2699,Yes,0.6749049425125122
2700,Yes,0.5632074475288391
2701,Yes,0.70372474193573
2702,Yes,0.6202906370162964
2703,Yes,0.6919646859169006
2704,Yes,0.6388172507286072
2705,Yes,0.8500984311103821
2706,Yes,0.7837203741073608
2707,Yes,0.8513079881668091
2708,Yes,0.8091945648193359
2709,Yes,0.613129734992981
2710,Yes,0.5982454419136047
2711,Yes,0.5837914943695068
2712,Yes,0.5126721858978271
2713,Yes,0.5823454856872559
2714,No,0.4992445409297943
2715,Yes,0.7335729002952576
2716,Yes,0.5984493494033813
2717,Yes,0.7231825590133667
2718,Yes,0.665599524974823
2719,Yes,0.7317513227462769
2720,Yes,0.6315149068832397
2721,No,0.4999532699584961
2722,Yes,0.502543568611145
2723,No,0.48857414722442627
2724,Yes,0.5106515884399414
2725,No,0.4810578525066376
2726,No,0.4218270480632782
2727,No,0.4271646738052368
2728,No,0.48860418796539307
2729,Yes,0.5746592879295349
2730,Yes,0.5604141354560852
2731,Yes,0.5471674799919128
2732,Yes,0.535789966583252
2733,No,0.4106141924858093
2734,No,0.4622315466403961
2735,No,0.4385434687137604
2736,No,0.43020960688591003
2737,Yes,0.8496829867362976
2738,Yes,0.5728857517242432
2739,Yes,0.7093466520309448
2740,Yes,0.72044438123703
2741,Yes,0.579163670539856
2742,No,0.46543121337890625
2743,Yes,0.520534336566925
2744,Yes,0.504412829875946
2745,No,0.33427226543426514
2746,No,0.362252414226532
2747,No,0.4798583388328552
2748,No,0.46274659037590027
2749,No,0.4777313470840454
2750,No,0.48263803124427795
2751,Yes,0.5161140561103821
2752,Yes,0.5610005855560303
2753,No,0.3542625308036804
2754,No,0.34023401141166687
2755,No,0.3899986147880554
2756,No,0.3882480561733246
2757,Yes,0.7415403127670288
2758,Yes,0.8396230340003967
2759,Yes,0.7020514607429504
2760,Yes,0.7429774403572083
2761,No,0.4999518394470215
2762,Yes,0.5025473833084106
2763,No,0.48857414722442627
2764,Yes,0.5106534361839294
2765,Yes,0.7718886137008667
2766,Yes,0.7479875683784485
2767,Yes,0.693065345287323
2768,Yes,0.7430444359779358
2769,No,0.48096245527267456
2770,Yes,0.5066702365875244
2771,Yes,0.5209609866142273
2772,No,0.468377947807312
2773,No,0.37857750058174133
2774,No,0.36894741654396057
2775,No,0.4898848831653595
2776,No,0.46231526136398315
2777,No,0.3841894268989563
2778,No,0.4692615568637848
2779,No,0.48620185256004333
2780,Yes,0.520420491695404
2781,No,0.33072420954704285
2782,No,0.28136396408081055
2783,No,0.33293449878692627
2784,No,0.3326553404331207
2785,Yes,0.5076915621757507
2786,No,0.4270724952220917
2787,Yes,0.5684534311294556
2788,Yes,0.502486526966095
2789,No,0.3451385796070099
2790,No,0.27302220463752747
2791,No,0.3435177803039551
2792,No,0.3158738315105438
2793,No,0.4146427810192108
2794,No,0.3281477689743042
2795,No,0.3686424493789673
2796,No,0.3626451790332794
2797,No,0.46995916962623596
2798,No,0.26200151443481445
2799,No,0.30891063809394836
2800,No,0.3252467215061188
2801,Yes,0.700127899646759
2802,Yes,0.7382924556732178
2803,Yes,0.7633852362632751
2804,Yes,0.8006771206855774
2805,Yes,0.6183305382728577
2806,Yes,0.6994838714599609
2807,Yes,0.6876417994499207
2808,Yes,0.7546101808547974
2809,Yes,0.5156813263893127
2810,Yes,0.6173542737960815
2811,Yes,0.5705421566963196
2812,Yes,0.6456349492073059
2813,No,0.393574595451355
2814,Yes,0.574280321598053
2815,Yes,0.5221785306930542
2816,Yes,0.5662428736686707
2817,No,0.4275524616241455
2818,No,0.3633195459842682
2819,No,0.4577275812625885
2820,No,0.45842015743255615
2821,No,0.46780216693878174
2822,Yes,0.6254494190216064
2823,Yes,0.5264734029769897
2824,Yes,0.6413351893424988
2825,No,0.47130441665649414
2826,Yes,0.5105342864990234
2827,Yes,0.5803409218788147
2828,Yes,0.613860547542572
2829,Yes,0.5108525156974792
2830,Yes,0.5474693179130554
2831,Yes,0.527636706829071
2832,Yes,0.5677772164344788
2833,Yes,0.5456909537315369
2834,No,0.47346189618110657
2835,Yes,0.66167813539505
2836,Yes,0.54891037940979
2837,Yes,0.67414790391922
2838,Yes,0.565218448638916
2839,Yes,0.7024673223495483
2840,Yes,0.5780591368675232
2841,Yes,0.5318760275840759
2842,No,0.4774511754512787
2843,Yes,0.6676353812217712
2844,Yes,0.5680113434791565
2845,Yes,0.7771235108375549
2846,Yes,0.7195538878440857
2847,Yes,0.7921940088272095
2848,Yes,0.722840428352356
2849,Yes,0.8952125310897827
2850,Yes,0.6796553134918213
2851,Yes,0.8478829264640808
2852,Yes,0.6864610910415649
2853,Yes,0.6085010766983032
2854,Yes,0.5254084467887878
2855,Yes,0.7287222146987915
2856,Yes,0.6033906936645508
2857,No,0.4405992925167084
2858,No,0.36011502146720886
2859,No,0.46455734968185425
2860,No,0.41767749190330505
2861,Yes,0.5324444770812988
2862,No,0.40884220600128174
2863,Yes,0.6068228483200073
2864,No,0.47026607394218445
2865,Yes,0.7114014029502869
2866,Yes,0.5827836990356445
2867,Yes,0.711813747882843
2868,Yes,0.5656885504722595
2869,Yes,0.7891490459442139
2870,Yes,0.6701413989067078
2871,Yes,0.7946398854255676
2872,Yes,0.667823314666748
2873,Yes,0.7602580189704895
2874,Yes,0.5577443838119507
2875,Yes,0.6875659227371216
2876,Yes,0.6070787906646729
2877,Yes,0.6651257276535034
2878,No,0.4687427282333374
2879,Yes,0.5353682041168213
2880,No,0.46862778067588806
2881,No,0.45836982131004333
2882,Yes,0.5221713781356812
2883,Yes,0.5433793067932129
2884,Yes,0.6800321340560913
2885,Yes,0.6553245186805725
2886,Yes,0.7391912937164307
2887,Yes,0.7581011056900024
2888,Yes,0.7915565967559814
2889,Yes,0.576090395450592
2890,No,0.41153252124786377
2891,Yes,0.6325670480728149
2892,Yes,0.5938422679901123
2893,Yes,0.761303186416626
2894,Yes,0.889239490032196
2895,Yes,0.786965012550354
2896,Yes,0.7793257236480713
2897,No,0.3637474477291107
2898,Yes,0.5074118375778198
2899,Yes,0.6418495178222656
2900,Yes,0.6864951252937317
2901,No,0.4061354994773865
2902,No,0.41372889280319214
2903,Yes,0.5262503027915955
2904,Yes,0.5960601568222046
2905,Yes,0.502610445022583
2906,Yes,0.5349711179733276
2907,Yes,0.6614310145378113
2908,Yes,0.6916699409484863
2909,No,0.3372235894203186
2910,No,0.3968481421470642
2911,Yes,0.5069499611854553
2912,Yes,0.619044840335846
2913,Yes,0.6556137800216675
2914,Yes,0.5205349326133728
2915,Yes,0.6403861045837402
2916,No,0.46782946586608887
2917,Yes,0.7318373918533325
2918,Yes,0.620269775390625
2919,Yes,0.7202657461166382
2920,Yes,0.5536618232727051
2921,Yes,0.5471631288528442
2922,No,0.45485934615135193
2923,Yes,0.566614031791687
2924,No,0.4139019846916199
2925,Yes,0.6483931541442871
2926,Yes,0.5482267737388611
2927,Yes,0.7296470403671265
2928,Yes,0.5686550140380859
2929,Yes,0.6823222041130066
2930,Yes,0.6955018639564514
2931,Yes,0.7012469172477722
2932,Yes,0.5001025199890137
2933,Yes,0.5928497910499573
2934,No,0.3654205799102783
2935,Yes,0.5585348606109619
2936,No,0.3598683774471283
2937,Yes,0.7605680227279663
2938,No,0.39428773522377014
2939,No,0.4777792692184448
2940,No,0.3317417502403259
2941,Yes,0.5607941746711731
2942,No,0.36585894227027893
2943,Yes,0.5150194764137268
2944,No,0.3158637583255768
2945,Yes,0.5667079091072083
2946,Yes,0.5499430894851685
2947,Yes,0.6401962041854858
2948,Yes,0.6120631694793701
2949,Yes,0.6245149374008179
2950,Yes,0.5709904432296753
2951,Yes,0.6932603716850281
2952,Yes,0.6490327715873718
2953,Yes,0.7562912702560425
2954,Yes,0.6829941868782043
2955,Yes,0.7555741667747498
2956,Yes,0.6971995234489441
2957,Yes,0.6820998191833496
2958,Yes,0.500988245010376
2959,Yes,0.6376417279243469
2960,Yes,0.6068727374076843
2961,Yes,0.6706965565681458
2962,Yes,0.6307411789894104
2963,Yes,0.7870285511016846
2964,Yes,0.7283885478973389
2965,Yes,0.8382541537284851
2966,Yes,0.7635548114776611
2967,Yes,0.8777287006378174
2968,Yes,0.8490738272666931
2969,Yes,0.7596953511238098
2970,Yes,0.6463438868522644
2971,Yes,0.7820834517478943
2972,Yes,0.6788906455039978
2973,Yes,0.519971489906311
2974,Yes,0.5184695720672607
2975,Yes,0.5826843976974487
2976,Yes,0.5204305648803711
2977,Yes,0.6270384192466736
2978,Yes,0.566902756690979
2979,Yes,0.6502041220664978
2980,Yes,0.526534378528595
2981,Yes,0.5074252486228943
2982,No,0.44165122509002686
2983,Yes,0.5358960628509521
2984,No,0.4585627317428589
2985,Yes,0.8573065996170044
2986,Yes,0.7688179612159729
2987,Yes,0.9042695164680481
2988,Yes,0.8204783797264099
2989,Yes,0.6208878755569458
2990,Yes,0.5512778162956238
2991,Yes,0.7239895462989807
2992,Yes,0.6048477292060852
2993,Yes,0.7828407287597656
2994,Yes,0.7442878484725952
2995,Yes,0.684097409248352
2996,Yes,0.5907731652259827
2997,Yes,0.6203190088272095
2998,Yes,0.5363985896110535
2999,Yes,0.6630691885948181
3000,Yes,0.5325816869735718
3001,Yes,0.6703017950057983
3002,Yes,0.5575180053710938
3003,Yes,0.7029460668563843
3004,Yes,0.5917840600013733
3005,Yes,0.5180250406265259
3006,No,0.44129040837287903
3007,Yes,0.5046630501747131
3008,No,0.4361666738986969
3009,Yes,0.6152912378311157
3010,No,0.4956634044647217
3011,Yes,0.6628519892692566
3012,Yes,0.513573408126831
3013,Yes,0.7322195768356323
3014,Yes,0.6599192023277283
3015,Yes,0.7811782956123352
3016,Yes,0.6846953630447388
3017,Yes,0.6358786225318909
3018,Yes,0.5060206055641174
3019,Yes,0.674122154712677
3020,Yes,0.5308968424797058
3021,Yes,0.7321209907531738
3022,Yes,0.5183344483375549
3023,Yes,0.6863041520118713
3024,Yes,0.5277425646781921
3025,Yes,0.5983640551567078
3026,Yes,0.5274173617362976
3027,Yes,0.6091780662536621
3028,Yes,0.5195298790931702
3029,Yes,0.6784723997116089
3030,Yes,0.5369662642478943
3031,Yes,0.657924473285675
3032,Yes,0.5269379019737244
3033,Yes,0.8276906609535217
3034,Yes,0.7471957206726074
3035,Yes,0.8015195727348328
3036,Yes,0.7157908082008362
3037,Yes,0.7587137222290039
3038,Yes,0.6574518084526062
3039,Yes,0.6766372323036194
3040,Yes,0.613612174987793
3041,No,0.4075496792793274
3042,No,0.3687613308429718
3043,Yes,0.5038416385650635
3044,No,0.4837549030780792
3045,No,0.45455101132392883
3046,No,0.4772162139415741
3047,Yes,0.5770825147628784
3048,Yes,0.5491917133331299
3049,Yes,0.6609213948249817
3050,Yes,0.5845745205879211
3051,Yes,0.7020459175109863
3052,Yes,0.6742850542068481
3053,Yes,0.5184499025344849
3054,No,0.47006043791770935
3055,No,0.48387348651885986
3056,No,0.42838093638420105
3057,No,0.23227337002754211
3058,No,0.2541537284851074
3059,No,0.31950247287750244
3060,No,0.314521461725235
3061,No,0.26395195722579956
3062,No,0.33825215697288513
3063,No,0.3734108805656433
3064,No,0.3295154273509979
3065,No,0.35753998160362244
3066,No,0.26955893635749817
3067,No,0.27827343344688416
3068,No,0.2574230432510376
3069,No,0.3413613438606262
3070,No,0.3246460258960724
3071,No,0.41762760281562805
3072,No,0.40050020813941956
3073,No,0.4620702564716339
3074,No,0.423500657081604
3075,Yes,0.5144023895263672
3076,No,0.45961159467697144
3077,Yes,0.5778147578239441
3078,Yes,0.5877744555473328
3079,No,0.4610885977745056
3080,No,0.4658597409725189
3081,No,0.40162205696105957
3082,No,0.42762020230293274
3083,Yes,0.5277240872383118
3084,No,0.4644949734210968
3085,No,0.3556298017501831
3086,No,0.3388097286224365
3087,No,0.44175630807876587
3088,No,0.4147874414920807
3089,No,0.3138977885246277
3090,No,0.31978145241737366
3091,No,0.35210534930229187
3092,No,0.34440961480140686
3093,No,0.31134626269340515
3094,No,0.22075608372688293
3095,No,0.27070191502571106
3096,No,0.27292677760124207
3097,No,0.2632109522819519
3098,No,0.34785333275794983
3099,No,0.4093666076660156
3100,No,0.39778485894203186
3101,No,0.41237616539001465
3102,No,0.4543522596359253
3103,No,0.42345601320266724
3104,No,0.48501747846603394
3105,No,0.295367032289505
3106,No,0.33292296528816223
3107,No,0.3879977762699127
3108,No,0.4518267512321472
3109,No,0.2478182166814804
3110,No,0.2691288888454437
3111,No,0.2967175245285034
3112,No,0.3250805139541626
3113,No,0.4632929563522339
3114,No,0.43719378113746643
3115,No,0.4342409074306488
3116,No,0.48947224020957947
3117,Yes,0.5583133101463318
3118,No,0.3062668442726135
3119,No,0.3188433051109314
3120,No,0.2876244783401489
3121,No,0.3019135296344757
3122,No,0.3070809245109558
3123,No,0.3420006334781647
3124,No,0.3322873115539551
3125,No,0.26321059465408325
3126,No,0.3478546440601349
3127,No,0.40936341881752014
3128,No,0.39778441190719604
3129,No,0.31134507060050964
3130,No,0.22075572609901428
3131,No,0.27070194482803345
3132,No,0.27292752265930176
3133,No,0.39836475253105164
3134,No,0.33404797315597534
3135,No,0.320575088262558
3136,No,0.3313186764717102
3137,No,0.2811501920223236
3138,No,0.24827419221401215
3139,No,0.3510001301765442
3140,No,0.27583301067352295
3141,No,0.4074177145957947
3142,No,0.3202095627784729
3143,No,0.4573957622051239
3144,No,0.364498496055603
3145,Yes,0.6467664837837219
3146,No,0.40165412425994873
3147,Yes,0.5841349959373474
3148,No,0.43157047033309937
3149,No,0.46963223814964294
3150,No,0.3458002805709839
3151,Yes,0.5638086795806885
3152,No,0.36299699544906616
3153,Yes,0.7230513691902161
3154,Yes,0.6385823488235474
3155,Yes,0.6885380148887634
3156,Yes,0.5103591084480286
3157,No,0.48488640785217285
3158,No,0.32828739285469055
3159,No,0.4785417318344116
3160,No,0.34521597623825073
3161,No,0.4583319127559662
3162,No,0.2807425856590271
3163,No,0.4332113265991211
3164,No,0.3191709518432617
3165,Yes,0.6630347967147827
3166,No,0.4344920516014099
3167,Yes,0.6381499767303467
3168,No,0.44336074590682983
3169,No,0.3194606900215149
3170,No,0.39028623700141907
3171,No,0.33452966809272766
3172,No,0.40638548135757446
3173,Yes,0.6834666132926941
3174,Yes,0.6767269968986511
3175,Yes,0.5542398691177368
3176,Yes,0.6354669332504272
3177,Yes,0.5537974834442139
3178,Yes,0.580717146396637
3179,No,0.474246084690094
3180,Yes,0.5950594544410706
3181,No,0.36006665229797363
3182,Yes,0.5039445161819458
3183,No,0.39273393154144287
3184,No,0.46440133452415466
3185,No,0.4776258170604706
3186,Yes,0.520560085773468
3187,No,0.415973424911499
3188,No,0.49721330404281616
3189,No,0.40438657999038696
3190,Yes,0.5364644527435303
3191,No,0.4123520255088806
3192,Yes,0.5137202739715576
3193,No,0.32119715213775635
3194,No,0.34997859597206116
3195,No,0.27518367767333984
3196,No,0.3611816465854645
3197,Yes,0.5642136335372925
3198,Yes,0.8116136789321899
3199,Yes,0.5405032634735107
3200,Yes,0.6479722261428833
3201,Yes,0.5622740983963013
3202,No,0.4515955448150635
3203,Yes,0.6194424629211426
3204,Yes,0.5054871439933777
3205,Yes,0.6191989779472351
3206,Yes,0.5985112190246582
3207,Yes,0.5823183655738831
3208,Yes,0.56621915102005
3209,Yes,0.6646804809570312
3210,Yes,0.551173985004425
3211,Yes,0.5697609186172485
3212,No,0.4410805106163025
3213,No,0.4059644341468811
3214,No,0.3562869727611542
3215,No,0.3817696273326874
3216,No,0.3336467742919922
3217,No,0.36505967378616333
3218,No,0.2900122106075287
3219,No,0.33197757601737976
3220,No,0.28125977516174316
3221,No,0.4112049639225006
3222,No,0.2682552933692932
3223,No,0.33394843339920044
3224,No,0.27777934074401855
3225,Yes,0.5687265396118164
3226,Yes,0.5118446350097656
3227,Yes,0.7148625254631042
3228,Yes,0.6119738817214966
3229,No,0.3023872971534729
3230,No,0.27866676449775696
3231,No,0.38634198904037476
3232,No,0.31293922662734985
3233,Yes,0.519234299659729
3234,No,0.3714321553707123
3235,No,0.43803852796554565
3236,No,0.3784131109714508
3237,Yes,0.642595112323761
3238,No,0.4955931603908539
3239,Yes,0.5499270558357239
3240,No,0.4871289134025574
3241,No,0.3870912492275238
3242,No,0.3342441916465759
3243,No,0.37401139736175537
3244,No,0.32057249546051025
3245,Yes,0.7289131283760071
3246,Yes,0.7708796262741089
3247,Yes,0.7444950938224792
3248,Yes,0.7571553587913513
3249,Yes,0.9175809025764465
3250,Yes,0.695924699306488
3251,Yes,0.8542985916137695
3252,Yes,0.7443024516105652
3253,Yes,0.5793390870094299
3254,No,0.4159627854824066
3255,Yes,0.6692386269569397
3256,Yes,0.5046014785766602
3257,Yes,0.7754955291748047
3258,Yes,0.5922550559043884
3259,Yes,0.7532872557640076
3260,Yes,0.6676294803619385
3261,Yes,0.5057910084724426
3262,No,0.37044739723205566
3263,No,0.47099584341049194
3264,No,0.3929862082004547
3265,Yes,0.6498624682426453
3266,No,0.4369356334209442
3267,Yes,0.5604800581932068
3268,No,0.43201351165771484
3269,Yes,0.8387855291366577
3270,Yes,0.7144954800605774
3271,Yes,0.8481380343437195
3272,Yes,0.749238908290863
3273,Yes,0.7261297702789307
3274,Yes,0.5920159220695496
3275,Yes,0.6967354416847229
3276,Yes,0.6160979270935059
3277,Yes,0.9175809025764465
3278,Yes,0.695924699306488
3279,Yes,0.8542985916137695
3280,Yes,0.7443024516105652
3281,Yes,0.687822163105011
3282,Yes,0.6036193370819092
3283,Yes,0.729595422744751
3284,Yes,0.5929543972015381
3285,No,0.4234357178211212
3286,No,0.3320290446281433
3287,No,0.37280675768852234
3288,No,0.3426136076450348
3289,Yes,0.7255485653877258
3290,Yes,0.6320915222167969
3291,Yes,0.8049602508544922
3292,Yes,0.7002842426300049
3293,Yes,0.8505175709724426
3294,Yes,0.7697279453277588
3295,Yes,0.7381588816642761
3296,Yes,0.678563117980957
3297,Yes,0.8264848589897156
3298,Yes,0.7290194034576416
3299,Yes,0.9061095118522644
3300,Yes,0.8492949604988098
3301,Yes,0.6040045022964478
3302,Yes,0.5435791015625
3303,Yes,0.6783878803253174
3304,Yes,0.6125415563583374
3305,Yes,0.5946788191795349
3306,Yes,0.542799174785614
3307,Yes,0.7691560983657837
3308,Yes,0.6589184999465942
3309,Yes,0.6705719828605652
3310,Yes,0.6687262654304504
3311,Yes,0.7088081240653992
3312,Yes,0.6583653688430786
3313,Yes,0.7362892031669617
3314,Yes,0.6674548983573914
3315,Yes,0.7856534719467163
3316,Yes,0.7337838411331177
3317,No,0.4890326261520386
3318,No,0.4172647297382355
3319,Yes,0.5440737009048462
3320,Yes,0.5148134827613831
3321,Yes,0.8271826505661011
3322,Yes,0.7160555124282837
3323,Yes,0.8169355392456055
3324,Yes,0.7432006597518921
3325,Yes,0.7597032785415649
3326,Yes,0.7066093683242798
3327,Yes,0.804104208946228
3328,Yes,0.7566925287246704
3329,Yes,0.7161727547645569
3330,Yes,0.6750567555427551
3331,Yes,0.5848336219787598
3332,Yes,0.6490125060081482
3333,No,0.33181309700012207
3334,No,0.35760682821273804
3335,No,0.4020344913005829
3336,No,0.41048452258110046
3337,Yes,0.6112402677536011
3338,Yes,0.5920246839523315
3339,Yes,0.5541039109230042
3340,Yes,0.6200644969940186
3341,No,0.3898085057735443
3342,No,0.4551112651824951
3343,No,0.4310017228126526
3344,Yes,0.5412265658378601
3345,Yes,0.5019340515136719
3346,No,0.4561171531677246
3347,No,0.4602024555206299
3348,Yes,0.5019546151161194
3349,No,0.4697759449481964
3350,Yes,0.5024225115776062
3351,Yes,0.5552199482917786
3352,Yes,0.6117966771125793
3353,No,0.304272323846817
3354,No,0.3006175458431244
3355,No,0.3386705815792084
3356,No,0.4005591869354248
3357,No,0.4977717399597168
3358,No,0.43720579147338867
3359,No,0.3722154200077057
3360,No,0.4456765055656433
3361,Yes,0.600277841091156
3362,Yes,0.6139941811561584
3363,Yes,0.6289506554603577
3364,Yes,0.688599169254303
3365,No,0.4792688488960266
3366,No,0.4154244363307953
3367,No,0.49795031547546387
3368,No,0.421953946352005
3369,Yes,0.6651614308357239
3370,Yes,0.6575978994369507
3371,Yes,0.7172409296035767
3372,Yes,0.6809248328208923
3373,No,0.46410292387008667
3374,No,0.3561331331729889
3375,Yes,0.5269333124160767
3376,No,0.4319758117198944
3377,Yes,0.5935765504837036
3378,No,0.37844881415367126
3379,No,0.45973989367485046
3380,No,0.4190561771392822
3381,Yes,0.52471524477005
3382,No,0.4217955768108368
3383,Yes,0.5582605600357056
3384,No,0.46675825119018555
3385,Yes,0.6629311442375183
3386,Yes,0.5931448936462402
3387,Yes,0.6907134652137756
3388,Yes,0.685673713684082
3389,Yes,0.592338502407074
3390,Yes,0.5154023766517639
3391,Yes,0.5920795798301697
3392,Yes,0.5967345833778381
3393,No,0.2868696451187134
3394,No,0.29767343401908875
3395,No,0.420568585395813
3396,No,0.4375401735305786
3397,No,0.40797698497772217
3398,No,0.48593536019325256
3399,No,0.44127747416496277
3400,No,0.38701605796813965
3401,Yes,0.5127913951873779
3402,No,0.4911201000213623
3403,No,0.4886830449104309
3404,No,0.4906724989414215
3405,Yes,0.5332393050193787
3406,Yes,0.5903149247169495
3407,No,0.4828680753707886
3408,Yes,0.5544207096099854
3409,No,0.49808958172798157
3410,Yes,0.6157515048980713
3411,Yes,0.5625625848770142
3412,Yes,0.684732973575592
3413,Yes,0.8402714729309082
3414,Yes,0.7935615181922913
3415,Yes,0.5464964509010315
3416,Yes,0.5522266626358032
3417,Yes,0.5859183073043823
3418,Yes,0.6053862571716309
3419,Yes,0.5744542479515076
3420,Yes,0.5596546530723572
3421,No,0.45456671714782715
3422,Yes,0.5464804172515869
3423,Yes,0.5362377166748047
3424,Yes,0.5598311424255371
3425,Yes,0.6716489791870117
3426,Yes,0.6915910840034485
3427,Yes,0.5826718807220459
3428,Yes,0.6116637587547302
3429,No,0.42386627197265625
3430,No,0.34384873509407043
3431,No,0.32234907150268555
3432,No,0.3157009184360504
3433,Yes,0.6357806324958801
3434,Yes,0.6112314462661743
3435,Yes,0.553086519241333
3436,Yes,0.5834397673606873
3437,No,0.41773521900177
3438,Yes,0.6043621897697449
3439,Yes,0.5364763736724854
3440,Yes,0.570483386516571
3441,Yes,0.7864193320274353
3442,Yes,0.6548617482185364
3443,Yes,0.8287706971168518
3444,Yes,0.8066927194595337
3445,Yes,0.7363468408584595
3446,Yes,0.639015793800354
3447,Yes,0.7010785937309265
3448,Yes,0.6684392094612122
3449,Yes,0.60911625623703
3450,Yes,0.5328688621520996
3451,Yes,0.6919141411781311
3452,Yes,0.6556891202926636
3453,Yes,0.7105230093002319
3454,Yes,0.6790412664413452
3455,Yes,0.7590197920799255
3456,Yes,0.7376406788825989
3457,Yes,0.8405976295471191
3458,Yes,0.8833510875701904
3459,Yes,0.8316231369972229
3460,Yes,0.8216235041618347
3461,No,0.3332410752773285
3462,No,0.35081666707992554
3463,Yes,0.5447699427604675
3464,No,0.4843074083328247
3465,Yes,0.6163747906684875
3466,Yes,0.621009886264801
3467,Yes,0.6904611587524414
3468,Yes,0.6750257611274719
3469,Yes,0.8735710382461548
3470,Yes,0.8455643057823181
3471,Yes,0.873864471912384
3472,Yes,0.8561793565750122
3473,Yes,0.7608441710472107
3474,Yes,0.7917118072509766
3475,Yes,0.8763598799705505
3476,Yes,0.8567400574684143
3477,Yes,0.8529654145240784
3478,Yes,0.8018631935119629
3479,Yes,0.8952784538269043
3480,Yes,0.8817515969276428
3481,Yes,0.713329553604126
3482,Yes,0.5983369946479797
3483,Yes,0.7853666543960571
3484,Yes,0.7346486449241638
3485,Yes,0.5231962203979492
3486,No,0.467817097902298
3487,Yes,0.6991653442382812
3488,Yes,0.6417390704154968
3489,Yes,0.830108642578125
3490,Yes,0.7627846002578735
3491,Yes,0.8552318811416626
3492,Yes,0.8215230107307434
3493,Yes,0.7906667590141296
3494,Yes,0.7181648015975952
3495,Yes,0.7948245406150818
3496,Yes,0.7722197771072388
3497,Yes,0.8968241214752197
3498,Yes,0.9049184918403625
3499,Yes,0.9237011671066284
3500,Yes,0.9055031538009644
3501,Yes,0.9031060338020325
3502,Yes,0.8419545292854309
3503,Yes,0.9386385083198547
3504,Yes,0.915067732334137
3505,No,0.498698353767395
3506,Yes,0.5148991346359253
3507,Yes,0.5081689953804016
3508,No,0.4744938910007477
3509,Yes,0.6363605856895447
3510,Yes,0.5961927771568298
3511,Yes,0.7150964736938477
3512,Yes,0.6978539228439331
3513,No,0.48996344208717346
3514,No,0.3198379874229431
3515,No,0.4438408613204956
3516,No,0.35392874479293823
3517,Yes,0.7141351699829102
3518,Yes,0.6528576016426086
3519,Yes,0.7779331803321838
3520,Yes,0.748070240020752
3521,Yes,0.6249939799308777
3522,No,0.43157121539115906
3523,Yes,0.6930160522460938
3524,Yes,0.5027241110801697
3525,Yes,0.5683216452598572
3526,Yes,0.5355082750320435
3527,Yes,0.6439191699028015
3528,Yes,0.5746755599975586
3529,Yes,0.6607850193977356
3530,Yes,0.6412521600723267
3531,Yes,0.7340040802955627
3532,Yes,0.7269120216369629
3533,Yes,0.5874970555305481
3534,No,0.40475994348526
3535,Yes,0.5734489560127258
3536,No,0.44537830352783203
3537,No,0.4894793629646301
3538,No,0.3048754930496216
3539,No,0.475985050201416
3540,No,0.35912835597991943
3541,Yes,0.6198321580886841
3542,No,0.4561777710914612
3543,Yes,0.6435142755508423
3544,Yes,0.5061166286468506
3545,No,0.4626234471797943
3546,No,0.4199933409690857
3547,Yes,0.5072250962257385
3548,No,0.4053521454334259
3549,Yes,0.8421103358268738
3550,Yes,0.7875147461891174
3551,Yes,0.7914278507232666
3552,Yes,0.7214655876159668
3553,No,0.4987936019897461
3554,Yes,0.5506929159164429
3555,Yes,0.6164354681968689
3556,Yes,0.6265325546264648
3557,Yes,0.5349396467208862
3558,No,0.46830591559410095
3559,Yes,0.6103456020355225
3560,Yes,0.5309473276138306
3561,Yes,0.6142465472221375
3562,Yes,0.523410975933075
3563,Yes,0.6374761462211609
3564,Yes,0.5569190979003906
3565,No,0.4649645686149597
3566,No,0.46954357624053955
3567,Yes,0.5189274549484253
3568,No,0.4582427442073822
3569,No,0.35710978507995605
3570,No,0.3745962083339691
3571,No,0.4362562894821167
3572,No,0.38083359599113464
3573,No,0.3918648064136505
3574,No,0.3728223145008087
3575,Yes,0.5188208222389221
3576,No,0.4573252201080322
3577,Yes,0.6252745389938354
3578,No,0.3948938548564911
3579,No,0.46609723567962646
3580,No,0.41633763909339905
3581,No,0.46505701541900635
3582,No,0.36641085147857666
3583,Yes,0.5313219428062439
3584,No,0.46949303150177
3585,Yes,0.5215539336204529
3586,Yes,0.5064299702644348
3587,Yes,0.6563475131988525
3588,Yes,0.5991805791854858
3589,No,0.3991069495677948
3590,No,0.30684030055999756
3591,No,0.42100611329078674
3592,No,0.3329509198665619
3593,Yes,0.5767307877540588
3594,Yes,0.6133856773376465
3595,Yes,0.604495108127594
3596,Yes,0.594670295715332
3597,Yes,0.5119709968566895
3598,No,0.4223509728908539
3599,No,0.43115898966789246
3600,No,0.43719133734703064
3601,No,0.49603039026260376
3602,No,0.470916211605072
3603,Yes,0.5514248013496399
3604,Yes,0.5336974263191223
3605,Yes,0.5198760032653809
3606,Yes,0.5588197708129883
3607,Yes,0.5072186589241028
3608,No,0.4834311902523041
3609,Yes,0.536958634853363
3610,Yes,0.5760267376899719
3611,No,0.49160414934158325
3612,No,0.49902254343032837
3613,No,0.435076504945755
3614,No,0.4834478497505188
3615,Yes,0.5392814874649048
3616,No,0.4786949157714844
3617,Yes,0.7359544634819031
3618,Yes,0.6515004634857178
3619,Yes,0.646489679813385
3620,Yes,0.6303810477256775
3621,Yes,0.5198760032653809
3622,Yes,0.5588197708129883
3623,Yes,0.5072186589241028
3624,No,0.4834311902523041
3625,Yes,0.563607931137085
3626,Yes,0.5162264704704285
3627,Yes,0.5463035106658936
3628,Yes,0.575877845287323
3629,No,0.46103692054748535
3630,No,0.47381073236465454
3631,Yes,0.5324775576591492
3632,Yes,0.519503116607666
3633,No,0.3876495063304901
3634,No,0.39623209834098816
3635,No,0.45142874121665955
3636,No,0.4640517234802246
3637,No,0.3311828076839447
3638,No,0.3059012293815613
3639,No,0.33854565024375916
3640,No,0.3319832682609558
3641,Yes,0.6184325814247131
3642,No,0.3227684497833252
3643,No,0.37424737215042114
3644,No,0.34565648436546326
3645,No,0.39665934443473816
3646,No,0.42687657475471497
3647,No,0.4381491243839264
3648,No,0.43458670377731323
3649,No,0.36563897132873535
3650,No,0.34945425391197205
3651,No,0.4144230782985687
3652,No,0.3674984276294708
3653,Yes,0.7199223041534424
3654,Yes,0.72207111120224
3655,Yes,0.679646372795105
3656,Yes,0.668886125087738
3657,No,0.41697999835014343
3658,No,0.49386152625083923
3659,No,0.4899041950702667
3660,Yes,0.5105974674224854
3661,No,0.3302088975906372
3662,No,0.32817649841308594
3663,No,0.4567992389202118
3664,No,0.4003402292728424
3665,No,0.3939591348171234
3666,No,0.4872426688671112
3667,Yes,0.6350018978118896
3668,Yes,0.5549237728118896
3669,Yes,0.7311896085739136
3670,Yes,0.7543232440948486
3671,Yes,0.6852770447731018
3672,Yes,0.6953988075256348
3673,No,0.3695242702960968
3674,No,0.4626450538635254
3675,Yes,0.5725640654563904
3676,Yes,0.5416882634162903
3677,No,0.27103474736213684
3678,No,0.29046913981437683
3679,No,0.4050067663192749
3680,No,0.44622886180877686
3681,No,0.36591047048568726
3682,No,0.3481740355491638
3683,No,0.38784000277519226
3684,No,0.39947861433029175
3685,No,0.4472370743751526
3686,No,0.4384823441505432
3687,Yes,0.5706651210784912
3688,Yes,0.5666199922561646
3689,No,0.23730291426181793
3690,No,0.35214290022850037
3691,No,0.4864773154258728
3692,Yes,0.5348656177520752
3693,No,0.4387742578983307
3694,No,0.4442377984523773
3695,No,0.48811233043670654
3696,Yes,0.5169607996940613
3697,Yes,0.6671518683433533
3698,Yes,0.6817578673362732
3699,Yes,0.6248993873596191
3700,Yes,0.6046658754348755
3701,Yes,0.6467496156692505
3702,Yes,0.7240906953811646
3703,Yes,0.5785799622535706
3704,Yes,0.6389159560203552
3705,No,0.38474977016448975
3706,No,0.3190407454967499
3707,No,0.4417760968208313
3708,No,0.43245652318000793
3709,No,0.3993765115737915
3710,No,0.3149247169494629
3711,No,0.3734002113342285
3712,No,0.3611527383327484
3713,No,0.3763220012187958
3714,No,0.39675211906433105
3715,Yes,0.518256425857544
3716,Yes,0.5167797803878784
3717,Yes,0.7140732407569885
3718,Yes,0.6785511374473572
3719,Yes,0.7194574475288391
3720,Yes,0.7347359657287598
3721,Yes,0.5087321400642395
3722,No,0.451186865568161
3723,Yes,0.5569621920585632
3724,Yes,0.5444962382316589
3725,No,0.41768017411231995
3726,No,0.3643812835216522
3727,No,0.41274145245552063
3728,No,0.3836544454097748
3729,Yes,0.5668883323669434
3730,No,0.4441989064216614
3731,Yes,0.5341927409172058
3732,Yes,0.5350971817970276
3733,Yes,0.6319220662117004
3734,Yes,0.6343172192573547
3735,Yes,0.6891496777534485
3736,Yes,0.7100945711135864
3737,No,0.41896578669548035
3738,No,0.40762603282928467
3739,Yes,0.5405721068382263
3740,Yes,0.5313451290130615
3741,No,0.37748169898986816
3742,No,0.33472269773483276
3743,No,0.40459156036376953
3744,No,0.3804183602333069
3745,Yes,0.5249322652816772
3746,Yes,0.6542400121688843
3747,Yes,0.5807292461395264
3748,Yes,0.6659231781959534
3749,No,0.4323781728744507
3750,No,0.44341766834259033
3751,No,0.47742754220962524
3752,Yes,0.5209570527076721
3753,Yes,0.61391282081604
3754,Yes,0.6546552181243896
3755,Yes,0.6089683175086975
3756,Yes,0.7344719767570496
3757,Yes,0.5327355265617371
3758,Yes,0.5633007884025574
3759,Yes,0.6093391180038452
3760,Yes,0.6461034417152405
3761,No,0.4739690124988556
3762,No,0.4629787504673004
3763,Yes,0.5387742519378662
3764,Yes,0.5559015274047852
3765,Yes,0.501715898513794
3766,Yes,0.5327589511871338
3767,Yes,0.5887861847877502
3768,Yes,0.6320395469665527
3769,Yes,0.7931555509567261
3770,Yes,0.7242045998573303
3771,Yes,0.6526099443435669
3772,Yes,0.6319220066070557
3773,Yes,0.5014673471450806
3774,Yes,0.5447958707809448
3775,Yes,0.5942060947418213
3776,Yes,0.6279324293136597
3777,No,0.4886966943740845
3778,Yes,0.521559476852417
3779,Yes,0.5130269527435303
3780,Yes,0.6568130850791931
3781,No,0.312653124332428
3782,Yes,0.500848114490509
3783,No,0.3696003556251526
3784,No,0.4585735499858856
3785,No,0.3373418152332306
3786,No,0.4008677899837494
3787,No,0.3300204575061798
3788,No,0.39834219217300415
3789,No,0.4005371332168579
3790,No,0.320568710565567
3791,No,0.3023778796195984
3792,No,0.3683791160583496
3793,No,0.3080000877380371
3794,No,0.4447256028652191
3795,No,0.29777806997299194
3796,No,0.4019486606121063
3797,Yes,0.5075557827949524
3798,Yes,0.560888946056366
3799,Yes,0.5336412787437439
3800,Yes,0.6048933863639832
3801,No,0.35646510124206543
3802,Yes,0.5068292617797852
3803,No,0.4310908019542694
3804,Yes,0.5664936304092407
3805,No,0.30876779556274414
3806,No,0.3117530047893524
3807,No,0.35921961069107056
3808,No,0.4097185432910919
3809,Yes,0.5670395493507385
3810,Yes,0.5328808426856995
3811,Yes,0.6932461261749268
3812,Yes,0.6526594758033752
3813,No,0.45513415336608887
3814,No,0.40067026019096375
3815,No,0.4906929135322571
3816,No,0.40036946535110474
3817,Yes,0.6635810732841492
3818,Yes,0.55571448802948
3819,Yes,0.6384272575378418
3820,No,0.4916180670261383
3821,Yes,0.6934414505958557
3822,Yes,0.5076482892036438
3823,Yes,0.59395831823349
3824,No,0.4916703999042511
3825,No,0.48717209696769714
3826,No,0.3701251447200775
3827,No,0.46250247955322266
3828,No,0.334816038608551
3829,Yes,0.6107785105705261
3830,Yes,0.5702269077301025
3831,Yes,0.6150656938552856
3832,No,0.48092493414878845
3833,Yes,0.716637134552002
3834,Yes,0.6341956853866577
3835,Yes,0.8446422219276428
3836,Yes,0.7619819045066833
3837,Yes,0.8072753548622131
3838,Yes,0.7356312274932861
3839,Yes,0.8481302857398987
3840,Yes,0.8191232085227966
3841,Yes,0.7502419948577881
3842,No,0.3924257457256317
3843,Yes,0.5252853631973267
3844,No,0.44033172726631165
3845,No,0.46404382586479187
3846,No,0.3971919119358063
3847,No,0.441499263048172
3848,No,0.42151132225990295
3849,Yes,0.7476466298103333
3850,Yes,0.5276857018470764
3851,Yes,0.5980377197265625
3852,Yes,0.5573828220367432
3853,Yes,0.5312758684158325
3854,No,0.4305476248264313
3855,Yes,0.56366366147995
3856,No,0.49825745820999146
3857,Yes,0.5006953477859497
3858,No,0.4508369266986847
3859,Yes,0.538940966129303
3860,No,0.4859287142753601
3861,Yes,0.7495926022529602
3862,Yes,0.7609277367591858
3863,Yes,0.8487751483917236
3864,Yes,0.8032819628715515
3865,Yes,0.829865574836731
3866,Yes,0.7897188663482666
3867,Yes,0.8211337327957153
3868,Yes,0.8161669969558716
3869,Yes,0.8028040528297424
3870,Yes,0.7838890552520752
3871,Yes,0.8258642554283142
3872,Yes,0.7735379934310913
3873,No,0.4808632731437683
3874,No,0.41151878237724304
3875,No,0.42198410630226135
3876,No,0.4013582468032837
3877,Yes,0.7502405047416687
3878,No,0.3924247920513153
3879,Yes,0.5252844095230103
3880,No,0.44033172726631165
3881,Yes,0.6980203986167908
3882,Yes,0.523823618888855
3883,Yes,0.6447821855545044
3884,Yes,0.5952235460281372
3885,No,0.4332916736602783
3886,No,0.3643071949481964
3887,Yes,0.5261989831924438
3888,No,0.44670796394348145
3889,Yes,0.7201653122901917
3890,Yes,0.5507506728172302
3891,Yes,0.670177698135376
3892,Yes,0.5493631958961487
3893,No,0.44947540760040283
3894,Yes,0.5821711421012878
3895,Yes,0.6399688124656677
3896,Yes,0.5301533937454224
3897,Yes,0.5773584842681885
3898,No,0.49877941608428955
3899,Yes,0.6613250374794006
3900,Yes,0.5704346895217896
3901,Yes,0.6937174797058105
3902,Yes,0.567242443561554
3903,Yes,0.6315996050834656
3904,Yes,0.5504469871520996
3905,Yes,0.7140529155731201
3906,Yes,0.5974143147468567
3907,Yes,0.7162747979164124
3908,Yes,0.6826366186141968
3909,Yes,0.6864333748817444
3910,Yes,0.5698733925819397
3911,Yes,0.6883084774017334
3912,Yes,0.5579783320426941
3913,Yes,0.7037903666496277
3914,Yes,0.5235978960990906
3915,Yes,0.6561239957809448
3916,Yes,0.5432673096656799
3917,No,0.36787593364715576
3918,No,0.34032729268074036
3919,No,0.35582268238067627
3920,No,0.32852405309677124
3921,No,0.44362664222717285
3922,No,0.39850500226020813
3923,No,0.4766590893268585
3924,No,0.47959381341934204
3925,Yes,0.7605682611465454
3926,Yes,0.6693204641342163
3927,Yes,0.7649409770965576
3928,Yes,0.742580235004425
3929,No,0.47194135189056396
3930,No,0.3891622722148895
3931,No,0.44928961992263794
3932,No,0.4312463104724884
3933,Yes,0.6056058406829834
3934,No,0.4405444860458374
3935,Yes,0.5026566982269287
3936,No,0.44540873169898987
3937,No,0.36506661772727966
3938,No,0.38773906230926514
3939,No,0.34938958287239075
3940,Yes,0.5718953609466553
3941,Yes,0.5680134296417236
3942,Yes,0.7835238575935364
3943,Yes,0.5841875076293945
3944,Yes,0.7536934614181519
3945,No,0.3637237250804901
3946,No,0.49848127365112305
3947,No,0.4098110795021057
3948,No,0.4792327582836151
3949,Yes,0.5113212466239929
3950,Yes,0.5825183987617493
3951,No,0.45442870259284973
3952,Yes,0.653365433216095
3953,Yes,0.5597589612007141
3954,Yes,0.5158225893974304
3955,No,0.4391374886035919
3956,Yes,0.6076865792274475
3957,No,0.4746343791484833
3958,Yes,0.6279017925262451
3959,Yes,0.522059977054596
3960,Yes,0.7689491510391235
3961,No,0.47384557127952576
3962,No,0.3598494231700897
3963,No,0.33676621317863464
3964,No,0.43870028853416443
3965,No,0.4671909809112549
3966,Yes,0.5738329887390137
3967,No,0.4150122404098511
3968,Yes,0.582740068435669
3969,Yes,0.5875268578529358
3970,Yes,0.6801419854164124
3971,Yes,0.5194869637489319
3972,Yes,0.5841948986053467
3973,Yes,0.5952719449996948
3974,Yes,0.6105349659919739
3975,Yes,0.5380078554153442
3976,Yes,0.5155872106552124
3977,Yes,0.5554981231689453
3978,Yes,0.5446149110794067
3979,Yes,0.5616135001182556
3980,Yes,0.5387552976608276
3981,No,0.4435555338859558
3982,No,0.48486611247062683
3983,No,0.41843175888061523
3984,Yes,0.5106648802757263
3985,No,0.48085302114486694
3986,Yes,0.5446193218231201
3987,Yes,0.6943252682685852
3988,Yes,0.5690668225288391
3989,Yes,0.5035842061042786
3990,No,0.4978383481502533
3991,Yes,0.596569836139679
3992,Yes,0.5431017279624939
3993,Yes,0.5636423826217651
3994,Yes,0.552485466003418
3995,Yes,0.5870150327682495
3996,Yes,0.6156754493713379
3997,Yes,0.6819472908973694
3998,Yes,0.5465771555900574
3999,Yes,0.5957242250442505
4000,Yes,0.5203214287757874
4001,No,0.41678985953330994
4002,No,0.4380864202976227
4003,Yes,0.5391027927398682
4004,Yes,0.6032626032829285
4005,Yes,0.555269718170166
4006,No,0.43019214272499084
4007,No,0.43357622623443604
4008,Yes,0.5123319029808044
4009,No,0.26269689202308655
4010,No,0.32286542654037476
4011,No,0.31309986114501953
4012,No,0.36195772886276245
4013,No,0.258076936006546
4014,No,0.26913490891456604
4015,No,0.26176613569259644
4016,No,0.3174208998680115
4017,Yes,0.5043329000473022
4018,No,0.48899075388908386
4019,No,0.48378270864486694
4020,No,0.49787288904190063
4021,No,0.26269689202308655
4022,No,0.32286542654037476
4023,No,0.31309986114501953
4024,No,0.36195772886276245
4025,Yes,0.591342031955719
4026,Yes,0.5584455132484436
4027,Yes,0.5143555402755737
4028,Yes,0.5545071363449097
4029,Yes,0.5955265164375305
4030,Yes,0.7028701305389404
4031,Yes,0.6114998459815979
4032,Yes,0.6732310652732849
4033,Yes,0.5526030659675598
4034,Yes,0.5235930681228638
4035,No,0.4359860122203827
4036,No,0.43107321858406067
4037,Yes,0.5317350029945374
4038,Yes,0.5163754820823669
4039,Yes,0.5306901931762695
4040,Yes,0.5307486653327942
4041,Yes,0.5694997906684875
4042,Yes,0.5978838801383972
4043,Yes,0.6254180669784546
4044,Yes,0.6424117684364319
4045,Yes,0.5520991683006287
4046,No,0.437471479177475
4047,No,0.44579747319221497
4048,No,0.45517808198928833
4049,Yes,0.6717512011528015
4050,Yes,0.6500927209854126
4051,Yes,0.6418797373771667
4052,Yes,0.6247242093086243
4053,No,0.4316868484020233
4054,No,0.3143877387046814
4055,No,0.3773318827152252
4056,No,0.33511048555374146
4057,Yes,0.6654771566390991
4058,Yes,0.611024796962738
4059,Yes,0.5892183780670166
4060,Yes,0.6601079106330872
4061,Yes,0.5501634478569031
4062,No,0.49346640706062317
4063,Yes,0.5288234949111938
4064,No,0.4806385934352875
4065,No,0.34614408016204834
4066,No,0.3035251796245575
4067,No,0.34050896763801575
4068,No,0.3235800862312317
4069,Yes,0.7819979190826416
4070,Yes,0.8362466096878052
4071,Yes,0.6971218585968018
4072,Yes,0.7364370226860046
4073,Yes,0.6700034141540527
4074,Yes,0.6206346750259399
4075,Yes,0.6698063015937805
4076,Yes,0.6639000773429871
4077,No,0.4844728708267212
4078,No,0.4555501639842987
4079,No,0.46930694580078125
4080,No,0.458752304315567
4081,No,0.4380946755409241
4082,No,0.4835130572319031
4083,Yes,0.5427069664001465
4084,Yes,0.5653349757194519
4085,No,0.3560657203197479
4086,No,0.36280784010887146
4087,No,0.41635045409202576
4088,No,0.3703186511993408
4089,No,0.4517842233181
4090,No,0.4438360929489136
4091,Yes,0.542026162147522
4092,Yes,0.5459813475608826
4093,Yes,0.6098929643630981
4094,Yes,0.6183136105537415
4095,Yes,0.5994256734848022
4096,Yes,0.6212891936302185
4097,No,0.2555716335773468
4098,No,0.3799528479576111
4099,No,0.35694852471351624
4100,No,0.4239848256111145
4101,No,0.1441718488931656
4102,No,0.19375769793987274
4103,No,0.21696610748767853
4104,No,0.2287168949842453
4105,Yes,0.5553233027458191
4106,Yes,0.5185668468475342
4107,Yes,0.618193507194519
4108,Yes,0.6271958351135254
4109,No,0.4347408711910248
4110,No,0.4925493597984314
4111,No,0.48378655314445496
4112,Yes,0.5389927625656128
4113,Yes,0.5032167434692383
4114,No,0.48124629259109497
4115,No,0.4194526672363281
4116,No,0.41058728098869324
4117,No,0.32143479585647583
4118,No,0.24965094029903412
4119,No,0.2937617003917694
4120,No,0.2936117649078369
4121,No,0.33132967352867126
4122,No,0.3263653516769409
4123,No,0.34452712535858154
4124,No,0.3583730161190033
4125,No,0.3706844449043274
4126,No,0.4063428044319153
4127,No,0.4675503373146057
4128,No,0.4678904116153717
4129,Yes,0.6933045983314514
4130,Yes,0.5629762411117554
4131,Yes,0.726830005645752
4132,Yes,0.5770325660705566
4133,Yes,0.7367982268333435
4134,Yes,0.6844679713249207
4135,Yes,0.8695974946022034
4136,Yes,0.7497755289077759
4137,Yes,0.8328697681427002
4138,Yes,0.6046174168586731
4139,Yes,0.7310017943382263
4140,Yes,0.6234177350997925
4141,Yes,0.6832107305526733
4142,Yes,0.5601590275764465
4143,Yes,0.7350505590438843
4144,Yes,0.6533187031745911
4145,Yes,0.7129666805267334
4146,Yes,0.6515638828277588
4147,Yes,0.7886906862258911
4148,Yes,0.7083098292350769
4149,Yes,0.9077854752540588
4150,Yes,0.8223586678504944
4151,Yes,0.9121838808059692
4152,Yes,0.8020071983337402
4153,Yes,0.6428181529045105
4154,Yes,0.5288571715354919
4155,Yes,0.6803441643714905
4156,Yes,0.5841644406318665
4157,Yes,0.6474452614784241
4158,No,0.48499298095703125
4159,Yes,0.7325953245162964
4160,Yes,0.6171818375587463
4161,Yes,0.801997184753418
4162,Yes,0.6116706728935242
4163,Yes,0.8150441646575928
4164,Yes,0.7407325506210327
4165,Yes,0.8788383603096008
4166,Yes,0.8443267345428467
4167,Yes,0.885640025138855
4168,Yes,0.8170928955078125
4169,Yes,0.709983766078949
4170,Yes,0.5649935007095337
4171,Yes,0.799505352973938
4172,Yes,0.6878157258033752
4173,Yes,0.5409114360809326
4174,No,0.44483351707458496
4175,Yes,0.654399573802948
4176,Yes,0.5341190099716187
4177,No,0.4457104504108429
4178,No,0.376691073179245
4179,No,0.40520209074020386
4180,No,0.39301973581314087
4181,Yes,0.6019817590713501
4182,No,0.4522435963153839
4183,Yes,0.6284118890762329
4184,Yes,0.536961019039154
4185,Yes,0.8737337589263916
4186,Yes,0.7672655582427979
4187,Yes,0.8372696042060852
4188,Yes,0.7475324869155884
4189,No,0.48387598991394043
4190,Yes,0.5320477485656738
4191,Yes,0.5964083075523376
4192,Yes,0.5101224184036255
4193,Yes,0.7640514969825745
4194,Yes,0.7056682705879211
4195,Yes,0.7095074653625488
4196,Yes,0.6419889330863953
4197,Yes,0.6070296764373779
4198,Yes,0.5109448432922363
4199,Yes,0.5988954305648804
4200,Yes,0.5516850352287292
4201,No,0.4531663656234741
4202,No,0.3786284029483795
4203,No,0.3653528392314911
4204,No,0.3370814919471741
4205,Yes,0.7834651470184326
4206,Yes,0.7086004018783569
4207,Yes,0.7331058382987976
4208,Yes,0.672154426574707
4209,Yes,0.5466805100440979
4210,No,0.43437761068344116
4211,No,0.46752646565437317
4212,No,0.423263818025589
4213,No,0.4269371032714844
4214,No,0.42372456192970276
4215,No,0.4703783392906189
4216,No,0.4176521301269531
4217,Yes,0.8664893507957458
4218,Yes,0.8216202259063721
4219,Yes,0.783809244632721
4220,Yes,0.6915318965911865
4221,Yes,0.5654884576797485
4222,No,0.48871317505836487
4223,No,0.4981684684753418
4224,No,0.4408182203769684
4225,Yes,0.6783422827720642
4226,Yes,0.6613503694534302
4227,Yes,0.6871828436851501
4228,Yes,0.779386043548584
4229,Yes,0.5996913313865662
4230,Yes,0.6871455311775208
4231,Yes,0.5992278456687927
4232,Yes,0.6789859533309937
4233,Yes,0.7034584283828735
4234,Yes,0.7137727737426758
4235,Yes,0.7446680665016174
4236,Yes,0.8280997276306152
4237,No,0.3638254702091217
4238,No,0.3988732397556305
4239,No,0.48794153332710266
4240,Yes,0.543923020362854
4241,No,0.4098087251186371
4242,Yes,0.5438068509101868
4243,No,0.48738840222358704
4244,Yes,0.5762550830841064
4245,Yes,0.7555607557296753
4246,Yes,0.7258589267730713
4247,Yes,0.7245304584503174
4248,Yes,0.7773804664611816
4249,Yes,0.6891306638717651
4250,Yes,0.7661027312278748
4251,Yes,0.7957269549369812
4252,Yes,0.8347254991531372
4253,No,0.49689817428588867
4254,Yes,0.5072422027587891
4255,Yes,0.6799134016036987
4256,Yes,0.6929109692573547
4257,Yes,0.698793351650238
4258,Yes,0.6337920427322388
4259,Yes,0.6440079808235168
4260,Yes,0.7402547001838684
4261,Yes,0.5223259329795837
4262,Yes,0.556685745716095
4263,Yes,0.6109400391578674
4264,Yes,0.7140669226646423
4265,No,0.36750510334968567
4266,No,0.431383341550827
4267,No,0.4899801015853882
4268,Yes,0.5644240379333496
4269,No,0.48806115984916687
4270,No,0.4699550271034241
4271,No,0.4445783793926239
4272,Yes,0.5812849402427673
4273,Yes,0.6059617400169373
4274,Yes,0.6806660294532776
4275,Yes,0.7572552561759949
4276,Yes,0.839163601398468
4277,Yes,0.7435303926467896
4278,Yes,0.769862949848175
4279,Yes,0.7846518754959106
4280,Yes,0.8480707406997681
4281,No,0.47758063673973083
4282,Yes,0.5365949869155884
4283,Yes,0.6088876128196716
4284,Yes,0.7030870914459229
4285,Yes,0.5024241805076599
4286,Yes,0.6011087894439697
4287,Yes,0.5933548808097839
4288,Yes,0.7580243349075317
4289,Yes,0.7401230931282043
4290,Yes,0.7566080689430237
4291,Yes,0.6297975182533264
4292,Yes,0.5786629319190979
4293,Yes,0.5493430495262146
4294,No,0.4375162124633789
4295,Yes,0.5112901329994202
4296,No,0.3939266800880432
4297,Yes,0.5528019070625305
4298,No,0.47541898488998413
4299,Yes,0.5176698565483093
4300,No,0.46225401759147644
4301,Yes,0.507125735282898
4302,No,0.4568438231945038
4303,Yes,0.5412321090698242
4304,No,0.4419957399368286
4305,Yes,0.5002389550209045
4306,Yes,0.5580106973648071
4307,Yes,0.508930504322052
4308,No,0.4341529905796051
4309,Yes,0.7134764790534973
4310,Yes,0.5876943469047546
4311,Yes,0.7090389728546143
4312,Yes,0.5693597197532654
4313,Yes,0.5420323014259338
4314,Yes,0.5248578190803528
4315,Yes,0.5684105753898621
4316,Yes,0.5560818910598755
4317,Yes,0.5893986821174622
4318,Yes,0.5517265200614929
4319,Yes,0.734468400478363
4320,Yes,0.6461672186851501
4321,No,0.4491128921508789
4322,No,0.4581386148929596
4323,No,0.4243951737880707
4324,No,0.36031776666641235
4325,No,0.4645533561706543
4326,No,0.4073193073272705
4327,Yes,0.5358096361160278
4328,No,0.4362388849258423
4329,No,0.417746901512146
4330,No,0.3915227949619293
4331,No,0.43679308891296387
4332,No,0.41814985871315
4333,Yes,0.5175997018814087
4334,No,0.42181840538978577
4335,No,0.4354027509689331
4336,No,0.38977107405662537
4337,No,0.4486336410045624
4338,No,0.4157250225543976
4339,No,0.4667646288871765
4340,No,0.4218176603317261
4341,Yes,0.7247978448867798
4342,Yes,0.7259109020233154
4343,Yes,0.6957268118858337
4344,Yes,0.5940601825714111
4345,No,0.4885851740837097
4346,No,0.46573925018310547
4347,No,0.4622279107570648
4348,No,0.4340938627719879
4349,Yes,0.5729957222938538
4350,No,0.4930404722690582
4351,Yes,0.5933283567428589
4352,No,0.47250884771347046
4353,Yes,0.6021003127098083
4354,Yes,0.546669602394104
4355,Yes,0.5735501050949097
4356,No,0.4910805821418762
4357,Yes,0.5738959908485413
4358,No,0.4462777078151703
4359,No,0.4715792238712311
4360,No,0.40069571137428284
4361,Yes,0.7378907203674316
4362,Yes,0.7278469204902649
4363,Yes,0.6977856755256653
4364,Yes,0.6405647993087769
4365,Yes,0.5778838992118835
4366,No,0.47754934430122375
4367,Yes,0.6546015739440918
4368,Yes,0.5307985544204712
4369,Yes,0.5469154715538025
4370,Yes,0.6104974746704102
4371,Yes,0.541559636592865
4372,Yes,0.5959436893463135
4373,No,0.4956203103065491
4374,Yes,0.6446011662483215
4375,Yes,0.6201601028442383
4376,Yes,0.6707067489624023
4377,No,0.4878346621990204
4378,Yes,0.5677006244659424
4379,Yes,0.5250751972198486
4380,Yes,0.5929232835769653
4381,No,0.39338386058807373
4382,No,0.4984301030635834
4383,Yes,0.536304771900177
4384,Yes,0.5772295594215393
4385,Yes,0.6362046599388123
4386,Yes,0.7557597160339355
4387,Yes,0.6980154514312744
4388,Yes,0.7389011383056641
4389,No,0.28238779306411743
4390,No,0.42218467593193054
4391,Yes,0.5011038780212402
4392,Yes,0.5479318499565125
4393,No,0.4178590178489685
4394,Yes,0.5308226346969604
4395,No,0.48099756240844727
4396,Yes,0.5245176553726196
4397,Yes,0.5890387296676636
4398,Yes,0.6358527541160583
4399,Yes,0.6045441031455994
4400,Yes,0.6423208117485046
4401,No,0.4831845164299011
4402,Yes,0.5222712755203247
4403,Yes,0.5193281769752502
4404,Yes,0.5117458701133728
4405,Yes,0.6515591740608215
4406,Yes,0.6387732028961182
4407,Yes,0.6690101623535156
4408,Yes,0.7053197622299194
4409,Yes,0.602173388004303
4410,Yes,0.6633031368255615
4411,Yes,0.5518961548805237
4412,Yes,0.6883437037467957
4413,No,0.44351717829704285
4414,No,0.40059828758239746
4415,No,0.48289552330970764
4416,No,0.4438229501247406
