item,label,p_yes
1,No,0.4925295412540436
2,Yes,0.5084162354469299
3,Yes,0.5148927569389343
4,Yes,0.527865469455719
5,No,0.4539138376712799
6,No,0.47986507415771484
7,Yes,0.520199716091156
8,Yes,0.5091451406478882
9,No,0.3816068768501282
10,No,0.43975287675857544
11,No,0.46945297718048096
12,No,0.4752615988254547
13,No,0.4189516305923462
14,No,0.4724077582359314
15,Yes,0.5080108046531677
16,No,0.4840209484100342
17,No,0.43265053629875183
18,No,0.4980398714542389
19,Yes,0.5302600860595703
20,Yes,0.5098594427108765
21,No,0.43664222955703735
22,No,0.4503239393234253
23,No,0.5038697719573975
24,No,0.4770194888114929
25,Yes,0.5421746969223022
26,Yes,0.592665433883667
27,Yes,0.5779582858085632
28,Yes,0.5796360969543457
29,No,0.4458906650543213
30,No,0.4748958647251129
31,Yes,0.5106843709945679
32,Yes,0.5179623365402222
33,No,0.43590039014816284
34,No,0.49685290455818176
35,Yes,0.5197036862373352
36,No,0.4871383309364319
37,No,0.463049054145813
38,No,0.487639844417572
39,Yes,0.5208662748336792
40,No,0.5012816190719604
41,No,0.41661337018013
42,No,0.46050989627838135
43,No,0.4783564805984497
44,No,0.4585317373275757
45,No,0.4785829186439514
46,No,0.4534941017627716
47,No,0.46785327792167664
48,No,0.45722731947898865
49,Yes,0.5155803561210632
50,Yes,0.5165651440620422
51,Yes,0.5631058216094971
52,Yes,0.5478764772415161
53,No,0.4541137218475342
54,Yes,0.5288693904876709
55,Yes,0.5467512607574463
56,Yes,0.5500943064689636
57,No,0.4878050684928894
58,Yes,0.5313754081726074
59,Yes,0.5460761189460754
60,Yes,0.5201048851013184
61,Yes,0.553765594959259
62,Yes,0.5629566311836243
63,Yes,0.6100155115127563
64,Yes,0.5860674977302551
65,No,0.4754277467727661
66,Yes,0.5157793760299683
67,Yes,0.545937180519104
68,Yes,0.5404272675514221
69,No,0.4180524945259094
70,No,0.4709189832210541
71,Yes,0.5135561227798462
72,Yes,0.5414979457855225
73,Yes,0.5135960578918457
74,Yes,0.5566799640655518
75,Yes,0.593575656414032
76,Yes,0.5873917937278748
77,No,0.48163580894470215
78,Yes,0.5375837683677673
79,Yes,0.585140585899353
80,Yes,0.5614932775497437
81,No,0.37402015924453735
82,No,0.4275595545768738
83,No,0.43429064750671387
84,No,0.46708783507347107
85,No,0.47846776247024536
86,Yes,0.559739887714386
87,Yes,0.5068842172622681
88,Yes,0.5252124667167664
89,No,0.43412065505981445
90,No,0.4555729627609253
91,No,0.4770289659500122
92,No,0.4850097894668579
93,Yes,0.5116077661514282
94,Yes,0.5986487865447998
95,Yes,0.5495666861534119
96,Yes,0.5748671293258667
97,No,0.4298585057258606
98,No,0.48693281412124634
99,No,0.4609464108943939
100,No,0.4931679964065552
101,No,0.47361981868743896
102,No,0.48792779445648193
103,No,0.4704590439796448
104,No,0.49142682552337646
105,No,0.4425918757915497
106,No,0.5025050640106201
107,No,0.4824269711971283
108,No,0.49881529808044434
109,No,0.3924577236175537
110,No,0.4442395865917206
111,No,0.4402864873409271
112,No,0.49307897686958313
113,No,0.4068717658519745
114,No,0.4560045599937439
115,No,0.438111275434494
116,No,0.45897218585014343
117,No,0.41690757870674133
118,No,0.4707033634185791
119,No,0.44296517968177795
120,No,0.47681114077568054
121,No,0.4524015486240387
122,Yes,0.5066261291503906
123,No,0.49023157358169556
124,Yes,0.5127755403518677
125,No,0.47053292393684387
126,No,0.47995543479919434
127,Yes,0.509147047996521
128,Yes,0.5182884931564331
129,Yes,0.5299643278121948
130,Yes,0.5341343283653259
131,Yes,0.6139692664146423
132,Yes,0.5778561234474182
133,Yes,0.5092204213142395
134,No,0.493081271648407
135,Yes,0.5480078458786011
136,No,0.5000388026237488
137,Yes,0.5321016311645508
138,Yes,0.5518637895584106
139,Yes,0.5986486077308655
140,Yes,0.5857112407684326
141,Yes,0.5212241411209106
142,Yes,0.5315977334976196
143,Yes,0.5834146738052368
144,Yes,0.5489028096199036
145,No,0.5021489262580872
146,Yes,0.5456940531730652
147,Yes,0.5818888545036316
148,Yes,0.5741198658943176
149,Yes,0.5321016311645508
150,Yes,0.5518637895584106
151,Yes,0.5986486077308655
152,Yes,0.5857112407684326
153,Yes,0.5944732427597046
154,Yes,0.6178751587867737
155,Yes,0.6231874823570251
156,Yes,0.6076647043228149
157,No,0.49866148829460144
158,Yes,0.5213944315910339
159,Yes,0.5373010039329529
160,Yes,0.510721743106842
161,Yes,0.5270384550094604
162,Yes,0.568426251411438
163,Yes,0.5342510342597961
164,Yes,0.5396450161933899
165,No,0.4931243658065796
166,Yes,0.5205174684524536
167,Yes,0.5638241171836853
168,Yes,0.5650718808174133
169,Yes,0.57804274559021
170,Yes,0.5359097719192505
171,Yes,0.560222864151001
172,Yes,0.5579612255096436
173,No,0.43494322896003723
174,Yes,0.5171749591827393
175,Yes,0.551414430141449
176,Yes,0.5436261892318726
177,No,0.45452019572257996
178,No,0.4984571635723114
179,Yes,0.5700631141662598
180,Yes,0.5656212568283081
181,No,0.5011166334152222
182,Yes,0.5630030632019043
183,Yes,0.5295344591140747
184,Yes,0.5502662062644958
185,No,0.46972307562828064
186,Yes,0.5453537702560425
187,Yes,0.5528453588485718
188,Yes,0.5584638118743896
189,Yes,0.51568603515625
190,Yes,0.5842902660369873
191,Yes,0.5972873568534851
192,Yes,0.6229507327079773
193,No,0.4690031111240387
194,Yes,0.5071833729743958
195,Yes,0.5390841364860535
196,Yes,0.5297567248344421
197,No,0.5025686025619507
198,Yes,0.5504655241966248
199,Yes,0.5967484712600708
200,Yes,0.610598623752594
201,No,0.4717094600200653
202,No,0.48635685443878174
203,Yes,0.5399372577667236
204,Yes,0.5274443030357361
205,No,0.4603023827075958
206,Yes,0.5165204405784607
207,Yes,0.5208616852760315
208,Yes,0.5405368804931641
209,No,0.4871191382408142
210,Yes,0.5234237313270569
211,Yes,0.562829315662384
212,Yes,0.5723203420639038
213,No,0.4566156268119812
214,No,0.4912486672401428
215,Yes,0.5232633948326111
216,Yes,0.5336748957633972
217,No,0.49858763813972473
218,Yes,0.5504703521728516
219,Yes,0.5708605647087097
220,Yes,0.6011613607406616
221,No,0.4099003076553345
222,No,0.43880322575569153
223,No,0.47930991649627686
224,No,0.4750559628009796
225,No,0.5025895833969116
226,No,0.43938013911247253
227,No,0.4495024085044861
228,No,0.4677596092224121
229,No,0.43859490752220154
230,No,0.4147837162017822
231,No,0.43296676874160767
232,No,0.45370054244995117
233,No,0.43247559666633606
234,No,0.41824623942375183
235,No,0.439605712890625
236,No,0.460666686296463
237,No,0.3885578513145447
238,No,0.48971080780029297
239,No,0.44438859820365906
240,Yes,0.506818413734436
241,No,0.4595058858394623
242,No,0.47048842906951904
243,No,0.4460911750793457
244,No,0.46132704615592957
245,No,0.4137605130672455
246,No,0.42485353350639343
247,No,0.4202883243560791
248,No,0.46471142768859863
249,Yes,0.5227689146995544
250,Yes,0.5223245024681091
251,No,0.4743572473526001
252,Yes,0.5313394069671631
253,No,0.4599308967590332
254,Yes,0.5253486037254333
255,No,0.4780693054199219
256,Yes,0.5333113074302673
257,Yes,0.5297498106956482
258,Yes,0.508064866065979
259,Yes,0.5259208083152771
260,Yes,0.585254430770874
261,No,0.44160038232803345
262,No,0.4863608479499817
263,No,0.44088849425315857
264,Yes,0.506441593170166
265,No,0.4597328007221222
266,No,0.48733678460121155
267,Yes,0.5655468702316284
268,Yes,0.5372776389122009
269,No,0.4094657003879547
270,No,0.42489108443260193
271,No,0.4273110628128052
272,No,0.4409463703632355
273,Yes,0.5082308053970337
274,Yes,0.5553110241889954
275,Yes,0.5289269685745239
276,Yes,0.5462140440940857
277,No,0.47654789686203003
278,Yes,0.5162412524223328
279,No,0.4640480875968933
280,Yes,0.515412449836731
281,Yes,0.5152580142021179
282,Yes,0.5612931847572327
283,Yes,0.5293973088264465
284,Yes,0.5670728087425232
285,No,0.405012845993042
286,No,0.46580570936203003
287,No,0.45888471603393555
288,No,0.4927240014076233
289,No,0.44619157910346985
290,Yes,0.5673787593841553
291,No,0.5040315985679626
292,Yes,0.5538303256034851
293,Yes,0.5126309990882874
294,No,0.4841144382953644
295,Yes,0.5468598008155823
296,Yes,0.5592762231826782
297,Yes,0.5382453203201294
298,Yes,0.59541255235672
299,Yes,0.5530364513397217
300,Yes,0.5928369164466858
301,No,0.48929232358932495
302,Yes,0.5541545152664185
303,Yes,0.510493278503418
304,Yes,0.532156765460968
305,No,0.47658658027648926
306,No,0.47687748074531555
307,Yes,0.5107046365737915
308,No,0.47908616065979004
309,No,0.4512743651866913
310,No,0.4611800014972687
311,No,0.48751989006996155
312,No,0.4611171782016754
313,No,0.4941580891609192
314,Yes,0.520290732383728
315,Yes,0.5607592463493347
316,Yes,0.5413761138916016
317,No,0.3997507095336914
318,No,0.49879583716392517
319,Yes,0.5201963782310486
320,Yes,0.5160777568817139
321,No,0.4935542047023773
322,Yes,0.5624408721923828
323,Yes,0.5493759512901306
324,Yes,0.537279486656189
325,Yes,0.5155165195465088
326,Yes,0.5376871228218079
327,Yes,0.5352511405944824
328,Yes,0.5398671627044678
329,No,0.4999420642852783
330,No,0.48041775822639465
331,Yes,0.5402024984359741
332,Yes,0.5086075067520142
333,No,0.4674586355686188
334,No,0.45594868063926697
335,Yes,0.5132716298103333
336,No,0.4784568250179291
337,No,0.3814574182033539
338,No,0.4457622766494751
339,No,0.4227291941642761
340,No,0.4305201470851898
341,No,0.38320985436439514
342,No,0.44749245047569275
343,No,0.4199342727661133
344,No,0.43499037623405457
345,No,0.36346200108528137
346,No,0.40205004811286926
347,No,0.4135642647743225
348,No,0.41092732548713684
349,No,0.39644700288772583
350,No,0.40680524706840515
351,No,0.41632792353630066
352,No,0.3917962312698364
353,No,0.37645646929740906
354,No,0.40101954340934753
355,No,0.43505606055259705
356,No,0.42403918504714966
357,No,0.38412830233573914
358,No,0.4531266987323761
359,No,0.4224201440811157
360,No,0.42496201395988464
361,No,0.40877777338027954
362,No,0.4262162446975708
363,No,0.40515270829200745
364,No,0.38839438557624817
365,No,0.3961993455886841
366,No,0.41939228773117065
367,No,0.44217944145202637
368,No,0.4243071377277374
369,No,0.48395147919654846
370,Yes,0.5854316353797913
371,No,0.49515965580940247
372,No,0.4803081750869751
373,No,0.40768682956695557
374,No,0.4413241446018219
375,No,0.44881874322891235
376,No,0.4399693012237549
377,No,0.40420761704444885
378,No,0.44482019543647766
379,No,0.44412922859191895
380,No,0.43395066261291504
381,No,0.45136964321136475
382,No,0.49581149220466614
383,No,0.48740407824516296
384,No,0.4787455201148987
385,No,0.4323994219303131
386,No,0.4221576154232025
387,No,0.48231250047683716
388,No,0.4610612094402313
389,No,0.3879091739654541
390,No,0.4181064963340759
391,No,0.4178900718688965
392,No,0.4009450376033783
393,No,0.41161489486694336
394,No,0.4805600345134735
395,No,0.4727482199668884
396,No,0.4627920687198639
397,No,0.363961398601532
398,No,0.4333626627922058
399,No,0.4108909070491791
400,No,0.40488913655281067
401,No,0.4457956552505493
402,No,0.47036033868789673
403,Yes,0.5115744471549988
404,No,0.45567789673805237
405,Yes,0.5163933038711548
406,No,0.5029034614562988
407,Yes,0.5520876049995422
408,No,0.46985313296318054
409,Yes,0.599678099155426
410,Yes,0.5636228322982788
411,Yes,0.632037878036499
412,Yes,0.5542095899581909
413,Yes,0.5161856412887573
414,No,0.4892803728580475
415,Yes,0.5598083138465881
416,No,0.48019564151763916
417,No,0.4036063849925995
418,No,0.4934825599193573
419,No,0.4324835538864136
420,No,0.48617520928382874
421,No,0.3822648823261261
422,No,0.45771750807762146
423,No,0.4313478469848633
424,No,0.4646046757698059
425,No,0.36843281984329224
426,No,0.43454116582870483
427,No,0.41693782806396484
428,No,0.46789032220840454
429,No,0.3903082013130188
430,No,0.45811185240745544
431,No,0.39345523715019226
432,No,0.4404107332229614
433,No,0.32288986444473267
434,No,0.45058971643447876
435,No,0.3886047303676605
436,No,0.422115683555603
437,No,0.405923455953598
438,No,0.4634242355823517
439,No,0.40792542695999146
440,No,0.4589976966381073
441,No,0.3518466651439667
442,No,0.44256681203842163
443,No,0.40135520696640015
444,No,0.45631885528564453
445,No,0.3779730796813965
446,No,0.4398364722728729
447,No,0.38877856731414795
448,No,0.43453291058540344
449,No,0.4845573604106903
450,No,0.502285897731781
451,Yes,0.5394890904426575
452,Yes,0.5154629349708557
453,No,0.48265504837036133
454,Yes,0.5094372630119324
455,Yes,0.5617220997810364
456,Yes,0.5218065977096558
457,Yes,0.525626003742218
458,Yes,0.5087561011314392
459,Yes,0.5496464967727661
460,Yes,0.5293154716491699
461,Yes,0.5068651437759399
462,Yes,0.5107362270355225
463,Yes,0.5585028529167175
464,Yes,0.5187774300575256
465,No,0.45335450768470764
466,No,0.4778504967689514
467,Yes,0.5372266173362732
468,No,0.5010411143302917
469,Yes,0.5316954851150513
470,Yes,0.5294671058654785
471,Yes,0.6131728887557983
472,Yes,0.535348653793335
473,No,0.4702002704143524
474,Yes,0.522330641746521
475,Yes,0.5178953409194946
476,Yes,0.5043541193008423
477,Yes,0.5056470036506653
478,Yes,0.5281499624252319
479,Yes,0.5856362581253052
480,Yes,0.5422298908233643
481,Yes,0.5076568722724915
482,Yes,0.5123257637023926
483,Yes,0.5457959175109863
484,Yes,0.5123527646064758
485,No,0.5000306963920593
486,Yes,0.5226556062698364
487,Yes,0.5758973360061646
488,Yes,0.5266544222831726
489,No,0.5045003294944763
490,No,0.5003148913383484
491,Yes,0.5291372537612915
492,No,0.4965308904647827
493,No,0.4925568103790283
494,Yes,0.5057938098907471
495,Yes,0.5389571785926819
496,No,0.500697135925293
497,No,0.5002589225769043
498,Yes,0.534673273563385
499,Yes,0.6283939480781555
500,Yes,0.5628929138183594
501,Yes,0.5342284440994263
502,Yes,0.5340808629989624
503,Yes,0.6010786890983582
504,Yes,0.5440614819526672
505,No,0.4765729308128357
506,No,0.4766269624233246
507,Yes,0.5322535634040833
508,Yes,0.5069231390953064
509,No,0.4541788101196289
510,No,0.4915623962879181
511,Yes,0.5320122241973877
512,Yes,0.5080256462097168
513,No,0.4789588451385498
514,No,0.48944586515426636
515,No,0.44447585940361023
516,No,0.4338691234588623
517,Yes,0.5484986901283264
518,Yes,0.5705287456512451
519,Yes,0.5990223288536072
520,Yes,0.5994011759757996
521,No,0.4617987275123596
522,Yes,0.5579761862754822
523,Yes,0.5722818970680237
524,Yes,0.5672432780265808
525,Yes,0.5128189325332642
526,No,0.5003508925437927
527,Yes,0.5617104768753052
528,Yes,0.5328964591026306
529,No,0.5016815662384033
530,Yes,0.5130741596221924
531,Yes,0.5366144776344299
532,Yes,0.526081383228302
533,Yes,0.5125634074211121
534,Yes,0.5717883706092834
535,Yes,0.5536351203918457
536,Yes,0.5289901494979858
537,No,0.4974534213542938
538,Yes,0.5283123850822449
539,Yes,0.5366334915161133
540,Yes,0.5372685194015503
541,No,0.4663223922252655
542,Yes,0.5221652984619141
543,Yes,0.5355616807937622
544,Yes,0.5307891368865967
545,No,0.3154667913913727
546,No,0.31714993715286255
547,No,0.32465046644210815
548,No,0.35554805397987366
549,No,0.3892642557621002
550,No,0.42915281653404236
551,No,0.4284971356391907
552,No,0.4173769950866699
553,No,0.3228093981742859
554,No,0.3743366599082947
555,No,0.3600335717201233
556,No,0.3722221255302429
557,No,0.34636688232421875
558,No,0.3788551688194275
559,No,0.39695465564727783
560,No,0.3914456367492676
561,No,0.4026351273059845
562,No,0.4497109353542328
563,No,0.4408864974975586
564,No,0.4262607991695404
565,No,0.3815635144710541
566,No,0.4122399389743805
567,No,0.40890592336654663
568,No,0.3974010646343231
569,No,0.3639598786830902
570,No,0.43383216857910156
571,No,0.43234607577323914
572,No,0.43132057785987854
573,No,0.3335217833518982
574,No,0.3733494281768799
575,No,0.38937801122665405
576,No,0.3922228217124939
577,No,0.4010937511920929
578,No,0.39830490946769714
579,No,0.3937533497810364
580,No,0.3930264413356781
581,No,0.43219131231307983
582,No,0.4400915503501892
583,No,0.4411602020263672
584,No,0.4359607398509979
585,No,0.37202563881874084
586,No,0.4134015142917633
587,No,0.42070674896240234
588,No,0.42679935693740845
589,No,0.3911236822605133
590,No,0.4273243248462677
591,No,0.4072727859020233
592,No,0.3999849557876587
593,No,0.4434385299682617
594,Yes,0.523717999458313
595,Yes,0.5625705122947693
596,Yes,0.5385273694992065
597,Yes,0.5118566751480103
598,Yes,0.5650213956832886
599,Yes,0.5833711624145508
600,Yes,0.5672651529312134
601,Yes,0.5101205110549927
602,Yes,0.5339349508285522
603,Yes,0.5734080672264099
604,Yes,0.5501724481582642
605,No,0.49033793807029724
606,Yes,0.5261225700378418
607,Yes,0.568237841129303
608,Yes,0.564256489276886
609,No,0.3926936984062195
610,No,0.46510136127471924
611,No,0.42667946219444275
612,No,0.45043185353279114
613,No,0.4292874336242676
614,No,0.48638007044792175
615,No,0.49496492743492126
616,Yes,0.5135012269020081
617,Yes,0.5100851058959961
618,Yes,0.5759140253067017
619,Yes,0.5063576698303223
620,No,0.5054770112037659
621,No,0.4895995855331421
622,Yes,0.5158114433288574
623,No,0.4763930141925812
624,No,0.47342199087142944
625,No,0.4351104497909546
626,No,0.4656882882118225
627,No,0.4508720934391022
628,No,0.4400564432144165
629,No,0.442177414894104
630,Yes,0.5152873992919922
631,No,0.47302666306495667
632,No,0.4972015619277954
633,No,0.4148593544960022
634,No,0.46893271803855896
635,No,0.49224281311035156
636,No,0.5032449960708618
637,No,0.4406067728996277
638,No,0.45854562520980835
639,No,0.44020429253578186
640,No,0.4533309042453766
641,No,0.3946986794471741
642,No,0.45447838306427
643,No,0.4229227900505066
644,No,0.43235060572624207
645,No,0.4305541515350342
646,No,0.481489896774292
647,No,0.431253045797348
648,No,0.4422172009944916
649,No,0.45856282114982605
650,Yes,0.5541548728942871
651,No,0.48964983224868774
652,No,0.5023136734962463
653,No,0.43463990092277527
654,No,0.4883941411972046
655,No,0.4626948833465576
656,No,0.4552345871925354
657,No,0.425297349691391
658,No,0.4876400828361511
659,No,0.48175248503685
660,No,0.49116936326026917
661,Yes,0.5210760235786438
662,Yes,0.5538261532783508
663,Yes,0.5885018110275269
664,Yes,0.5733732581138611
665,No,0.4318668246269226
666,No,0.4725326597690582
667,Yes,0.5201178789138794
668,No,0.5008068084716797
669,Yes,0.5094875693321228
670,Yes,0.5523239970207214
671,Yes,0.5517899990081787
672,Yes,0.5392888188362122
673,No,0.482390433549881
674,Yes,0.5195016860961914
675,Yes,0.5473986864089966
676,Yes,0.5413792133331299
677,No,0.5010631084442139
678,Yes,0.5249655842781067
679,Yes,0.5631603002548218
680,Yes,0.5482940673828125
681,No,0.48896336555480957
682,Yes,0.544491708278656
683,Yes,0.5791628956794739
684,Yes,0.5807475447654724
685,No,0.4070982336997986
686,No,0.4634851813316345
687,Yes,0.5038004517555237
688,No,0.48689237236976624
689,No,0.4367687404155731
690,No,0.48793545365333557
691,No,0.4871818721294403
692,No,0.4742757976055145
693,No,0.4895360767841339
694,Yes,0.5504773259162903
695,Yes,0.5853047966957092
696,Yes,0.5727765560150146
697,No,0.4791446924209595
698,Yes,0.51125168800354
699,Yes,0.5221675634384155
700,No,0.49965396523475647
701,Yes,0.5054444670677185
702,Yes,0.5776407718658447
703,Yes,0.5689694285392761
704,Yes,0.5769467949867249
705,No,0.425297349691391
706,No,0.4876400828361511
707,No,0.48175248503685
708,No,0.49116936326026917
709,Yes,0.5094875693321228
710,Yes,0.5523239970207214
711,Yes,0.5517899990081787
712,Yes,0.5392888188362122
713,No,0.4588574171066284
714,No,0.5025227069854736
715,Yes,0.5397617816925049
716,Yes,0.5315662622451782
717,Yes,0.5191131830215454
718,Yes,0.5616750121116638
719,Yes,0.5935198068618774
720,Yes,0.5692659020423889
721,No,0.43233922123908997
722,Yes,0.5194368958473206
723,No,0.48820361495018005
724,No,0.4882866442203522
725,No,0.4726441204547882
726,Yes,0.5066995024681091
727,Yes,0.5090186595916748
728,No,0.501217246055603
729,No,0.40240034461021423
730,No,0.4527396559715271
731,No,0.4630385637283325
732,No,0.460348904132843
733,No,0.47904932498931885
734,Yes,0.5037134289741516
735,No,0.4929092824459076
736,No,0.49663281440734863
737,No,0.46945324540138245
738,No,0.4833742380142212
739,Yes,0.5183296799659729
740,No,0.4856926202774048
741,No,0.4443685710430145
742,No,0.4776816964149475
743,No,0.5034717917442322
744,No,0.4905358850955963
745,No,0.4735676348209381
746,Yes,0.5354099869728088
747,Yes,0.5343446731567383
748,Yes,0.5103164315223694
749,No,0.4495975077152252
750,Yes,0.5249993205070496
751,Yes,0.54019695520401
752,Yes,0.530653178691864
753,No,0.4094376862049103
754,No,0.4546126127243042
755,No,0.46156448125839233
756,No,0.4412882626056671
757,No,0.4698566198348999
758,Yes,0.5241857171058655
759,No,0.5018672347068787
760,No,0.4891907572746277
761,No,0.4975658655166626
762,Yes,0.5394224524497986
763,Yes,0.529679000377655
764,Yes,0.525347113609314
765,No,0.43848323822021484
766,No,0.4635240137577057
767,No,0.49068784713745117
768,No,0.47685083746910095
769,No,0.4657549262046814
770,Yes,0.5202295780181885
771,No,0.5030694603919983
772,No,0.4989236295223236
773,No,0.37187933921813965
774,No,0.39420047402381897
775,No,0.40447619557380676
776,No,0.42529207468032837
777,No,0.420999675989151
778,No,0.4578007757663727
779,No,0.45301008224487305
780,No,0.4588581919670105
781,No,0.4509935975074768
782,No,0.4383363425731659
783,No,0.4905948042869568
784,No,0.4749414026737213
785,No,0.40614187717437744
786,No,0.4236813485622406
787,No,0.4671373963356018
788,No,0.47545549273490906
789,No,0.41999226808547974
790,No,0.41753074526786804
791,No,0.43840667605400085
792,No,0.4360623359680176
793,No,0.3996402621269226
794,No,0.41152024269104004
795,No,0.3987482190132141
796,No,0.4138202965259552
797,No,0.47088003158569336
798,No,0.46411585807800293
799,No,0.45258426666259766
800,No,0.45714297890663147
801,No,0.4296983480453491
802,No,0.4565061032772064
803,No,0.4705343544483185
804,No,0.47274506092071533
805,No,0.4610758125782013
806,No,0.4963374435901642
807,No,0.4897029399871826
808,No,0.49382632970809937
809,No,0.48085588216781616
810,No,0.4715334177017212
811,Yes,0.5094650983810425
812,No,0.4939866065979004
813,No,0.48938313126564026
814,No,0.503053605556488
815,Yes,0.562386155128479
816,Yes,0.5475223660469055
817,No,0.45614439249038696
818,No,0.4985480010509491
819,Yes,0.5438980460166931
820,Yes,0.535923421382904
821,No,0.3779394030570984
822,No,0.4169255495071411
823,No,0.43278026580810547
824,No,0.42260536551475525
825,No,0.43382635712623596
826,No,0.4881049692630768
827,Yes,0.5226329565048218
828,Yes,0.5039888024330139
829,No,0.4391770660877228
830,No,0.4816129207611084
831,Yes,0.5249218940734863
832,No,0.4780091345310211
833,No,0.4088803827762604
834,No,0.48942533135414124
835,Yes,0.5258721709251404
836,Yes,0.5131890773773193
837,No,0.36529070138931274
838,No,0.4589994549751282
839,No,0.4793166220188141
840,No,0.4717477858066559
841,No,0.45614439249038696
842,No,0.4985480010509491
843,Yes,0.5438980460166931
844,Yes,0.535923421382904
845,No,0.48333850502967834
846,Yes,0.5220959782600403
847,Yes,0.5453032851219177
848,Yes,0.5296993255615234
849,No,0.4708012044429779
850,Yes,0.5117950439453125
851,Yes,0.546929657459259
852,Yes,0.5459045767784119
853,Yes,0.5025632977485657
854,Yes,0.5384481549263
855,Yes,0.5527745485305786
856,Yes,0.5304445028305054
857,Yes,0.505466103553772
858,Yes,0.5610339045524597
859,Yes,0.5645413398742676
860,Yes,0.5684947371482849
861,No,0.4815777540206909
862,Yes,0.5373045802116394
863,Yes,0.5551398992538452
864,Yes,0.5299766063690186
865,No,0.48418834805488586
866,Yes,0.5190864205360413
867,Yes,0.5278170108795166
868,Yes,0.5332539081573486
869,No,0.486187219619751
870,Yes,0.5213443636894226
871,Yes,0.5452804565429688
872,Yes,0.5392053723335266
873,Yes,0.5077430605888367
874,Yes,0.5098698735237122
875,Yes,0.5358479619026184
876,Yes,0.5376628637313843
877,No,0.43367210030555725
878,No,0.4491541385650635
879,No,0.4501538872718811
880,No,0.4439820945262909
881,No,0.44021090865135193
882,No,0.49188756942749023
883,Yes,0.5294312834739685
884,Yes,0.5339241027832031
885,No,0.5001343488693237
886,No,0.4773334860801697
887,Yes,0.505560576915741
888,No,0.5027400851249695
889,No,0.4080936908721924
890,No,0.46828120946884155
891,Yes,0.5067654252052307
892,Yes,0.5198108553886414
893,No,0.4630752503871918
894,No,0.47932520508766174
895,Yes,0.5111208558082581
896,Yes,0.513863742351532
897,Yes,0.5773227214813232
898,Yes,0.5902809500694275
899,Yes,0.6217564940452576
900,Yes,0.574584424495697
901,Yes,0.5789573788642883
902,Yes,0.606040358543396
903,Yes,0.6185660362243652
904,Yes,0.5792856216430664
905,No,0.4968833923339844
906,Yes,0.5044631958007812
907,Yes,0.547258734703064
908,Yes,0.5056651830673218
909,Yes,0.5509179830551147
910,Yes,0.585665225982666
911,Yes,0.6234549880027771
912,Yes,0.5795639157295227
913,Yes,0.5852802395820618
914,Yes,0.5062219500541687
915,Yes,0.5503628253936768
916,Yes,0.5256935954093933
917,No,0.47970160841941833
918,Yes,0.5357235074043274
919,Yes,0.5758270025253296
920,Yes,0.5447733402252197
921,Yes,0.5703856348991394
922,Yes,0.6234128475189209
923,Yes,0.6105274558067322
924,Yes,0.5722854733467102
925,Yes,0.548592209815979
926,Yes,0.5423424243927002
927,Yes,0.5812554359436035
928,Yes,0.5247307419776917
929,Yes,0.5042977929115295
930,Yes,0.5526700019836426
931,Yes,0.5554161071777344
932,Yes,0.5293254256248474
933,Yes,0.5059736371040344
934,Yes,0.5404419898986816
935,Yes,0.5453997254371643
936,Yes,0.5247319936752319
937,No,0.46878278255462646
938,Yes,0.5337514281272888
939,Yes,0.5458270311355591
940,Yes,0.5082018375396729
941,No,0.4566844701766968
942,Yes,0.5615693926811218
943,Yes,0.5700334310531616
944,Yes,0.5497145652770996
945,No,0.4901190996170044
946,Yes,0.6209716796875
947,Yes,0.5774721503257751
948,Yes,0.5603610873222351
949,No,0.41062891483306885
950,No,0.4389655888080597
951,Yes,0.507552444934845
952,No,0.4966549277305603
953,No,0.46024760603904724
954,No,0.43144235014915466
955,No,0.45926907658576965
956,No,0.4761390686035156
957,No,0.4588989019393921
958,No,0.47442835569381714
959,Yes,0.5626198649406433
960,Yes,0.5069593787193298
961,No,0.37217023968696594
962,Yes,0.506885290145874
963,Yes,0.535564124584198
964,Yes,0.5361166000366211
965,No,0.4093782603740692
966,No,0.44698452949523926
967,Yes,0.5190942287445068
968,No,0.47718146443367004
969,No,0.4393055737018585
970,Yes,0.5173524022102356
971,Yes,0.552527904510498
972,Yes,0.5366707444190979
973,Yes,0.528105616569519
974,Yes,0.5582545399665833
975,Yes,0.5953237414360046
976,Yes,0.5615621209144592
977,No,0.4751274287700653
978,No,0.46780553460121155
979,Yes,0.5428827404975891
980,Yes,0.5147303342819214
981,No,0.4474552869796753
982,No,0.4352850317955017
983,No,0.46444132924079895
984,No,0.4562089741230011
985,No,0.3959982395172119
986,No,0.44775626063346863
987,No,0.4855087101459503
988,No,0.46784600615501404
989,No,0.44796276092529297
990,No,0.4522494077682495
991,No,0.47676393389701843
992,No,0.4876105487346649
993,No,0.44277068972587585
994,No,0.46012941002845764
995,No,0.4840243458747864
996,No,0.47812148928642273
997,No,0.44772207736968994
998,No,0.4360201954841614
999,No,0.46281296014785767
1000,No,0.441175639629364
1001,No,0.42481788992881775
1002,No,0.46272164583206177
1003,No,0.5043204426765442
1004,No,0.4920034408569336
1005,No,0.45675697922706604
1006,No,0.47520413994789124
1007,Yes,0.5190248489379883
1008,Yes,0.5092130303382874
1009,Yes,0.5203433036804199
1010,Yes,0.5431786179542542
1011,Yes,0.5747488737106323
1012,Yes,0.5571357607841492
1013,Yes,0.5037394762039185
1014,Yes,0.5903404951095581
1015,Yes,0.5542578101158142
1016,Yes,0.5676444172859192
1017,No,0.43065017461776733
1018,No,0.48081153631210327
1019,No,0.47721680998802185
1020,No,0.49137866497039795
1021,Yes,0.5176082849502563
1022,Yes,0.524023175239563
1023,Yes,0.5853410959243774
1024,Yes,0.5358955264091492
1025,Yes,0.513593316078186
1026,Yes,0.552352786064148
1027,Yes,0.5606068968772888
1028,Yes,0.5686367154121399
1029,No,0.4691165089607239
1030,Yes,0.5214883089065552
1031,Yes,0.5026506781578064
1032,Yes,0.5195407867431641
1033,No,0.4907494783401489
1034,Yes,0.5485145449638367
1035,Yes,0.536201000213623
1036,Yes,0.5444881916046143
1037,Yes,0.5059866905212402
1038,Yes,0.5659247636795044
1039,Yes,0.5574761033058167
1040,Yes,0.5885393619537354
1041,No,0.434886634349823
1042,No,0.491596519947052
1043,No,0.48873478174209595
1044,No,0.5025217533111572
1045,No,0.3808700740337372
1046,No,0.4624478220939636
1047,No,0.43960335850715637
1048,No,0.47242459654808044
1049,No,0.4061015546321869
1050,No,0.4850558638572693
1051,No,0.4898078143596649
1052,Yes,0.5242321491241455
1053,Yes,0.5342648029327393
1054,Yes,0.5774213075637817
1055,Yes,0.5948931574821472
1056,Yes,0.6053851842880249
1057,No,0.470397025346756
1058,Yes,0.5545142889022827
1059,Yes,0.5534020066261292
1060,Yes,0.5686662197113037
1061,No,0.4780651926994324
1062,Yes,0.5312602519989014
1063,Yes,0.5323430299758911
1064,Yes,0.5606093406677246
1065,No,0.4691165089607239
1066,Yes,0.5214883089065552
1067,Yes,0.5026506781578064
1068,Yes,0.5195407867431641
1069,No,0.39756548404693604
1070,No,0.4832008481025696
1071,Yes,0.5072371363639832
1072,No,0.5005934834480286
1073,No,0.42954781651496887
1074,No,0.4905599355697632
1075,No,0.4836161732673645
1076,No,0.4757402837276459
1077,No,0.41796478629112244
1078,No,0.48515087366104126
1079,No,0.4759863018989563
1080,No,0.49683958292007446
1081,No,0.30169209837913513
1082,No,0.3989466726779938
1083,No,0.3967006206512451
1084,No,0.42642050981521606
1085,No,0.4479859471321106
1086,No,0.49183720350265503
1087,No,0.4922775328159332
1088,No,0.48926877975463867
1089,No,0.40979114174842834
1090,No,0.4723837673664093
1091,No,0.4457579553127289
1092,No,0.4562221169471741
1093,No,0.37338003516197205
1094,No,0.43363648653030396
1095,No,0.4009356200695038
1096,No,0.4193699359893799
1097,No,0.3669094741344452
1098,No,0.3616126775741577
1099,No,0.38248229026794434
1100,No,0.3999161124229431
1101,No,0.4059058427810669
1102,No,0.4491402506828308
1103,No,0.44894978404045105
1104,No,0.44557932019233704
1105,No,0.4956907033920288
1106,Yes,0.5490249395370483
1107,Yes,0.5446619391441345
1108,Yes,0.5315138101577759
1109,Yes,0.5190699696540833
1110,Yes,0.5821117162704468
1111,Yes,0.5609055757522583
1112,Yes,0.5422080755233765
1113,Yes,0.5116267800331116
1114,Yes,0.5342969298362732
1115,Yes,0.5701404213905334
1116,Yes,0.5369349122047424
1117,Yes,0.5257589817047119
1118,Yes,0.5680913925170898
1119,Yes,0.5792397260665894
1120,Yes,0.5555533170700073
1121,Yes,0.541884183883667
1122,Yes,0.5835902094841003
1123,Yes,0.5922273397445679
1124,Yes,0.574991762638092
1125,Yes,0.5741046071052551
1126,Yes,0.6171832084655762
1127,Yes,0.623356819152832
1128,Yes,0.6012150049209595
1129,Yes,0.5869699120521545
1130,Yes,0.582859218120575
1131,Yes,0.592021644115448
1132,Yes,0.5606350302696228
1133,Yes,0.5154851078987122
1134,Yes,0.5404930114746094
1135,Yes,0.5451676845550537
1136,Yes,0.517350435256958
1137,No,0.45025211572647095
1138,No,0.465917706489563
1139,No,0.4603300094604492
1140,No,0.4654901921749115
1141,No,0.41102921962738037
1142,No,0.4458693563938141
1143,No,0.45074519515037537
1144,No,0.45227572321891785
1145,No,0.36916300654411316
1146,No,0.43364354968070984
1147,No,0.41000306606292725
1148,No,0.42202794551849365
1149,No,0.42938870191574097
1150,No,0.4769587218761444
1151,No,0.4432634711265564
1152,No,0.4656037390232086
1153,Yes,0.5500746369361877
1154,Yes,0.6096372604370117
1155,Yes,0.5519704818725586
1156,Yes,0.5365855097770691
1157,Yes,0.5718311071395874
1158,Yes,0.5902403593063354
1159,Yes,0.6138930320739746
1160,Yes,0.6173739433288574
1161,No,0.48024260997772217
1162,No,0.49467435479164124
1163,Yes,0.5438012480735779
1164,Yes,0.5188525319099426
1165,Yes,0.5184592604637146
1166,No,0.5019097924232483
1167,Yes,0.5826626420021057
1168,Yes,0.541765034198761
1169,No,0.41714227199554443
1170,No,0.5029477477073669
1171,No,0.43347692489624023
1172,No,0.46317803859710693
1173,No,0.41678428649902344
1174,Yes,0.5103327035903931
1175,No,0.425198495388031
1176,No,0.4819349944591522
1177,No,0.4006837010383606
1178,No,0.4856340289115906
1179,No,0.43198540806770325
1180,No,0.4758824110031128
1181,No,0.3973802328109741
1182,Yes,0.5146543979644775
1183,No,0.4352380931377411
1184,No,0.4755391478538513
1185,Yes,0.5488543510437012
1186,Yes,0.6386900544166565
1187,Yes,0.5973461866378784
1188,Yes,0.6188259720802307
1189,No,0.3745957612991333
1190,No,0.4673703610897064
1191,No,0.43610671162605286
1192,No,0.4847947955131531
1193,No,0.3951059877872467
1194,No,0.49728184938430786
1195,Yes,0.5158247351646423
1196,Yes,0.5511088371276855
1197,No,0.4317699372768402
1198,Yes,0.5198301672935486
1199,Yes,0.526178240776062
1200,Yes,0.5644827485084534
1201,No,0.39683884382247925
1202,No,0.49310818314552307
1203,No,0.4975745379924774
1204,Yes,0.5401312112808228
1205,No,0.47485998272895813
1206,Yes,0.5203902721405029
1207,Yes,0.5191935300827026
1208,Yes,0.5388362407684326
1209,No,0.4599688947200775
1210,No,0.5021308660507202
1211,Yes,0.5039947628974915
1212,Yes,0.5271340012550354
1213,No,0.4883630871772766
1214,Yes,0.560580849647522
1215,Yes,0.5677629113197327
1216,Yes,0.5731220841407776
1217,Yes,0.5342647433280945
1218,Yes,0.5723558664321899
1219,Yes,0.6396438479423523
1220,Yes,0.5946769714355469
1221,Yes,0.5375911593437195
1222,Yes,0.5631200075149536
1223,Yes,0.6468573808670044
1224,Yes,0.5849438309669495
1225,No,0.47935301065444946
1226,No,0.4972151517868042
1227,Yes,0.5101132392883301
1228,Yes,0.5189569592475891
1229,No,0.4900070130825043
1230,Yes,0.5302420854568481
1231,Yes,0.5783662796020508
1232,Yes,0.5340173840522766
1233,No,0.4943874776363373
1234,Yes,0.5254275798797607
1235,Yes,0.614009439945221
1236,Yes,0.53794926404953
1237,Yes,0.5704774260520935
1238,Yes,0.5958920121192932
1239,Yes,0.6265788078308105
1240,Yes,0.5950042605400085
1241,Yes,0.5375911593437195
1242,Yes,0.5631200075149536
1243,Yes,0.6468573808670044
1244,Yes,0.5849438309669495
1245,Yes,0.5454086065292358
1246,Yes,0.5727308392524719
1247,Yes,0.6014859676361084
1248,Yes,0.572142481803894
1249,No,0.4922654628753662
1250,Yes,0.5437749028205872
1251,Yes,0.568823516368866
1252,Yes,0.5353419780731201
1253,Yes,0.5167232751846313
1254,Yes,0.5014963746070862
1255,Yes,0.5286496877670288
1256,Yes,0.5386276841163635
1257,No,0.4730165898799896
1258,No,0.4879944920539856
1259,Yes,0.5156840085983276
1260,No,0.4925101101398468
1261,Yes,0.5153709053993225
1262,Yes,0.5469961166381836
1263,Yes,0.5883311629295349
1264,Yes,0.5692523121833801
1265,No,0.47146517038345337
1266,Yes,0.5551945567131042
1267,Yes,0.5861418843269348
1268,Yes,0.5498886704444885
1269,Yes,0.5153801441192627
1270,Yes,0.566848874092102
1271,Yes,0.5911192893981934
1272,Yes,0.5619626045227051
1273,No,0.482929527759552
1274,Yes,0.5019783973693848
1275,Yes,0.5582315921783447
1276,Yes,0.5397923588752747
1277,Yes,0.6074175834655762
1278,Yes,0.6538220047950745
1279,Yes,0.6377493143081665
1280,Yes,0.6238394975662231
1281,Yes,0.5063294768333435
1282,Yes,0.5491042733192444
1283,Yes,0.5821782946586609
1284,Yes,0.5541757941246033
1285,Yes,0.5159915089607239
1286,Yes,0.5279995799064636
1287,Yes,0.5763665437698364
1288,Yes,0.5469226241111755
1289,Yes,0.5000306963920593
1290,No,0.4976215958595276
1291,Yes,0.5526871085166931
1292,Yes,0.5189571976661682
1293,Yes,0.5430007576942444
1294,Yes,0.5575556755065918
1295,Yes,0.5698941349983215
1296,Yes,0.5478262305259705
1297,Yes,0.5035113096237183
1298,Yes,0.5227433443069458
1299,Yes,0.5637341737747192
1300,Yes,0.5361384749412537
1301,No,0.5018483400344849
1302,Yes,0.5346741676330566
1303,Yes,0.5871604681015015
1304,Yes,0.5671235918998718
1305,Yes,0.5212598443031311
1306,Yes,0.539365828037262
1307,Yes,0.5840479135513306
1308,Yes,0.5390387773513794
1309,Yes,0.5010846257209778
1310,Yes,0.5226847529411316
1311,Yes,0.5611477494239807
1312,Yes,0.5071836113929749
1313,No,0.44686031341552734
1314,Yes,0.5097911357879639
1315,Yes,0.5132120251655579
1316,No,0.47360044717788696
1317,No,0.44287505745887756
1318,No,0.47906455397605896
1319,No,0.49087923765182495
1320,No,0.4413728415966034
1321,No,0.43359702825546265
1322,No,0.46385860443115234
1323,No,0.48236721754074097
1324,No,0.4458980858325958
1325,No,0.42088228464126587
1326,No,0.47331902384757996
1327,Yes,0.5105643272399902
1328,No,0.4489283561706543
1329,No,0.4883729815483093
1330,No,0.4733336269855499
1331,Yes,0.5089738368988037
1332,No,0.4549795687198639
1333,No,0.4801011383533478
1334,No,0.4906259775161743
1335,Yes,0.5594354867935181
1336,No,0.5029933452606201
1337,No,0.4209256172180176
1338,No,0.48962873220443726
1339,No,0.4613025486469269
1340,No,0.44376710057258606
1341,No,0.46010342240333557
1342,No,0.47567516565322876
1343,No,0.4983566105365753
1344,No,0.44655323028564453
1345,No,0.4184536337852478
1346,No,0.4686850309371948
1347,Yes,0.5233733057975769
1348,No,0.4509148597717285
1349,No,0.45507651567459106
1350,No,0.5014662146568298
1351,No,0.49861013889312744
1352,No,0.4540172517299652
1353,No,0.4647611081600189
1354,No,0.49415087699890137
1355,Yes,0.5555155873298645
1356,No,0.490527480840683
1357,No,0.4647493362426758
1358,No,0.48279038071632385
1359,Yes,0.5289610028266907
1360,No,0.44458088278770447
1361,No,0.4713057577610016
1362,No,0.4788864254951477
1363,Yes,0.5724552273750305
1364,No,0.5009989738464355
1365,No,0.48519933223724365
1366,No,0.4753207266330719
1367,Yes,0.5540223121643066
1368,Yes,0.5085211992263794
1369,No,0.4423218071460724
1370,No,0.4501303434371948
1371,Yes,0.5221555829048157
1372,No,0.4992823898792267
1373,No,0.49690309166908264
1374,No,0.4781925678253174
1375,Yes,0.5152008533477783
1376,No,0.4868721663951874
1377,No,0.4718576967716217
1378,Yes,0.5200912356376648
1379,Yes,0.5312212109565735
1380,Yes,0.5146490335464478
1381,No,0.4728401005268097
1382,No,0.49772346019744873
1383,Yes,0.5411587357521057
1384,Yes,0.5341689586639404
1385,No,0.44995707273483276
1386,No,0.4499543607234955
1387,Yes,0.5449312925338745
1388,No,0.48618271946907043
1389,No,0.46990108489990234
1390,No,0.45754775404930115
1391,Yes,0.5311689972877502
1392,No,0.481587678194046
1393,No,0.36327633261680603
1394,No,0.4515218138694763
1395,No,0.41939249634742737
1396,No,0.46969354152679443
1397,No,0.37451818585395813
1398,Yes,0.5311586260795593
1399,No,0.42597049474716187
1400,No,0.48401060700416565
1401,No,0.3453145921230316
1402,No,0.46704208850860596
1403,No,0.41879400610923767
1404,No,0.48015227913856506
1405,No,0.3407050669193268
1406,No,0.4388643801212311
1407,No,0.355768620967865
1408,No,0.42500975728034973
1409,No,0.3713359534740448
1410,No,0.4898810088634491
1411,No,0.4178772568702698
1412,No,0.48205259442329407
1413,No,0.34121182560920715
1414,No,0.4509207010269165
1415,No,0.3893623352050781
1416,No,0.43848952651023865
1417,No,0.3685985207557678
1418,No,0.4917709529399872
1419,No,0.4094696342945099
1420,No,0.4867247939109802
1421,No,0.41141894459724426
1422,No,0.46575477719306946
1423,No,0.43031299114227295
1424,No,0.47186222672462463
1425,No,0.3922159671783447
1426,No,0.42996862530708313
1427,No,0.4382656514644623
1428,No,0.45825421810150146
1429,No,0.43003761768341064
1430,No,0.416321724653244
1431,No,0.4158720374107361
1432,No,0.4169802665710449
1433,No,0.4420304000377655
1434,No,0.4714406728744507
1435,No,0.487959086894989
1436,No,0.47969791293144226
1437,No,0.4191851019859314
1438,No,0.4614555537700653
1439,No,0.45883917808532715
1440,No,0.4438816010951996
1441,No,0.46741408109664917
1442,Yes,0.5171622037887573
1443,Yes,0.5235198140144348
1444,Yes,0.5672696232795715
1445,No,0.4237896502017975
1446,No,0.4995521306991577
1447,No,0.4910903871059418
1448,Yes,0.5367059111595154
1449,No,0.47405126690864563
1450,No,0.4430646300315857
1451,Yes,0.5140013098716736
1452,Yes,0.5280963778495789
1453,No,0.4995029866695404
1454,Yes,0.5812670588493347
1455,Yes,0.5370022058486938
1456,Yes,0.5838239192962646
1457,No,0.4493491053581238
1458,No,0.501107931137085
1459,No,0.4891261160373688
1460,Yes,0.5150072574615479
1461,No,0.4482964873313904
1462,No,0.48413947224617004
1463,No,0.48427659273147583
1464,No,0.5037413835525513
1465,No,0.4213903248310089
1466,No,0.4421391487121582
1467,No,0.4405183494091034
1468,No,0.47942256927490234
1469,No,0.4267880320549011
1470,No,0.4726293683052063
1471,No,0.44821789860725403
1472,No,0.49184131622314453
1473,No,0.4338400959968567
1474,No,0.47906872630119324
1475,Yes,0.5206817388534546
1476,No,0.48750385642051697
1477,No,0.4080048203468323
1478,No,0.43335169553756714
1479,No,0.4560750424861908
1480,No,0.4459278881549835
1481,No,0.39390307664871216
1482,No,0.4496473968029022
1483,No,0.4419536888599396
1484,No,0.4310910701751709
1485,No,0.4362483024597168
1486,No,0.41827327013015747
1487,No,0.4741378128528595
1488,No,0.4299926161766052
1489,No,0.4420827627182007
1490,No,0.4686068594455719
1491,No,0.4855915606021881
1492,No,0.4629532992839813
1493,No,0.3866180181503296
1494,No,0.4373759627342224
1495,No,0.47802069783210754
1496,No,0.4405001699924469
1497,No,0.39390307664871216
1498,No,0.4496473968029022
1499,No,0.4419536888599396
1500,No,0.4310910701751709
1501,No,0.48481693863868713
1502,No,0.39713242650032043
1503,No,0.44667214155197144
1504,No,0.43434661626815796
1505,Yes,0.5074405670166016
1506,Yes,0.5205700397491455
1507,Yes,0.5217586159706116
1508,Yes,0.524249792098999
1509,Yes,0.5239418745040894
1510,No,0.4828543961048126
1511,No,0.5042973756790161
1512,No,0.4855223596096039
1513,No,0.504592776298523
1514,No,0.4967361390590668
1515,Yes,0.6052682399749756
1516,Yes,0.575875461101532
1517,Yes,0.6414530277252197
1518,Yes,0.5778111219406128
1519,Yes,0.5918256640434265
1520,Yes,0.5913448929786682
1521,Yes,0.5080657005310059
1522,Yes,0.5525091290473938
1523,Yes,0.5963109731674194
1524,Yes,0.5730407238006592
1525,Yes,0.5095423460006714
1526,Yes,0.572011411190033
1527,Yes,0.5863633751869202
1528,Yes,0.5811402797698975
1529,Yes,0.5478427410125732
1530,Yes,0.5880597829818726
1531,Yes,0.6237838268280029
1532,Yes,0.6082943677902222
1533,Yes,0.544769823551178
1534,Yes,0.5839800238609314
1535,Yes,0.6145382523536682
1536,Yes,0.6024620532989502
1537,No,0.3729657530784607
1538,No,0.4429929852485657
1539,No,0.46659573912620544
1540,No,0.48266199231147766
1541,No,0.43229910731315613
1542,Yes,0.511735737323761
1543,Yes,0.5288984179496765
1544,Yes,0.5547299981117249
1545,No,0.38000258803367615
1546,No,0.4604002833366394
1547,No,0.4598688781261444
1548,No,0.4790724217891693
1549,No,0.4206453561782837
1550,No,0.47027769684791565
1551,No,0.4919762909412384
1552,No,0.4930964410305023
1553,No,0.4229402244091034
1554,No,0.4556732177734375
1555,No,0.490032434463501
1556,No,0.48124948143959045
1557,No,0.44827505946159363
1558,Yes,0.5156790614128113
1559,Yes,0.5156338214874268
1560,Yes,0.5465773344039917
1561,No,0.3830927610397339
1562,No,0.49958834052085876
1563,Yes,0.5354693531990051
1564,Yes,0.5388633012771606
1565,No,0.4147626459598541
1566,No,0.4763708710670471
1567,No,0.5009894967079163
1568,Yes,0.5090188384056091
1569,No,0.4573456048965454
1570,No,0.47352561354637146
1571,Yes,0.5161582231521606
1572,No,0.4874679148197174
1573,Yes,0.5254055261611938
1574,Yes,0.5396660566329956
1575,Yes,0.557091474533081
1576,Yes,0.5301995277404785
1577,No,0.48274534940719604
1578,No,0.4883005619049072
1579,Yes,0.5489512085914612
1580,Yes,0.5103998184204102
1581,Yes,0.5087466835975647
1582,Yes,0.5287712812423706
1583,Yes,0.5433134436607361
1584,Yes,0.5170292854309082
1585,No,0.4267556965351105
1586,No,0.4948858320713043
1587,Yes,0.5361255407333374
1588,Yes,0.5100859999656677
1589,No,0.47570160031318665
1590,No,0.4713920056819916
1591,Yes,0.5752583146095276
1592,Yes,0.5121670961380005
1593,No,0.4701622426509857
1594,No,0.47315436601638794
1595,Yes,0.5416320562362671
1596,Yes,0.5174849033355713
1597,Yes,0.5274799466133118
1598,No,0.47880902886390686
1599,Yes,0.5687890648841858
1600,Yes,0.5181085467338562
1601,Yes,0.5293904542922974
1602,No,0.5002405047416687
1603,Yes,0.5878218412399292
1604,Yes,0.522807240486145
1605,Yes,0.5127571225166321
1606,No,0.4632863700389862
1607,Yes,0.5787990689277649
1608,Yes,0.5161098837852478
1609,No,0.497815877199173
1610,No,0.4626494348049164
1611,Yes,0.571000337600708
1612,Yes,0.5158284902572632
1613,Yes,0.5881732702255249
1614,Yes,0.557445764541626
1615,Yes,0.6270844340324402
1616,Yes,0.5796692967414856
1617,No,0.4515402317047119
1618,Yes,0.5188324451446533
1619,No,0.48760923743247986
1620,Yes,0.5087451934814453
1621,No,0.4338199198246002
1622,Yes,0.5137715339660645
1623,No,0.4652116894721985
1624,No,0.49915480613708496
1625,No,0.4309653639793396
1626,Yes,0.5349826216697693
1627,No,0.48585301637649536
1628,No,0.4986233115196228
1629,No,0.4256798326969147
1630,Yes,0.5095900893211365
1631,Yes,0.5128347873687744
1632,Yes,0.540116012096405
1633,No,0.4434448182582855
1634,No,0.4967621862888336
1635,No,0.4979880452156067
1636,Yes,0.5031008124351501
1637,No,0.44633743166923523
1638,Yes,0.5119984745979309
1639,No,0.47291168570518494
1640,No,0.48411211371421814
1641,No,0.43093863129615784
1642,No,0.496042937040329
1643,No,0.4940260648727417
1644,Yes,0.5036036372184753
1645,No,0.3918361961841583
1646,No,0.4725782573223114
1647,No,0.4415200650691986
1648,No,0.4456099569797516
1649,No,0.3918361961841583
1650,No,0.4725782573223114
1651,No,0.4415200650691986
1652,No,0.4456099569797516
1653,No,0.41642066836357117
1654,No,0.49750399589538574
1655,No,0.48523977398872375
1656,No,0.4907083809375763
1657,No,0.3993608057498932
1658,No,0.49978557229042053
1659,No,0.4593159556388855
1660,No,0.47646233439445496
1661,No,0.39066535234451294
1662,No,0.47492867708206177
1663,No,0.46161210536956787
1664,No,0.46672555804252625
1665,Yes,0.5137234330177307
1666,No,0.46173393726348877
1667,Yes,0.5701592564582825
1668,Yes,0.5420541167259216
1669,Yes,0.5534437894821167
1670,Yes,0.5260993838310242
1671,Yes,0.5591514110565186
1672,Yes,0.5349536538124084
1673,Yes,0.5265254974365234
1674,Yes,0.5304049849510193
1675,Yes,0.5816779136657715
1676,Yes,0.5295280814170837
1677,No,0.3976900577545166
1678,No,0.43644317984580994
1679,No,0.48913195729255676
1680,No,0.4702991545200348
1681,No,0.4900386333465576
1682,Yes,0.5275923609733582
1683,Yes,0.5746777057647705
1684,Yes,0.5501518249511719
1685,No,0.4649810791015625
1686,No,0.4876534640789032
1687,Yes,0.562390923500061
1688,Yes,0.5301573872566223
1689,No,0.47439470887184143
1690,No,0.49353644251823425
1691,Yes,0.586130678653717
1692,Yes,0.525964081287384
1693,Yes,0.5927668809890747
1694,Yes,0.6307811141014099
1695,Yes,0.6667561531066895
1696,Yes,0.6327370405197144
1697,No,0.4810958206653595
1698,No,0.4998810887336731
1699,Yes,0.5889045000076294
1700,Yes,0.534171462059021
1701,Yes,0.5165172815322876
1702,Yes,0.560239315032959
1703,Yes,0.592633843421936
1704,Yes,0.5563774704933167
1705,No,0.4864097833633423
1706,Yes,0.5488876700401306
1707,Yes,0.5811862945556641
1708,Yes,0.5351738929748535
1709,No,0.4907735288143158
1710,Yes,0.5229522585868835
1711,Yes,0.5585013628005981
1712,Yes,0.5369674563407898
1713,No,0.44899964332580566
1714,No,0.46693599224090576
1715,Yes,0.5129794478416443
1716,Yes,0.5085272789001465
1717,No,0.4909963011741638
1718,No,0.49976763129234314
1719,Yes,0.536971390247345
1720,Yes,0.5124267339706421
1721,No,0.4225221574306488
1722,Yes,0.5258262157440186
1723,Yes,0.5421473383903503
1724,Yes,0.5394373536109924
1725,Yes,0.5079508423805237
1726,Yes,0.5329760909080505
1727,Yes,0.5887521505355835
1728,Yes,0.5437705516815186
1729,Yes,0.5351625680923462
1730,Yes,0.5656155347824097
1731,Yes,0.6490804553031921
1732,Yes,0.6066327095031738
1733,Yes,0.549990177154541
1734,Yes,0.5510765314102173
1735,Yes,0.6312001347541809
1736,Yes,0.5708671808242798
1737,Yes,0.5636523962020874
1738,Yes,0.5873125195503235
1739,Yes,0.6711957454681396
1740,Yes,0.6229168772697449
1741,Yes,0.5694514513015747
1742,Yes,0.5421733856201172
1743,Yes,0.6000258326530457
1744,Yes,0.5544867515563965
1745,Yes,0.5464084148406982
1746,Yes,0.5700988173484802
1747,Yes,0.6318222284317017
1748,Yes,0.6007241606712341
1749,Yes,0.5874258279800415
1750,Yes,0.5649787783622742
1751,Yes,0.6465530395507812
1752,Yes,0.5894834995269775
1753,Yes,0.5253468751907349
1754,Yes,0.5251961350440979
1755,Yes,0.6340575814247131
1756,Yes,0.5916532278060913
1757,Yes,0.6204497218132019
1758,Yes,0.6095874309539795
1759,Yes,0.6761577129364014
1760,Yes,0.6249223947525024
1761,No,0.43325963616371155
1762,Yes,0.5295990705490112
1763,No,0.46317028999328613
1764,No,0.47003793716430664
1765,No,0.46283775568008423
1766,Yes,0.5189783573150635
1767,No,0.4777223467826843
1768,No,0.46143248677253723
1769,No,0.38594409823417664
1770,No,0.4533560574054718
1771,No,0.427074670791626
1772,No,0.4308292865753174
1773,No,0.43299731612205505
1774,No,0.45071035623550415
1775,No,0.4414663016796112
1776,No,0.4244860112667084
1777,No,0.4020434617996216
1778,No,0.4840901494026184
1779,No,0.4206376075744629
1780,No,0.4460192024707794
1781,No,0.4459998607635498
1782,Yes,0.5183917880058289
1783,No,0.4795553982257843
1784,No,0.46980515122413635
1785,No,0.4531143009662628
1786,Yes,0.5414620637893677
1787,No,0.5014611482620239
1788,Yes,0.5097016096115112
1789,No,0.42800167202949524
1790,No,0.4907585382461548
1791,No,0.4757305085659027
1792,No,0.48238685727119446
1793,No,0.424567848443985
1794,No,0.4980132281780243
1795,No,0.4653953015804291
1796,No,0.49663686752319336
1797,No,0.43391743302345276
1798,Yes,0.5148333311080933
1799,No,0.45214152336120605
1800,No,0.4873947203159332
1801,No,0.35273516178131104
1802,No,0.48733341693878174
1803,No,0.41424107551574707
1804,No,0.4599410593509674
1805,No,0.394668310880661
1806,No,0.48323681950569153
1807,No,0.4311346113681793
1808,No,0.46305522322654724
1809,Yes,0.512195885181427
1810,Yes,0.5256941914558411
1811,Yes,0.5092291235923767
1812,No,0.4879806637763977
1813,No,0.4193699359893799
1814,No,0.4949090778827667
1815,Yes,0.5203983187675476
1816,No,0.4771367609500885
1817,No,0.48746806383132935
1818,Yes,0.5115691423416138
1819,Yes,0.5775181651115417
1820,Yes,0.5229937434196472
1821,No,0.4924222528934479
1822,Yes,0.5157368183135986
1823,Yes,0.5337038040161133
1824,Yes,0.5184983611106873
1825,No,0.4897966980934143
1826,No,0.4989764988422394
1827,Yes,0.5083887577056885
1828,No,0.468527227640152
1829,No,0.48432984948158264
1830,No,0.5018265843391418
1831,Yes,0.530862033367157
1832,No,0.48368561267852783
1833,No,0.4943394362926483
1834,No,0.5087107419967651
1835,Yes,0.5733190774917603
1836,Yes,0.5147327780723572
1837,No,0.4538417458534241
1838,No,0.4694969952106476
1839,Yes,0.516157865524292
1840,No,0.45557504892349243
1841,No,0.32638102769851685
1842,No,0.4326176941394806
1843,No,0.44955429434776306
1844,No,0.47432756423950195
1845,No,0.4492482542991638
1846,No,0.44900572299957275
1847,Yes,0.5307950973510742
1848,Yes,0.5303168892860413
1849,No,0.3925471007823944
1850,No,0.45144984126091003
1851,No,0.5009894371032715
1852,No,0.4985862076282501
1853,Yes,0.5046601891517639
1854,Yes,0.518995463848114
1855,Yes,0.5503392219543457
1856,Yes,0.5090454816818237
1857,No,0.42855486273765564
1858,Yes,0.5044851899147034
1859,Yes,0.5378723740577698
1860,Yes,0.5224884152412415
1861,No,0.35283979773521423
1862,No,0.420466810464859
1863,No,0.43010449409484863
1864,No,0.44662758708000183
1865,No,0.4540940225124359
1866,No,0.4948093295097351
1867,No,0.4896969199180603
1868,No,0.49259477853775024
1869,No,0.46977871656417847
1870,Yes,0.5103366374969482
1871,Yes,0.539250910282135
1872,Yes,0.5292438268661499
1873,No,0.45965439081192017
1874,Yes,0.552935779094696
1875,No,0.4590383470058441
1876,No,0.4876787066459656
1877,No,0.46102073788642883
1878,Yes,0.5263625979423523
1879,No,0.4781116545200348
1880,No,0.4923509657382965
1881,No,0.38867801427841187
1882,No,0.4424741566181183
1883,No,0.4347608685493469
1884,No,0.44501569867134094
1885,No,0.3839802145957947
1886,No,0.411271870136261
1887,No,0.40917080640792847
1888,No,0.4333440661430359
1889,No,0.4956662058830261
1890,Yes,0.5453366637229919
1891,Yes,0.5079433917999268
1892,Yes,0.556083619594574
1893,No,0.4179479479789734
1894,No,0.459572970867157
1895,No,0.40875139832496643
1896,No,0.4357266128063202
1897,No,0.4443170130252838
1898,Yes,0.5122187733650208
1899,No,0.4747704565525055
1900,Yes,0.5171704888343811
1901,No,0.475653737783432
1902,Yes,0.5167707800865173
1903,No,0.48942965269088745
1904,Yes,0.5180052518844604
1905,No,0.4432149827480316
1906,No,0.4512566030025482
1907,No,0.43535181879997253
1908,No,0.432555228471756
1909,No,0.48166027665138245
1910,Yes,0.5290936231613159
1911,No,0.49682900309562683
1912,Yes,0.5189237594604492
1913,No,0.4461010992527008
1914,No,0.47459450364112854
1915,No,0.46656548976898193
1916,No,0.494159996509552
1917,No,0.4671410024166107
1918,Yes,0.5099015831947327
1919,No,0.46478956937789917
1920,No,0.49573153257369995
1921,No,0.4997825026512146
1922,Yes,0.534102737903595
1923,Yes,0.5306349396705627
1924,Yes,0.534977912902832
1925,No,0.45813658833503723
1926,Yes,0.5119578242301941
1927,No,0.4782625734806061
1928,Yes,0.5028149485588074
1929,No,0.4860309064388275
1930,Yes,0.534262478351593
1931,No,0.4792783260345459
1932,Yes,0.5140931606292725
1933,No,0.4238393008708954
1934,No,0.4882107973098755
1935,No,0.43292421102523804
1936,No,0.4600232243537903
1937,Yes,0.5151656270027161
1938,Yes,0.5117236375808716
1939,Yes,0.5106148719787598
1940,Yes,0.5194701552391052
1941,No,0.3897108733654022
1942,No,0.46648308634757996
1943,Yes,0.5113372206687927
1944,Yes,0.5421963334083557
1945,No,0.47666406631469727
1946,No,0.49015378952026367
1947,No,0.5050649046897888
1948,No,0.5046621561050415
1949,No,0.4380766451358795
1950,No,0.45081090927124023
1951,Yes,0.5265149474143982
1952,Yes,0.538558304309845
1953,No,0.370731920003891
1954,No,0.46375465393066406
1955,Yes,0.5364205837249756
1956,Yes,0.5264080762863159
1957,No,0.44466647505760193
1958,Yes,0.5085116624832153
1959,Yes,0.5330858826637268
1960,Yes,0.5521007776260376
1961,Yes,0.5145643949508667
1962,Yes,0.5249947309494019
1963,Yes,0.586714506149292
1964,Yes,0.5750921368598938
1965,No,0.4851081371307373
1966,No,0.4906163215637207
1967,Yes,0.5415226817131042
1968,Yes,0.5138739347457886
1969,No,0.49829548597335815
1970,Yes,0.5274788737297058
1971,Yes,0.5645002126693726
1972,Yes,0.5465196967124939
1973,Yes,0.5088691115379333
1974,No,0.49803030490875244
1975,Yes,0.5373933911323547
1976,Yes,0.5258021354675293
1977,No,0.45144957304000854
1978,No,0.47534677386283875
1979,No,0.499939888715744
1980,No,0.48078134655952454
1981,Yes,0.5507360696792603
1982,Yes,0.5654300451278687
1983,Yes,0.5704573392868042
1984,Yes,0.560662567615509
1985,Yes,0.5082635879516602
1986,Yes,0.5282538533210754
1987,Yes,0.5546742081642151
1988,Yes,0.5419124364852905
1989,Yes,0.5582154393196106
1990,Yes,0.5521680116653442
1991,Yes,0.5687549114227295
1992,Yes,0.5332316160202026
1993,Yes,0.5735799670219421
1994,Yes,0.5767208337783813
1995,Yes,0.5978377461433411
1996,Yes,0.5782493352890015
1997,Yes,0.5616869330406189
1998,Yes,0.5862137079238892
1999,Yes,0.5721971988677979
2000,Yes,0.5427074432373047
2001,No,0.44624942541122437
2002,No,0.4619312584400177
2003,Yes,0.5438566207885742
2004,Yes,0.5257897973060608
2005,Yes,0.5522121787071228
2006,Yes,0.6199237108230591
2007,Yes,0.5521515011787415
2008,Yes,0.5271198153495789
2009,Yes,0.5025275945663452
2010,Yes,0.5104132890701294
2011,Yes,0.5533095002174377
2012,Yes,0.5154300928115845
2013,Yes,0.5576155781745911
2014,Yes,0.5530840158462524
2015,Yes,0.5730469226837158
2016,Yes,0.5618786215782166
2017,Yes,0.5440845489501953
2018,No,0.47204914689064026
2019,Yes,0.620076060295105
2020,No,0.46479251980781555
2021,No,0.44785523414611816
2022,No,0.43305453658103943
2023,Yes,0.5384523868560791
2024,No,0.4179143011569977
2025,Yes,0.5389612317085266
2026,No,0.47011807560920715
2027,Yes,0.6473914384841919
2028,Yes,0.5096256136894226
2029,Yes,0.5278875827789307
2030,No,0.48532208800315857
2031,Yes,0.605661928653717
2032,No,0.496219664812088
2033,Yes,0.5838998556137085
2034,Yes,0.5056648850440979
2035,Yes,0.6744406819343567
2036,No,0.4947703778743744
2037,Yes,0.5205315947532654
2038,No,0.48183900117874146
2039,Yes,0.6308648586273193
2040,No,0.46941447257995605
2041,Yes,0.5304733514785767
2042,No,0.5007460117340088
2043,Yes,0.5891368985176086
2044,No,0.4870191216468811
2045,Yes,0.5407260060310364
2046,No,0.49563586711883545
2047,Yes,0.579568088054657
2048,No,0.47516635060310364
2049,Yes,0.5274657607078552
2050,No,0.45235002040863037
2051,Yes,0.6312094926834106
2052,No,0.4765051007270813
2053,Yes,0.5445722341537476
2054,No,0.48202836513519287
2055,Yes,0.6383760571479797
2056,No,0.4610251188278198
2057,Yes,0.5925912857055664
2058,Yes,0.5250549912452698
2059,Yes,0.6583113670349121
2060,Yes,0.5214270353317261
2061,Yes,0.5915683507919312
2062,No,0.5014844536781311
2063,Yes,0.6232677698135376
2064,No,0.4903922975063324
2065,Yes,0.5271183848381042
2066,Yes,0.5282533168792725
2067,Yes,0.6011807918548584
2068,Yes,0.5167955756187439
2069,Yes,0.5253593921661377
2070,Yes,0.5077674984931946
2071,Yes,0.6316825151443481
2072,Yes,0.5090831518173218
2073,Yes,0.5947169661521912
2074,Yes,0.5571168065071106
2075,Yes,0.7251348495483398
2076,Yes,0.5766473412513733
2077,Yes,0.5304733514785767
2078,No,0.5007460117340088
2079,Yes,0.5891368985176086
2080,No,0.4870191216468811
2081,No,0.48827141523361206
2082,Yes,0.5261078476905823
2083,Yes,0.5239953398704529
2084,Yes,0.5360358953475952
2085,Yes,0.5292612314224243
2086,Yes,0.5516749620437622
2087,Yes,0.5870200395584106
2088,Yes,0.5721886157989502
2089,Yes,0.5177603960037231
2090,Yes,0.5497840046882629
2091,Yes,0.56498122215271
2092,Yes,0.5692258477210999
2093,Yes,0.5322945713996887
2094,Yes,0.5516821146011353
2095,Yes,0.6165826320648193
2096,Yes,0.5854271054267883
2097,No,0.45089223980903625
2098,No,0.4984602928161621
2099,Yes,0.5357832312583923
2100,No,0.48165377974510193
2101,No,0.42408058047294617
2102,Yes,0.5111932754516602
2103,Yes,0.5223388671875
2104,No,0.4882274568080902
2105,No,0.4695297181606293
2106,No,0.4935242235660553
2107,No,0.4738785922527313
2108,No,0.44639870524406433
2109,No,0.4200252592563629
2110,Yes,0.5071215629577637
2111,No,0.48156747221946716
2112,No,0.4763416051864624
2113,No,0.4356485605239868
2114,No,0.466899037361145
2115,No,0.4448111951351166
2116,No,0.4349142909049988
2117,No,0.44978660345077515
2118,No,0.4880472421646118
2119,Yes,0.505355954170227
2120,No,0.4969438314437866
2121,No,0.4521407186985016
2122,No,0.5011841058731079
2123,Yes,0.5317526459693909
2124,No,0.48515111207962036
2125,No,0.4745334982872009
2126,Yes,0.5043933987617493
2127,No,0.4672611951828003
2128,No,0.46107637882232666
2129,No,0.44094035029411316
2130,No,0.493937611579895
2131,Yes,0.514402449131012
2132,No,0.49675363302230835
2133,No,0.46782544255256653
2134,Yes,0.5128625631332397
2135,Yes,0.5205888748168945
2136,No,0.4991307556629181
2137,No,0.4620736837387085
2138,Yes,0.5128445625305176
2139,No,0.49298667907714844
2140,No,0.47114792466163635
2141,No,0.4710886478424072
2142,Yes,0.5106962323188782
2143,Yes,0.5370423793792725
2144,No,0.49893438816070557
2145,No,0.46321699023246765
2146,Yes,0.5380979180335999
2147,Yes,0.5311547517776489
2148,Yes,0.5507365465164185
2149,No,0.5013787746429443
2150,Yes,0.5778466463088989
2151,Yes,0.5651232600212097
2152,Yes,0.568173348903656
2153,No,0.49287691712379456
2154,Yes,0.5625851154327393
2155,Yes,0.519055187702179
2156,Yes,0.527850866317749
2157,No,0.4346385896205902
2158,Yes,0.527493417263031
2159,Yes,0.5254879593849182
2160,Yes,0.5108663439750671
2161,No,0.45943474769592285
2162,Yes,0.5219793915748596
2163,Yes,0.5067980289459229
2164,Yes,0.508926510810852
2165,Yes,0.5139780044555664
2166,Yes,0.5886043310165405
2167,Yes,0.5853180289268494
2168,Yes,0.593508780002594
2169,No,0.4905223846435547
2170,Yes,0.5474957227706909
2171,Yes,0.5079247355461121
2172,No,0.5018502473831177
2173,No,0.47986099123954773
2174,Yes,0.5623621940612793
2175,Yes,0.5591439604759216
2176,Yes,0.5638114809989929
2177,No,0.427799254655838
2178,No,0.4197949171066284
2179,No,0.44644880294799805
2180,No,0.4340665638446808
2181,No,0.38324272632598877
2182,No,0.4306052327156067
2183,No,0.4336465001106262
2184,No,0.42658257484436035
2185,No,0.4543209373950958
2186,No,0.47185564041137695
2187,No,0.4818163812160492
2188,No,0.4516356289386749
2189,No,0.44470590353012085
2190,No,0.4502008557319641
2191,No,0.48195362091064453
2192,No,0.4436802268028259
2193,No,0.4698025584220886
2194,No,0.44972413778305054
2195,Yes,0.5375770330429077
2196,No,0.49003100395202637
2197,Yes,0.6061856746673584
2198,Yes,0.544222891330719
2199,Yes,0.6523215174674988
2200,Yes,0.6225365996360779
2201,Yes,0.5379533767700195
2202,No,0.4840981364250183
2203,Yes,0.5824755430221558
2204,Yes,0.5439465641975403
2205,Yes,0.5844711065292358
2206,Yes,0.548032820224762
2207,Yes,0.6106261014938354
2208,Yes,0.580164909362793
2209,Yes,0.5367130637168884
2210,Yes,0.6260268092155457
2211,Yes,0.5387278199195862
2212,Yes,0.6394482851028442
2213,No,0.4878023862838745
2214,Yes,0.5766770243644714
2215,No,0.4799284338951111
2216,Yes,0.5786871314048767
2217,No,0.47235727310180664
2218,Yes,0.5385051369667053
2219,No,0.48085200786590576
2220,Yes,0.5734968185424805
2221,No,0.4958513677120209
2222,Yes,0.5060468316078186
2223,No,0.4605042040348053
2224,Yes,0.5522639751434326
2225,Yes,0.5170787572860718
2226,No,0.4919351637363434
2227,Yes,0.5585687756538391
2228,Yes,0.5073105692863464
2229,No,0.45772403478622437
2230,No,0.42707523703575134
2231,Yes,0.5212305188179016
2232,No,0.46758297085762024
2233,No,0.4896940290927887
2234,No,0.42259907722473145
2235,Yes,0.557838499546051
2236,No,0.4888872802257538
2237,No,0.46858325600624084
2238,No,0.43654724955558777
2239,Yes,0.5229772329330444
2240,No,0.4631552994251251
2241,Yes,0.5081300735473633
2242,Yes,0.5801429748535156
2243,No,0.5000970363616943
2244,Yes,0.5301294922828674
2245,No,0.452157199382782
2246,Yes,0.5310229659080505
2247,No,0.4538104236125946
2248,No,0.5052036046981812
2249,No,0.47832295298576355
2250,Yes,0.5131804347038269
2251,No,0.4770705997943878
2252,No,0.48182162642478943
2253,No,0.3805498480796814
2254,No,0.4487825334072113
2255,No,0.41317155957221985
2256,No,0.4525156021118164
2257,No,0.404926061630249
2258,Yes,0.5089123845100403
2259,No,0.46877387166023254
2260,No,0.4866982102394104
2261,No,0.4198419153690338
2262,No,0.48774978518486023
2263,No,0.4314357340335846
2264,No,0.4817087948322296
2265,No,0.4244002401828766
2266,No,0.48412349820137024
2267,No,0.4437010586261749
2268,No,0.48057112097740173
2269,No,0.4041121006011963
2270,No,0.4750123918056488
2271,No,0.42284464836120605
2272,No,0.4641953706741333
2273,No,0.47901681065559387
2274,No,0.4722871482372284
2275,Yes,0.5240377187728882
2276,Yes,0.5183475613594055
2277,No,0.4942325949668884
2278,Yes,0.5364795923233032
2279,Yes,0.5791603326797485
2280,Yes,0.5451779365539551
2281,No,0.4605945944786072
2282,No,0.4958133101463318
2283,Yes,0.5384829640388489
2284,Yes,0.5346307754516602
2285,No,0.445564866065979
2286,Yes,0.518540620803833
2287,Yes,0.5592979192733765
2288,Yes,0.5512644648551941
2289,No,0.38686037063598633
2290,No,0.4435984790325165
2291,No,0.4178727865219116
2292,No,0.4321724474430084
2293,No,0.41676950454711914
2294,No,0.43147721886634827
2295,No,0.5023693442344666
2296,No,0.46779242157936096
2297,No,0.3614012897014618
2298,No,0.4123237431049347
2299,No,0.4110121726989746
2300,No,0.41803237795829773
2301,No,0.4282282292842865
2302,No,0.449491411447525
2303,No,0.4348352253437042
2304,No,0.42421478033065796
2305,No,0.463986337184906
2306,No,0.4919017553329468
2307,Yes,0.5285375714302063
2308,No,0.5039888024330139
2309,No,0.5021270513534546
2310,No,0.48404449224472046
2311,Yes,0.5231822729110718
2312,No,0.493543803691864
2313,No,0.38944634795188904
2314,No,0.4181239902973175
2315,No,0.44434866309165955
2316,No,0.45729246735572815
2317,No,0.41453295946121216
2318,No,0.41728711128234863
2319,No,0.4334314167499542
2320,No,0.43004921078681946
2321,No,0.4126704931259155
2322,No,0.4893280863761902
2323,No,0.4901996850967407
2324,No,0.4906635880470276
2325,No,0.33332180976867676
2326,No,0.4224476218223572
2327,No,0.46203410625457764
2328,No,0.4369850754737854
2329,No,0.46862804889678955
2330,No,0.46881330013275146
2331,No,0.475470632314682
2332,No,0.4652903079986572
2333,No,0.3881751000881195
2334,No,0.4712177813053131
2335,No,0.48111429810523987
2336,No,0.49069392681121826
2337,No,0.3653962314128876
2338,No,0.42836877703666687
2339,No,0.39989936351776123
2340,No,0.4198320209980011
2341,No,0.3999367654323578
2342,No,0.42388811707496643
2343,No,0.4547500014305115
2344,No,0.4537022113800049
2345,No,0.4644545316696167
2346,No,0.5001051425933838
2347,Yes,0.5285349488258362
2348,Yes,0.5197761654853821
2349,No,0.3977217674255371
2350,No,0.4295809268951416
2351,No,0.4770289957523346
2352,No,0.4680100083351135
2353,No,0.4369179308414459
2354,Yes,0.5153294205665588
2355,No,0.5035223364830017
2356,Yes,0.5274500846862793
2357,No,0.4152330458164215
2358,No,0.49299970269203186
2359,No,0.44635483622550964
2360,No,0.5008209943771362
2361,No,0.44632282853126526
2362,No,0.4911782741546631
2363,No,0.4588797092437744
2364,No,0.49239540100097656
2365,No,0.3920736014842987
2366,No,0.48455673456192017
2367,No,0.42770445346832275
2368,No,0.47265514731407166
2369,No,0.38342076539993286
2370,No,0.4404184818267822
2371,No,0.39301377534866333
2372,No,0.43633919954299927
2373,No,0.4216277003288269
2374,No,0.4541623592376709
2375,No,0.4527927041053772
2376,No,0.4816356301307678
2377,No,0.43444252014160156
2378,Yes,0.5191072225570679
2379,No,0.4530223608016968
2380,Yes,0.5142901539802551
2381,No,0.46003249287605286
2382,Yes,0.5075439810752869
2383,No,0.46340522170066833
2384,No,0.49685564637184143
2385,No,0.39433854818344116
2386,No,0.45185908675193787
2387,No,0.4154438376426697
2388,No,0.46802982687950134
2389,No,0.4190845787525177
2390,No,0.48544877767562866
2391,No,0.45902499556541443
2392,No,0.506058394908905
2393,No,0.37829670310020447
2394,No,0.433661550283432
2395,No,0.4346308410167694
2396,No,0.4509088397026062
2397,No,0.4945087432861328
2398,Yes,0.5352501273155212
2399,Yes,0.5201535224914551
2400,Yes,0.5517707467079163
2401,No,0.4322088062763214
2402,No,0.4571017622947693
2403,No,0.48486676812171936
2404,No,0.44986921548843384
2405,No,0.4811435639858246
2406,No,0.5036893486976624
2407,Yes,0.5534826517105103
2408,No,0.5042754411697388
2409,Yes,0.5462892055511475
2410,Yes,0.5194800496101379
2411,Yes,0.577793300151825
2412,Yes,0.5340486764907837
2413,No,0.4674834609031677
2414,Yes,0.5268088579177856
2415,Yes,0.5511582493782043
2416,Yes,0.5134329199790955
2417,No,0.48917150497436523
2418,No,0.4962458610534668
2419,No,0.4999070465564728
2420,No,0.4742681086063385
2421,No,0.46711164712905884
2422,No,0.4682644009590149
2423,No,0.45342817902565
2424,No,0.4443242847919464
2425,No,0.43950167298316956
2426,No,0.4655955731868744
2427,No,0.440460205078125
2428,No,0.43114033341407776
2429,No,0.40772169828414917
2430,No,0.44582921266555786
2431,No,0.425548791885376
2432,No,0.4246102571487427
2433,No,0.43337470293045044
2434,No,0.45217254757881165
2435,No,0.4555923044681549
2436,No,0.4394967257976532
2437,No,0.4309762418270111
2438,No,0.48473185300827026
2439,No,0.47374939918518066
2440,No,0.4678167402744293
2441,No,0.4684198498725891
2442,No,0.48930615186691284
2443,No,0.4681290090084076
2444,No,0.45607641339302063
2445,No,0.43970945477485657
2446,No,0.4464452862739563
2447,No,0.45654207468032837
2448,No,0.4375928044319153
2449,No,0.4885310232639313
2450,Yes,0.5293629765510559
2451,Yes,0.5685585141181946
2452,Yes,0.5412383079528809
2453,Yes,0.5103620290756226
2454,Yes,0.5140853524208069
2455,Yes,0.5487315654754639
2456,Yes,0.5311951637268066
2457,No,0.48184308409690857
2458,Yes,0.5212819576263428
2459,Yes,0.557475745677948
2460,Yes,0.5317140817642212
2461,No,0.5043097138404846
2462,Yes,0.5433154106140137
2463,Yes,0.5500624179840088
2464,Yes,0.5366964340209961
2465,No,0.4511969983577728
2466,No,0.4534822404384613
2467,No,0.44883519411087036
2468,No,0.4412403404712677
2469,No,0.42829445004463196
2470,No,0.46463990211486816
2471,No,0.46896234154701233
2472,No,0.45494335889816284
2473,No,0.4447011947631836
2474,Yes,0.5124608278274536
2475,No,0.48764654994010925
2476,No,0.48917174339294434
2477,No,0.48403671383857727
2478,No,0.4899454116821289
2479,No,0.4927227795124054
2480,No,0.48259830474853516
2481,No,0.4503355622291565
2482,No,0.4955413341522217
2483,No,0.468712717294693
2484,No,0.47938665747642517
2485,No,0.4047302007675171
2486,No,0.4591372013092041
2487,No,0.457057923078537
2488,No,0.44719982147216797
2489,No,0.4635029733181
2490,No,0.488210529088974
2491,No,0.4871763586997986
2492,No,0.46323269605636597
2493,No,0.45563822984695435
2494,Yes,0.5017647743225098
2495,No,0.4865923523902893
2496,No,0.48177623748779297
2497,No,0.4370095133781433
2498,No,0.4565128684043884
2499,No,0.45612233877182007
2500,No,0.4400636553764343
2501,No,0.45880749821662903
2502,No,0.47789162397384644
2503,No,0.4897167682647705
2504,No,0.4674747884273529
2505,No,0.4158710241317749
2506,No,0.47149327397346497
2507,No,0.46188536286354065
2508,No,0.4528619945049286
2509,No,0.40259984135627747
2510,No,0.4495640993118286
2511,No,0.4462418854236603
2512,No,0.4435955286026001
2513,No,0.3711143136024475
2514,No,0.3712679445743561
2515,No,0.36392876505851746
2516,No,0.3990634083747864
2517,No,0.4209320545196533
2518,Yes,0.5139067769050598
2519,No,0.40707141160964966
2520,No,0.40757980942726135
2521,No,0.41165420413017273
2522,No,0.44518929719924927
2523,No,0.45154768228530884
2524,No,0.4805452823638916
2525,No,0.4024927020072937
2526,No,0.3998233675956726
2527,No,0.38687267899513245
2528,No,0.39970386028289795
2529,No,0.3399033844470978
2530,No,0.4005301296710968
2531,No,0.344114750623703
2532,No,0.3670470416545868
2533,No,0.48043131828308105
2534,No,0.48207181692123413
2535,No,0.4525677561759949
2536,No,0.4547993242740631
2537,No,0.41690245270729065
2538,No,0.4422788619995117
2539,No,0.43996530771255493
2540,No,0.49265897274017334
2541,No,0.4147655665874481
2542,No,0.4372577667236328
2543,No,0.41401973366737366
2544,No,0.45063215494155884
2545,No,0.447492390871048
2546,No,0.4807995557785034
2547,No,0.4891931712627411
2548,No,0.47592514753341675
2549,Yes,0.5328493714332581
2550,Yes,0.5427541136741638
2551,Yes,0.57246333360672
2552,Yes,0.5434857606887817
2553,No,0.4325892925262451
2554,No,0.4964824616909027
2555,No,0.49867692589759827
2556,No,0.4871869385242462
2557,Yes,0.5330768823623657
2558,Yes,0.5368160605430603
2559,Yes,0.557906448841095
2560,Yes,0.5332151055335999
2561,No,0.44993650913238525
2562,No,0.48769083619117737
2563,Yes,0.5084031224250793
2564,No,0.48875340819358826
2565,Yes,0.5542305111885071
2566,Yes,0.6031427979469299
2567,Yes,0.5955773591995239
2568,Yes,0.582477867603302
2569,No,0.4643633961677551
2570,No,0.47546079754829407
2571,No,0.48815569281578064
2572,No,0.46969369053840637
2573,No,0.48278459906578064
2574,Yes,0.5472072958946228
2575,Yes,0.5523902773857117
2576,Yes,0.5376432538032532
2577,No,0.46417877078056335
2578,No,0.4961947202682495
2579,No,0.49867117404937744
2580,Yes,0.5178951621055603
2581,No,0.461564838886261
2582,Yes,0.5300025939941406
2583,Yes,0.5363844633102417
2584,Yes,0.547181248664856
2585,No,0.47057926654815674
2586,Yes,0.5136839151382446
2587,Yes,0.5292981266975403
2588,Yes,0.541128933429718
2589,No,0.4863823354244232
2590,No,0.5019834637641907
2591,Yes,0.5680673718452454
2592,Yes,0.5553814172744751
2593,Yes,0.5593681931495667
2594,Yes,0.5419516563415527
2595,Yes,0.5973914265632629
2596,Yes,0.5991736650466919
2597,Yes,0.5726727843284607
2598,Yes,0.5984567403793335
2599,Yes,0.642240583896637
2600,Yes,0.62434983253479
2601,Yes,0.552219033241272
2602,Yes,0.559719443321228
2603,Yes,0.605960488319397
2604,Yes,0.5930393934249878
2605,No,0.49624359607696533
2606,Yes,0.5315524935722351
2607,Yes,0.6031959652900696
2608,Yes,0.5914636254310608
2609,Yes,0.5306667685508728
2610,Yes,0.5557187795639038
2611,Yes,0.6068956851959229
2612,Yes,0.5936452150344849
2613,Yes,0.5916886925697327
2614,Yes,0.5782623291015625
2615,Yes,0.643027126789093
2616,Yes,0.6069568395614624
2617,Yes,0.5064362287521362
2618,Yes,0.5598922967910767
2619,Yes,0.6265570521354675
2620,Yes,0.6025732159614563
2621,Yes,0.564918041229248
2622,Yes,0.5597097873687744
2623,Yes,0.5925015211105347
2624,Yes,0.5730867981910706
2625,No,0.48511460423469543
2626,Yes,0.5235506296157837
2627,Yes,0.5465800166130066
2628,Yes,0.5368700623512268
2629,Yes,0.523429811000824
2630,Yes,0.5381875038146973
2631,Yes,0.5727819800376892
2632,Yes,0.5554976463317871
2633,No,0.48011815547943115
2634,No,0.4872395992279053
2635,Yes,0.5547026991844177
2636,Yes,0.5339826941490173
2637,Yes,0.5162898302078247
2638,Yes,0.5646051168441772
2639,Yes,0.5751826167106628
2640,Yes,0.5706386566162109
2641,No,0.4598051607608795
2642,No,0.49569523334503174
2643,Yes,0.5094485282897949
2644,Yes,0.5081379413604736
2645,Yes,0.5217667818069458
2646,Yes,0.5612228512763977
2647,Yes,0.5716949701309204
2648,Yes,0.563194990158081
2649,No,0.48323825001716614
2650,No,0.49676939845085144
2651,Yes,0.5589743256568909
2652,Yes,0.5396347045898438
2653,No,0.49325957894325256
2654,Yes,0.5212662220001221
2655,Yes,0.5446540117263794
2656,Yes,0.5321525931358337
2657,No,0.42209407687187195
2658,No,0.49128639698028564
2659,Yes,0.5511202216148376
2660,Yes,0.522034227848053
2661,No,0.458852082490921
2662,No,0.47874218225479126
2663,Yes,0.5466886758804321
2664,Yes,0.5102841854095459
2665,Yes,0.5090362429618835
2666,Yes,0.5275819301605225
2667,Yes,0.5676664710044861
2668,Yes,0.5482034683227539
2669,No,0.46392855048179626
2670,No,0.4762328267097473
2671,Yes,0.5297331809997559
2672,Yes,0.5080934762954712
2673,No,0.458852082490921
2674,No,0.47874218225479126
2675,Yes,0.5466886758804321
2676,Yes,0.5102841854095459
2677,Yes,0.52181077003479
2678,Yes,0.5224851369857788
2679,Yes,0.5746986269950867
2680,Yes,0.5481876134872437
2681,No,0.4685894846916199
2682,Yes,0.5151928067207336
2683,Yes,0.5211200714111328
2684,Yes,0.5036142468452454
2685,Yes,0.534050464630127
2686,Yes,0.5111591815948486
2687,Yes,0.5659146904945374
2688,Yes,0.5386247038841248
2689,No,0.48317110538482666
2690,No,0.5024480223655701
2691,Yes,0.5466299653053284
2692,Yes,0.5230130553245544
2693,No,0.503270149230957
2694,Yes,0.5081188082695007
2695,Yes,0.5522906184196472
2696,Yes,0.5327884554862976
2697,No,0.4711815416812897
2698,Yes,0.5114502310752869
2699,Yes,0.549560546875
2700,Yes,0.5263700485229492
2701,Yes,0.5443460941314697
2702,Yes,0.5571977496147156
2703,Yes,0.6186516880989075
2704,Yes,0.5972849726676941
2705,No,0.4922358989715576
2706,Yes,0.5097520351409912
2707,Yes,0.5108877420425415
2708,No,0.5012454986572266
2709,No,0.47904226183891296
2710,No,0.48342210054397583
2711,Yes,0.5279262065887451
2712,Yes,0.5095146298408508
2713,No,0.45141202211380005
2714,No,0.48686814308166504
2715,No,0.4567362368106842
2716,No,0.4541114568710327
2717,No,0.46101924777030945
2718,No,0.46773195266723633
2719,Yes,0.5062021017074585
2720,No,0.47770988941192627
2721,No,0.389287531375885
2722,No,0.4401632249355316
2723,No,0.44516095519065857
2724,No,0.43541786074638367
2725,No,0.38160476088523865
2726,No,0.38827943801879883
2727,No,0.4119076728820801
2728,No,0.42444950342178345
2729,No,0.4886666536331177
2730,Yes,0.5040178894996643
2731,Yes,0.5128335952758789
2732,No,0.502536416053772
2733,No,0.4085511863231659
2734,No,0.4930380582809448
2735,No,0.5025694966316223
2736,No,0.48244768381118774
2737,No,0.4433838725090027
2738,No,0.45917731523513794
2739,No,0.502937376499176
2740,Yes,0.5056900978088379
2741,No,0.4168546497821808
2742,No,0.42973291873931885
2743,No,0.438199907541275
2744,No,0.43936973810195923
2745,No,0.3986578583717346
2746,No,0.46852150559425354
2747,No,0.4270186126232147
2748,No,0.4469611644744873
2749,No,0.4029082655906677
2750,No,0.4582589566707611
2751,No,0.46360886096954346
2752,No,0.4674820601940155
2753,No,0.39423248171806335
2754,No,0.46925684809684753
2755,No,0.4188544750213623
2756,No,0.44029930233955383
2757,No,0.4483319818973541
2758,Yes,0.5219568610191345
2759,No,0.45247963070869446
2760,No,0.4453236162662506
2761,No,0.38928481936454773
2762,No,0.4401628375053406
2763,No,0.4451582133769989
2764,No,0.4354146420955658
2765,No,0.4705897569656372
2766,Yes,0.5265568494796753
2767,Yes,0.5152186751365662
2768,No,0.5022559762001038
2769,No,0.4544565677642822
2770,No,0.4899049699306488
2771,No,0.495182603597641
2772,No,0.4597450792789459
2773,No,0.4015841782093048
2774,No,0.46680405735969543
2775,No,0.4414283037185669
2776,No,0.45599687099456787
2777,No,0.3899661898612976
2778,No,0.4416399300098419
2779,No,0.4560866355895996
2780,No,0.4500548839569092
2781,No,0.3645590841770172
2782,No,0.4197309613227844
2783,No,0.4108785390853882
2784,No,0.4089418351650238
2785,No,0.44475701451301575
2786,Yes,0.5252913236618042
2787,Yes,0.5562946796417236
2788,Yes,0.5280694365501404
2789,No,0.4356423318386078
2790,Yes,0.5050737857818604
2791,No,0.4965565502643585
2792,No,0.501521646976471
2793,Yes,0.5052556395530701
2794,Yes,0.5253262519836426
2795,Yes,0.5692822933197021
2796,Yes,0.5391396880149841
2797,Yes,0.544988751411438
2798,Yes,0.5573858022689819
2799,Yes,0.5541397333145142
2800,Yes,0.549958348274231
2801,No,0.46686047315597534
2802,No,0.49042588472366333
2803,No,0.4640505611896515
2804,No,0.47076505422592163
2805,No,0.3298860490322113
2806,No,0.4110877513885498
2807,No,0.3991182744503021
2808,No,0.4289034605026245
2809,No,0.39696642756462097
2810,No,0.45852530002593994
2811,No,0.4357060492038727
2812,No,0.44511234760284424
2813,No,0.4300936460494995
2814,Yes,0.5278787612915039
2815,No,0.4718814492225647
2816,No,0.4916342794895172
2817,No,0.400437593460083
2818,No,0.484075665473938
2819,No,0.45428141951560974
2820,No,0.48128992319107056
2821,No,0.4362291693687439
2822,No,0.4931856095790863
2823,No,0.5051966905593872
2824,Yes,0.5200348496437073
2825,No,0.4432598054409027
2826,No,0.47007957100868225
2827,No,0.46310552954673767
2828,No,0.4669862389564514
2829,No,0.4246632158756256
2830,No,0.44211843609809875
2831,No,0.4374905228614807
2832,No,0.43986257910728455
2833,No,0.47721487283706665
2834,No,0.49048927426338196
2835,No,0.49328553676605225
2836,No,0.45924001932144165
2837,No,0.46435439586639404
2838,No,0.4787594974040985
2839,No,0.46723613142967224
2840,No,0.44653359055519104
2841,No,0.4670411944389343
2842,Yes,0.5142930150032043
2843,No,0.48563650250434875
2844,No,0.46250760555267334
2845,No,0.49764227867126465
2846,Yes,0.5338121652603149
2847,No,0.5046886205673218
2848,No,0.46017152070999146
2849,No,0.5030839443206787
2850,No,0.45942211151123047
2851,Yes,0.509843647480011
2852,No,0.4783836901187897
2853,No,0.46691465377807617
2854,Yes,0.5156684517860413
2855,No,0.48736798763275146
2856,No,0.4664902091026306
2857,No,0.47476229071617126
2858,No,0.4778042435646057
2859,No,0.46599674224853516
2860,No,0.4538169503211975
2861,Yes,0.5302299857139587
2862,Yes,0.5296204686164856
2863,Yes,0.5298555493354797
2864,No,0.48796355724334717
2865,No,0.4872421324253082
2866,No,0.4589671492576599
2867,No,0.4851396679878235
2868,No,0.42207854986190796
2869,No,0.4645863175392151
2870,No,0.48946428298950195
2871,No,0.48286986351013184
2872,No,0.4565889537334442
2873,Yes,0.563583493232727
2874,Yes,0.5595391988754272
2875,Yes,0.5597040057182312
2876,Yes,0.5240800380706787
2877,Yes,0.5473560094833374
2878,Yes,0.5623008012771606
2879,Yes,0.5216317176818848
2880,No,0.48372361063957214
2881,No,0.408629447221756
2882,Yes,0.5288563966751099
2883,No,0.47487425804138184
2884,Yes,0.5259047746658325
2885,No,0.447490394115448
2886,Yes,0.5381426215171814
2887,No,0.5022969245910645
2888,Yes,0.552427351474762
2889,No,0.4117242395877838
2890,No,0.4841945469379425
2891,No,0.433036744594574
2892,No,0.4745115637779236
2893,No,0.4476666748523712
2894,Yes,0.577558159828186
2895,No,0.44540277123451233
2896,No,0.47499772906303406
2897,No,0.3740435838699341
2898,No,0.4845728278160095
2899,No,0.4440060555934906
2900,No,0.4994613826274872
2901,No,0.4012007415294647
2902,No,0.460618793964386
2903,No,0.41584619879722595
2904,No,0.4517926573753357
2905,No,0.34799155592918396
2906,No,0.4485316872596741
2907,No,0.4153987467288971
2908,No,0.4649289846420288
2909,No,0.37436380982398987
2910,No,0.4712262749671936
2911,No,0.4283195734024048
2912,No,0.47111594676971436
2913,No,0.37056827545166016
2914,No,0.49957889318466187
2915,No,0.44344255328178406
2916,Yes,0.5072115063667297
2917,No,0.4242616891860962
2918,Yes,0.5154964327812195
2919,No,0.4874630868434906
2920,Yes,0.549996554851532
2921,No,0.3382323086261749
2922,No,0.4830991327762604
2923,No,0.4165444076061249
2924,Yes,0.517196536064148
2925,No,0.4541475772857666
2926,Yes,0.5670313835144043
2927,No,0.4829867482185364
2928,Yes,0.5686121582984924
2929,No,0.484041303396225
2930,Yes,0.5734025239944458
2931,No,0.488677054643631
2932,Yes,0.5770736932754517
2933,No,0.4220312237739563
2934,Yes,0.5423126816749573
2935,No,0.4487472176551819
2936,Yes,0.5472138524055481
2937,No,0.4141896963119507
2938,No,0.4876647889614105
2939,No,0.3881651759147644
2940,No,0.4975985288619995
2941,No,0.4132428765296936
2942,Yes,0.5598804950714111
2943,No,0.44073712825775146
2944,Yes,0.532024085521698
2945,No,0.4099547266960144
2946,Yes,0.5185651779174805
2947,No,0.45883989334106445
2948,No,0.487905353307724
2949,No,0.45007798075675964
2950,Yes,0.5325406789779663
2951,No,0.4550855755805969
2952,No,0.49666938185691833
2953,No,0.45164623856544495
2954,Yes,0.5305451154708862
2955,No,0.45919108390808105
2956,No,0.4854835569858551
2957,No,0.4675556719303131
2958,Yes,0.5323023200035095
2959,No,0.48672401905059814
2960,Yes,0.5149884223937988
2961,No,0.4345390498638153
2962,Yes,0.5284851789474487
2963,No,0.46434542536735535
2964,No,0.5041607618331909
2965,No,0.4240204691886902
2966,No,0.48816558718681335
2967,No,0.46158188581466675
2968,No,0.4884943664073944
2969,No,0.40782418847084045
2970,No,0.47679564356803894
2971,No,0.45741114020347595
2972,No,0.47729334235191345
2973,No,0.4210507273674011
2974,Yes,0.5264267325401306
2975,No,0.4680631160736084
2976,Yes,0.5053799152374268
2977,No,0.43775081634521484
2978,No,0.4855724275112152
2979,Yes,0.5070356726646423
2980,Yes,0.5163954496383667
2981,No,0.4702286124229431
2982,No,0.4985620081424713
2983,Yes,0.5193703174591064
2984,Yes,0.5117909908294678
2985,No,0.5008783936500549
2986,Yes,0.5243169665336609
2987,Yes,0.5354955792427063
2988,Yes,0.5654431581497192
2989,No,0.42189955711364746
2990,No,0.46787482500076294
2991,No,0.48518627882003784
2992,No,0.4979388415813446
2993,Yes,0.5086221098899841
2994,Yes,0.5693871974945068
2995,Yes,0.5623173713684082
2996,Yes,0.5977142453193665
2997,No,0.4247801899909973
2998,No,0.4953623116016388
2999,No,0.48254263401031494
3000,No,0.49646902084350586
3001,No,0.42037469148635864
3002,No,0.46627873182296753
3003,No,0.47714313864707947
3004,No,0.48960456252098083
3005,No,0.4596231281757355
3006,No,0.47416165471076965
3007,No,0.4764692783355713
3008,No,0.4726424217224121
3009,No,0.46651002764701843
3010,Yes,0.5033655762672424
3011,No,0.5016371011734009
3012,Yes,0.5135979652404785
3013,No,0.4109722375869751
3014,No,0.43022578954696655
3015,No,0.45714709162712097
3016,No,0.4641468822956085
3017,No,0.45551061630249023
3018,Yes,0.5055922865867615
3019,No,0.4907814860343933
3020,Yes,0.5072891712188721
3021,No,0.4666168987751007
3022,No,0.4681466519832611
3023,No,0.49270209670066833
3024,Yes,0.5095852613449097
3025,No,0.4964231252670288
3026,Yes,0.5367167592048645
3027,Yes,0.5535455346107483
3028,Yes,0.5643238425254822
3029,No,0.4783409833908081
3030,Yes,0.5215938091278076
3031,Yes,0.5394719243049622
3032,Yes,0.5340157151222229
3033,Yes,0.5065745711326599
3034,Yes,0.5366793274879456
3035,Yes,0.5373591780662537
3036,Yes,0.5278623104095459
3037,Yes,0.5328233242034912
3038,Yes,0.5681652426719666
3039,Yes,0.569247305393219
3040,Yes,0.5974650979042053
3041,No,0.3726292550563812
3042,No,0.47743332386016846
3043,No,0.41098812222480774
3044,No,0.44657057523727417
3045,No,0.40725213289260864
3046,No,0.4801521599292755
3047,No,0.44384267926216125
3048,No,0.47162118554115295
3049,No,0.43556085228919983
3050,Yes,0.5030828714370728
3051,No,0.4689185321331024
3052,Yes,0.5229761600494385
3053,No,0.4646361470222473
3054,No,0.49441927671432495
3055,No,0.46504145860671997
3056,No,0.4972301423549652
3057,No,0.3931678235530853
3058,No,0.4559750258922577
3059,No,0.4466322958469391
3060,No,0.47902876138687134
3061,No,0.40493282675743103
3062,No,0.48447364568710327
3063,No,0.47085386514663696
3064,No,0.49634116888046265
3065,No,0.4382803440093994
3066,Yes,0.5112036466598511
3067,No,0.4742196500301361
3068,Yes,0.5104374289512634
3069,No,0.4516536593437195
3070,Yes,0.5269114971160889
3071,No,0.4888956546783447
3072,Yes,0.5232729911804199
3073,No,0.3900867998600006
3074,No,0.46332696080207825
3075,No,0.4169784188270569
3076,No,0.45666876435279846
3077,No,0.4647779166698456
3078,Yes,0.5376099944114685
3079,Yes,0.5088527798652649
3080,Yes,0.5462244749069214
3081,No,0.3737850785255432
3082,No,0.4784340262413025
3083,No,0.4307517409324646
3084,No,0.4729679822921753
3085,No,0.3728126287460327
3086,No,0.4525674283504486
3087,No,0.42452898621559143
3088,No,0.462093710899353
3089,No,0.4502473771572113
3090,Yes,0.5199690461158752
3091,Yes,0.5186249613761902
3092,Yes,0.5283812284469604
3093,No,0.437955379486084
3094,No,0.49117720127105713
3095,No,0.4880307614803314
3096,Yes,0.506118893623352
3097,No,0.4173157513141632
3098,No,0.47803765535354614
3099,No,0.4860040545463562
3100,No,0.48505017161369324
3101,No,0.47468602657318115
3102,Yes,0.525842010974884
3103,No,0.4983436167240143
3104,Yes,0.5068332552909851
3105,No,0.464007169008255
3106,Yes,0.5166721940040588
3107,Yes,0.5417068600654602
3108,Yes,0.5406328439712524
3109,No,0.4315829575061798
3110,Yes,0.5063087940216064
3111,No,0.49247580766677856
3112,Yes,0.5126969218254089
3113,Yes,0.505378782749176
3114,Yes,0.548987865447998
3115,Yes,0.5467517971992493
3116,Yes,0.5558382272720337
3117,No,0.4660826027393341
3118,No,0.4990138113498688
3119,No,0.4892437160015106
3120,Yes,0.514242947101593
3121,No,0.4687495529651642
3122,Yes,0.5220696926116943
3123,Yes,0.5310838222503662
3124,Yes,0.529721200466156
3125,No,0.41731393337249756
3126,No,0.47803622484207153
3127,No,0.4860045313835144
3128,No,0.4850548803806305
3129,No,0.4379516541957855
3130,No,0.49117904901504517
3131,No,0.48803216218948364
3132,Yes,0.5061202645301819
3133,No,0.47671979665756226
3134,No,0.48740649223327637
3135,Yes,0.5121442675590515
3136,Yes,0.5056540966033936
3137,No,0.40881776809692383
3138,No,0.4745965898036957
3139,No,0.4214465022087097
3140,No,0.4420500099658966
3141,No,0.4065309762954712
3142,No,0.4731724262237549
3143,No,0.43961966037750244
3144,No,0.45923787355422974
3145,No,0.40721601247787476
3146,No,0.46055611968040466
3147,No,0.4525189697742462
3148,No,0.4179679751396179
3149,No,0.3826460838317871
3150,No,0.44888538122177124
3151,No,0.4342803955078125
3152,No,0.4287901818752289
3153,No,0.4677122235298157
3154,Yes,0.5180631279945374
3155,No,0.45269787311553955
3156,No,0.43977785110473633
3157,No,0.45040154457092285
3158,No,0.468476265668869
3159,No,0.48516932129859924
3160,No,0.46949073672294617
3161,No,0.42703917622566223
3162,No,0.4432409405708313
3163,No,0.44997847080230713
3164,No,0.4261249303817749
3165,No,0.4015445411205292
3166,No,0.44035789370536804
3167,No,0.42714133858680725
3168,No,0.4357304871082306
3169,No,0.3897308111190796
3170,No,0.4490831196308136
3171,No,0.45579078793525696
3172,No,0.46228912472724915
3173,No,0.42723172903060913
3174,No,0.47633299231529236
3175,No,0.47657477855682373
3176,No,0.4795989990234375
3177,No,0.41512420773506165
3178,No,0.4619138538837433
3179,No,0.47077676653862
3180,No,0.4751754403114319
3181,No,0.4158901572227478
3182,No,0.4535638093948364
3183,No,0.45051413774490356
3184,No,0.4506984055042267
3185,No,0.3822023272514343
3186,No,0.42859765887260437
3187,No,0.40313076972961426
3188,No,0.41418886184692383
3189,No,0.40748846530914307
3190,No,0.47684386372566223
3191,No,0.4452439844608307
3192,No,0.4512014389038086
3193,No,0.3969714343547821
3194,No,0.43637022376060486
3195,No,0.43768075108528137
3196,No,0.4484488070011139
3197,No,0.40868812799453735
3198,Yes,0.5157683491706848
3199,No,0.41544878482818604
3200,No,0.4338900148868561
3201,No,0.501091718673706
3202,No,0.5019086599349976
3203,Yes,0.5196427702903748
3204,Yes,0.5168050527572632
3205,Yes,0.5379972457885742
3206,Yes,0.5403900742530823
3207,Yes,0.5345551371574402
3208,Yes,0.52768874168396
3209,No,0.41256508231163025
3210,No,0.427608460187912
3211,No,0.4525367021560669
3212,No,0.4617106020450592
3213,No,0.4906017780303955
3214,No,0.46526750922203064
3215,No,0.4588772654533386
3216,No,0.4438568353652954
3217,No,0.45809707045555115
3218,No,0.45709481835365295
3219,No,0.429290771484375
3220,No,0.4307100474834442
3221,No,0.4416707456111908
3222,No,0.42729297280311584
3223,No,0.44383686780929565
3224,No,0.4484652280807495
3225,No,0.4556160271167755
3226,No,0.4485800564289093
3227,No,0.47021380066871643
3228,No,0.4774501919746399
3229,No,0.40722420811653137
3230,No,0.3872462809085846
3231,No,0.4004702866077423
3232,No,0.39415621757507324
3233,No,0.3943501114845276
3234,No,0.4001728594303131
3235,No,0.45614129304885864
3236,No,0.443254292011261
3237,No,0.4777620732784271
3238,No,0.47194501757621765
3239,Yes,0.5223814249038696
3240,No,0.49763497710227966
3241,No,0.4572824537754059
3242,No,0.4387105703353882
3243,No,0.43683573603630066
3244,No,0.43814772367477417
3245,Yes,0.5776287913322449
3246,Yes,0.565694272518158
3247,Yes,0.5419840812683105
3248,Yes,0.5590528249740601
3249,No,0.4967040717601776
3250,Yes,0.5666821599006653
3251,Yes,0.5198673009872437
3252,Yes,0.5640952587127686
3253,No,0.4053833484649658
3254,No,0.5012235045433044
3255,No,0.451370507478714
3256,Yes,0.5150457620620728
3257,Yes,0.5302513837814331
3258,Yes,0.611629068851471
3259,Yes,0.5380043983459473
3260,Yes,0.5967905521392822
3261,No,0.43558165431022644
3262,No,0.4876170754432678
3263,No,0.45807400345802307
3264,No,0.48595842719078064
3265,No,0.44684383273124695
3266,No,0.5008833408355713
3267,No,0.4903530478477478
3268,Yes,0.5288658738136292
3269,No,0.49794209003448486
3270,Yes,0.5488636493682861
3271,Yes,0.5156320333480835
3272,Yes,0.5655848383903503
3273,No,0.4942930042743683
3274,Yes,0.5497704744338989
3275,Yes,0.5150293111801147
3276,Yes,0.5378753542900085
3277,No,0.4967040717601776
3278,Yes,0.5666821599006653
3279,Yes,0.5198673009872437
3280,Yes,0.5640952587127686
3281,No,0.46916434168815613
3282,Yes,0.5489341020584106
3283,No,0.4704219698905945
3284,Yes,0.5085045099258423
3285,No,0.46701356768608093
3286,Yes,0.509363055229187
3287,Yes,0.5622923374176025
3288,Yes,0.5458396673202515
3289,No,0.476558655500412
3290,Yes,0.5577945709228516
3291,Yes,0.5096418261528015
3292,Yes,0.5402733683586121
3293,Yes,0.5409695506095886
3294,Yes,0.6373642086982727
3295,Yes,0.5423553586006165
3296,Yes,0.5799707174301147
3297,Yes,0.5181013941764832
3298,Yes,0.5792737603187561
3299,Yes,0.5664426684379578
3300,Yes,0.5853018760681152
3301,Yes,0.5082899928092957
3302,Yes,0.5599088072776794
3303,Yes,0.5263533592224121
3304,Yes,0.5354422330856323
3305,No,0.4453721344470978
3306,Yes,0.5324085354804993
3307,Yes,0.5221261382102966
3308,Yes,0.5259760618209839
3309,Yes,0.5812463164329529
3310,Yes,0.6417252421379089
3311,Yes,0.5847951769828796
3312,Yes,0.5821070075035095
3313,No,0.49033427238464355
3314,Yes,0.5475068688392639
3315,Yes,0.5431775450706482
3316,Yes,0.5386524796485901
3317,No,0.4690501093864441
3318,Yes,0.5079169869422913
3319,Yes,0.5062280893325806
3320,Yes,0.5073171854019165
3321,No,0.49546170234680176
3322,Yes,0.5509295463562012
3323,Yes,0.538933515548706
3324,Yes,0.5431122779846191
3325,Yes,0.5080471634864807
3326,Yes,0.5530175566673279
3327,Yes,0.5543216466903687
3328,Yes,0.5509885549545288
3329,No,0.43596315383911133
3330,No,0.5017669796943665
3331,No,0.4917783737182617
3332,No,0.5040134191513062
3333,No,0.3942061960697174
3334,No,0.48936495184898376
3335,No,0.4713728427886963
3336,No,0.47720253467559814
3337,No,0.46512994170188904
3338,No,0.4610123932361603
3339,No,0.5006972551345825
3340,Yes,0.5178582072257996
3341,No,0.42936861515045166
3342,No,0.495155394077301
3343,No,0.5043135285377502
3344,No,0.4992881119251251
3345,No,0.4068308174610138
3346,No,0.447792649269104
3347,No,0.43121322989463806
3348,No,0.4400302469730377
3349,No,0.4673369824886322
3350,Yes,0.5364344716072083
3351,Yes,0.510200023651123
3352,Yes,0.5217229723930359
3353,No,0.4410526752471924
3354,Yes,0.5074922442436218
3355,No,0.4881856441497803
3356,Yes,0.5118743777275085
3357,No,0.458486944437027
3358,No,0.49949249625205994
3359,No,0.49535298347473145
3360,No,0.4860341548919678
3361,Yes,0.5982338190078735
3362,Yes,0.5789486169815063
3363,Yes,0.6195204257965088
3364,Yes,0.5985386967658997
3365,No,0.4309869110584259
3366,No,0.4613494873046875
3367,No,0.48754268884658813
3368,No,0.45417875051498413
3369,No,0.4973219037055969
3370,Yes,0.5272670388221741
3371,Yes,0.5726383924484253
3372,Yes,0.5330751538276672
3373,No,0.48089149594306946
3374,No,0.5023680329322815
3375,No,0.49827924370765686
3376,No,0.479463130235672
3377,No,0.4852532744407654
3378,No,0.4830623269081116
3379,Yes,0.5534903407096863
3380,No,0.5037866830825806
3381,Yes,0.5239782929420471
3382,Yes,0.5319475531578064
3383,Yes,0.5737153887748718
3384,Yes,0.5386557579040527
3385,No,0.4905346930027008
3386,No,0.4828185439109802
3387,Yes,0.5260245203971863
3388,Yes,0.5171558856964111
3389,Yes,0.543207049369812
3390,Yes,0.5334139466285706
3391,Yes,0.5674230456352234
3392,Yes,0.5236673951148987
3393,No,0.4391689896583557
3394,Yes,0.5226267576217651
3395,No,0.46717074513435364
3396,Yes,0.5043656229972839
3397,No,0.4362618923187256
3398,No,0.48766830563545227
3399,No,0.47852060198783875
3400,No,0.49524590373039246
3401,No,0.42780858278274536
3402,No,0.4679097831249237
3403,No,0.5027860403060913
3404,Yes,0.5221598744392395
3405,No,0.44955432415008545
3406,No,0.4702230989933014
3407,No,0.4736887514591217
3408,No,0.465843141078949
3409,Yes,0.5051223039627075
3410,Yes,0.5366424918174744
3411,Yes,0.5360854864120483
3412,Yes,0.5170060992240906
3413,Yes,0.5335078239440918
3414,Yes,0.5729251503944397
3415,No,0.48716285824775696
3416,No,0.49113714694976807
3417,No,0.4424504339694977
3418,No,0.4646091163158417
3419,No,0.48222967982292175
3420,No,0.4811197817325592
3421,No,0.4543616771697998
3422,Yes,0.5243970155715942
3423,Yes,0.5263347029685974
3424,Yes,0.5105671882629395
3425,No,0.4199523627758026
3426,No,0.48736438155174255
3427,No,0.45097997784614563
3428,No,0.4614267349243164
3429,No,0.4829529821872711
3430,No,0.5036463737487793
3431,Yes,0.5084945559501648
3432,Yes,0.51188063621521
3433,No,0.46168747544288635
3434,Yes,0.5099822878837585
3435,Yes,0.5268657803535461
3436,Yes,0.5123326778411865
3437,No,0.47956499457359314
3438,Yes,0.5222223997116089
3439,Yes,0.530822217464447
3440,Yes,0.5248438715934753
3441,No,0.47625190019607544
3442,No,0.4657320976257324
3443,Yes,0.5125401616096497
3444,No,0.49730396270751953
3445,No,0.472606360912323
3446,No,0.46118927001953125
3447,No,0.47130388021469116
3448,No,0.4594170153141022
3449,No,0.4596085250377655
3450,No,0.45608165860176086
3451,Yes,0.5230599641799927
3452,Yes,0.510050356388092
3453,No,0.47596174478530884
3454,No,0.47327643632888794
3455,No,0.49537932872772217
3456,No,0.48513516783714294
3457,No,0.5041893720626831
3458,Yes,0.5099022388458252
3459,Yes,0.5451271533966064
3460,Yes,0.5401136875152588
3461,No,0.44511982798576355
3462,No,0.4625800848007202
3463,Yes,0.50257807970047
3464,No,0.49461308121681213
3465,No,0.4608934223651886
3466,No,0.44844475388526917
3467,No,0.49926337599754333
3468,No,0.48576295375823975
3469,No,0.45207902789115906
3470,No,0.46850302815437317
3471,Yes,0.5303819179534912
3472,Yes,0.5267559289932251
3473,Yes,0.5043802857398987
3474,Yes,0.5040462017059326
3475,Yes,0.5457140803337097
3476,Yes,0.5409507751464844
3477,Yes,0.6003773212432861
3478,Yes,0.5904589891433716
3479,Yes,0.5850447416305542
3480,Yes,0.5762455463409424
3481,Yes,0.5514727830886841
3482,Yes,0.5519920587539673
3483,Yes,0.5591577291488647
3484,Yes,0.5552141666412354
3485,No,0.4952079653739929
3486,Yes,0.5092971324920654
3487,Yes,0.5370284914970398
3488,Yes,0.5316407680511475
3489,No,0.49378520250320435
3490,Yes,0.5115734338760376
3491,Yes,0.5654598474502563
3492,Yes,0.5536575317382812
3493,Yes,0.5585277676582336
3494,Yes,0.5417135953903198
3495,Yes,0.5780368447303772
3496,Yes,0.5682722926139832
3497,Yes,0.5755733847618103
3498,Yes,0.5793691277503967
3499,Yes,0.6019577980041504
3500,Yes,0.5997179746627808
3501,No,0.4651530385017395
3502,No,0.492511510848999
3503,Yes,0.5253682732582092
3504,Yes,0.5263546705245972
3505,No,0.39198189973831177
3506,No,0.4833795428276062
3507,No,0.40497666597366333
3508,No,0.4835776388645172
3509,No,0.3338284492492676
3510,No,0.44823482632637024
3511,No,0.38679343461990356
3512,No,0.46452128887176514
3513,No,0.3937542736530304
3514,Yes,0.5079207420349121
3515,No,0.4046362042427063
3516,No,0.4801997244358063
3517,No,0.43793633580207825
3518,Yes,0.5200352072715759
3519,No,0.46678921580314636
3520,Yes,0.5102042555809021
3521,No,0.45378533005714417
3522,No,0.4646715223789215
3523,Yes,0.5094958543777466
3524,No,0.49032852053642273
3525,Yes,0.5296935439109802
3526,No,0.4776993691921234
3527,Yes,0.5347698926925659
3528,No,0.46380335092544556
3529,No,0.4763335585594177
3530,No,0.4906216561794281
3531,Yes,0.5096614360809326
3532,No,0.4822733700275421
3533,No,0.4825446307659149
3534,No,0.4846477508544922
3535,No,0.4882100224494934
3536,No,0.46237343549728394
3537,No,0.4588540494441986
3538,No,0.45608043670654297
3539,No,0.48179614543914795
3540,No,0.4563370645046234
3541,No,0.44841524958610535
3542,No,0.49340638518333435
3543,Yes,0.5318591594696045
3544,No,0.4751793146133423
3545,No,0.481131911277771
3546,No,0.4893820285797119
3547,No,0.49426722526550293
3548,No,0.49484923481941223
3549,No,0.5034580230712891
3550,No,0.4955695867538452
3551,Yes,0.564846396446228
3552,Yes,0.5159860253334045
3553,No,0.49199217557907104
3554,Yes,0.5498204827308655
3555,Yes,0.5678173899650574
3556,Yes,0.5614737868309021
3557,No,0.4843355417251587
3558,Yes,0.5359174013137817
3559,Yes,0.5059421062469482
3560,Yes,0.5263663530349731
3561,No,0.49579039216041565
3562,Yes,0.5226044058799744
3563,Yes,0.5423253774642944
3564,Yes,0.528560221195221
3565,No,0.3927927017211914
3566,No,0.44392943382263184
3567,No,0.43858766555786133
3568,No,0.4574977159500122
3569,No,0.4536997973918915
3570,Yes,0.5207260251045227
3571,Yes,0.5177774429321289
3572,Yes,0.5151517987251282
3573,No,0.4237104654312134
3574,Yes,0.5662490725517273
3575,Yes,0.5419402122497559
3576,Yes,0.5611972808837891
3577,No,0.4853339195251465
3578,Yes,0.5200846195220947
3579,Yes,0.5484511852264404
3580,Yes,0.5398246049880981
3581,No,0.43938514590263367
3582,No,0.4994826018810272
3583,No,0.47889548540115356
3584,No,0.49188315868377686
3585,No,0.4180058538913727
3586,Yes,0.5272966623306274
3587,Yes,0.5389091968536377
3588,Yes,0.5388524532318115
3589,No,0.4592958390712738
3590,Yes,0.5389673709869385
3591,Yes,0.5396605730056763
3592,Yes,0.5518473386764526
3593,No,0.49737921357154846
3594,Yes,0.5487959980964661
3595,Yes,0.5917573571205139
3596,Yes,0.5905213356018066
3597,No,0.4712318778038025
3598,Yes,0.5143560171127319
3599,Yes,0.5337703227996826
3600,Yes,0.5395638346672058
3601,No,0.41336387395858765
3602,No,0.41663432121276855
3603,No,0.4121899902820587
3604,No,0.44673413038253784
3605,No,0.44687411189079285
3606,No,0.47637030482292175
3607,No,0.4995543956756592
3608,No,0.5023782849311829
3609,No,0.45783957839012146
3610,No,0.4942519962787628
3611,Yes,0.5227875113487244
3612,Yes,0.5243136286735535
3613,No,0.3519159257411957
3614,No,0.4842137396335602
3615,No,0.4516119956970215
3616,No,0.4660172462463379
3617,No,0.42281845211982727
3618,No,0.4567175805568695
3619,No,0.47200047969818115
3620,No,0.472449392080307
3621,No,0.44687411189079285
3622,No,0.47637030482292175
3623,No,0.4995543956756592
3624,No,0.5023782849311829
3625,No,0.45517343282699585
3626,Yes,0.5470168590545654
3627,Yes,0.5301504731178284
3628,Yes,0.5469826459884644
3629,No,0.4012070298194885
3630,No,0.45895063877105713
3631,No,0.43586257100105286
3632,No,0.44954022765159607
3633,No,0.4172556698322296
3634,No,0.46443191170692444
3635,No,0.4650552570819855
3636,No,0.4721670150756836
3637,No,0.3672458827495575
3638,No,0.4516209065914154
3639,No,0.4315090775489807
3640,No,0.4520350694656372
3641,No,0.4114801585674286
3642,Yes,0.5195623636245728
3643,No,0.44367778301239014
3644,No,0.47983264923095703
3645,No,0.4256058633327484
3646,No,0.49873027205467224
3647,No,0.488070547580719
3648,No,0.4870034456253052
3649,No,0.4063073694705963
3650,No,0.4549384117126465
3651,No,0.4471985101699829
3652,No,0.4583151042461395
3653,No,0.4234214127063751
3654,Yes,0.5284191966056824
3655,No,0.4543570280075073
3656,No,0.4697340726852417
3657,No,0.441893607378006
3658,Yes,0.509409487247467
3659,No,0.4967328906059265
3660,No,0.5027088522911072
3661,No,0.37705302238464355
3662,No,0.4482472836971283
3663,No,0.42063966393470764
3664,No,0.4398609697818756
3665,No,0.4673624038696289
3666,No,0.4699903726577759
3667,Yes,0.5181175470352173
3668,No,0.4823700487613678
3669,No,0.4915636479854584
3670,Yes,0.5192494988441467
3671,Yes,0.596004068851471
3672,Yes,0.563761293888092
3673,No,0.4357623755931854
3674,Yes,0.5183068513870239
3675,Yes,0.5650641918182373
3676,Yes,0.5295320153236389
3677,No,0.49823930859565735
3678,Yes,0.5429186224937439
3679,Yes,0.5519556403160095
3680,Yes,0.5184511542320251
3681,No,0.4674978256225586
3682,No,0.49037525057792664
3683,Yes,0.5428324341773987
3684,Yes,0.5230441093444824
3685,No,0.4871745705604553
3686,Yes,0.5189027190208435
3687,Yes,0.5546448230743408
3688,Yes,0.5181397795677185
3689,No,0.4703866243362427
3690,Yes,0.5107475519180298
3691,Yes,0.5540623068809509
3692,Yes,0.5227382183074951
3693,No,0.5003262758255005
3694,Yes,0.5410850644111633
3695,Yes,0.6108001470565796
3696,Yes,0.5643987655639648
3697,Yes,0.5114444494247437
3698,No,0.5014283657073975
3699,Yes,0.5458521842956543
3700,No,0.4827355742454529
3701,No,0.49357903003692627
3702,No,0.4961300790309906
3703,Yes,0.5696828961372375
3704,Yes,0.5315123796463013
3705,No,0.45833820104599
3706,Yes,0.5066470503807068
3707,Yes,0.5468721985816956
3708,Yes,0.5135128498077393
3709,No,0.4564068019390106
3710,No,0.4762503206729889
3711,Yes,0.5517411828041077
3712,Yes,0.5059216618537903
3713,No,0.40377891063690186
3714,No,0.4072510004043579
3715,No,0.4560280740261078
3716,No,0.45186275243759155
3717,Yes,0.5108211040496826
3718,No,0.49623972177505493
3719,Yes,0.5236886143684387
3720,Yes,0.5079061985015869
3721,No,0.47420528531074524
3722,No,0.4836510717868805
3723,No,0.4850102663040161
3724,No,0.4740826487541199
3725,No,0.40806132555007935
3726,No,0.42687758803367615
3727,No,0.4436832070350647
3728,No,0.43347254395484924
3729,No,0.46338018774986267
3730,No,0.48656320571899414
3731,Yes,0.5061239004135132
3732,No,0.5033525228500366
3733,No,0.45711180567741394
3734,No,0.4495772421360016
3735,No,0.46860289573669434
3736,No,0.4645674228668213
3737,No,0.44047850370407104
3738,No,0.44536882638931274
3739,No,0.4757753908634186
3740,No,0.4652576744556427
3741,No,0.44611260294914246
3742,No,0.41680800914764404
3743,No,0.4796006381511688
3744,No,0.45483043789863586
3745,No,0.39133206009864807
3746,No,0.4774616062641144
3747,No,0.44936269521713257
3748,No,0.47055384516716003
3749,No,0.38351956009864807
3750,No,0.46856504678726196
3751,No,0.437680721282959
3752,No,0.4756142497062683
3753,No,0.3977007567882538
3754,No,0.4791872799396515
3755,No,0.4628392457962036
3756,Yes,0.5157535076141357
3757,No,0.3971858024597168
3758,No,0.4844740629196167
3759,No,0.4184228479862213
3760,No,0.4620768129825592
3761,No,0.4763317108154297
3762,No,0.477830708026886
3763,No,0.47261330485343933
3764,No,0.4645196795463562
3765,Yes,0.5200067162513733
3766,No,0.4863138198852539
3767,No,0.5008737444877625
3768,No,0.48970019817352295
3769,No,0.4802185893058777
3770,Yes,0.509612500667572
3771,No,0.4591018557548523
3772,No,0.4348662197589874
3773,No,0.4348258674144745
3774,No,0.4112571179866791
3775,No,0.45254871249198914
3776,No,0.4278692603111267
3777,Yes,0.5457403659820557
3778,Yes,0.5536092519760132
3779,Yes,0.588415801525116
3780,Yes,0.5471386313438416
3781,Yes,0.5342704057693481
3782,Yes,0.5431402921676636
3783,Yes,0.6209925413131714
3784,Yes,0.5624604225158691
3785,No,0.4468907415866852
3786,No,0.48542577028274536
3787,Yes,0.5260779857635498
3788,No,0.4850003123283386
3789,No,0.4997938871383667
3790,Yes,0.5057738423347473
3791,Yes,0.5824024677276611
3792,Yes,0.5339964628219604
3793,Yes,0.5261845588684082
3794,Yes,0.5680608153343201
3795,Yes,0.6377747654914856
3796,Yes,0.5354597568511963
3797,Yes,0.508481502532959
3798,Yes,0.523116946220398
3799,Yes,0.5936393737792969
3800,Yes,0.5236738920211792
3801,Yes,0.501310408115387
3802,Yes,0.5096132755279541
3803,Yes,0.586581826210022
3804,Yes,0.5335530042648315
3805,No,0.4777519702911377
3806,Yes,0.5162746906280518
3807,Yes,0.5642163753509521
3808,Yes,0.5167032480239868
3809,No,0.4434995949268341
3810,No,0.4775364398956299
3811,Yes,0.5067357420921326
3812,No,0.4852350056171417
3813,No,0.42311856150627136
3814,No,0.4675547182559967
3815,No,0.4790935814380646
3816,No,0.4523797929286957
3817,No,0.3466007113456726
3818,No,0.394773930311203
3819,No,0.4389059841632843
3820,No,0.41863179206848145
3821,No,0.4375694990158081
3822,No,0.45179057121276855
3823,No,0.4505194425582886
3824,No,0.4498113989830017
3825,No,0.363847941160202
3826,No,0.3967244029045105
3827,No,0.43400952219963074
3828,No,0.39992088079452515
3829,No,0.4429129362106323
3830,No,0.4863150715827942
3831,No,0.4905434548854828
3832,No,0.4620882272720337
3833,No,0.4364458918571472
3834,No,0.47042110562324524
3835,No,0.47650137543678284
3836,No,0.47503286600112915
3837,No,0.5033458471298218
3838,Yes,0.537402331829071
3839,Yes,0.5410120487213135
3840,Yes,0.5247564911842346
3841,No,0.4998687207698822
3842,Yes,0.5151562094688416
3843,Yes,0.5404255986213684
3844,Yes,0.5295252799987793
3845,Yes,0.526020884513855
3846,Yes,0.5345160365104675
3847,Yes,0.5466728210449219
3848,Yes,0.5188354253768921
3849,Yes,0.5555569529533386
3850,Yes,0.5634276866912842
3851,Yes,0.6058597564697266
3852,Yes,0.5737895369529724
3853,No,0.48991870880126953
3854,No,0.4937480390071869
3855,Yes,0.5424084663391113
3856,Yes,0.5114003419876099
3857,Yes,0.5181792974472046
3858,Yes,0.5506269335746765
3859,Yes,0.576786994934082
3860,Yes,0.5524296760559082
3861,No,0.5026975274085999
3862,Yes,0.5231931805610657
3863,Yes,0.572346568107605
3864,Yes,0.544387698173523
3865,Yes,0.5995507836341858
3866,Yes,0.6324579119682312
3867,Yes,0.6453062295913696
3868,Yes,0.6292742490768433
3869,Yes,0.5666597485542297
3870,Yes,0.5732877254486084
3871,Yes,0.6075496673583984
3872,Yes,0.5809270143508911
3873,No,0.5043310523033142
3874,No,0.497633695602417
3875,Yes,0.5198814272880554
3876,No,0.4888005256652832
3877,No,0.499866783618927
3878,Yes,0.5151538252830505
3879,Yes,0.5404261946678162
3880,Yes,0.5295261144638062
3881,No,0.46546465158462524
3882,No,0.5006894469261169
3883,Yes,0.5474883913993835
3884,Yes,0.5192543864250183
3885,No,0.4566393792629242
3886,No,0.497294157743454
3887,Yes,0.52224200963974
3888,No,0.4930633306503296
3889,No,0.435714989900589
3890,No,0.48558199405670166
3891,No,0.4579882323741913
3892,Yes,0.5035839080810547
3893,No,0.4322136640548706
3894,No,0.48975855112075806
3895,No,0.4693530201911926
3896,No,0.4816770553588867
3897,No,0.45123642683029175
3898,Yes,0.5334876775741577
3899,No,0.48767656087875366
3900,Yes,0.5255471467971802
3901,Yes,0.5047851204872131
3902,Yes,0.5567931532859802
3903,Yes,0.5337888598442078
3904,Yes,0.5620585680007935
3905,No,0.4602798521518707
3906,No,0.5000805258750916
3907,No,0.4970887005329132
3908,Yes,0.5139598250389099
3909,No,0.43472808599472046
3910,No,0.4384731650352478
3911,No,0.4665445387363434
3912,No,0.4808391332626343
3913,No,0.45200538635253906
3914,No,0.47451362013816833
3915,No,0.47451940178871155
3916,No,0.4909265637397766
3917,No,0.4889664053916931
3918,Yes,0.5404731631278992
3919,No,0.47473710775375366
3920,Yes,0.5473743081092834
3921,No,0.498342901468277
3922,Yes,0.5379076600074768
3923,Yes,0.5389469265937805
3924,Yes,0.5697152614593506
3925,Yes,0.5127540826797485
3926,Yes,0.5355144143104553
3927,Yes,0.5086507201194763
3928,Yes,0.5268591046333313
3929,Yes,0.5321401953697205
3930,Yes,0.5550713539123535
3931,Yes,0.5059435367584229
3932,Yes,0.5444207787513733
3933,Yes,0.5095768570899963
3934,Yes,0.5651236176490784
3935,No,0.501263439655304
3936,Yes,0.5091729164123535
3937,No,0.3872835636138916
3938,No,0.4853593409061432
3939,No,0.4687873423099518
3940,No,0.4972664415836334
3941,No,0.44124898314476013
3942,Yes,0.5373403429985046
3943,No,0.45363080501556396
3944,No,0.47077855467796326
3945,No,0.3303905427455902
3946,No,0.40825992822647095
3947,No,0.4307781457901001
3948,No,0.45653101801872253
3949,No,0.41110759973526
3950,No,0.4707575738430023
3951,No,0.46928542852401733
3952,No,0.48219364881515503
3953,No,0.4574664235115051
3954,No,0.48695409297943115
3955,Yes,0.5153051614761353
3956,Yes,0.5083410739898682
3957,No,0.40480682253837585
3958,No,0.46311038732528687
3959,No,0.471817284822464
3960,No,0.48700201511383057
3961,No,0.2917787730693817
3962,No,0.40772879123687744
3963,No,0.4194362163543701
3964,No,0.4569506347179413
3965,No,0.4043789207935333
3966,No,0.4751097559928894
3967,No,0.4776573181152344
3968,No,0.47524386644363403
3969,No,0.4768300950527191
3970,Yes,0.5313984155654907
3971,Yes,0.5528120398521423
3972,Yes,0.5846569538116455
3973,No,0.5005761384963989
3974,Yes,0.5299676060676575
3975,Yes,0.5505833625793457
3976,Yes,0.5781818628311157
3977,Yes,0.5127733945846558
3978,Yes,0.521091639995575
3979,Yes,0.5405866503715515
3980,Yes,0.5863535404205322
3981,Yes,0.5489888191223145
3982,Yes,0.5891955494880676
3983,Yes,0.6284135580062866
3984,Yes,0.6619307398796082
3985,No,0.4469403326511383
3986,Yes,0.5324822068214417
3987,Yes,0.5484448671340942
3988,Yes,0.5125486850738525
3989,No,0.4425729811191559
3990,Yes,0.5303308963775635
3991,Yes,0.5441064834594727
3992,Yes,0.5118817090988159
3993,No,0.47538185119628906
3994,Yes,0.5288172960281372
3995,Yes,0.575964093208313
3996,Yes,0.5289602279663086
3997,Yes,0.5062568783760071
3998,Yes,0.5414198040962219
3999,Yes,0.558907687664032
4000,No,0.5000304579734802
4001,No,0.4222651422023773
4002,No,0.4908756911754608
4003,Yes,0.534093976020813
4004,Yes,0.5052136778831482
4005,Yes,0.5209028720855713
4006,Yes,0.5121193528175354
4007,Yes,0.542984664440155
4008,Yes,0.5267524123191833
4009,No,0.46762385964393616
4010,No,0.4725247025489807
4011,No,0.4843744933605194
4012,No,0.4669828712940216
4013,No,0.47219568490982056
4014,No,0.5005893707275391
4015,Yes,0.5167398452758789
4016,No,0.50077223777771
4017,Yes,0.5066320896148682
4018,No,0.5004991292953491
4019,Yes,0.5445442795753479
4020,Yes,0.511019766330719
4021,No,0.46762385964393616
4022,No,0.4725247025489807
4023,No,0.4843744933605194
4024,No,0.4669828712940216
4025,No,0.4710980951786041
4026,No,0.46823886036872864
4027,Yes,0.5217196345329285
4028,No,0.49752113223075867
4029,Yes,0.5097806453704834
4030,Yes,0.5300360918045044
4031,Yes,0.580231249332428
4032,Yes,0.5516898036003113
4033,No,0.49444422125816345
4034,Yes,0.5823367834091187
4035,No,0.49736490845680237
4036,Yes,0.5380522012710571
4037,No,0.4172876477241516
4038,No,0.4609510898590088
4039,No,0.42261993885040283
4040,No,0.4578096270561218
4041,No,0.3967443108558655
4042,No,0.465801864862442
4043,No,0.43871617317199707
4044,No,0.46189406514167786
4045,No,0.4503733515739441
4046,Yes,0.5326463580131531
4047,No,0.43090224266052246
4048,No,0.47272661328315735
4049,No,0.477946013212204
4050,No,0.4652097523212433
4051,No,0.4578973352909088
4052,No,0.4668850600719452
4053,No,0.42282596230506897
4054,No,0.4887292683124542
4055,No,0.41921544075012207
4056,No,0.4723740518093109
4057,No,0.41691097617149353
4058,No,0.5017340183258057
4059,No,0.44274282455444336
4060,No,0.4976166784763336
4061,No,0.42978960275650024
4062,No,0.47417494654655457
4063,No,0.47543203830718994
4064,Yes,0.5259600877761841
4065,No,0.389778733253479
4066,No,0.4586246907711029
4067,No,0.4249189496040344
4068,No,0.46604329347610474
4069,No,0.46872028708457947
4070,Yes,0.570888102054596
4071,No,0.4812702536582947
4072,Yes,0.5204711556434631
4073,No,0.4438430368900299
4074,Yes,0.5067794322967529
4075,No,0.43274083733558655
4076,No,0.4917506277561188
4077,No,0.44343286752700806
4078,Yes,0.5063516497612
4079,No,0.44813382625579834
4080,No,0.47903263568878174
4081,No,0.4286254346370697
4082,No,0.4983059763908386
4083,No,0.43353012204170227
4084,No,0.48225414752960205
4085,No,0.3782173991203308
4086,No,0.4327711760997772
4087,No,0.3994693458080292
4088,No,0.4349237084388733
4089,No,0.4231293201446533
4090,No,0.4941125810146332
4091,No,0.4221183657646179
4092,No,0.46770167350769043
4093,No,0.43606534600257874
4094,Yes,0.5058544874191284
4095,No,0.4741590619087219
4096,No,0.5006948709487915
4097,Yes,0.5529266595840454
4098,Yes,0.5469791293144226
4099,Yes,0.5703877210617065
4100,Yes,0.5747448205947876
4101,No,0.44446220993995667
4102,Yes,0.5087296366691589
4103,Yes,0.5050162672996521
4104,Yes,0.5161177515983582
4105,Yes,0.5600591897964478
4106,Yes,0.601647675037384
4107,Yes,0.6049199104309082
4108,Yes,0.6131318211555481
4109,No,0.48265817761421204
4110,No,0.4924233853816986
4111,Yes,0.5206990838050842
4112,Yes,0.5354235172271729
4113,Yes,0.5097365975379944
4114,Yes,0.541416347026825
4115,Yes,0.5174253582954407
4116,Yes,0.5252384543418884
4117,No,0.4428383708000183
4118,No,0.44366636872291565
4119,No,0.4757668972015381
4120,No,0.470292866230011
4121,No,0.4500998854637146
4122,No,0.4554016888141632
4123,No,0.5028063058853149
4124,No,0.4934272766113281
4125,Yes,0.507942795753479
4126,Yes,0.5210922956466675
4127,Yes,0.527472198009491
4128,Yes,0.5304301381111145
4129,No,0.5059077739715576
4130,No,0.4705410301685333
4131,Yes,0.5271597504615784
4132,Yes,0.5290510058403015
4133,No,0.4846780002117157
4134,No,0.4774307906627655
4135,Yes,0.5389907360076904
4136,Yes,0.5283016562461853
4137,No,0.4847526550292969
4138,No,0.479807049036026
4139,Yes,0.5196597576141357
4140,Yes,0.5231642723083496
4141,No,0.4820409119129181
4142,No,0.4545537233352661
4143,Yes,0.5183172821998596
4144,Yes,0.5066786408424377
4145,No,0.4464600682258606
4146,No,0.4769796133041382
4147,Yes,0.5315550565719604
4148,Yes,0.5367997288703918
4149,No,0.43442583084106445
4150,No,0.43768617510795593
4151,No,0.4750267565250397
4152,No,0.4746972918510437
4153,No,0.4296165406703949
4154,No,0.4666518270969391
4155,Yes,0.525780439376831
4156,Yes,0.5305768251419067
4157,No,0.4374726116657257
4158,No,0.4459392726421356
4159,Yes,0.5094916820526123
4160,Yes,0.5136438608169556
4161,No,0.43144816160202026
4162,No,0.46737340092658997
4163,Yes,0.5182790160179138
4164,Yes,0.5464348196983337
4165,No,0.46667608618736267
4166,No,0.4660523533821106
4167,Yes,0.5151481032371521
4168,Yes,0.5327951312065125
4169,No,0.4602806270122528
4170,No,0.4899959862232208
4171,Yes,0.5340580344200134
4172,Yes,0.5283840894699097
4173,No,0.4318224787712097
4174,No,0.46678921580314636
4175,No,0.4997583329677582
4176,Yes,0.5065831542015076
4177,No,0.4659559428691864
4178,Yes,0.5105500817298889
4179,No,0.4858182668685913
4180,Yes,0.5188183784484863
4181,No,0.3311793804168701
4182,No,0.44475057721138
4183,No,0.40088167786598206
4184,No,0.41037440299987793
4185,Yes,0.5098536014556885
4186,Yes,0.5607905387878418
4187,Yes,0.5468096137046814
4188,Yes,0.5507678985595703
4189,No,0.3854580223560333
4190,No,0.4689749777317047
4191,No,0.4656810164451599
4192,No,0.48185068368911743
4193,No,0.46568673849105835
4194,Yes,0.5245711803436279
4195,Yes,0.5239165425300598
4196,Yes,0.5308914184570312
4197,No,0.46310296654701233
4198,Yes,0.519928514957428
4199,Yes,0.5217073559761047
4200,Yes,0.5365223288536072
4201,No,0.40429067611694336
4202,No,0.4552766680717468
4203,No,0.467063844203949
4204,No,0.5006686449050903
4205,No,0.3997342884540558
4206,No,0.4799518585205078
4207,No,0.46077629923820496
4208,No,0.47268733382225037
4209,No,0.4825470745563507
4210,Yes,0.5197162628173828
4211,Yes,0.5142407417297363
4212,Yes,0.5259785652160645
4213,No,0.4144825041294098
4214,No,0.4589711129665375
4215,No,0.46922731399536133
4216,No,0.46559950709342957
4217,No,0.4821752607822418
4218,Yes,0.5824607610702515
4219,Yes,0.5603075623512268
4220,Yes,0.5606060028076172
4221,No,0.43988174200057983
4222,No,0.47575727105140686
4223,Yes,0.5317831635475159
4224,Yes,0.5181115865707397
4225,No,0.40916478633880615
4226,No,0.41367602348327637
4227,No,0.42617541551589966
4228,No,0.4826613962650299
4229,No,0.47717082500457764
4230,Yes,0.5241408348083496
4231,No,0.4584614038467407
4232,Yes,0.5063497424125671
4233,No,0.47812819480895996
4234,Yes,0.5363219976425171
4235,No,0.4940530061721802
4236,Yes,0.5347101092338562
4237,No,0.4098508656024933
4238,No,0.4651132822036743
4239,No,0.42690572142601013
4240,No,0.4788268208503723
4241,No,0.4424371123313904
4242,No,0.4852045774459839
4243,No,0.46265390515327454
4244,Yes,0.5112718939781189
4245,No,0.4567634165287018
4246,No,0.5014195442199707
4247,No,0.45358967781066895
4248,Yes,0.5131705403327942
4249,No,0.4314383268356323
4250,Yes,0.5094111561775208
4251,No,0.42992669343948364
4252,No,0.48498231172561646
4253,No,0.44086790084838867
4254,No,0.5012434124946594
4255,No,0.46790096163749695
4256,Yes,0.5175753831863403
4257,Yes,0.5509981513023376
4258,Yes,0.5975255370140076
4259,Yes,0.6105912327766418
4260,Yes,0.6137300729751587
4261,No,0.46312835812568665
4262,Yes,0.5272428393363953
4263,Yes,0.558419406414032
4264,Yes,0.5914653539657593
4265,Yes,0.5063546895980835
4266,Yes,0.5441651344299316
4267,Yes,0.6016417145729065
4268,Yes,0.587352991104126
4269,No,0.5015375018119812
4270,Yes,0.5312186479568481
4271,Yes,0.5687371492385864
4272,Yes,0.5699313879013062
4273,Yes,0.552099883556366
4274,Yes,0.6005801558494568
4275,Yes,0.628877580165863
4276,Yes,0.6380929350852966
4277,Yes,0.5569340586662292
4278,Yes,0.619540810585022
4279,Yes,0.6000725626945496
4280,Yes,0.6158244013786316
4281,Yes,0.5380987524986267
4282,Yes,0.5539425611495972
4283,Yes,0.5982370376586914
4284,Yes,0.5959858894348145
4285,Yes,0.5469937920570374
4286,Yes,0.5884185433387756
4287,Yes,0.6421756148338318
4288,Yes,0.6354233026504517
4289,No,0.4372361898422241
4290,Yes,0.5177128911018372
4291,No,0.47493699193000793
4292,No,0.5025784373283386
4293,No,0.39518415927886963
4294,No,0.4643360674381256
4295,No,0.43503743410110474
4296,No,0.44986119866371155
4297,No,0.4200916290283203
4298,No,0.4922112822532654
4299,No,0.46820586919784546
4300,Yes,0.5073177218437195
4301,No,0.34814712405204773
4302,No,0.4335857927799225
4303,No,0.38846448063850403
4304,No,0.42871877551078796
4305,No,0.44045865535736084
4306,No,0.49397173523902893
4307,No,0.46914973855018616
4308,No,0.490634024143219
4309,No,0.3877083361148834
4310,No,0.44563955068588257
4311,No,0.41688838601112366
4312,No,0.430921733379364
4313,No,0.45484721660614014
4314,Yes,0.5181214809417725
4315,Yes,0.5106020569801331
4316,No,0.4984239637851715
4317,No,0.36298421025276184
4318,No,0.4174509048461914
4319,No,0.41242843866348267
4320,No,0.4319286048412323
4321,No,0.3855445384979248
4322,No,0.4683295488357544
4323,No,0.433324933052063
4324,No,0.4646525979042053
4325,No,0.3668452203273773
4326,No,0.4711613357067108
4327,No,0.4190656244754791
4328,No,0.4620283246040344
4329,No,0.45269426703453064
4330,Yes,0.5087458491325378
4331,Yes,0.5194703936576843
4332,Yes,0.505692183971405
4333,No,0.4150313436985016
4334,No,0.46373388171195984
4335,No,0.4218514561653137
4336,No,0.4295010268688202
4337,No,0.4273582398891449
4338,No,0.4833682179450989
4339,No,0.4411841034889221
4340,No,0.4592384696006775
4341,No,0.4075687527656555
4342,No,0.4985044002532959
4343,No,0.45946261286735535
4344,No,0.48422855138778687
4345,No,0.41207388043403625
4346,No,0.4790002703666687
4347,No,0.5050852298736572
4348,No,0.49018532037734985
4349,No,0.41449132561683655
4350,No,0.47967323660850525
4351,No,0.44625720381736755
4352,No,0.465851366519928
4353,No,0.4273979961872101
4354,No,0.4517097473144531
4355,No,0.4212116599082947
4356,No,0.42453059554100037
4357,No,0.395381361246109
4358,No,0.4548863470554352
4359,No,0.434613436460495
4360,No,0.470175176858902
4361,No,0.44656237959861755
4362,Yes,0.520488977432251
4363,No,0.4913801848888397
4364,Yes,0.5093668699264526
4365,No,0.3288732171058655
4366,No,0.42866945266723633
4367,No,0.38240620493888855
4368,No,0.3902619481086731
4369,No,0.44024422764778137
4370,No,0.4854394495487213
4371,Yes,0.5427706241607666
4372,Yes,0.5778614282608032
4373,Yes,0.5242839455604553
4374,Yes,0.6061084866523743
4375,Yes,0.6105532050132751
4376,Yes,0.6449068188667297
4377,No,0.43499556183815
4378,Yes,0.5272302031517029
4379,Yes,0.5134727358818054
4380,Yes,0.545761227607727
4381,No,0.4449867904186249
4382,Yes,0.5307669639587402
4383,Yes,0.5464749336242676
4384,Yes,0.5806214809417725
4385,No,0.4383355677127838
4386,Yes,0.5425379276275635
4387,Yes,0.5662787556648254
4388,Yes,0.5994551181793213
4389,No,0.4456005394458771
4390,Yes,0.5249584913253784
4391,Yes,0.5414815545082092
4392,Yes,0.57245934009552
4393,No,0.4473792612552643
4394,Yes,0.524527370929718
4395,Yes,0.5254508256912231
4396,Yes,0.5523315072059631
4397,No,0.4852893054485321
4398,Yes,0.5542579889297485
4399,Yes,0.5569441914558411
4400,Yes,0.5975074768066406
4401,No,0.4140697419643402
4402,No,0.4754945933818817
4403,No,0.4818477928638458
4404,No,0.48341888189315796
4405,Yes,0.5037416815757751
4406,Yes,0.5316264033317566
4407,Yes,0.5093386769294739
4408,Yes,0.5148398280143738
4409,Yes,0.5260145664215088
4410,Yes,0.6228220462799072
4411,Yes,0.550941526889801
4412,Yes,0.5427586436271667
4413,No,0.39494049549102783
4414,No,0.449022114276886
4415,No,0.4570302963256836
4416,No,0.4621313512325287
