item,label,p_yes
1,No,0.37496843934059143
2,Yes,0.5412748456001282
3,No,0.33383405208587646
4,Yes,0.7958241701126099
5,No,0.027409574016928673
6,No,0.016004599630832672
7,No,0.01750463806092739
8,No,0.022868163883686066
9,No,0.016775595024228096
10,No,0.007642811629921198
11,No,0.0060501862317323685
12,No,0.004461017902940512
13,No,0.026341374963521957
14,No,0.01132381521165371
15,No,0.007497334387153387
16,No,0.006611910182982683
17,No,0.04528556764125824
18,No,0.03459883853793144
19,No,0.025714660063385963
20,No,0.037204302847385406
21,No,0.04367165267467499
22,No,0.029217269271612167
23,No,0.01091217715293169
24,No,0.01396391075104475
25,No,0.4774821996688843
26,Yes,0.9537505507469177
27,No,0.35387736558914185
28,Yes,0.9636238217353821
29,No,0.015097737312316895
30,No,0.010368509218096733
31,No,0.005252806469798088
32,No,0.004136222414672375
33,No,0.0673268586397171
34,No,0.08367086201906204
35,No,0.07951448857784271
36,No,0.31132906675338745
37,No,0.02733541466295719
38,No,0.016896570101380348
39,No,0.02265544794499874
40,No,0.037764955312013626
41,No,0.024935077875852585
42,No,0.015276405960321426
43,No,0.01031218096613884
44,No,0.028322001919150352
45,No,0.04879721999168396
46,No,0.012971779331564903
47,No,0.017941972240805626
48,No,0.02340703085064888
49,No,0.03050856664776802
50,No,0.014992638491094112
51,No,0.015449545346200466
52,No,0.017271429300308228
53,No,0.06542199850082397
54,No,0.019396696239709854
55,No,0.022799436002969742
56,No,0.012901533395051956
57,No,0.1550714373588562
58,No,0.016675323247909546
59,No,0.03448658436536789
60,No,0.016925277188420296
61,No,0.01660504937171936
62,No,0.01423620618879795
63,No,0.034834809601306915
64,No,0.023372504860162735
65,No,0.020104166120290756
66,No,0.016650181263685226
67,No,0.013734395615756512
68,No,0.015092117711901665
69,No,0.28550276160240173
70,No,0.09207966178655624
71,No,0.07685158401727676
72,No,0.009339625015854836
73,No,0.008537638001143932
74,No,0.0055326540023088455
75,No,0.004423178732395172
76,No,0.0038482118397951126
77,No,0.046549391001462936
78,No,0.05551886931061745
79,No,0.03789789229631424
80,No,0.032517023384571075
81,No,0.02087872475385666
82,No,0.0240856371819973
83,No,0.0051046935841441154
84,No,0.0063664172776043415
85,No,0.004129723180085421
86,No,0.00990902166813612
87,No,0.003988472279161215
88,No,0.004801712464541197
89,No,0.03882861137390137
90,No,0.053337398916482925
91,No,0.011968862265348434
92,No,0.01428233552724123
93,No,0.41850700974464417
94,Yes,0.5209454298019409
95,Yes,0.6034078001976013
96,Yes,0.6338983774185181
97,No,0.02856522798538208
98,No,0.01848401315510273
99,No,0.010022155940532684
100,No,0.009127247147262096
101,No,0.030404964461922646
102,No,0.028414983302354813
103,No,0.008419282734394073
104,No,0.014672830700874329
105,No,0.012133151292800903
106,No,0.01238760445266962
107,No,0.006689727772027254
108,No,0.008829131722450256
109,No,0.0659189447760582
110,No,0.03511212766170502
111,No,0.009728945791721344
112,No,0.008333740755915642
113,No,0.01559093501418829
114,No,0.010407272726297379
115,No,0.005083546042442322
116,No,0.006068397779017687
117,No,0.014862673357129097
118,No,0.022463273257017136
119,No,0.004141217563301325
120,No,0.006081724539399147
121,No,0.015761174261569977
122,No,0.020997723564505577
123,No,0.009902089834213257
124,No,0.011495069600641727
125,No,0.015529708005487919
126,No,0.03128473833203316
127,No,0.02715432643890381
128,No,0.021622823551297188
129,No,0.037408843636512756
130,No,0.020897837355732918
131,No,0.017003711313009262
132,No,0.014274446293711662
133,No,0.14967195689678192
134,No,0.0534232072532177
135,No,0.04649648442864418
136,No,0.0242543276399374
137,No,0.05152927339076996
138,No,0.01708110049366951
139,No,0.01309581845998764
140,No,0.013623573817312717
141,No,0.03192666172981262
142,No,0.01744331419467926
143,No,0.012145697139203548
144,No,0.00641289260238409
145,No,0.25863713026046753
146,No,0.09403219819068909
147,No,0.07185406982898712
148,No,0.02300451509654522
149,No,0.05152927339076996
150,No,0.01708110049366951
151,No,0.01309581845998764
152,No,0.013623573817312717
153,No,0.26818206906318665
154,No,0.179052472114563
155,No,0.13520918786525726
156,No,0.09888225793838501
157,No,0.005159391090273857
158,No,0.005347018130123615
159,No,0.007590349763631821
160,No,0.008361554704606533
161,No,0.018209215253591537
162,No,0.012911064550280571
163,No,0.017935091629624367
164,No,0.011518793180584908
165,No,0.11317090690135956
166,No,0.027637101709842682
167,No,0.04075019061565399
168,No,0.03644108027219772
169,No,0.2455885410308838
170,No,0.03443331643939018
171,No,0.03126180171966553
172,No,0.04157580807805061
173,No,0.05153951421380043
174,No,0.021166857331991196
175,No,0.012608932331204414
176,No,0.0098655354231596
177,No,0.12956367433071136
178,No,0.02768580988049507
179,No,0.03139864280819893
180,No,0.021968824788928032
181,No,0.030275102704763412
182,No,0.014914249069988728
183,No,0.008671386167407036
184,No,0.007434371393173933
185,No,0.010475129820406437
186,No,0.010803996585309505
187,No,0.0068498291075229645
188,No,0.0054711345583200455
189,Yes,0.7122695446014404
190,Yes,0.8431965708732605
191,No,0.2873639464378357
192,Yes,0.6371884942054749
193,No,0.015971940010786057
194,No,0.005837423261255026
195,No,0.004763242322951555
196,No,0.003962265327572823
197,Yes,0.9355571269989014
198,Yes,0.9470512866973877
199,Yes,0.9588126540184021
200,Yes,0.9522899985313416
201,No,0.07152199000120163
202,No,0.07495980709791183
203,No,0.04668419063091278
204,No,0.032340653240680695
205,No,0.02948577143251896
206,No,0.03922567889094353
207,No,0.012099256739020348
208,No,0.007158587221056223
209,No,0.006238975562155247
210,No,0.015345717780292034
211,No,0.015612050890922546
212,No,0.010496439412236214
213,No,0.07180170714855194
214,No,0.091920867562294
215,No,0.03198794648051262
216,No,0.030101962387561798
217,No,0.015734724700450897
218,No,0.009532978758215904
219,No,0.00799019169062376
220,No,0.004660872742533684
221,No,0.02469778060913086
222,No,0.015940677374601364
223,No,0.010533356107771397
224,No,0.009740367531776428
225,No,0.00824214518070221
226,No,0.020773952826857567
227,No,0.011095930822193623
228,No,0.010972291231155396
229,No,0.0038936352357268333
230,No,0.019749509170651436
231,No,0.0024413764476776123
232,No,0.003175770863890648
233,No,0.0691191628575325
234,No,0.04662283509969711
235,No,0.0077363853342831135
236,No,0.00964849442243576
237,No,0.012255744077265263
238,No,0.03421150892972946
239,No,0.007034098729491234
240,No,0.008948663249611855
241,No,0.027140138670802116
242,No,0.11216694116592407
243,No,0.01806047186255455
244,No,0.025211170315742493
245,No,0.15186090767383575
246,No,0.07281723618507385
247,No,0.010542536154389381
248,No,0.010124173015356064
249,No,0.011867087334394455
250,No,0.05744633823633194
251,No,0.0041350494138896465
252,No,0.006103661376982927
253,No,0.01932942122220993
254,No,0.04678629711270332
255,No,0.01849023625254631
256,No,0.02260819636285305
257,No,0.05273129791021347
258,No,0.08763714879751205
259,No,0.00653314683586359
260,No,0.010734708979725838
261,No,0.014041027054190636
262,No,0.029946232214570045
263,No,0.012165475636720657
264,No,0.027584487572312355
265,No,0.012569141574203968
266,No,0.02167236991226673
267,No,0.006151985842734575
268,No,0.006586517207324505
269,No,0.01901787891983986
270,No,0.028160199522972107
271,No,0.012840001843869686
272,No,0.009657022543251514
273,No,0.037393417209386826
274,No,0.02797185443341732
275,No,0.021113891154527664
276,No,0.056008387356996536
277,No,0.032146554440259933
278,No,0.03888387233018875
279,No,0.013175562024116516
280,No,0.013564402237534523
281,No,0.02176465094089508
282,No,0.011340849101543427
283,No,0.008404998108744621
284,No,0.004993638955056667
285,No,0.04652155935764313
286,No,0.04328146576881409
287,No,0.027337731793522835
288,No,0.01642845943570137
289,No,0.020875748246908188
290,No,0.009682041592895985
291,No,0.0077035450376570225
292,No,0.005138704553246498
293,No,0.01702812872827053
294,No,0.014850343577563763
295,No,0.014477679505944252
296,No,0.005459986627101898
297,No,0.03935031220316887
298,No,0.01583145558834076
299,No,0.02634940855205059
300,No,0.013771815225481987
301,No,0.12156417965888977
302,No,0.08015137910842896
303,No,0.08245421200990677
304,No,0.05910829082131386
305,No,0.009974253363907337
306,No,0.02057025395333767
307,No,0.012277994304895401
308,No,0.046252455562353134
309,No,0.04351915419101715
310,No,0.01888849027454853
311,No,0.07279210537672043
312,No,0.07444233447313309
313,No,0.05796360224485397
314,No,0.06402557343244553
315,No,0.0394209548830986
316,No,0.03700074553489685
317,No,0.054865751415491104
318,No,0.0419204905629158
319,No,0.03840402141213417
320,No,0.026369040831923485
321,No,0.046268828213214874
322,No,0.15717829763889313
323,No,0.022700853645801544
324,No,0.05886024609208107
325,No,0.023372726514935493
326,No,0.02388724870979786
327,No,0.01933259330689907
328,No,0.05169971287250519
329,No,0.16700518131256104
330,No,0.039353981614112854
331,No,0.05521512031555176
332,No,0.057249002158641815
333,Yes,0.6514211893081665
334,No,0.43384212255477905
335,Yes,0.8910179734230042
336,Yes,0.8805800676345825
337,No,0.004595729056745768
338,No,0.0035817224998027086
339,No,0.004631218034774065
340,No,0.0034987006802111864
341,No,0.025176113471388817
342,No,0.008917027153074741
343,No,0.0070311580784618855
344,No,0.005745870526880026
345,No,0.021211819723248482
346,No,0.010844922624528408
347,No,0.014201303943991661
348,No,0.0070627410896122456
349,No,0.11810589581727982
350,No,0.07439449429512024
351,No,0.06334180384874344
352,No,0.09848128259181976
353,No,0.04768192395567894
354,No,0.08735842257738113
355,No,0.06350605189800262
356,No,0.05736653134226799
357,No,0.10783012956380844
358,No,0.018794110044836998
359,No,0.017610032111406326
360,No,0.009927868843078613
361,No,0.06239411607384682
362,No,0.04863309860229492
363,No,0.014322458766400814
364,No,0.009527045302093029
365,No,0.055996015667915344
366,No,0.022094422951340675
367,No,0.02121935971081257
368,No,0.00979725643992424
369,No,0.03725157305598259
370,No,0.017359837889671326
371,No,0.036838266998529434
372,No,0.07359234988689423
373,No,0.029817814007401466
374,No,0.018779680132865906
375,No,0.01894143968820572
376,No,0.008787134662270546
377,No,0.05340002104640007
378,No,0.022302677854895592
379,No,0.013043494895100594
380,No,0.016421135514974594
381,No,0.07886619865894318
382,No,0.15021400153636932
383,No,0.07990920543670654
384,No,0.18198125064373016
385,No,0.187164306640625
386,No,0.05539117753505707
387,No,0.31453484296798706
388,No,0.2614394724369049
389,No,0.0704379603266716
390,No,0.03246920183300972
391,No,0.042956333607435226
392,No,0.02427723817527294
393,No,0.01581893488764763
394,No,0.004313167650252581
395,No,0.01851251907646656
396,No,0.03571614995598793
397,No,0.00860618893057108
398,No,0.007806891575455666
399,No,0.006589487195014954
400,No,0.005607424769550562
401,No,0.006112752482295036
402,No,0.0030399158131331205
403,No,0.0037880076561123133
404,No,0.0025716039817780256
405,No,0.013479751534759998
406,No,0.0060755107551813126
407,No,0.015372734516859055
408,No,0.00477104727178812
409,No,0.022786416113376617
410,No,0.010362177155911922
411,No,0.012745237909257412
412,No,0.007338001858443022
413,No,0.38081443309783936
414,No,0.1434478610754013
415,No,0.10361466556787491
416,No,0.01975332759320736
417,No,0.024039117619395256
418,No,0.010679317638278008
419,No,0.005504272412508726
420,No,0.003965379670262337
421,No,0.0852169618010521
422,No,0.023911675438284874
423,No,0.019923921674489975
424,No,0.011507817544043064
425,No,0.07881678640842438
426,No,0.21708188951015472
427,No,0.08181571960449219
428,No,0.33212676644325256
429,No,0.1085241287946701
430,No,0.09907745569944382
431,No,0.10512164980173111
432,No,0.1327698528766632
433,No,0.02710181474685669
434,No,0.028921132907271385
435,No,0.022053388878703117
436,No,0.008386597968637943
437,No,0.01843440905213356
438,No,0.010212186723947525
439,No,0.006692298222333193
440,No,0.005055796355009079
441,No,0.02864934876561165
442,No,0.029641738161444664
443,No,0.017698481678962708
444,No,0.011227395385503769
445,No,0.05981368198990822
446,No,0.030025998130440712
447,No,0.033001188188791275
448,No,0.020665884017944336
449,No,0.022947806864976883
450,No,0.007645030505955219
451,No,0.0046073757112026215
452,No,0.004498207475990057
453,No,0.06876862794160843
454,No,0.07607106864452362
455,No,0.018749864771962166
456,No,0.022858763113617897
457,No,0.02313406392931938
458,No,0.006829994730651379
459,No,0.003981811460107565
460,No,0.004054708406329155
461,No,0.05292389169335365
462,No,0.015000666491687298
463,No,0.017836878076195717
464,No,0.009010350331664085
465,No,0.1333792805671692
466,No,0.11857353895902634
467,No,0.05437567085027695
468,No,0.03772013261914253
469,No,0.01529234740883112
470,No,0.007455360144376755
471,No,0.014591780491173267
472,No,0.010087677277624607
473,No,0.008768152445554733
474,No,0.013184537179768085
475,No,0.004907576832920313
476,No,0.004836050793528557
477,No,0.019428443163633347
478,No,0.013174373656511307
479,No,0.0050890096463263035
480,No,0.0045984601601958275
481,No,0.08233276009559631
482,No,0.07730451971292496
483,No,0.0271602813154459
484,No,0.02263176068663597
485,No,0.28955337405204773
486,No,0.26004019379615784
487,No,0.0732862576842308
488,No,0.016070449724793434
489,No,0.02071492373943329
490,No,0.025259803980588913
491,No,0.007137357257306576
492,No,0.007380095776170492
493,No,0.035116296261548996
494,No,0.044352032244205475
495,No,0.01661211997270584
496,No,0.014124216511845589
497,Yes,0.5755000114440918
498,No,0.07244205474853516
499,No,0.30227798223495483
500,No,0.10084813833236694
501,No,0.15735726058483124
502,No,0.1492985337972641
503,No,0.014467228204011917
504,No,0.009863946586847305
505,No,0.05895768478512764
506,No,0.031102750450372696
507,No,0.013919129967689514
508,No,0.011145263910293579
509,No,0.015250572934746742
510,No,0.015161930583417416
511,No,0.006141561549156904
512,No,0.006563888862729073
513,No,0.0621723048388958
514,No,0.028341887518763542
515,No,0.02452872134745121
516,No,0.009992330335080624
517,No,0.13835148513317108
518,No,0.049290966242551804
519,No,0.053141333162784576
520,No,0.061201758682727814
521,No,0.03760233521461487
522,No,0.02888902649283409
523,No,0.1029309406876564
524,No,0.05784548819065094
525,No,0.0811738595366478
526,No,0.04458964988589287
527,No,0.04729921743273735
528,No,0.0460377000272274
529,No,0.11320918798446655
530,No,0.020270636305212975
531,No,0.017943212762475014
532,No,0.015064806677401066
533,No,0.08251921087503433
534,No,0.06097576022148132
535,No,0.06417334824800491
536,No,0.017588630318641663
537,No,0.18789348006248474
538,No,0.09117446839809418
539,No,0.031867578625679016
540,No,0.012911302968859673
541,No,0.10910019278526306
542,No,0.030717141926288605
543,No,0.022304752841591835
544,No,0.008864575996994972
545,No,0.04693068191409111
546,No,0.09411371499300003
547,No,0.1727273166179657
548,No,0.061023592948913574
549,No,0.43520423769950867
550,No,0.2043120563030243
551,No,0.14349490404129028
552,No,0.09591419249773026
553,No,0.006918462924659252
554,No,0.009558330290019512
555,No,0.006566133350133896
556,No,0.003895045258104801
557,No,0.07015988975763321
558,No,0.010913298465311527
559,No,0.01421806775033474
560,No,0.006985207553952932
561,No,0.03939901292324066
562,No,0.01960563100874424
563,No,0.024302851408720016
564,No,0.018365906551480293
565,No,0.008808993734419346
566,No,0.008966047316789627
567,No,0.008718570694327354
568,No,0.007865173742175102
569,No,0.02733602002263069
570,No,0.014116517268121243
571,No,0.01123469416052103
572,No,0.0068708788603544235
573,No,0.03773578628897667
574,No,0.019063478335738182
575,No,0.013043297454714775
576,No,0.009011060930788517
577,No,0.052309926599264145
578,No,0.010110205039381981
579,No,0.011026265099644661
580,No,0.0076308054849505424
581,No,0.09403327107429504
582,No,0.02393372543156147
583,No,0.02123831957578659
584,No,0.009027951397001743
585,No,0.08545716851949692
586,No,0.12232527136802673
587,No,0.05332218483090401
588,No,0.04644036293029785
589,No,0.05027836188673973
590,No,0.010486179031431675
591,No,0.012062152847647667
592,No,0.007761822082102299
593,No,0.06186800077557564
594,No,0.03872927278280258
595,No,0.01648055948317051
596,No,0.013959094882011414
597,No,0.01704285852611065
598,No,0.016510717570781708
599,No,0.005604870617389679
600,No,0.007229117676615715
601,No,0.18023419380187988
602,No,0.11053221672773361
603,No,0.10139866918325424
604,No,0.12566061317920685
605,No,0.030809499323368073
606,No,0.0228923000395298
607,No,0.007862227968871593
608,No,0.007671115454286337
609,No,0.013920960947871208
610,No,0.01665058545768261
611,No,0.008219084702432156
612,No,0.008149025030434132
613,No,0.0171013455837965
614,No,0.014085686765611172
615,No,0.00740461703389883
616,No,0.0078579131513834
617,No,0.022464551031589508
618,No,0.0207222830504179
619,No,0.06071789190173149
620,No,0.10131599754095078
621,No,0.009273715317249298
622,No,0.011488797143101692
623,No,0.0076593016274273396
624,No,0.015273193828761578
625,No,0.060915522277355194
626,No,0.020064659416675568
627,No,0.009596963413059711
628,No,0.012703360058367252
629,No,0.011178258806467056
630,No,0.006235810462385416
631,No,0.005531497299671173
632,No,0.005092203617095947
633,No,0.026059843599796295
634,No,0.044132400304079056
635,No,0.005212908610701561
636,No,0.00573030486702919
637,No,0.010729077272117138
638,No,0.0040712906047701836
639,No,0.00507959071546793
640,No,0.00482854014262557
641,No,0.016076013445854187
642,No,0.013308003544807434
643,No,0.008720273151993752
644,No,0.006323521491140127
645,No,0.016197917982935905
646,No,0.008218803443014622
647,No,0.0059505244717001915
648,No,0.004995104391127825
649,No,0.024358762428164482
650,No,0.04071158543229103
651,No,0.014372327364981174
652,No,0.011445377953350544
653,No,0.03336483612656593
654,No,0.024797523394227028
655,No,0.009826002642512321
656,No,0.009300192818045616
657,No,0.011244567111134529
658,No,0.007181767374277115
659,No,0.0039337873458862305
660,No,0.004897733218967915
661,No,0.14386942982673645
662,No,0.046524666249752045
663,No,0.023722732439637184
664,No,0.013285115361213684
665,No,0.09620535373687744
666,No,0.047951649874448776
667,No,0.022467799484729767
668,No,0.013162495568394661
669,No,0.04361851140856743
670,No,0.016099249944090843
671,No,0.011651122011244297
672,No,0.008394578471779823
673,No,0.021268077194690704
674,No,0.012414613738656044
675,No,0.009724210016429424
676,No,0.006586213130503893
677,No,0.02273179218173027
678,No,0.020234419032931328
679,No,0.0111539913341403
680,No,0.012699737213551998
681,No,0.09692319482564926
682,No,0.09203924238681793
683,No,0.018692418932914734
684,No,0.012048963457345963
685,No,0.08876902610063553
686,No,0.08292999863624573
687,No,0.02757352776825428
688,No,0.029560798779129982
689,No,0.0032345412764698267
690,No,0.004434666596353054
691,No,0.004481344483792782
692,No,0.005657262168824673
693,No,0.035603947937488556
694,No,0.007876820862293243
695,No,0.06608843803405762
696,No,0.05396932736039162
697,No,0.019940821453928947
698,No,0.008456035517156124
699,No,0.004944825079292059
700,No,0.0052923522889614105
701,No,0.16345196962356567
702,No,0.3031059801578522
703,No,0.02190740779042244
704,No,0.027915988117456436
705,No,0.011244567111134529
706,No,0.007181767374277115
707,No,0.0039337873458862305
708,No,0.004897733218967915
709,No,0.04361851140856743
710,No,0.016099249944090843
711,No,0.011651122011244297
712,No,0.008394578471779823
713,No,0.020532697439193726
714,No,0.0347646102309227
715,No,0.00769528653472662
716,No,0.008228725753724575
717,No,0.10103064030408859
718,No,0.07705827802419662
719,No,0.02644880674779415
720,No,0.03465202450752258
721,No,0.01889108307659626
722,No,0.00814016629010439
723,No,0.00778985908254981
724,No,0.006205117329955101
725,No,0.06018657982349396
726,No,0.016342008486390114
727,No,0.015608011744916439
728,No,0.007547914516180754
729,No,0.02775120735168457
730,No,0.006424083840101957
731,No,0.011798937804996967
732,No,0.006813499610871077
733,No,0.01268226932734251
734,No,0.00698741665109992
735,No,0.0067060221917927265
736,No,0.005115235224366188
737,No,0.014331040903925896
738,No,0.012033131904900074
739,No,0.04799177125096321
740,No,0.012581407092511654
741,No,0.016090283170342445
742,No,0.012444251216948032
743,No,0.023693153634667397
744,No,0.012560552917420864
745,No,0.0703730657696724
746,No,0.026856930926442146
747,No,0.04418272152543068
748,No,0.02373393625020981
749,No,0.02889244258403778
750,No,0.01335599273443222
751,No,0.016181284561753273
752,No,0.008044477552175522
753,No,0.06231604516506195
754,No,0.022697215899825096
755,No,0.0379997156560421
756,No,0.028815072029829025
757,No,0.01964220032095909
758,No,0.009615611284971237
759,No,0.024893522262573242
760,No,0.01152790430933237
761,No,0.03796257823705673
762,No,0.03926306962966919
763,No,0.026823202148079872
764,No,0.014320441521704197
765,No,0.03020387701690197
766,No,0.010220140218734741
767,No,0.011286686174571514
768,No,0.00631179241463542
769,No,0.07698017358779907
770,No,0.016801051795482635
771,No,0.01623770408332348
772,No,0.007910654880106449
773,No,0.014285189099609852
774,No,0.011524246074259281
775,No,0.008062946610152721
776,No,0.006984503008425236
777,No,0.01623850129544735
778,No,0.011490639299154282
779,No,0.006322560831904411
780,No,0.00538212712854147
781,No,0.03466986492276192
782,No,0.0255297739058733
783,No,0.03019530698657036
784,No,0.014919384382665157
785,No,0.04788840934634209
786,No,0.017422832548618317
787,No,0.009263957850635052
788,No,0.00604825746268034
789,No,0.0749792754650116
790,No,0.01715201325714588
791,No,0.03022654540836811
792,No,0.011329103261232376
793,No,0.015693271532654762
794,No,0.019422544166445732
795,No,0.007331519387662411
796,No,0.005400792229920626
797,No,0.02612117864191532
798,No,0.011147841811180115
799,No,0.011845803819596767
800,No,0.007507302798330784
801,No,0.023566456511616707
802,No,0.021786712110042572
803,No,0.012300892733037472
804,No,0.0072442046366631985
805,No,0.027381084859371185
806,No,0.015042634680867195
807,No,0.011029371060431004
808,No,0.008338348008692265
809,No,0.02098129317164421
810,No,0.011289418675005436
811,No,0.012375392019748688
812,No,0.004591199103742838
813,No,0.0216313935816288
814,No,0.017495669424533844
815,No,0.009728306904435158
816,No,0.007512488402426243
817,No,0.012829604558646679
818,No,0.011976134963333607
819,No,0.009061974473297596
820,No,0.011754295788705349
821,No,0.03273281455039978
822,No,0.02577326074242592
823,No,0.02612398751080036
824,No,0.027439232915639877
825,No,0.025321826338768005
826,No,0.029481317847967148
827,No,0.012818941846489906
828,No,0.01301883440464735
829,No,0.06619419902563095
830,No,0.04691676050424576
831,No,0.010338576510548592
832,No,0.010978230275213718
833,No,0.06303395330905914
834,No,0.06034202501177788
835,No,0.020107218995690346
836,No,0.0212765634059906
837,No,0.05445230007171631
838,No,0.04300719127058983
839,No,0.07102745771408081
840,No,0.04500081017613411
841,No,0.012829604558646679
842,No,0.011976134963333607
843,No,0.009061974473297596
844,No,0.011754295788705349
845,No,0.17031438648700714
846,No,0.10838931053876877
847,No,0.01532948762178421
848,No,0.01708100363612175
849,Yes,0.5039377808570862
850,Yes,0.5549696087837219
851,Yes,0.6575060486793518
852,Yes,0.8033036589622498
853,No,0.05621633678674698
854,No,0.06345750391483307
855,No,0.0265477504581213
856,No,0.07947216928005219
857,No,0.011516498401761055
858,No,0.009557466953992844
859,No,0.01625792868435383
860,No,0.006638488732278347
861,No,0.10121410340070724
862,No,0.2077387124300003
863,No,0.09026870876550674
864,No,0.28876975178718567
865,No,0.41912660002708435
866,No,0.40378955006599426
867,No,0.22225944697856903
868,No,0.19762390851974487
869,No,0.02733105979859829
870,No,0.048432376235723495
871,No,0.012221632525324821
872,No,0.014260581694543362
873,No,0.16000330448150635
874,No,0.09041641652584076
875,No,0.029210038483142853
876,No,0.02492668479681015
877,No,0.12551340460777283
878,No,0.2050899714231491
879,No,0.056101445108652115
880,No,0.0630941390991211
881,No,0.2570537030696869
882,No,0.35710468888282776
883,No,0.0634048655629158
884,No,0.08128233253955841
885,No,0.061455920338630676
886,No,0.10050524026155472
887,No,0.010556349530816078
888,No,0.013865303248167038
889,No,0.04002625122666359
890,No,0.0692628026008606
891,No,0.014960835687816143
892,No,0.01486397534608841
893,No,0.028314141556620598
894,No,0.049012914299964905
895,No,0.01786644198000431
896,No,0.01709849387407303
897,No,0.044611748307943344
898,No,0.019115189090371132
899,No,0.02368362434208393
900,No,0.019563481211662292
901,Yes,0.6332316398620605
902,Yes,0.9453445076942444
903,Yes,0.7451738715171814
904,Yes,0.9732654094696045
905,No,0.16390401124954224
906,No,0.02771434187889099
907,No,0.023341087624430656
908,No,0.0166581142693758
909,No,0.017829302698373795
910,No,0.021817408502101898
911,No,0.010925251990556717
912,No,0.017706824466586113
913,No,0.03350570425391197
914,No,0.009517466649413109
915,No,0.008485996164381504
916,No,0.004940052516758442
917,No,0.024109214544296265
918,No,0.013304461725056171
919,No,0.00701218331232667
920,No,0.015491780824959278
921,Yes,0.5487982034683228
922,No,0.4645485579967499
923,Yes,0.6207066774368286
924,Yes,0.769207775592804
925,No,0.06622966378927231
926,No,0.024367354810237885
927,No,0.04390369728207588
928,No,0.013516653329133987
929,No,0.013628417626023293
930,No,0.006087737623602152
931,No,0.004299874883145094
932,No,0.003627339843660593
933,No,0.054193347692489624
934,No,0.023090403527021408
935,No,0.013710944913327694
936,No,0.014639175496995449
937,No,0.030770400539040565
938,No,0.02141713537275791
939,No,0.014143035747110844
940,No,0.007639382034540176
941,No,0.09142663329839706
942,No,0.014725514687597752
943,No,0.0075357104651629925
944,No,0.004648141097277403
945,No,0.0065324134193360806
946,No,0.004928060807287693
947,No,0.006172019522637129
948,No,0.006588974501937628
949,No,0.3148798644542694
950,No,0.2714139223098755
951,Yes,0.5718685984611511
952,No,0.3269025385379791
953,No,0.02778417430818081
954,No,0.01626984030008316
955,No,0.007877477444708347
956,No,0.005974781233817339
957,No,0.07428815960884094
958,No,0.03527132421731949
959,No,0.0181820597499609
960,No,0.014923983253538609
961,No,0.03141497075557709
962,No,0.012452347204089165
963,No,0.02223590388894081
964,No,0.011124731041491032
965,No,0.02171136811375618
966,No,0.017280898988246918
967,No,0.013467587530612946
968,No,0.008235801942646503
969,No,0.026480603963136673
970,No,0.009070130996406078
971,No,0.007340215612202883
972,No,0.006997520569711924
973,No,0.2392636090517044
974,No,0.1752718985080719
975,No,0.07050473988056183
976,No,0.08500353246927261
977,No,0.10662370920181274
978,No,0.032392509281635284
979,No,0.07172384113073349
980,No,0.028284894302487373
981,No,0.06840589642524719
982,No,0.033168066293001175
983,No,0.025652268901467323
984,No,0.009056704118847847
985,No,0.16895373165607452
986,No,0.021326659247279167
987,No,0.07674843817949295
988,No,0.009967869147658348
989,No,0.0791698768734932
990,No,0.04133645072579384
991,No,0.024242963641881943
992,No,0.01732986979186535
993,No,0.14484566450119019
994,No,0.012572461739182472
995,No,0.012868739664554596
996,No,0.007058894727379084
997,No,0.1562100350856781
998,No,0.03422138839960098
999,No,0.0676599070429802
1000,No,0.0179409459233284
1001,No,0.024348843842744827
1002,No,0.008001257665455341
1003,No,0.008803332224488258
1004,No,0.004759602714329958
1005,No,0.03243796527385712
1006,No,0.013408013619482517
1007,No,0.017338039353489876
1008,No,0.007805231958627701
1009,No,0.055959589779376984
1010,No,0.03698025643825531
1011,No,0.07698339968919754
1012,No,0.047179218381643295
1013,No,0.04756753891706467
1014,No,0.047250375151634216
1015,No,0.029972018674016
1016,No,0.023818491026759148
1017,No,0.030314305797219276
1018,No,0.03218856081366539
1019,No,0.019994892179965973
1020,No,0.010440317913889885
1021,No,0.0772646963596344
1022,No,0.11819525063037872
1023,No,0.14875000715255737
1024,No,0.13655860722064972
1025,No,0.03428927809000015
1026,No,0.025166872888803482
1027,No,0.012351330369710922
1028,No,0.00786867830902338
1029,No,0.20447131991386414
1030,No,0.1663208305835724
1031,No,0.07330077141523361
1032,No,0.0666894018650055
1033,No,0.010396264493465424
1034,No,0.005232898984104395
1035,No,0.008564207702875137
1036,No,0.006497443653643131
1037,No,0.025876518338918686
1038,No,0.11504871398210526
1039,No,0.024524960666894913
1040,No,0.04384930431842804
1041,No,0.02244763821363449
1042,No,0.03015771135687828
1043,No,0.011678213253617287
1044,No,0.011362496763467789
1045,No,0.01937165856361389
1046,No,0.017507176846265793
1047,No,0.006411645095795393
1048,No,0.005578363314270973
1049,No,0.08242330700159073
1050,No,0.0438469834625721
1051,No,0.01129547506570816
1052,No,0.008069678209722042
1053,No,0.09760725498199463
1054,No,0.4649864733219147
1055,No,0.216775581240654
1056,No,0.36619794368743896
1057,No,0.02467893622815609
1058,No,0.012807132676243782
1059,No,0.02242886647582054
1060,No,0.013628307729959488
1061,No,0.015942314639687538
1062,No,0.025130437687039375
1063,No,0.011194847524166107
1064,No,0.007754729129374027
1065,No,0.20447131991386414
1066,No,0.1663208305835724
1067,No,0.07330077141523361
1068,No,0.0666894018650055
1069,No,0.03275633230805397
1070,No,0.08902911096811295
1071,No,0.04747528210282326
1072,No,0.06694817543029785
1073,No,0.12024419754743576
1074,No,0.13949736952781677
1075,No,0.2216770350933075
1076,No,0.16040970385074615
1077,No,0.2150823175907135
1078,No,0.10517093539237976
1079,Yes,0.6485971212387085
1080,No,0.35863563418388367
1081,No,0.20018120110034943
1082,No,0.04309253394603729
1083,No,0.016642704606056213
1084,No,0.009005717001855373
1085,No,0.06949479877948761
1086,No,0.02728898636996746
1087,No,0.01909518428146839
1088,No,0.036030784249305725
1089,No,0.15537506341934204
1090,No,0.07772243767976761
1091,No,0.02259792946279049
1092,No,0.023986568674445152
1093,No,0.018768703565001488
1094,No,0.00804807897657156
1095,No,0.005458867643028498
1096,No,0.003832009853795171
1097,No,0.040856778621673584
1098,No,0.055898383259773254
1099,No,0.011345911771059036
1100,No,0.007426922209560871
1101,No,0.12425630539655685
1102,No,0.04054392874240875
1103,No,0.02322615310549736
1104,No,0.037155549973249435
1105,No,0.007978065870702267
1106,No,0.0037640060763806105
1107,No,0.0037295077927410603
1108,No,0.00310575682669878
1109,No,0.008856616914272308
1110,No,0.004970589652657509
1111,No,0.005842883605509996
1112,No,0.003927675541490316
1113,No,0.06840444356203079
1114,Yes,0.6966753602027893
1115,No,0.1616186946630478
1116,No,0.33665773272514343
1117,No,0.06502147763967514
1118,No,0.005430824123322964
1119,No,0.01257329247891903
1120,No,0.00465564476326108
1121,No,0.011740048415958881
1122,No,0.004141243174672127
1123,No,0.00467680674046278
1124,No,0.0037711213808506727
1125,No,0.0328606553375721
1126,No,0.019137324765324593
1127,No,0.018993262201547623
1128,No,0.03615601733326912
1129,No,0.009394236840307713
1130,No,0.007239131722599268
1131,No,0.0063669453375041485
1132,No,0.007488686125725508
1133,No,0.013054235838353634
1134,No,0.009369494393467903
1135,No,0.023640507832169533
1136,No,0.020673073828220367
1137,No,0.12729687988758087
1138,No,0.257821649312973
1139,No,0.1436818391084671
1140,No,0.04098125919699669
1141,No,0.03195035457611084
1142,No,0.022439396008849144
1143,No,0.05621473118662834
1144,No,0.021158093586564064
1145,No,0.03579362481832504
1146,No,0.02327794022858143
1147,No,0.014005213975906372
1148,No,0.006960606202483177
1149,No,0.009089779108762741
1150,No,0.0231949333101511
1151,No,0.02464602142572403
1152,No,0.015059972181916237
1153,No,0.04446368291974068
1154,No,0.14847402274608612
1155,No,0.0617809072136879
1156,No,0.21464188396930695
1157,No,0.04582483321428299
1158,No,0.015000361017882824
1159,No,0.0148165849968791
1160,No,0.006123099010437727
1161,No,0.2545955181121826
1162,No,0.1057208701968193
1163,No,0.2895820438861847
1164,No,0.24138468503952026
1165,No,0.1054282858967781
1166,No,0.07544871419668198
1167,No,0.043551698327064514
1168,No,0.019861051812767982
1169,No,0.0338563434779644
1170,No,0.03941411152482033
1171,No,0.024002540856599808
1172,No,0.020985545590519905
1173,No,0.014156706631183624
1174,No,0.009867054410278797
1175,No,0.010160275734961033
1176,No,0.010036252439022064
1177,No,0.03551745042204857
1178,No,0.027744732797145844
1179,No,0.05476576089859009
1180,No,0.02293354831635952
1181,No,0.023220043629407883
1182,No,0.042597174644470215
1183,No,0.03945004940032959
1184,No,0.1163901761174202
1185,No,0.052506815642118454
1186,No,0.03344672918319702
1187,No,0.022408410906791687
1188,No,0.022916046902537346
1189,No,0.017052778974175453
1190,No,0.015052837319672108
1191,No,0.005267226602882147
1192,No,0.005331007763743401
1193,No,0.27430158853530884
1194,No,0.11924149841070175
1195,No,0.025225283578038216
1196,No,0.011808676645159721
1197,No,0.014443387277424335
1198,No,0.011951866559684277
1199,No,0.006189707200974226
1200,No,0.004841628484427929
1201,Yes,0.8728297352790833
1202,Yes,0.8941982984542847
1203,Yes,0.934116005897522
1204,Yes,0.857389509677887
1205,No,0.03526190668344498
1206,No,0.014463583938777447
1207,No,0.029449226334691048
1208,No,0.02077273093163967
1209,No,0.03694642335176468
1210,No,0.017482386901974678
1211,No,0.01288441102951765
1212,No,0.011170740239322186
1213,No,0.0757334977388382
1214,No,0.04008414223790169
1215,No,0.04631504416465759
1216,No,0.04211259260773659
1217,No,0.04671403020620346
1218,No,0.03739343583583832
1219,No,0.019863910973072052
1220,No,0.02248445712029934
1221,No,0.02533695474267006
1222,No,0.028634261339902878
1223,No,0.03332922235131264
1224,No,0.01382705569267273
1225,No,0.010603141039609909
1226,No,0.013481596484780312
1227,No,0.005042786709964275
1228,No,0.004108157008886337
1229,No,0.0971081331372261
1230,No,0.036931417882442474
1231,No,0.06561960279941559
1232,No,0.03321428969502449
1233,No,0.016448402777314186
1234,No,0.007399078458547592
1235,No,0.011509462259709835
1236,No,0.00602879049256444
1237,No,0.053877148777246475
1238,No,0.0552469938993454
1239,No,0.10752537846565247
1240,No,0.08307626843452454
1241,No,0.02533695474267006
1242,No,0.028634261339902878
1243,No,0.03332922235131264
1244,No,0.01382705569267273
1245,No,0.03504151478409767
1246,No,0.0244564451277256
1247,No,0.009513954631984234
1248,No,0.00752746919170022
1249,No,0.007063773460686207
1250,No,0.009087271988391876
1251,No,0.010982166044414043
1252,No,0.0066716596484184265
1253,No,0.058151975274086
1254,No,0.35907959938049316
1255,No,0.022851087152957916
1256,No,0.031679991632699966
1257,No,0.012942939065396786
1258,No,0.01208559051156044
1259,No,0.005466553848236799
1260,No,0.005030146799981594
1261,No,0.04171206057071686
1262,No,0.04251572862267494
1263,No,0.0158805251121521
1264,No,0.01923825591802597
1265,No,0.01859070174396038
1266,No,0.004721318371593952
1267,No,0.004707216750830412
1268,No,0.002759549766778946
1269,No,0.007339201867580414
1270,No,0.004140655510127544
1271,No,0.008055723272264004
1272,No,0.004657628946006298
1273,No,0.021956445649266243
1274,No,0.012776664458215237
1275,No,0.014443209394812584
1276,No,0.006642887834459543
1277,No,0.10663764923810959
1278,No,0.10242421180009842
1279,No,0.0450051948428154
1280,No,0.049770988523960114
1281,No,0.028724592179059982
1282,No,0.013729240745306015
1283,No,0.01189505122601986
1284,No,0.008277731016278267
1285,No,0.025964094325900078
1286,No,0.016102908179163933
1287,No,0.01137154083698988
1288,No,0.007787163369357586
1289,No,0.020993543788790703
1290,No,0.012859380804002285
1291,No,0.013275261037051678
1292,No,0.007313184440135956
1293,No,0.03843894973397255
1294,No,0.009701238013803959
1295,No,0.00991967786103487
1296,No,0.0058453758247196674
1297,No,0.02819960191845894
1298,No,0.02111976221203804
1299,No,0.02408880554139614
1300,No,0.014032942242920399
1301,No,0.03437310829758644
1302,No,0.07788576930761337
1303,No,0.09465780854225159
1304,No,0.0320696160197258
1305,No,0.022701554000377655
1306,No,0.011289127171039581
1307,No,0.00809463020414114
1308,No,0.004194547887891531
1309,No,0.01884778030216694
1310,No,0.021457988768815994
1311,No,0.017561515793204308
1312,No,0.008582468144595623
1313,No,0.00839818175882101
1314,No,0.007392705883830786
1315,No,0.007136204279959202
1316,No,0.006552576553076506
1317,No,0.023176375776529312
1318,No,0.011980381794273853
1319,No,0.00721278041601181
1320,No,0.008146691136062145
1321,No,0.007289363071322441
1322,No,0.0034541203640401363
1323,No,0.003745310939848423
1324,No,0.004811777267605066
1325,No,0.02350132167339325
1326,No,0.021296970546245575
1327,No,0.015044697560369968
1328,No,0.02283528447151184
1329,No,0.07567808032035828
1330,No,0.10094946622848511
1331,No,0.05059265345335007
1332,No,0.040015481412410736
1333,No,0.3833530843257904
1334,No,0.2745332717895508
1335,No,0.3391296863555908
1336,No,0.17569401860237122
1337,No,0.011608690023422241
1338,No,0.010251377709209919
1339,No,0.010050426237285137
1340,No,0.03195623308420181
1341,No,0.031365226954221725
1342,No,0.05022917687892914
1343,No,0.02007947862148285
1344,No,0.03013727255165577
1345,No,0.00790703110396862
1346,No,0.00875869020819664
1347,No,0.005401044152677059
1348,No,0.0065183560363948345
1349,No,0.05427993834018707
1350,No,0.013683601282536983
1351,No,0.02593427523970604
1352,No,0.014410997740924358
1353,No,0.021280672401189804
1354,No,0.019529396668076515
1355,No,0.034988466650247574
1356,No,0.014593669213354588
1357,No,0.10048078000545502
1358,No,0.0392586812376976
1359,No,0.019022107124328613
1360,No,0.010898767039179802
1361,No,0.046324823051691055
1362,No,0.0129665182903409
1363,No,0.010687767527997494
1364,No,0.0054091052152216434
1365,No,0.04694323614239693
1366,No,0.03357866033911705
1367,No,0.016383718699216843
1368,No,0.007778896950185299
1369,No,0.0379708856344223
1370,No,0.08782023191452026
1371,No,0.013976716436445713
1372,No,0.011589949950575829
1373,No,0.025631753727793694
1374,No,0.014936177991330624
1375,No,0.007494799327105284
1376,No,0.0060149747878313065
1377,No,0.010327929630875587
1378,No,0.011350694112479687
1379,No,0.006306877359747887
1380,No,0.005582749843597412
1381,No,0.03271086513996124
1382,No,0.24035590887069702
1383,No,0.07153681665658951
1384,No,0.4098217189311981
1385,No,0.04384055733680725
1386,No,0.027542077004909515
1387,No,0.013482466340065002
1388,No,0.011532443575561047
1389,No,0.05248761549592018
1390,No,0.0748097226023674
1391,No,0.06594713032245636
1392,No,0.0464131161570549
1393,No,0.08808322995901108
1394,No,0.014221559278666973
1395,No,0.00989912636578083
1396,No,0.010359435342252254
1397,No,0.008409048430621624
1398,No,0.020283488556742668
1399,No,0.006582041271030903
1400,No,0.013239061459898949
1401,No,0.05534995347261429
1402,No,0.030095431953668594
1403,No,0.010516342706978321
1404,No,0.008473270572721958
1405,No,0.09690293669700623
1406,No,0.06934042274951935
1407,No,0.03233841434121132
1408,No,0.1017279326915741
1409,No,0.04447866976261139
1410,No,0.018582960590720177
1411,No,0.014077289961278439
1412,No,0.01353298220783472
1413,No,0.022306345403194427
1414,No,0.015870122238993645
1415,No,0.018057527020573616
1416,No,0.022242773324251175
1417,No,0.0057921027764678
1418,No,0.02830638736486435
1419,No,0.005438115913420916
1420,No,0.018586967140436172
1421,No,0.25488826632499695
1422,No,0.21244798600673676
1423,No,0.0944308340549469
1424,No,0.06923031806945801
1425,No,0.023085881024599075
1426,No,0.04032218083739281
1427,No,0.015674903988838196
1428,No,0.006878310814499855
1429,No,0.022876277565956116
1430,No,0.00634330278262496
1431,No,0.01614535227417946
1432,No,0.00664092181250453
1433,No,0.021780041977763176
1434,No,0.01687769964337349
1435,No,0.013263477012515068
1436,No,0.012071279808878899
1437,No,0.09434322267770767
1438,No,0.03804725781083107
1439,No,0.02812175080180168
1440,No,0.014871486462652683
1441,No,0.02650669775903225
1442,No,0.019314052537083626
1443,No,0.008308758959174156
1444,No,0.01128958910703659
1445,No,0.025817930698394775
1446,No,0.01559110451489687
1447,No,0.03305031731724739
1448,No,0.030511150136590004
1449,Yes,0.8826659917831421
1450,No,0.2729433476924896
1451,Yes,0.9507185220718384
1452,Yes,0.8748828172683716
1453,No,0.35046884417533875
1454,No,0.4659956097602844
1455,No,0.07100831717252731
1456,No,0.11702863872051239
1457,No,0.026571283116936684
1458,No,0.038412194699048996
1459,No,0.01696123369038105
1460,No,0.03487494960427284
1461,No,0.062426406890153885
1462,No,0.023525046184659004
1463,No,0.029787331819534302
1464,No,0.010739509016275406
1465,No,0.07059663534164429
1466,No,0.026652341708540916
1467,No,0.03125026822090149
1468,No,0.03253878653049469
1469,No,0.04560568928718567
1470,No,0.03407083451747894
1471,No,0.012007562443614006
1472,No,0.0074915639124810696
1473,No,0.24630388617515564
1474,No,0.4238319396972656
1475,No,0.3297177255153656
1476,No,0.42946764826774597
1477,No,0.2820177674293518
1478,No,0.3009360134601593
1479,Yes,0.6613577008247375
1480,Yes,0.7504326105117798
1481,No,0.24987323582172394
1482,No,0.1728878617286682
1483,No,0.033439911901950836
1484,No,0.021450432017445564
1485,No,0.22031566500663757
1486,No,0.48312920331954956
1487,No,0.12906216084957123
1488,No,0.3000596761703491
1489,No,0.041177649050951004
1490,No,0.022280452772974968
1491,No,0.007108272984623909
1492,No,0.005505138076841831
1493,No,0.02427118830382824
1494,No,0.05720387026667595
1495,No,0.015919605270028114
1496,No,0.025375913828611374
1497,No,0.24987323582172394
1498,No,0.1728878617286682
1499,No,0.033439911901950836
1500,No,0.021450432017445564
1501,No,0.019497081637382507
1502,No,0.017714504152536392
1503,No,0.007782154716551304
1504,No,0.008030888624489307
1505,No,0.019638560712337494
1506,No,0.021212013438344002
1507,No,0.012380077503621578
1508,No,0.006775695830583572
1509,No,0.29507848620414734
1510,No,0.39863407611846924
1511,No,0.13985086977481842
1512,No,0.058238815516233444
1513,No,0.0204106867313385
1514,No,0.02034693770110607
1515,No,0.007390182465314865
1516,No,0.007943510077893734
1517,No,0.06651961803436279
1518,No,0.04571669548749924
1519,No,0.2787586748600006
1520,No,0.060464341193437576
1521,No,0.015370195731520653
1522,No,0.007572899106889963
1523,No,0.00585672352463007
1524,No,0.004555181134492159
1525,No,0.00919989962130785
1526,No,0.00667608855292201
1527,No,0.006173502653837204
1528,No,0.004811318591237068
1529,No,0.06445024907588959
1530,No,0.02409905008971691
1531,No,0.02319961041212082
1532,No,0.010719622485339642
1533,No,0.03706945478916168
1534,No,0.03726641833782196
1535,No,0.007477276958525181
1536,No,0.0075074355117976665
1537,No,0.02190600335597992
1538,No,0.009864933788776398
1539,No,0.007197893224656582
1540,No,0.007221012841910124
1541,No,0.02333131991326809
1542,No,0.026294315233826637
1543,No,0.021851124241948128
1544,No,0.0157648716121912
1545,No,0.03533896058797836
1546,No,0.015533914789557457
1547,No,0.008387040346860886
1548,No,0.00597989559173584
1549,No,0.03787441924214363
1550,No,0.015484209172427654
1551,No,0.010268156416714191
1552,No,0.006939981132745743
1553,No,0.025722570717334747
1554,No,0.008128900080919266
1555,No,0.006217680871486664
1556,No,0.012356980703771114
1557,No,0.09807376563549042
1558,No,0.015930989757180214
1559,No,0.05786486342549324
1560,No,0.032088760286569595
1561,No,0.10920283198356628
1562,No,0.045772768557071686
1563,No,0.06668791174888611
1564,No,0.08290798217058182
1565,No,0.037829674780368805
1566,No,0.024097571149468422
1567,No,0.02937466651201248
1568,No,0.030750717967748642
1569,No,0.2833840548992157
1570,No,0.02619323879480362
1571,No,0.01201641745865345
1572,No,0.007580103352665901
1573,No,0.0361575186252594
1574,No,0.009631161577999592
1575,No,0.011636834591627121
1576,No,0.004410121589899063
1577,No,0.041980426758527756
1578,No,0.029159067198634148
1579,No,0.013992971740663052
1580,No,0.009567229077219963
1581,No,0.027549855411052704
1582,No,0.010680628009140491
1583,No,0.009508781135082245
1584,No,0.004871589597314596
1585,No,0.043808698654174805
1586,No,0.02273212932050228
1587,No,0.03596755117177963
1588,No,0.033356983214616776
1589,No,0.027166835963726044
1590,No,0.02656797133386135
1591,No,0.04560786485671997
1592,No,0.023468956351280212
1593,No,0.02272898145020008
1594,No,0.019169636070728302
1595,No,0.0097991107031703
1596,No,0.006339410785585642
1597,No,0.06216743215918541
1598,No,0.03676101565361023
1599,No,0.021088911220431328
1600,No,0.010024337098002434
1601,No,0.09904439002275467
1602,No,0.09541246294975281
1603,No,0.02374183014035225
1604,No,0.16166557371616364
1605,No,0.19331586360931396
1606,No,0.0704406201839447
1607,No,0.08279644697904587
1608,No,0.08763376623392105
1609,No,0.07290598005056381
1610,No,0.10392385721206665
1611,No,0.08554639667272568
1612,No,0.19095072150230408
1613,No,0.20713648200035095
1614,No,0.16251499950885773
1615,No,0.14097906649112701
1616,No,0.19727396965026855
1617,No,0.008398870006203651
1618,No,0.006479944102466106
1619,No,0.007469085976481438
1620,No,0.008044586516916752
1621,No,0.02672811783850193
1622,No,0.012942694127559662
1623,No,0.020589908584952354
1624,No,0.019824206829071045
1625,No,0.05418292433023453
1626,No,0.038246188312768936
1627,No,0.02365669049322605
1628,No,0.034678880125284195
1629,Yes,0.7367610335350037
1630,Yes,0.9569737911224365
1631,Yes,0.9606921672821045
1632,Yes,0.9856241941452026
1633,No,0.08075351268053055
1634,No,0.06366123259067535
1635,No,0.032329656183719635
1636,No,0.0627950057387352
1637,No,0.08997393399477005
1638,No,0.043688297271728516
1639,No,0.038434673100709915
1640,No,0.03615306317806244
1641,No,0.031676340848207474
1642,No,0.07125594466924667
1643,No,0.01754319854080677
1644,No,0.03109726309776306
1645,No,0.023407287895679474
1646,No,0.03488633409142494
1647,No,0.043403204530477524
1648,No,0.026897946372628212
1649,No,0.023407287895679474
1650,No,0.03488633409142494
1651,No,0.043403204530477524
1652,No,0.026897946372628212
1653,No,0.017814090475440025
1654,No,0.02231135591864586
1655,No,0.011332394555211067
1656,No,0.02501164749264717
1657,No,0.05108126252889633
1658,No,0.023155758157372475
1659,No,0.02947688288986683
1660,No,0.06380215287208557
1661,No,0.08102171868085861
1662,No,0.021630283445119858
1663,No,0.022552233189344406
1664,No,0.04222215339541435
1665,No,0.09619982540607452
1666,No,0.026936033740639687
1667,No,0.026851775124669075
1668,No,0.006850466597825289
1669,No,0.11507347226142883
1670,No,0.06399118155241013
1671,No,0.022950973361730576
1672,No,0.008777959272265434
1673,No,0.2725660502910614
1674,No,0.2107108235359192
1675,Yes,0.5331208109855652
1676,No,0.38178372383117676
1677,No,0.11392755806446075
1678,No,0.02638581395149231
1679,No,0.04190705716609955
1680,No,0.019110988825559616
1681,No,0.026160089299082756
1682,No,0.016280053183436394
1683,No,0.01069361250847578
1684,No,0.006422590464353561
1685,No,0.027833271771669388
1686,No,0.0104452446103096
1687,No,0.011147240176796913
1688,No,0.017862576991319656
1689,No,0.03384459391236305
1690,No,0.016680128872394562
1691,No,0.010471716523170471
1692,No,0.004931014962494373
1693,No,0.17748470604419708
1694,No,0.20184992253780365
1695,No,0.11873666942119598
1696,No,0.2539962828159332
1697,No,0.06710375100374222
1698,No,0.021532464772462845
1699,No,0.015485966578125954
1700,No,0.011764262802898884
1701,No,0.03378264233469963
1702,No,0.02372017130255699
1703,No,0.01850946992635727
1704,No,0.01700679212808609
1705,No,0.02153097838163376
1706,No,0.008734147995710373
1707,No,0.008564291521906853
1708,No,0.006477108225226402
1709,No,0.020646987482905388
1710,No,0.006673014257103205
1711,No,0.008045008406043053
1712,No,0.006307998206466436
1713,No,0.017270715907216072
1714,No,0.01236297469586134
1715,No,0.007722745183855295
1716,No,0.005473210010677576
1717,No,0.009910546243190765
1718,No,0.004952454473823309
1719,No,0.008254210464656353
1720,No,0.004418579395860434
1721,No,0.020282689481973648
1722,No,0.00861520878970623
1723,No,0.007165759336203337
1724,No,0.0051759984344244
1725,No,0.02596447989344597
1726,No,0.01773696206510067
1727,No,0.013806603848934174
1728,No,0.004810818005353212
1729,No,0.03132607787847519
1730,No,0.01724008284509182
1731,No,0.012052205391228199
1732,No,0.006238881032913923
1733,No,0.28062814474105835
1734,No,0.08215975761413574
1735,No,0.11908196657896042
1736,No,0.13992197811603546
1737,No,0.027635008096694946
1738,No,0.013459490612149239
1739,No,0.010438946075737476
1740,No,0.006196250207722187
1741,No,0.09576544910669327
1742,No,0.04017278924584389
1743,No,0.03944109007716179
1744,No,0.0193602554500103
1745,No,0.02378048561513424
1746,No,0.009727124124765396
1747,No,0.03586419299244881
1748,No,0.02207420952618122
1749,No,0.024230822920799255
1750,No,0.007104582618921995
1751,No,0.00927969254553318
1752,No,0.006478106137365103
1753,No,0.021513912826776505
1754,No,0.008569042198359966
1755,No,0.015272649005055428
1756,No,0.01260116696357727
1757,No,0.059168726205825806
1758,No,0.031233355402946472
1759,No,0.04775010049343109
1760,No,0.041027843952178955
1761,No,0.09398848563432693
1762,No,0.03799042850732803
1763,No,0.16720685362815857
1764,Yes,0.5657095313072205
1765,No,0.029504595324397087
1766,No,0.0161170344799757
1767,No,0.017187947407364845
1768,No,0.0068704611621797085
1769,No,0.00988367386162281
1770,No,0.006380319595336914
1771,No,0.007385795935988426
1772,No,0.005540982820093632
1773,No,0.059363771229982376
1774,No,0.014253140427172184
1775,No,0.008058184757828712
1776,No,0.007855771109461784
1777,No,0.013658839277923107
1778,No,0.00916309468448162
1779,No,0.004431926179677248
1780,No,0.00338196218945086
1781,No,0.0275046955794096
1782,No,0.016118543222546577
1783,No,0.023403393104672432
1784,No,0.01148085854947567
1785,No,0.02463453635573387
1786,No,0.01351719256490469
1787,No,0.018985195085406303
1788,No,0.045775119215250015
1789,No,0.012456941418349743
1790,No,0.006716880016028881
1791,No,0.007132965140044689
1792,No,0.004906006157398224
1793,No,0.058108750730752945
1794,No,0.02886788733303547
1795,No,0.018564846366643906
1796,No,0.015818020328879356
1797,No,0.019040320068597794
1798,No,0.011788980104029179
1799,No,0.0189790278673172
1800,No,0.028407443314790726
1801,No,0.03974614664912224
1802,No,0.047279030084609985
1803,No,0.021359961479902267
1804,No,0.016136610880494118
1805,No,0.029704097658395767
1806,No,0.016052542254328728
1807,No,0.011808238923549652
1808,No,0.007726714480668306
1809,No,0.020182974636554718
1810,No,0.007409289013594389
1811,No,0.006208633538335562
1812,No,0.0041587804444134235
1813,No,0.015869425609707832
1814,No,0.009722485207021236
1815,No,0.00732547277584672
1816,No,0.004044883418828249
1817,No,0.30456024408340454
1818,No,0.13099858164787292
1819,No,0.05264889821410179
1820,No,0.025800803676247597
1821,No,0.06534126400947571
1822,No,0.05478426069021225
1823,No,0.02415313944220543
1824,No,0.008868674747645855
1825,No,0.13421902060508728
1826,No,0.0369027704000473
1827,No,0.04585820809006691
1828,No,0.01627437397837639
1829,No,0.14300134778022766
1830,No,0.06710973381996155
1831,No,0.055789489299058914
1832,No,0.019290348514914513
1833,No,0.06851697713136673
1834,No,0.023470615968108177
1835,No,0.02077891305088997
1836,No,0.016192618757486343
1837,No,0.36856943368911743
1838,No,0.08096262812614441
1839,No,0.17880825698375702
1840,No,0.09590762108564377
1841,No,0.07784590870141983
1842,No,0.016468049958348274
1843,No,0.012276382185518742
1844,No,0.006628100760281086
1845,No,0.010702213272452354
1846,No,0.007547732442617416
1847,No,0.03016514703631401
1848,No,0.006495025474578142
1849,No,0.028373271226882935
1850,No,0.017180107533931732
1851,No,0.02218092605471611
1852,No,0.021739430725574493
1853,No,0.11628944426774979
1854,No,0.05971360579133034
1855,No,0.16233450174331665
1856,No,0.07708228379487991
1857,Yes,0.5069118738174438
1858,No,0.44668346643447876
1859,Yes,0.5101482272148132
1860,No,0.13647840917110443
1861,No,0.03323560953140259
1862,No,0.022916723042726517
1863,No,0.010264534503221512
1864,No,0.004452456720173359
1865,No,0.04526802897453308
1866,No,0.014036828652024269
1867,No,0.024542560800909996
1868,No,0.010099832899868488
1869,Yes,0.5250465273857117
1870,Yes,0.5029072761535645
1871,No,0.19600960612297058
1872,No,0.17522603273391724
1873,No,0.004408290144056082
1874,No,0.0072049424052238464
1875,No,0.004918362945318222
1876,No,0.004960192833095789
1877,No,0.011597719974815845
1878,No,0.004785884637385607
1879,No,0.008711540140211582
1880,No,0.005046996288001537
1881,No,0.08346925675868988
1882,No,0.019006486982107162
1883,No,0.042048610746860504
1884,No,0.011249142698943615
1885,No,0.010050500743091106
1886,No,0.013429504819214344
1887,No,0.009571733884513378
1888,No,0.012116706930100918
1889,No,0.02535908855497837
1890,No,0.022536003962159157
1891,No,0.009924955666065216
1892,No,0.0072272042743861675
1893,No,0.01822659932076931
1894,No,0.011566105298697948
1895,No,0.007261337712407112
1896,No,0.004023140762001276
1897,No,0.0386904776096344
1898,No,0.012832512147724628
1899,No,0.011529356241226196
1900,No,0.005769783165305853
1901,No,0.016719795763492584
1902,No,0.0071664596907794476
1903,No,0.004859561566263437
1904,No,0.00408126600086689
1905,No,0.1229991763830185
1906,No,0.08314880728721619
1907,No,0.08529068529605865
1908,No,0.05062480270862579
1909,No,0.013474464416503906
1910,No,0.010145959444344044
1911,No,0.011954163201153278
1912,No,0.007938147522509098
1913,No,0.07286678999662399
1914,No,0.030444610863924026
1915,No,0.019512498751282692
1916,No,0.01504579745233059
1917,No,0.007928031496703625
1918,No,0.009310195222496986
1919,No,0.006014492828398943
1920,No,0.0059737954288721085
1921,No,0.006773956120014191
1922,No,0.007134454324841499
1923,No,0.004749571904540062
1924,No,0.004581670742481947
1925,No,0.0316399410367012
1926,No,0.01366762537509203
1927,No,0.012176861055195332
1928,No,0.007692629471421242
1929,No,0.008607168681919575
1930,No,0.0051644532941281796
1931,No,0.006260163150727749
1932,No,0.004807392600923777
1933,No,0.0025530592538416386
1934,No,0.0026207207702100277
1935,No,0.002741218078881502
1936,No,0.0021793036721646786
1937,No,0.04592941701412201
1938,No,0.030466770753264427
1939,No,0.01296582818031311
1940,No,0.0065470971167087555
1941,No,0.046476852148771286
1942,No,0.01775333657860756
1943,No,0.005500201601535082
1944,No,0.004260955844074488
1945,No,0.06113014742732048
1946,No,0.021996870636940002
1947,No,0.016619177535176277
1948,No,0.009545776061713696
1949,No,0.023723961785435677
1950,No,0.029443087056279182
1951,No,0.01579352468252182
1952,No,0.01318247802555561
1953,No,0.026128211989998817
1954,No,0.02491547353565693
1955,No,0.01881435699760914
1956,No,0.01442624256014824
1957,No,0.03729728236794472
1958,No,0.009458894841372967
1959,No,0.0070072561502456665
1960,No,0.005353476386517286
1961,No,0.0318896658718586
1962,No,0.028383571654558182
1963,No,0.014294922351837158
1964,No,0.009512321092188358
1965,No,0.04362798109650612
1966,No,0.039948832243680954
1967,No,0.018054533749818802
1968,No,0.02592829428613186
1969,No,0.11263779550790787
1970,No,0.04228569567203522
1971,No,0.024551192298531532
1972,No,0.00734137324616313
1973,No,0.04762845113873482
1974,No,0.025741146877408028
1975,No,0.010835973545908928
1976,No,0.0062989043071866035
1977,No,0.06095708906650543
1978,No,0.01528653409332037
1979,No,0.0190895963460207
1980,No,0.011585604399442673
1981,No,0.057938478887081146
1982,No,0.03464891016483307
1983,No,0.02099907211959362
1984,No,0.0133378766477108
1985,No,0.00914447009563446
1986,No,0.026298359036445618
1987,No,0.07555559277534485
1988,No,0.07113872468471527
1989,No,0.031209753826260567
1990,No,0.03466358780860901
1991,No,0.037309013307094574
1992,No,0.03164283558726311
1993,No,0.17032620310783386
1994,No,0.07898080348968506
1995,No,0.07047475874423981
1996,No,0.023195765912532806
1997,No,0.1313439905643463
1998,No,0.02302480675280094
1999,No,0.025953182950615883
2000,No,0.012853088788688183
2001,No,0.0785684734582901
2002,No,0.03971365839242935
2003,No,0.013646145351231098
2004,No,0.011043548583984375
2005,No,0.15450316667556763
2006,No,0.16033488512039185
2007,No,0.06323342770338058
2008,No,0.0349721685051918
2009,No,0.3581653833389282
2010,No,0.1887250393629074
2011,No,0.3867584764957428
2012,No,0.26663804054260254
2013,No,0.19587567448616028
2014,No,0.4082886278629303
2015,Yes,0.5116578340530396
2016,Yes,0.7528836131095886
2017,No,0.06123637780547142
2018,No,0.018425270915031433
2019,No,0.012838166207075119
2020,No,0.007064564153552055
2021,No,0.010035823099315166
2022,No,0.008412133902311325
2023,No,0.004580543842166662
2024,No,0.004405091516673565
2025,No,0.027872810140252113
2026,No,0.039644744247198105
2027,No,0.012608570978045464
2028,No,0.008362378925085068
2029,No,0.021368730813264847
2030,No,0.01803947240114212
2031,No,0.005457351449877024
2032,No,0.005184795241802931
2033,No,0.44709089398384094
2034,No,0.11153078824281693
2035,No,0.07261581718921661
2036,No,0.0448317788541317
2037,No,0.021560076624155045
2038,No,0.010770251043140888
2039,No,0.009332558140158653
2040,No,0.0061957137659192085
2041,No,0.02834009937942028
2042,No,0.005537421442568302
2043,No,0.009991035796701908
2044,No,0.007448274176567793
2045,No,0.017859259620308876
2046,No,0.00968858040869236
2047,No,0.004827664699405432
2048,No,0.005878007039427757
2049,No,0.149797722697258
2050,No,0.13555137813091278
2051,No,0.03839584439992905
2052,No,0.035018038004636765
2053,No,0.0966646820306778
2054,No,0.08269093185663223
2055,No,0.11047975718975067
2056,No,0.07194575667381287
2057,No,0.06341692060232162
2058,No,0.0421023927628994
2059,No,0.008620780892670155
2060,No,0.010913720354437828
2061,No,0.06822539865970612
2062,No,0.02834825962781906
2063,No,0.018727844581007957
2064,No,0.021678844466805458
2065,No,0.007950223051011562
2066,No,0.00413490179926157
2067,No,0.0033309487625956535
2068,No,0.003788392059504986
2069,No,0.03474355489015579
2070,No,0.015640031546354294
2071,No,0.01270318403840065
2072,No,0.007804530672729015
2073,No,0.012810901738703251
2074,No,0.019088367000222206
2075,No,0.010022870264947414
2076,No,0.016056790947914124
2077,No,0.02834009937942028
2078,No,0.005537421442568302
2079,No,0.009991035796701908
2080,No,0.007448274176567793
2081,No,0.04900558665394783
2082,No,0.025928691029548645
2083,No,0.03795082867145538
2084,No,0.047581423074007034
2085,No,0.1238759309053421
2086,No,0.10548141598701477
2087,No,0.08945031464099884
2088,No,0.03256792947649956
2089,Yes,0.9835534691810608
2090,Yes,0.9484350085258484
2091,Yes,0.9398974776268005
2092,Yes,0.9750056266784668
2093,No,0.058438774198293686
2094,No,0.05089810863137245
2095,No,0.1323017030954361
2096,No,0.0777595117688179
2097,No,0.01640160009264946
2098,No,0.010226886719465256
2099,No,0.01042780838906765
2100,No,0.00787320826202631
2101,No,0.014806024730205536
2102,No,0.006910454947501421
2103,No,0.009280364960432053
2104,No,0.005641240626573563
2105,No,0.05244068428874016
2106,No,0.022300031036138535
2107,No,0.01672786846756935
2108,No,0.010490020737051964
2109,No,0.025675013661384583
2110,No,0.012904126197099686
2111,No,0.012560823932290077
2112,No,0.009501082822680473
2113,No,0.0922168716788292
2114,No,0.0460369810461998
2115,No,0.030392905697226524
2116,No,0.016562705859541893
2117,No,0.0739758238196373
2118,No,0.06301038712263107
2119,No,0.029865559190511703
2120,No,0.02807537466287613
2121,No,0.05273932218551636
2122,No,0.025344332680106163
2123,No,0.012474791146814823
2124,No,0.008596844971179962
2125,No,0.05616763234138489
2126,No,0.043524932116270065
2127,No,0.01931464858353138
2128,No,0.010921034030616283
2129,No,0.01832485757768154
2130,No,0.01007209811359644
2131,No,0.00970856286585331
2132,No,0.005934226792305708
2133,No,0.02538800612092018
2134,No,0.021880250424146652
2135,No,0.009516625665128231
2136,No,0.011908717453479767
2137,No,0.2863808870315552
2138,No,0.11166460067033768
2139,No,0.022972844541072845
2140,No,0.007747146766632795
2141,No,0.007601051591336727
2142,No,0.006371703930199146
2143,No,0.0051555335521698
2144,No,0.00509516941383481
2145,No,0.14951929450035095
2146,No,0.09293293952941895
2147,No,0.01387476921081543
2148,No,0.009485701099038124
2149,No,0.06109684333205223
2150,No,0.09758703410625458
2151,No,0.017342010512948036
2152,No,0.008718215860426426
2153,No,0.037114743143320084
2154,No,0.0330527238547802
2155,No,0.012335299514234066
2156,No,0.01089581660926342
2157,No,0.022943822667002678
2158,No,0.017340905964374542
2159,No,0.010322386398911476
2160,No,0.00622952077537775
2161,No,0.1360088735818863
2162,No,0.04025774449110031
2163,No,0.04096945375204086
2164,No,0.02721226215362549
2165,No,0.032073725014925
2166,No,0.01731828600168228
2167,No,0.02235330455005169
2168,No,0.00939205102622509
2169,No,0.06699246913194656
2170,No,0.05159647390246391
2171,No,0.023651009425520897
2172,No,0.03211641684174538
2173,No,0.022467421367764473
2174,No,0.018060116097331047
2175,No,0.011989672668278217
2176,No,0.006296833511441946
2177,No,0.029097044840455055
2178,No,0.022873971611261368
2179,No,0.011212339624762535
2180,No,0.010246877558529377
2181,No,0.10124430060386658
2182,No,0.12544822692871094
2183,No,0.042353250086307526
2184,No,0.04612274840474129
2185,No,0.042175862938165665
2186,No,0.049190495163202286
2187,No,0.018467223271727562
2188,No,0.022393977269530296
2189,No,0.04699967801570892
2190,No,0.014542004093527794
2191,No,0.011422200128436089
2192,No,0.008448485285043716
2193,No,0.013175559230148792
2194,No,0.01703891158103943
2195,No,0.00489435251802206
2196,No,0.006556435488164425
2197,No,0.3300638794898987
2198,No,0.22584937512874603
2199,No,0.026438960805535316
2200,No,0.020629126578569412
2201,No,0.017157206311821938
2202,No,0.03177404776215553
2203,No,0.00779596297070384
2204,No,0.0058542294427752495
2205,No,0.08950715512037277
2206,No,0.06195247918367386
2207,No,0.013137539848685265
2208,No,0.01480151154100895
2209,No,0.11069906502962112
2210,No,0.027065087109804153
2211,No,0.04286603257060051
2212,No,0.029049189761281013
2213,No,0.014256594702601433
2214,No,0.007726560812443495
2215,No,0.017730800434947014
2216,No,0.007329997606575489
2217,No,0.01541847176849842
2218,No,0.0097128264605999
2219,No,0.014533447101712227
2220,No,0.0070647685788571835
2221,No,0.008891502395272255
2222,No,0.004533825442194939
2223,No,0.004714264068752527
2224,No,0.003732783952727914
2225,No,0.07574004679918289
2226,No,0.1257617324590683
2227,No,0.033421337604522705
2228,No,0.03330010920763016
2229,No,0.04899038374423981
2230,No,0.038880277425050735
2231,No,0.011458749882876873
2232,No,0.011098816990852356
2233,No,0.22683940827846527
2234,No,0.2579387426376343
2235,No,0.022960320115089417
2236,No,0.043546922504901886
2237,No,0.05640900507569313
2238,No,0.06845749914646149
2239,No,0.020140256732702255
2240,No,0.020323392003774643
2241,No,0.1338731050491333
2242,No,0.03843624144792557
2243,No,0.03195565566420555
2244,No,0.019530849531292915
2245,No,0.011781072244048119
2246,No,0.018178138881921768
2247,No,0.005008204374462366
2248,No,0.004952841438353062
2249,No,0.05457613989710808
2250,No,0.1273626983165741
2251,No,0.07990990579128265
2252,No,0.0970696210861206
2253,No,0.025410449132323265
2254,No,0.051181860268116
2255,No,0.007382432464510202
2256,No,0.008413329720497131
2257,No,0.012487370520830154
2258,No,0.010309726931154728
2259,No,0.0050672064535319805
2260,No,0.005152718164026737
2261,No,0.02178097888827324
2262,No,0.008896304294466972
2263,No,0.007360029499977827
2264,No,0.005609210580587387
2265,No,0.060000915080308914
2266,No,0.11418943107128143
2267,No,0.014999091625213623
2268,No,0.011288096196949482
2269,No,0.014188851229846478
2270,No,0.009060590527951717
2271,No,0.003619858529418707
2272,No,0.0033587482757866383
2273,No,0.01370089128613472
2274,No,0.011063975282013416
2275,No,0.008243919350206852
2276,No,0.007688167970627546
2277,No,0.024018926545977592
2278,No,0.04586931690573692
2279,No,0.01985240913927555
2280,No,0.016354141756892204
2281,No,0.03078707680106163
2282,No,0.04250296205282211
2283,No,0.010990015231072903
2284,No,0.010379764251410961
2285,No,0.019375769421458244
2286,No,0.015282219275832176
2287,No,0.00691409595310688
2288,No,0.0061948648653924465
2289,No,0.04136680066585541
2290,No,0.020358823239803314
2291,No,0.013674436137080193
2292,No,0.01034080982208252
2293,No,0.012082901783287525
2294,No,0.004848069977015257
2295,No,0.0061417012475430965
2296,No,0.003415520302951336
2297,No,0.04734914004802704
2298,No,0.019523534923791885
2299,No,0.010509602725505829
2300,No,0.007926433347165585
2301,No,0.04821944609284401
2302,No,0.011935214512050152
2303,No,0.0151290874928236
2304,No,0.009269987232983112
2305,No,0.023428963497281075
2306,No,0.02376437373459339
2307,No,0.01127632800489664
2308,No,0.009492406621575356
2309,No,0.06409046053886414
2310,No,0.08175975829362869
2311,No,0.06938037276268005
2312,No,0.06450434774160385
2313,No,0.022702034562826157
2314,No,0.017444157972931862
2315,No,0.008028721436858177
2316,No,0.006329289637506008
2317,No,0.023229189217090607
2318,No,0.013844246976077557
2319,No,0.0072376481257379055
2320,No,0.008079431019723415
2321,No,0.007572777569293976
2322,No,0.0051242453046143055
2323,No,0.003987882286310196
2324,No,0.0034800353460013866
2325,No,0.016585834324359894
2326,No,0.02408660762012005
2327,No,0.009532186202704906
2328,No,0.007392455358058214
2329,No,0.05050419643521309
2330,No,0.03261483088135719
2331,No,0.01583941839635372
2332,No,0.012585198506712914
2333,No,0.04953399673104286
2334,No,0.03644101694226265
2335,No,0.007307742722332478
2336,No,0.00604135962203145
2337,No,0.038527704775333405
2338,No,0.01562491711229086
2339,No,0.004528873600065708
2340,No,0.0038315383717417717
2341,No,0.03539314493536949
2342,No,0.011297815479338169
2343,No,0.012997371144592762
2344,No,0.00571566354483366
2345,No,0.017158694565296173
2346,No,0.015128403902053833
2347,No,0.02024533599615097
2348,No,0.019006967544555664
2349,No,0.0204099640250206
2350,No,0.0118174459785223
2351,No,0.006627995055168867
2352,No,0.004804167430847883
2353,No,0.03527512028813362
2354,No,0.027178943157196045
2355,No,0.010779649950563908
2356,No,0.011821236461400986
2357,No,0.018202118575572968
2358,No,0.01400901097804308
2359,No,0.008393719792366028
2360,No,0.0063144429586827755
2361,No,0.020495004951953888
2362,No,0.007392038591206074
2363,No,0.00852016732096672
2364,No,0.004664383362978697
2365,No,0.026515120640397072
2366,No,0.010082390159368515
2367,No,0.007474430371075869
2368,No,0.005584456026554108
2369,No,0.01367012970149517
2370,No,0.026241062209010124
2371,No,0.008957691490650177
2372,No,0.01250796765089035
2373,No,0.02371588908135891
2374,No,0.01197846420109272
2375,No,0.006868929136544466
2376,No,0.00843991618603468
2377,No,0.04529615119099617
2378,No,0.03784240782260895
2379,No,0.008665884844958782
2380,No,0.006775443907827139
2381,No,0.013833483681082726
2382,No,0.04285065829753876
2383,No,0.008193319663405418
2384,No,0.01982610486447811
2385,No,0.009960141964256763
2386,No,0.01521126925945282
2387,No,0.0055681741796433926
2388,No,0.0037965865340083838
2389,No,0.46087753772735596
2390,Yes,0.5121486783027649
2391,Yes,0.567948579788208
2392,Yes,0.7124640345573425
2393,No,0.016792697831988335
2394,No,0.016845721751451492
2395,No,0.01442961860448122
2396,No,0.0078084128908813
2397,No,0.022768890485167503
2398,No,0.027928626164793968
2399,No,0.004376028664410114
2400,No,0.0036923689767718315
2401,No,0.041730280965566635
2402,No,0.03541535511612892
2403,No,0.009253989905118942
2404,No,0.0062964968383312225
2405,No,0.0481998585164547
2406,No,0.01168267335742712
2407,No,0.0067304824478924274
2408,No,0.004874237813055515
2409,No,0.17380550503730774
2410,No,0.47979915142059326
2411,No,0.27956676483154297
2412,No,0.10405611246824265
2413,No,0.14432957768440247
2414,No,0.013738807290792465
2415,No,0.014564119279384613
2416,No,0.004794135224074125
2417,No,0.03274502232670784
2418,No,0.01623688079416752
2419,No,0.01299431174993515
2420,No,0.009563302621245384
2421,No,0.05168375000357628
2422,No,0.018488934263586998
2423,No,0.011966899037361145
2424,No,0.008942127227783203
2425,No,0.016139429062604904
2426,No,0.01561264880001545
2427,No,0.006056434009224176
2428,No,0.00706483656540513
2429,No,0.028858112171292305
2430,No,0.06781739741563797
2431,No,0.024481583386659622
2432,No,0.03175920993089676
2433,No,0.02723369561135769
2434,No,0.01737383008003235
2435,No,0.010074610821902752
2436,No,0.00899695884436369
2437,No,0.04315042123198509
2438,No,0.020885473117232323
2439,No,0.010655767284333706
2440,No,0.009539640508592129
2441,No,0.037395864725112915
2442,No,0.029334304854273796
2443,No,0.016227886080741882
2444,No,0.013802881352603436
2445,No,0.006937061902135611
2446,No,0.007488949224352837
2447,No,0.0055067697539925575
2448,No,0.004816631320863962
2449,No,0.01544689666479826
2450,No,0.008444564417004585
2451,No,0.007453031837940216
2452,No,0.008341400884091854
2453,No,0.1597931832075119
2454,No,0.03039906919002533
2455,No,0.05295155569911003
2456,No,0.06408052146434784
2457,No,0.0326206311583519
2458,No,0.008945918641984463
2459,No,0.010065463371574879
2460,No,0.006082429084926844
2461,No,0.015052538365125656
2462,No,0.013282359577715397
2463,No,0.008087673224508762
2464,No,0.006752681918442249
2465,No,0.07297021150588989
2466,No,0.014495693147182465
2467,No,0.026075851172208786
2468,No,0.009327292442321777
2469,No,0.018683884292840958
2470,No,0.020015593618154526
2471,No,0.010995407588779926
2472,No,0.006806058343499899
2473,No,0.03701276332139969
2474,No,0.051482971757650375
2475,No,0.07134075462818146
2476,No,0.034690648317337036
2477,No,0.3608510494232178
2478,No,0.3166000545024872
2479,No,0.18112176656723022
2480,No,0.04283178597688675
2481,No,0.03138143569231033
2482,No,0.015689479187130928
2483,No,0.01557868905365467
2484,No,0.008043919689953327
2485,No,0.036602575331926346
2486,No,0.05042218044400215
2487,No,0.041997797787189484
2488,No,0.02173883281648159
2489,No,0.06072137877345085
2490,No,0.04656760394573212
2491,No,0.01802784949541092
2492,No,0.015010886825621128
2493,No,0.04027906432747841
2494,No,0.03581062704324722
2495,No,0.024713989347219467
2496,No,0.008971779607236385
2497,Yes,0.6033555865287781
2498,No,0.16773411631584167
2499,No,0.3191927969455719
2500,No,0.15210799872875214
2501,No,0.022670362144708633
2502,No,0.010033724829554558
2503,No,0.01580696925520897
2504,No,0.007148196920752525
2505,No,0.014106189832091331
2506,No,0.007731092162430286
2507,No,0.0063449484296143055
2508,No,0.004768622573465109
2509,No,0.018213503062725067
2510,No,0.011851528659462929
2511,No,0.013023167848587036
2512,No,0.009061966091394424
2513,No,0.053698066622018814
2514,No,0.027831263840198517
2515,No,0.04866595193743706
2516,No,0.09453339874744415
2517,No,0.1331981122493744
2518,No,0.10248638689517975
2519,No,0.04367183521389961
2520,No,0.027589239180088043
2521,No,0.151265487074852
2522,No,0.09440889209508896
2523,No,0.03169536963105202
2524,No,0.042731404304504395
2525,No,0.16869482398033142
2526,No,0.1066889613866806
2527,No,0.06790851056575775
2528,No,0.04339363053441048
2529,No,0.04011327028274536
2530,No,0.028489278629422188
2531,No,0.013480335474014282
2532,No,0.009650949388742447
2533,Yes,0.6246712803840637
2534,Yes,0.586696445941925
2535,Yes,0.6385905146598816
2536,Yes,0.7499076128005981
2537,No,0.034785445779561996
2538,No,0.012195157818496227
2539,No,0.014858491718769073
2540,No,0.0095201525837183
2541,No,0.055293839424848557
2542,No,0.027500338852405548
2543,No,0.021670164540410042
2544,No,0.010306398384273052
2545,No,0.03533369302749634
2546,No,0.01569327712059021
2547,No,0.010210223495960236
2548,No,0.008316454477608204
2549,No,0.07777944207191467
2550,No,0.022753991186618805
2551,No,0.04178284853696823
2552,No,0.016347479075193405
2553,No,0.014905499294400215
2554,No,0.008929415605962276
2555,No,0.008065863512456417
2556,No,0.008716404438018799
2557,No,0.009301429614424706
2558,No,0.05751471221446991
2559,No,0.18521489202976227
2560,No,0.190081387758255
2561,No,0.013484569266438484
2562,No,0.015900587663054466
2563,No,0.036308471113443375
2564,No,0.019284626469016075
2565,No,0.19635038077831268
2566,No,0.05689895525574684
2567,No,0.21845543384552002
2568,No,0.11065615713596344
2569,No,0.022624656558036804
2570,No,0.019523153081536293
2571,No,0.0175492987036705
2572,No,0.02237515151500702
2573,No,0.12197630107402802
2574,No,0.047049496322870255
2575,No,0.018794452771544456
2576,No,0.012521305121481419
2577,No,0.18292643129825592
2578,No,0.09753341227769852
2579,No,0.09606076031923294
2580,No,0.09891704469919205
2581,No,0.09063196927309036
2582,No,0.023569239303469658
2583,No,0.014821206219494343
2584,No,0.01248572301119566
2585,No,0.07212179154157639
2586,No,0.02762788161635399
2587,No,0.02230411395430565
2588,No,0.027183661237359047
2589,No,0.07328829914331436
2590,No,0.034740738570690155
2591,No,0.019908327609300613
2592,No,0.018728943541646004
2593,No,0.04466259479522705
2594,No,0.014588743448257446
2595,No,0.021070463582873344
2596,No,0.009281784296035767
2597,No,0.09251045435667038
2598,No,0.04057527333498001
2599,No,0.029007762670516968
2600,No,0.01468262542039156
2601,No,0.04007802903652191
2602,No,0.01913425698876381
2603,No,0.020940670743584633
2604,No,0.012447595596313477
2605,No,0.029294390231370926
2606,No,0.02461300976574421
2607,No,0.018137509003281593
2608,No,0.004948313347995281
2609,No,0.061925556510686874
2610,No,0.018020492047071457
2611,No,0.013229360803961754
2612,No,0.006946083158254623
2613,No,0.016726983711123466
2614,No,0.011991439387202263
2615,No,0.008258895017206669
2616,No,0.01129654236137867
2617,No,0.07807107269763947
2618,No,0.008495181798934937
2619,No,0.019662989303469658
2620,No,0.011404050514101982
2621,No,0.13737282156944275
2622,No,0.07520946115255356
2623,No,0.05689447000622749
2624,No,0.02193121239542961
2625,No,0.01159705314785242
2626,No,0.016293348744511604
2627,No,0.007584423758089542
2628,No,0.005871418863534927
2629,No,0.04951737821102142
2630,No,0.04914408549666405
2631,No,0.020708970725536346
2632,No,0.01146103534847498
2633,No,0.010261859744787216
2634,No,0.020856639370322227
2635,No,0.00874258391559124
2636,No,0.008982705883681774
2637,No,0.12011833488941193
2638,No,0.1309213787317276
2639,No,0.047886867076158524
2640,No,0.10540392994880676
2641,No,0.019571280106902122
2642,No,0.020743058994412422
2643,No,0.005456993356347084
2644,No,0.0035943728871643543
2645,No,0.32458364963531494
2646,No,0.1875300258398056
2647,No,0.28247109055519104
2648,No,0.3542077839374542
2649,No,0.0283536147326231
2650,No,0.01280467864125967
2651,No,0.015669869258999825
2652,No,0.009820212610065937
2653,No,0.027651270851492882
2654,No,0.022898120805621147
2655,No,0.016342589631676674
2656,No,0.01096255797892809
2657,No,0.06552936136722565
2658,No,0.06596004962921143
2659,No,0.1066475361585617
2660,No,0.05260081589221954
2661,No,0.04056462273001671
2662,No,0.027463095262646675
2663,No,0.038333501666784286
2664,No,0.01761801168322563
2665,No,0.2564675807952881
2666,No,0.3265334367752075
2667,No,0.09350736439228058
2668,No,0.13283546268939972
2669,No,0.362222820520401
2670,No,0.2979469299316406
2671,No,0.03802355378866196
2672,No,0.029577167704701424
2673,No,0.04056462273001671
2674,No,0.027463095262646675
2675,No,0.038333501666784286
2676,No,0.01761801168322563
2677,No,0.05743143707513809
2678,No,0.037672966718673706
2679,No,0.06698206812143326
2680,No,0.07512947171926498
2681,No,0.006674851290881634
2682,No,0.006235607899725437
2683,No,0.006213756278157234
2684,No,0.004973814822733402
2685,No,0.4162428379058838
2686,No,0.38150668144226074
2687,No,0.33214524388313293
2688,No,0.2949789762496948
2689,No,0.06753211468458176
2690,No,0.020598366856575012
2691,No,0.010919776745140553
2692,No,0.013394569046795368
2693,No,0.04723948985338211
2694,No,0.03409077599644661
2695,No,0.012512067332863808
2696,No,0.010664653964340687
2697,No,0.047629620879888535
2698,No,0.02067933790385723
2699,No,0.01162568386644125
2700,No,0.00830689538270235
2701,No,0.17291012406349182
2702,No,0.21451786160469055
2703,No,0.06733391433954239
2704,No,0.09324007481336594
2705,No,0.015415957197546959
2706,No,0.012340006418526173
2707,No,0.007102825213223696
2708,No,0.008527967147529125
2709,No,0.14375334978103638
2710,No,0.11307555437088013
2711,No,0.005337894894182682
2712,No,0.004391490016132593
2713,No,0.006438320968300104
2714,No,0.006587162613868713
2715,No,0.005107945296913385
2716,No,0.005413109436631203
2717,No,0.08892819285392761
2718,No,0.040369246155023575
2719,No,0.03726189211010933
2720,No,0.02906673774123192
2721,No,0.015662407502532005
2722,No,0.009578201919794083
2723,No,0.008938344195485115
2724,No,0.007715861313045025
2725,No,0.01291586458683014
2726,No,0.01588228903710842
2727,No,0.006075200159102678
2728,No,0.007115639746189117
2729,No,0.057400088757276535
2730,No,0.03983670473098755
2731,No,0.05120284482836723
2732,No,0.017981262877583504
2733,No,0.025623096153140068
2734,No,0.017530767247080803
2735,No,0.008452157489955425
2736,No,0.00812454055994749
2737,No,0.09119675308465958
2738,No,0.038621485233306885
2739,No,0.12652131915092468
2740,No,0.17426863312721252
2741,No,0.03299439698457718
2742,No,0.02150454930961132
2743,No,0.02598441019654274
2744,No,0.016825823113322258
2745,No,0.015565330162644386
2746,No,0.005991916637867689
2747,No,0.005933815147727728
2748,No,0.0048141442239284515
2749,No,0.029461398720741272
2750,No,0.011802056804299355
2751,No,0.006511864252388477
2752,No,0.005725617986172438
2753,No,0.029531050473451614
2754,No,0.011853487230837345
2755,No,0.015062966383993626
2756,No,0.008666539564728737
2757,No,0.015144793316721916
2758,No,0.015271767973899841
2759,No,0.016403330489993095
2760,No,0.01097906194627285
2761,No,0.01566208526492119
2762,No,0.009578021243214607
2763,No,0.008938108570873737
2764,No,0.007715890184044838
2765,No,0.04101400822401047
2766,No,0.03025205433368683
2767,No,0.016759946942329407
2768,No,0.010923045687377453
2769,No,0.04105037823319435
2770,No,0.08854629099369049
2771,No,0.03216315433382988
2772,No,0.01906130649149418
2773,No,0.0242439117282629
2774,No,0.011356563307344913
2775,No,0.03651566058397293
2776,No,0.013709682039916515
2777,No,0.014881312847137451
2778,No,0.010404716245830059
2779,No,0.00688299722969532
2780,No,0.005444560199975967
2781,No,0.021181825548410416
2782,No,0.025995979085564613
2783,No,0.010274270549416542
2784,No,0.007943977601826191
2785,No,0.027887649834156036
2786,No,0.014092512428760529
2787,No,0.049829401075839996
2788,No,0.03226964548230171
2789,No,0.011668863706290722
2790,No,0.006783714052289724
2791,No,0.004952637944370508
2792,No,0.0039377277716994286
2793,No,0.009625627659261227
2794,No,0.005299471318721771
2795,No,0.007018988020718098
2796,No,0.005084394942969084
2797,No,0.013906305655837059
2798,No,0.008333203382790089
2799,No,0.0045896717347204685
2800,No,0.004853163845837116
2801,No,0.4145048260688782
2802,No,0.10793798416852951
2803,No,0.20988623797893524
2804,No,0.1338672786951065
2805,No,0.23142795264720917
2806,No,0.273438036441803
2807,No,0.49561718106269836
2808,No,0.47624677419662476
2809,No,0.20327815413475037
2810,No,0.17632636427879333
2811,No,0.36018726229667664
2812,No,0.2562296688556671
2813,No,0.007770069874823093
2814,No,0.016674356535077095
2815,No,0.00506639713421464
2816,No,0.005635162815451622
2817,No,0.0151725634932518
2818,No,0.01664995588362217
2819,No,0.009465595707297325
2820,No,0.017924852669239044
2821,No,0.43702805042266846
2822,Yes,0.5599513053894043
2823,Yes,0.554327130317688
2824,Yes,0.5150668621063232
2825,No,0.04429146274924278
2826,No,0.02755969762802124
2827,No,0.009845850989222527
2828,No,0.010363303124904633
2829,No,0.1058773621916771
2830,No,0.05647487938404083
2831,No,0.04746995493769646
2832,No,0.018869446590542793
2833,No,0.07717656344175339
2834,No,0.08045003563165665
2835,No,0.03241109848022461
2836,No,0.013856555335223675
2837,No,0.10044771432876587
2838,No,0.0725393295288086
2839,No,0.05594542622566223
2840,No,0.02451021410524845
2841,No,0.01009359210729599
2842,No,0.007170810829848051
2843,No,0.007938449271023273
2844,No,0.005698347929865122
2845,No,0.2085353583097458
2846,No,0.27929583191871643
2847,No,0.17060723900794983
2848,No,0.3316551744937897
2849,Yes,0.7687751650810242
2850,Yes,0.9049349427223206
2851,Yes,0.5081798434257507
2852,Yes,0.5805562734603882
2853,No,0.010169414803385735
2854,No,0.006372295320034027
2855,No,0.007120009511709213
2856,No,0.004973933100700378
2857,No,0.020767487585544586
2858,No,0.015313687734305859
2859,No,0.009455660358071327
2860,No,0.007482678163796663
2861,No,0.021765869110822678
2862,No,0.012692906893789768
2863,No,0.01923411712050438
2864,No,0.0067523145116865635
2865,No,0.13838163018226624
2866,No,0.06206908077001572
2867,No,0.0649997740983963
2868,No,0.03310047462582588
2869,No,0.05524931848049164
2870,No,0.02519812434911728
2871,No,0.030374454334378242
2872,No,0.012595771811902523
2873,No,0.06032079458236694
2874,No,0.05049173906445503
2875,No,0.034729477018117905
2876,No,0.01568426936864853
2877,No,0.035960596054792404
2878,No,0.020112160593271255
2879,No,0.02455713413655758
2880,No,0.010502398014068604
2881,No,0.05618314817547798
2882,No,0.02545805089175701
2883,No,0.019831465557217598
2884,No,0.012212147936224937
2885,Yes,0.9059892296791077
2886,Yes,0.9369961619377136
2887,Yes,0.9659298062324524
2888,Yes,0.9772228002548218
2889,No,0.2906358242034912
2890,No,0.1064130961894989
2891,No,0.20818251371383667
2892,No,0.0567205548286438
2893,No,0.1418094038963318
2894,No,0.0642186626791954
2895,No,0.2615295648574829
2896,No,0.08609245717525482
2897,No,0.062675841152668
2898,No,0.014586716890335083
2899,No,0.08466818928718567
2900,No,0.08508886396884918
2901,No,0.05350024253129959
2902,No,0.014183144085109234
2903,No,0.049256015568971634
2904,No,0.02217802032828331
2905,No,0.05363507568836212
2906,No,0.0348176509141922
2907,No,0.022497130557894707
2908,No,0.009025082923471928
2909,No,0.07937353104352951
2910,No,0.01284803170710802
2911,No,0.01978762075304985
2912,No,0.007505801972001791
2913,No,0.09293759614229202
2914,No,0.026532085612416267
2915,No,0.029422128573060036
2916,No,0.017881890758872032
2917,No,0.18044234812259674
2918,No,0.08579963445663452
2919,No,0.09003369510173798
2920,No,0.1328994184732437
2921,No,0.33502742648124695
2922,No,0.08642306178808212
2923,No,0.034720733761787415
2924,No,0.009378999471664429
2925,No,0.13249647617340088
2926,No,0.05640086531639099
2927,No,0.03783998265862465
2928,No,0.013547576032578945
2929,No,0.10494612902402878
2930,No,0.06272239238023758
2931,No,0.04530419409275055
2932,No,0.012920606881380081
2933,No,0.11515405029058456
2934,No,0.025029346346855164
2935,No,0.026769815012812614
2936,No,0.007525953464210033
2937,No,0.08304806053638458
2938,No,0.03396235406398773
2939,No,0.021930987015366554
2940,No,0.007376516703516245
2941,No,0.07886342704296112
2942,No,0.023367727175354958
2943,No,0.04135461896657944
2944,No,0.009623020887374878
2945,No,0.0620635449886322
2946,No,0.008452056907117367
2947,No,0.016238369047641754
2948,No,0.018330160528421402
2949,No,0.04610210657119751
2950,No,0.015638262033462524
2951,No,0.033723678439855576
2952,No,0.0324205681681633
2953,No,0.020133109763264656
2954,No,0.01398582011461258
2955,No,0.02693749964237213
2956,No,0.0119309201836586
2957,No,0.04127514734864235
2958,No,0.09157916903495789
2959,No,0.11242543160915375
2960,No,0.11564307659864426
2961,No,0.010081806220114231
2962,No,0.006409447640180588
2963,No,0.006943420507013798
2964,No,0.004463440738618374
2965,No,0.15475976467132568
2966,No,0.3595705032348633
2967,No,0.404572993516922
2968,Yes,0.580102264881134
2969,No,0.02503463625907898
2970,No,0.017158176749944687
2971,No,0.015727750957012177
2972,No,0.009031766094267368
2973,No,0.012278885580599308
2974,No,0.005971258971840143
2975,No,0.010367479175329208
2976,No,0.01856660097837448
2977,No,0.029385380446910858
2978,No,0.04175813868641853
2979,No,0.019429553300142288
2980,No,0.020736342296004295
2981,No,0.0667540654540062
2982,No,0.08578749001026154
2983,No,0.012579767033457756
2984,No,0.011238510720431805
2985,No,0.11177542060613632
2986,No,0.13950595259666443
2987,No,0.029989110305905342
2988,No,0.0306477602571249
2989,No,0.03233122453093529
2990,No,0.05145199969410896
2991,No,0.0204154159873724
2992,No,0.013959430158138275
2993,No,0.03337627276778221
2994,No,0.03932531177997589
2995,No,0.007403275463730097
2996,No,0.006473297718912363
2997,No,0.007477557752281427
2998,No,0.006477923132479191
2999,No,0.0036532017402350903
3000,No,0.0035329062957316637
3001,No,0.04320342093706131
3002,No,0.023057453334331512
3003,No,0.023944588378071785
3004,No,0.012662145309150219
3005,No,0.020391833037137985
3006,No,0.019867481663823128
3007,No,0.014727046713232994
3008,No,0.00802699290215969
3009,No,0.02257619984447956
3010,No,0.018736544996500015
3011,No,0.00842552911490202
3012,No,0.004452201537787914
3013,No,0.006056301761418581
3014,No,0.011282208375632763
3015,No,0.004712809808552265
3016,No,0.0066416081972420216
3017,No,0.013759864494204521
3018,No,0.007252569310367107
3019,No,0.00609419634565711
3020,No,0.0041218046098947525
3021,No,0.03871828690171242
3022,No,0.08295537531375885
3023,No,0.024222522974014282
3024,No,0.02916778065264225
3025,No,0.009866582229733467
3026,No,0.007132785860449076
3027,No,0.00441356934607029
3028,No,0.004904650151729584
3029,No,0.020299386233091354
3030,No,0.01894272305071354
3031,No,0.008779109455645084
3032,No,0.005866868421435356
3033,No,0.08198261260986328
3034,No,0.04164079204201698
3035,No,0.01881284825503826
3036,No,0.016418486833572388
3037,No,0.04303611442446709
3038,No,0.1046302318572998
3039,No,0.023825103417038918
3040,No,0.044011082500219345
3041,No,0.004751964937895536
3042,No,0.007941100746393204
3043,No,0.005320959724485874
3044,No,0.003974881488829851
3045,No,0.08569086343050003
3046,No,0.041670966893434525
3047,No,0.050806477665901184
3048,No,0.025850560516119003
3049,No,0.0660935789346695
3050,No,0.049981679767370224
3051,No,0.051399245858192444
3052,No,0.04626765474677086
3053,No,0.022103117778897285
3054,No,0.028968114405870438
3055,No,0.025680603459477425
3056,No,0.020147252827882767
3057,No,0.015566042624413967
3058,No,0.022207945585250854
3059,No,0.018836194649338722
3060,No,0.009411792270839214
3061,No,0.019569946452975273
3062,No,0.008532608859241009
3063,No,0.0098171541467309
3064,No,0.005363663658499718
3065,No,0.02470427192747593
3066,No,0.01848929561674595
3067,No,0.014528545551002026
3068,No,0.009714807383716106
3069,No,0.10433340817689896
3070,No,0.15080994367599487
3071,No,0.02831747941672802
3072,No,0.0267361868172884
3073,No,0.15760231018066406
3074,No,0.10199406743049622
3075,No,0.12632206082344055
3076,No,0.05996836721897125
3077,No,0.04557580128312111
3078,No,0.03445804491639137
3079,No,0.011681235395371914
3080,No,0.007095311302691698
3081,No,0.028566038236021996
3082,No,0.03487708792090416
3083,No,0.027172500267624855
3084,No,0.0152593357488513
3085,No,0.0370279997587204
3086,No,0.02010786160826683
3087,No,0.022101877257227898
3088,No,0.013259561732411385
3089,No,0.015604432672262192
3090,No,0.008299726992845535
3091,No,0.005632293410599232
3092,No,0.0038602084387093782
3093,No,0.04817131161689758
3094,No,0.016527486965060234
3095,No,0.006629099603742361
3096,No,0.004450617358088493
3097,No,0.016983797773718834
3098,No,0.004810430109500885
3099,No,0.006310496479272842
3100,No,0.0036486999597400427
3101,No,0.02914055809378624
3102,No,0.022248245775699615
3103,No,0.010921437293291092
3104,No,0.009623655118048191
3105,No,0.017071908339858055
3106,No,0.005674181971698999
3107,No,0.019524283707141876
3108,No,0.005052400752902031
3109,No,0.012864721938967705
3110,No,0.004732288420200348
3111,No,0.006622402463108301
3112,No,0.006236948538571596
3113,No,0.009287658147513866
3114,No,0.004169464111328125
3115,No,0.003489174647256732
3116,No,0.002915282966569066
3117,No,0.0596681647002697
3118,No,0.02919149212539196
3119,No,0.005399484187364578
3120,No,0.004495830275118351
3121,No,0.03156176209449768
3122,No,0.008577970787882805
3123,No,0.008122625760734081
3124,No,0.0033266281243413687
3125,No,0.01698373444378376
3126,No,0.004810640122741461
3127,No,0.006310556083917618
3128,No,0.003648741403594613
3129,No,0.04817122593522072
3130,No,0.016527825966477394
3131,No,0.006629237439483404
3132,No,0.004450582433491945
3133,No,0.017971012741327286
3134,No,0.057103678584098816
3135,No,0.021408522501587868
3136,No,0.019316621124744415
3137,No,0.019485680386424065
3138,No,0.009892042726278305
3139,No,0.006863904185593128
3140,No,0.0051879133097827435
3141,No,0.012877998873591423
3142,No,0.00894542969763279
3143,No,0.008105401881039143
3144,No,0.008234015665948391
3145,No,0.11279971152544022
3146,No,0.044795483350753784
3147,No,0.043849050998687744
3148,No,0.029758252203464508
3149,No,0.01796664297580719
3150,No,0.01047402061522007
3151,No,0.01360309962183237
3152,No,0.00817651767283678
3153,No,0.01287599466741085
3154,No,0.02214100770652294
3155,No,0.012707137502729893
3156,No,0.033948104828596115
3157,No,0.031220579519867897
3158,No,0.023704806342720985
3159,No,0.013173467479646206
3160,No,0.011827454902231693
3161,No,0.03098074346780777
3162,No,0.033338792622089386
3163,No,0.01690056547522545
3164,No,0.018916673958301544
3165,No,0.18735867738723755
3166,No,0.10225696116685867
3167,No,0.04864121973514557
3168,No,0.03728678077459335
3169,No,0.014574981294572353
3170,No,0.00452728196978569
3171,No,0.006323119625449181
3172,No,0.003645767457783222
3173,No,0.4188997745513916
3174,No,0.10774091631174088
3175,No,0.08097784966230392
3176,No,0.04531395435333252
3177,No,0.06117316335439682
3178,No,0.007889670319855213
3179,No,0.03430318087339401
3180,No,0.010163351893424988
3181,No,0.04563063755631447
3182,No,0.016633182764053345
3183,No,0.01446720864623785
3184,No,0.005264369770884514
3185,No,0.09747406840324402
3186,No,0.04254208505153656
3187,No,0.035241398960351944
3188,No,0.017090462148189545
3189,No,0.008287763223052025
3190,No,0.006961527280509472
3191,No,0.005378893576562405
3192,No,0.004397404380142689
3193,No,0.0150715047493577
3194,No,0.008240903727710247
3195,No,0.00918132346123457
3196,No,0.004174246918410063
3197,No,0.01581657864153385
3198,No,0.00890209712088108
3199,No,0.015669723972678185
3200,No,0.017989227548241615
3201,No,0.02260214276611805
3202,No,0.03901822119951248
3203,No,0.011948280036449432
3204,No,0.020979491993784904
3205,No,0.04918208718299866
3206,No,0.06677157431840897
3207,No,0.013556607067584991
3208,No,0.03275661543011665
3209,No,0.03608637675642967
3210,No,0.03217793628573418
3211,No,0.009216729551553726
3212,No,0.013120955787599087
3213,No,0.04511188715696335
3214,No,0.037790339440107346
3215,No,0.022997092455625534
3216,No,0.01621118374168873
3217,No,0.04145505651831627
3218,No,0.02646033838391304
3219,No,0.011390769854187965
3220,No,0.00990935880690813
3221,No,0.025384755805134773
3222,No,0.009502728469669819
3223,No,0.007155677769333124
3224,No,0.005743413232266903
3225,No,0.027967767789959908
3226,No,0.23514042794704437
3227,No,0.32696932554244995
3228,Yes,0.7549798488616943
3229,No,0.02001911960542202
3230,No,0.17034196853637695
3231,No,0.008224760182201862
3232,No,0.012364702299237251
3233,No,0.01107938215136528
3234,No,0.00860857404768467
3235,No,0.005682164803147316
3236,No,0.0047427997924387455
3237,No,0.032954148948192596
3238,No,0.017947833985090256
3239,No,0.01072878297418356
3240,No,0.010226449929177761
3241,No,0.029143860563635826
3242,No,0.015460548922419548
3243,No,0.00829416885972023
3244,No,0.006503493990749121
3245,Yes,0.9929904341697693
3246,Yes,0.9925315380096436
3247,Yes,0.9905684590339661
3248,Yes,0.9930087924003601
3249,Yes,0.768739640712738
3250,No,0.4796498715877533
3251,No,0.13875322043895721
3252,No,0.09722135961055756
3253,No,0.004550057463347912
3254,No,0.003446184331551194
3255,No,0.0028264326974749565
3256,No,0.0026822106447070837
3257,No,0.04203122481703758
3258,No,0.031304847449064255
3259,No,0.018892580643296242
3260,No,0.013538016006350517
3261,No,0.011176240630447865
3262,No,0.014098488725721836
3263,No,0.007904541678726673
3264,No,0.005902444943785667
3265,No,0.0074025169014930725
3266,No,0.006248109508305788
3267,No,0.004920832347124815
3268,No,0.003465552581474185
3269,No,0.016110563650727272
3270,No,0.006411848124116659
3271,No,0.016519440338015556
3272,No,0.009618052281439304
3273,No,0.02307315729558468
3274,No,0.01453772559762001
3275,No,0.013337882235646248
3276,No,0.006869181990623474
3277,Yes,0.768739640712738
3278,No,0.4796498715877533
3279,No,0.13875322043895721
3280,No,0.09722135961055756
3281,No,0.044070858508348465
3282,No,0.0293387770652771
3283,No,0.029680104926228523
3284,No,0.015305452048778534
3285,No,0.019872628152370453
3286,No,0.012889478355646133
3287,No,0.008424351923167706
3288,No,0.00551223661750555
3289,No,0.019458705559372902
3290,No,0.012905983254313469
3291,No,0.013070202432572842
3292,No,0.00585105549544096
3293,No,0.07412520051002502
3294,No,0.07083591818809509
3295,No,0.01046398002654314
3296,No,0.008230776526033878
3297,No,0.46759775280952454
3298,No,0.29023227095603943
3299,Yes,0.7302665710449219
3300,Yes,0.6201252341270447
3301,No,0.04693704843521118
3302,No,0.0230459813028574
3303,No,0.015982694923877716
3304,No,0.011537530459463596
3305,No,0.016218086704611778
3306,No,0.011788168922066689
3307,No,0.012885910458862782
3308,No,0.00949515774846077
3309,No,0.021898958832025528
3310,No,0.015554578974843025
3311,No,0.020963434129953384
3312,No,0.05033595487475395
3313,No,0.022113194689154625
3314,No,0.015279090963304043
3315,No,0.008829496800899506
3316,No,0.008607933297753334
3317,No,0.022510936483740807
3318,No,0.01729678548872471
3319,No,0.013455451466143131
3320,No,0.009318996220827103
3321,No,0.031138986349105835
3322,No,0.017505506053566933
3323,No,0.009027388878166676
3324,No,0.005688620265573263
3325,No,0.008540336973965168
3326,No,0.0220139529556036
3327,No,0.018046006560325623
3328,No,0.020127251744270325
3329,No,0.2879093885421753
3330,No,0.08878770470619202
3331,No,0.08743569254875183
3332,No,0.05271518975496292
3333,No,0.0317365862429142
3334,No,0.0089518241584301
3335,No,0.013908641412854195
3336,No,0.005382003728300333
3337,No,0.055664051324129105
3338,No,0.07342376559972763
3339,No,0.009324051439762115
3340,No,0.09389229863882065
3341,No,0.03432853892445564
3342,No,0.0227441918104887
3343,No,0.057608190923929214
3344,No,0.07255427539348602
3345,No,0.09494229406118393
3346,No,0.08581210672855377
3347,No,0.08588079363107681
3348,No,0.09879013895988464
3349,No,0.034658994525671005
3350,No,0.0617140494287014
3351,No,0.04387615621089935
3352,No,0.17381881177425385
3353,No,0.020840711891651154
3354,No,0.011249781586229801
3355,No,0.012621595524251461
3356,No,0.009943333454430103
3357,No,0.082554891705513
3358,No,0.03210747614502907
3359,No,0.036187369376420975
3360,No,0.013975771144032478
3361,No,0.09297822415828705
3362,No,0.19916290044784546
3363,No,0.09844660013914108
3364,No,0.2079581618309021
3365,No,0.023227006196975708
3366,No,0.017669973894953728
3367,No,0.006615294609218836
3368,No,0.004862681496888399
3369,No,0.04208219796419144
3370,No,0.02230694144964218
3371,No,0.01086326315999031
3372,No,0.010362732224166393
3373,No,0.06736024469137192
3374,No,0.036529093980789185
3375,No,0.012418908067047596
3376,No,0.006604415364563465
3377,No,0.027032332494854927
3378,No,0.013203905895352364
3379,No,0.00740925595164299
3380,No,0.004305294249206781
3381,No,0.013494347222149372
3382,No,0.018445521593093872
3383,No,0.005449783522635698
3384,No,0.00486279372125864
3385,No,0.055963288992643356
3386,No,0.034830495715141296
3387,No,0.028796985745429993
3388,No,0.03151993080973625
3389,No,0.009424850344657898
3390,No,0.010055451653897762
3391,No,0.005765964277088642
3392,No,0.006206974852830172
3393,No,0.007215801160782576
3394,No,0.0048629241064190865
3395,No,0.005913305561989546
3396,No,0.005012243054807186
3397,No,0.04212876036763191
3398,No,0.03542795032262802
3399,No,0.013697270303964615
3400,No,0.006129131186753511
3401,No,0.07775750756263733
3402,No,0.20313642919063568
3403,No,0.018337396904826164
3404,No,0.022045431658625603
3405,No,0.1076664999127388
3406,No,0.08160021901130676
3407,No,0.045286908745765686
3408,No,0.02472560480237007
3409,Yes,0.5904238224029541
3410,No,0.2743873596191406
3411,No,0.16168424487113953
3412,No,0.09483280777931213
3413,Yes,0.6132528781890869
3414,Yes,0.5795062184333801
3415,No,0.009590793401002884
3416,No,0.009839793667197227
3417,No,0.02445988729596138
3418,No,0.014843045733869076
3419,No,0.011152984574437141
3420,No,0.0066650803200900555
3421,No,0.032699666917324066
3422,No,0.04111473634839058
3423,No,0.043048929423093796
3424,No,0.06472578644752502
3425,No,0.02545453980565071
3426,No,0.038418516516685486
3427,No,0.019584042951464653
3428,No,0.014915567822754383
3429,No,0.029675038531422615
3430,No,0.01426854357123375
3431,No,0.013756103813648224
3432,No,0.007771751843392849
3433,No,0.021177353337407112
3434,No,0.02740168385207653
3435,No,0.03086882084608078
3436,No,0.02076622284948826
3437,No,0.13376212120056152
3438,No,0.27644670009613037
3439,No,0.09983459115028381
3440,No,0.13864783942699432
3441,No,0.04796266555786133
3442,No,0.04685698822140694
3443,No,0.03131894767284393
3444,No,0.02647084929049015
3445,No,0.09742199629545212
3446,No,0.12966278195381165
3447,No,0.06831561774015427
3448,No,0.057597845792770386
3449,No,0.3086993992328644
3450,No,0.13355864584445953
3451,No,0.01708560436964035
3452,No,0.01270126923918724
3453,No,0.23669476807117462
3454,No,0.2929103672504425
3455,No,0.23564890027046204
3456,No,0.14418905973434448
3457,No,0.051060475409030914
3458,No,0.24529318511486053
3459,No,0.035387780517339706
3460,No,0.028284169733524323
3461,No,0.030362652614712715
3462,No,0.036183204501867294
3463,No,0.01388438418507576
3464,No,0.011240794323384762
3465,No,0.13186778128147125
3466,No,0.06712446361780167
3467,No,0.03514067083597183
3468,No,0.02370847389101982
3469,No,0.2152254730463028
3470,No,0.25442948937416077
3471,No,0.22816097736358643
3472,No,0.2600995898246765
3473,No,0.03955826163291931
3474,No,0.040603864938020706
3475,No,0.023373162373900414
3476,No,0.01742696948349476
3477,No,0.02883417159318924
3478,No,0.00822504237294197
3479,No,0.013787079602479935
3480,No,0.0060320463962852955
3481,No,0.03232281282544136
3482,No,0.016288502141833305
3483,No,0.015115855261683464
3484,No,0.0089327497407794
3485,No,0.031084341928362846
3486,No,0.021130172535777092
3487,No,0.01001410000026226
3488,No,0.007271424401551485
3489,No,0.052200108766555786
3490,No,0.035373251885175705
3491,No,0.028709566220641136
3492,No,0.015099967829883099
3493,No,0.041277311742305756
3494,No,0.024849340319633484
3495,No,0.029115615412592888
3496,No,0.017789851874113083
3497,No,0.012581910938024521
3498,No,0.008943055756390095
3499,No,0.008715610951185226
3500,No,0.0057059284299612045
3501,No,0.007764889858663082
3502,No,0.009111477062106133
3503,No,0.006445655599236488
3504,No,0.005339914467185736
3505,No,0.02359679527580738
3506,No,0.0375758595764637
3507,No,0.008237580768764019
3508,No,0.02385113760828972
3509,No,0.07073680311441422
3510,No,0.42965492606163025
3511,No,0.045401155948638916
3512,No,0.07514456659555435
3513,No,0.02488497458398342
3514,No,0.021577520295977592
3515,No,0.01322171650826931
3516,No,0.011069981381297112
3517,No,0.047377970069646835
3518,No,0.12517662346363068
3519,No,0.013732905499637127
3520,No,0.03948163241147995
3521,No,0.074257031083107
3522,No,0.05257876217365265
3523,No,0.06577113270759583
3524,No,0.13524797558784485
3525,No,0.10381099581718445
3526,No,0.035275403410196304
3527,No,0.2020336240530014
3528,No,0.07171615958213806
3529,Yes,0.8769827485084534
3530,Yes,0.6994649767875671
3531,Yes,0.8953368067741394
3532,Yes,0.7969768047332764
3533,No,0.029729273170232773
3534,No,0.015927353873848915
3535,No,0.013767663389444351
3536,No,0.00891658291220665
3537,No,0.043899375945329666
3538,No,0.02754794806241989
3539,No,0.01461880560964346
3540,No,0.008898988366127014
3541,No,0.031085273250937462
3542,No,0.008337029255926609
3543,No,0.008213212713599205
3544,No,0.00881242472678423
3545,No,0.04225599020719528
3546,No,0.01184780616313219
3547,No,0.018581951037049294
3548,No,0.020581940189003944
3549,Yes,0.5771830677986145
3550,Yes,0.6178748607635498
3551,No,0.491620272397995
3552,No,0.45014074444770813
3553,No,0.08704966306686401
3554,No,0.06258293986320496
3555,No,0.14725612103939056
3556,No,0.22647477686405182
3557,No,0.01153770461678505
3558,No,0.009270436130464077
3559,No,0.005599640309810638
3560,No,0.004895500838756561
3561,No,0.31525740027427673
3562,No,0.07025359570980072
3563,No,0.024810485541820526
3564,No,0.03271022066473961
3565,No,0.02890990860760212
3566,No,0.03296557813882828
3567,No,0.011634132824838161
3568,No,0.01279368530958891
3569,No,0.03684870898723602
3570,No,0.00989293772727251
3571,No,0.007457103114575148
3572,No,0.0063869645819067955
3573,No,0.09157812595367432
3574,No,0.035751573741436005
3575,No,0.0626521110534668
3576,No,0.04966803267598152
3577,No,0.17734791338443756
3578,No,0.03875645995140076
3579,No,0.02040608786046505
3580,No,0.013865991495549679
3581,No,0.006299410481005907
3582,No,0.009755280800163746
3583,No,0.025965452194213867
3584,No,0.058791518211364746
3585,No,0.02696952037513256
3586,No,0.023808535188436508
3587,No,0.039510078728199005
3588,No,0.029881183058023453
3589,No,0.0593518503010273
3590,No,0.018657471984624863
3591,No,0.00999628845602274
3592,No,0.006733421701937914
3593,No,0.4699125587940216
3594,Yes,0.5744842886924744
3595,Yes,0.6256735324859619
3596,Yes,0.5655117034912109
3597,No,0.061147283762693405
3598,No,0.02852841280400753
3599,No,0.020954228937625885
3600,No,0.025424791499972343
3601,No,0.02504720538854599
3602,No,0.2541981041431427
3603,No,0.021246856078505516
3604,No,0.025845995172858238
3605,No,0.026914937421679497
3606,No,0.032378118485212326
3607,No,0.024995742365717888
3608,No,0.039671383798122406
3609,No,0.09541230648756027
3610,No,0.12509199976921082
3611,No,0.06984704732894897
3612,No,0.060573749244213104
3613,No,0.019570009782910347
3614,No,0.01774623990058899
3615,No,0.010447531007230282
3616,No,0.00910651683807373
3617,No,0.044776082038879395
3618,No,0.07647987455129623
3619,No,0.09497848898172379
3620,No,0.12793616950511932
3621,No,0.026914937421679497
3622,No,0.032378118485212326
3623,No,0.024995742365717888
3624,No,0.039671383798122406
3625,No,0.04807942360639572
3626,No,0.04557463526725769
3627,No,0.011103563010692596
3628,No,0.019911624491214752
3629,No,0.02461329475045204
3630,No,0.021589195355772972
3631,No,0.00678589753806591
3632,No,0.009087363258004189
3633,No,0.02790665253996849
3634,No,0.01730738766491413
3635,No,0.010768644511699677
3636,No,0.009188925847411156
3637,No,0.01729625090956688
3638,No,0.014746565371751785
3639,No,0.006368281319737434
3640,No,0.00905804242938757
3641,No,0.05578257888555527
3642,No,0.016717851161956787
3643,No,0.016579877585172653
3644,No,0.016565850004553795
3645,No,0.028680240735411644
3646,No,0.01159835048019886
3647,No,0.009920958429574966
3648,No,0.007804914377629757
3649,No,0.036476019769907
3650,No,0.03348216786980629
3651,No,0.022965209558606148
3652,No,0.009138981811702251
3653,No,0.1698131114244461
3654,No,0.16368864476680756
3655,No,0.19191500544548035
3656,No,0.41218599677085876
3657,No,0.03309669718146324
3658,No,0.04942914471030235
3659,No,0.026989053934812546
3660,No,0.017141055315732956
3661,No,0.03781241551041603
3662,No,0.02209945023059845
3663,No,0.013361186720430851
3664,No,0.009548159316182137
3665,No,0.023192649707198143
3666,No,0.007389293983578682
3667,No,0.010351144708693027
3668,No,0.0051568299531936646
3669,Yes,0.5134404301643372
3670,Yes,0.7372497916221619
3671,No,0.34596017003059387
3672,No,0.30715212225914
3673,No,0.03346226364374161
3674,No,0.019003883004188538
3675,No,0.04322332143783569
3676,No,0.031086519360542297
3677,No,0.012762141413986683
3678,No,0.006745293270796537
3679,No,0.020967310294508934
3680,No,0.09857476502656937
3681,No,0.02381586655974388
3682,No,0.01066935807466507
3683,No,0.006375342607498169
3684,No,0.005230505019426346
3685,No,0.009668285958468914
3686,No,0.0062318905256688595
3687,No,0.00677035516127944
3688,No,0.007352561689913273
3689,No,0.010888618417084217
3690,No,0.014127424918115139
3691,No,0.06772598624229431
3692,No,0.13119418919086456
3693,No,0.058478061109781265
3694,No,0.04655997455120087
3695,No,0.013544037938117981
3696,No,0.008324508555233479
3697,No,0.3469752371311188
3698,No,0.16941145062446594
3699,No,0.2622634172439575
3700,No,0.0437767319381237
3701,No,0.01857244223356247
3702,No,0.021911077201366425
3703,No,0.009860728867352009
3704,No,0.015917442739009857
3705,No,0.01418162789195776
3706,No,0.0055228122510015965
3707,No,0.006851850543171167
3708,No,0.006631395313888788
3709,No,0.09657783061265945
3710,No,0.01946113258600235
3711,No,0.02503763698041439
3712,No,0.015291971154510975
3713,No,0.04194797948002815
3714,No,0.026180898770689964
3715,No,0.008835919201374054
3716,No,0.007215785328298807
3717,No,0.45281270146369934
3718,Yes,0.7569491267204285
3719,Yes,0.6211063265800476
3720,Yes,0.8436216711997986
3721,No,0.01862681284546852
3722,No,0.011122755706310272
3723,No,0.006674508098512888
3724,No,0.006927738897502422
3725,No,0.05723489075899124
3726,No,0.05140654742717743
3727,No,0.025515686720609665
3728,No,0.0163866076618433
3729,No,0.03277435153722763
3730,No,0.008963008411228657
3731,No,0.019662166014313698
3732,No,0.013979025185108185
3733,No,0.009999614208936691
3734,No,0.007769283838570118
3735,No,0.004943944048136473
3736,No,0.004204596858471632
3737,No,0.015710987150669098
3738,No,0.006177177187055349
3739,No,0.008691981434822083
3740,No,0.0037629129365086555
3741,No,0.2271272987127304
3742,No,0.04807182401418686
3743,No,0.053432147949934006
3744,No,0.027092410251498222
3745,No,0.012895960360765457
3746,No,0.013618924655020237
3747,No,0.008028669282793999
3748,No,0.011473646387457848
3749,No,0.012204252183437347
3750,No,0.00849328376352787
3751,No,0.009004902094602585
3752,No,0.008175079710781574
3753,No,0.02097807079553604
3754,No,0.03305841609835625
3755,No,0.007313081994652748
3756,No,0.008871011435985565
3757,No,0.004857225343585014
3758,No,0.008055840618908405
3759,No,0.006689857225865126
3760,No,0.007457794155925512
3761,No,0.014747741632163525
3762,No,0.007678961381316185
3763,No,0.006345166824758053
3764,No,0.005267671309411526
3765,No,0.01564982905983925
3766,No,0.036056630313396454
3767,No,0.02057914063334465
3768,No,0.06066843122243881
3769,Yes,0.7221023440361023
3770,Yes,0.5512441396713257
3771,No,0.006863121408969164
3772,No,0.007967518642544746
3773,No,0.008084776811301708
3774,No,0.004449931904673576
3775,No,0.007343272212892771
3776,No,0.007381278555840254
3777,No,0.1595945954322815
3778,No,0.09413536638021469
3779,No,0.16205158829689026
3780,No,0.1071196049451828
3781,No,0.13850180804729462
3782,No,0.0819450095295906
3783,No,0.07353147119283676
3784,No,0.03362146019935608
3785,No,0.035913340747356415
3786,No,0.08148855715990067
3787,No,0.08620495349168777
3788,No,0.07015547901391983
3789,No,0.07209976017475128
3790,No,0.04188595712184906
3791,No,0.029458872973918915
3792,No,0.018162840977311134
3793,No,0.19837258756160736
3794,No,0.07505933195352554
3795,No,0.03735577315092087
3796,No,0.019851109012961388
3797,No,0.04308290779590607
3798,No,0.14451760053634644
3799,No,0.3444993495941162
3800,No,0.25778186321258545
3801,No,0.03980051726102829
3802,No,0.020319892093539238
3803,No,0.22700966894626617
3804,No,0.09035898000001907
3805,No,0.0479564405977726
3806,No,0.016661792993545532
3807,No,0.059634946286678314
3808,No,0.028094958513975143
3809,No,0.026073332875967026
3810,No,0.023149199783802032
3811,No,0.09690123051404953
3812,No,0.052157700061798096
3813,No,0.03134072571992874
3814,No,0.049809593707323074
3815,No,0.00911431759595871
3816,No,0.010762423276901245
3817,No,0.02949247695505619
3818,No,0.01914738118648529
3819,No,0.00861394964158535
3820,No,0.006106459069997072
3821,No,0.3230312466621399
3822,No,0.046163152903318405
3823,No,0.060363709926605225
3824,No,0.027708979323506355
3825,No,0.027905670925974846
3826,No,0.011883463710546494
3827,No,0.01137586124241352
3828,No,0.00900348275899887
3829,No,0.1292707622051239
3830,No,0.035773102194070816
3831,No,0.01554934773594141
3832,No,0.010775424540042877
3833,No,0.030144333839416504
3834,No,0.02226894348859787
3835,No,0.016374826431274414
3836,No,0.02088586613535881
3837,No,0.2346845269203186
3838,No,0.4750058054924011
3839,No,0.2824085056781769
3840,Yes,0.5814897418022156
3841,No,0.01332835666835308
3842,No,0.0062641240656375885
3843,No,0.007063116412609816
3844,No,0.0052401162683963776
3845,No,0.040216006338596344
3846,No,0.01470106653869152
3847,No,0.016120178624987602
3848,No,0.00796236377209425
3849,No,0.060014527291059494
3850,No,0.012503876350820065
3851,No,0.01522756740450859
3852,No,0.006945007015019655
3853,No,0.030009832233190536
3854,No,0.015169455669820309
3855,No,0.013430719263851643
3856,No,0.007759671192616224
3857,No,0.015208061784505844
3858,No,0.010944249108433723
3859,No,0.015413198620080948
3860,No,0.007605504710227251
3861,No,0.36699652671813965
3862,No,0.29255080223083496
3863,No,0.33620136976242065
3864,No,0.0857497975230217
3865,No,0.3575935959815979
3866,Yes,0.6552258729934692
3867,No,0.4048021137714386
3868,Yes,0.5796515345573425
3869,No,0.012896536849439144
3870,No,0.024699293076992035
3871,No,0.02969530038535595
3872,No,0.027875883504748344
3873,No,0.06451529264450073
3874,No,0.01764274761080742
3875,No,0.017183873802423477
3876,No,0.008853662759065628
3877,No,0.013328056782484055
3878,No,0.006264219060540199
3879,No,0.007063048891723156
3880,No,0.005240065511316061
3881,No,0.03389732539653778
3882,No,0.014366679824888706
3883,No,0.02823638916015625
3884,No,0.009707155637443066
3885,No,0.009645694866776466
3886,No,0.004941542167216539
3887,No,0.00796905905008316
3888,No,0.004562605172395706
3889,No,0.04079504311084747
3890,No,0.08205105364322662
3891,No,0.017697585746645927
3892,No,0.008596179075539112
3893,No,0.016935843974351883
3894,No,0.02478737011551857
3895,No,0.016130821779370308
3896,No,0.009046396240592003
3897,No,0.04192971810698509
3898,No,0.021552668884396553
3899,No,0.03727150335907936
3900,No,0.01647149957716465
3901,No,0.010285824537277222
3902,No,0.014086228795349598
3903,No,0.007891776971518993
3904,No,0.007149198092520237
3905,No,0.04708712548017502
3906,No,0.046982478350400925
3907,No,0.01853353902697563
3908,No,0.03357136622071266
3909,No,0.00870761089026928
3910,No,0.007052124943584204
3911,No,0.004841684829443693
3912,No,0.004211383871734142
3913,No,0.009019624441862106
3914,No,0.008141402155160904
3915,No,0.009407252073287964
3916,No,0.007101458963006735
3917,No,0.043214019387960434
3918,No,0.023750802502036095
3919,No,0.019311415031552315
3920,No,0.01301053911447525
3921,No,0.00924614816904068
3922,No,0.00969777163118124
3923,No,0.0069153630174696445
3924,No,0.006258812732994556
3925,No,0.2651785910129547
3926,No,0.039206020534038544
3927,No,0.04095210134983063
3928,No,0.04546622931957245
3929,No,0.010077003389596939
3930,No,0.007633665110915899
3931,No,0.00612220074981451
3932,No,0.00627996027469635
3933,No,0.02686462737619877
3934,No,0.018969973549246788
3935,No,0.0145567012950778
3936,No,0.008383004926145077
3937,No,0.024209653958678246
3938,No,0.02403957024216652
3939,No,0.007797716185450554
3940,No,0.028616318479180336
3941,No,0.011755276471376419
3942,No,0.014835606329143047
3943,No,0.02622159756720066
3944,No,0.07532285898923874
3945,No,0.08607832342386246
3946,No,0.022759821265935898
3947,No,0.0202973373234272
3948,No,0.006666612345725298
3949,No,0.012739820405840874
3950,No,0.018322229385375977
3951,No,0.009915255941450596
3952,No,0.016750531271100044
3953,No,0.09367431700229645
3954,No,0.0391932837665081
3955,No,0.01859397254884243
3956,No,0.026957102119922638
3957,No,0.029797332361340523
3958,No,0.02407204918563366
3959,No,0.04404887929558754
3960,No,0.3462180495262146
3961,No,0.16465333104133606
3962,No,0.08572422713041306
3963,No,0.09036138653755188
3964,No,0.018033714964985847
3965,No,0.0400819331407547
3966,No,0.024884356185793877
3967,No,0.01151084341108799
3968,No,0.011081760749220848
3969,No,0.16007032990455627
3970,No,0.12400362640619278
3971,No,0.02815975248813629
3972,No,0.021756228059530258
3973,No,0.07688877731561661
3974,No,0.027159491553902626
3975,No,0.0315193310379982
3976,No,0.008752409368753433
3977,No,0.03381343558430672
3978,No,0.021719111129641533
3979,No,0.012027906253933907
3980,No,0.005424395203590393
3981,No,0.07046959549188614
3982,No,0.07373405247926712
3983,No,0.11622443795204163
3984,No,0.041143983602523804
3985,No,0.01627296768128872
3986,No,0.09916913509368896
3987,No,0.011615145951509476
3988,No,0.03868590295314789
3989,No,0.058120518922805786
3990,No,0.021993568167090416
3991,No,0.0072837937623262405
3992,No,0.02626633830368519
3993,No,0.035049233585596085
3994,No,0.06632302701473236
3995,No,0.02621791511774063
3996,No,0.09559160470962524
3997,No,0.04597989469766617
3998,No,0.03946470096707344
3999,No,0.03987862542271614
4000,No,0.02230674773454666
4001,No,0.013924648985266685
4002,No,0.019589459523558617
4003,No,0.015869660302996635
4004,No,0.010862266644835472
4005,No,0.03815922886133194
4006,No,0.16854603588581085
4007,No,0.015024264343082905
4008,No,0.014687959104776382
4009,No,0.03777552768588066
4010,No,0.025419238954782486
4011,No,0.006238075904548168
4012,No,0.00614287331700325
4013,No,0.019868621602654457
4014,No,0.034606847912073135
4015,No,0.008127070032060146
4016,No,0.007676264271140099
4017,No,0.06118382140994072
4018,No,0.05028817057609558
4019,No,0.015914736315608025
4020,No,0.013455430045723915
4021,No,0.03777552768588066
4022,No,0.025419238954782486
4023,No,0.006238075904548168
4024,No,0.00614287331700325
4025,No,0.06818713247776031
4026,No,0.10633809119462967
4027,No,0.048768579959869385
4028,No,0.044321056455373764
4029,No,0.03630084544420242
4030,No,0.19467993080615997
4031,No,0.06267976015806198
4032,No,0.0602511465549469
4033,No,0.016676725819706917
4034,No,0.013768984004855156
4035,No,0.014339368790388107
4036,No,0.01871742680668831
4037,No,0.019691459834575653
4038,No,0.0162667166441679
4039,No,0.017759673297405243
4040,No,0.012360247783362865
4041,No,0.004378102254122496
4042,No,0.007563147693872452
4043,No,0.004254104103893042
4044,No,0.0062775639817118645
4045,No,0.06226469576358795
4046,No,0.038773152977228165
4047,No,0.017158007249236107
4048,No,0.012058323249220848
4049,No,0.05753207951784134
4050,No,0.12629751861095428
4051,No,0.067982517182827
4052,No,0.2969886064529419
4053,No,0.024284489452838898
4054,No,0.04093427211046219
4055,No,0.011350633576512337
4056,No,0.012629357166588306
4057,No,0.1013050377368927
4058,No,0.08260814845561981
4059,No,0.04605851694941521
4060,No,0.032408423721790314
4061,No,0.05135275423526764
4062,No,0.07777626067399979
4063,No,0.008108550682663918
4064,No,0.012271521613001823
4065,No,0.051350776106119156
4066,No,0.02264031395316124
4067,No,0.014383620582520962
4068,No,0.009295113384723663
4069,No,0.12472137063741684
4070,No,0.14783376455307007
4071,No,0.021456537768244743
4072,No,0.023003241047263145
4073,No,0.02216818928718567
4074,No,0.02066947892308235
4075,No,0.011828157119452953
4076,No,0.017685439437627792
4077,No,0.03797655925154686
4078,No,0.036148954182863235
4079,No,0.028955552726984024
4080,No,0.02564566768705845
4081,No,0.005644169636070728
4082,No,0.006737302988767624
4083,No,0.0037952715065330267
4084,No,0.0045702713541686535
4085,No,0.038733094930648804
4086,No,0.01748940721154213
4087,No,0.021138686686754227
4088,No,0.009681619703769684
4089,No,0.005761445499956608
4090,No,0.005124662071466446
4091,No,0.0034153324086219072
4092,No,0.0038936298806220293
4093,No,0.03599141910672188
4094,No,0.04750754311680794
4095,No,0.07856821268796921
4096,No,0.05569096654653549
4097,No,0.026847848668694496
4098,No,0.0829867571592331
4099,No,0.008688084781169891
4100,No,0.042940448969602585
4101,No,0.016175825148820877
4102,No,0.014509586617350578
4103,No,0.004586884286254644
4104,No,0.005453954916447401
4105,Yes,0.941756010055542
4106,Yes,0.8858793377876282
4107,Yes,0.9176247715950012
4108,Yes,0.9162346720695496
4109,No,0.002660488011315465
4110,No,0.012558056972920895
4111,No,0.005159687716513872
4112,No,0.025367001071572304
4113,No,0.007336738053709269
4114,No,0.016411101445555687
4115,No,0.0036736612673848867
4116,No,0.011829645372927189
4117,No,0.006504321936517954
4118,No,0.025330163538455963
4119,No,0.007143794093281031
4120,No,0.0056327152997255325
4121,No,0.0083994185552001
4122,No,0.012898322194814682
4123,No,0.004376297816634178
4124,No,0.008367433212697506
4125,No,0.04354873299598694
4126,No,0.11566337943077087
4127,No,0.01129742432385683
4128,No,0.012553069740533829
4129,No,0.16864216327667236
4130,No,0.024664388969540596
4131,No,0.04283803328871727
4132,No,0.022914228960871696
4133,No,0.15353761613368988
4134,No,0.04871293529868126
4135,No,0.09829913824796677
4136,No,0.07683269679546356
4137,No,0.3894979655742645
4138,No,0.08961877226829529
4139,No,0.15137311816215515
4140,No,0.10103714466094971
4141,No,0.33584070205688477
4142,No,0.036714423447847366
4143,No,0.17085102200508118
4144,No,0.03892245888710022
4145,No,0.2852618396282196
4146,No,0.15469738841056824
4147,No,0.16803127527236938
4148,No,0.07583072781562805
4149,No,0.4015773832798004
4150,No,0.3968145251274109
4151,Yes,0.5437694787979126
4152,No,0.49049124121665955
4153,No,0.2653215527534485
4154,No,0.060592059046030045
4155,No,0.07445713877677917
4156,No,0.02228044904768467
4157,No,0.1622985452413559
4158,No,0.024972382932901382
4159,No,0.0877908393740654
4160,No,0.03915219008922577
4161,No,0.23646624386310577
4162,No,0.10577458143234253
4163,No,0.08361504971981049
4164,No,0.08137314021587372
4165,No,0.3716067373752594
4166,No,0.22472842037677765
4167,No,0.32212164998054504
4168,No,0.34907421469688416
4169,No,0.0985412672162056
4170,No,0.06846596300601959
4171,No,0.05660439655184746
4172,No,0.03217494860291481
4173,No,0.14296625554561615
4174,No,0.05521659925580025
4175,No,0.027497613802552223
4176,No,0.012751203030347824
4177,No,0.014169484376907349
4178,No,0.006079182960093021
4179,No,0.007144771981984377
4180,No,0.005559941288083792
4181,No,0.0029782119672745466
4182,No,0.006620093714445829
4183,No,0.0033477195538580418
4184,No,0.0025664533022791147
4185,No,0.14833703637123108
4186,No,0.33665731549263
4187,No,0.11699505150318146
4188,No,0.27895796298980713
4189,No,0.05606130510568619
4190,No,0.04685698077082634
4191,No,0.04020232707262039
4192,No,0.01875622756779194
4193,No,0.07120351493358612
4194,No,0.05997740477323532
4195,No,0.05559827759861946
4196,No,0.03276728466153145
4197,No,0.18135812878608704
4198,No,0.07754933089017868
4199,No,0.010316379368305206
4200,No,0.006321248598396778
4201,No,0.016828160732984543
4202,No,0.007308939006179571
4203,No,0.007252092938870192
4204,No,0.0037286763545125723
4205,No,0.2213275134563446
4206,No,0.1136414110660553
4207,No,0.11873401701450348
4208,No,0.17446452379226685
4209,No,0.06056881695985794
4210,No,0.009988710284233093
4211,No,0.008478755131363869
4212,No,0.005389077123254538
4213,No,0.08147858083248138
4214,No,0.022281082347035408
4215,No,0.023641150444746017
4216,No,0.008371819742023945
4217,No,0.10803865641355515
4218,No,0.13123227655887604
4219,No,0.017351847141981125
4220,No,0.013897745870053768
4221,No,0.0313427560031414
4222,No,0.031561851501464844
4223,No,0.04149191826581955
4224,No,0.016766062006354332
4225,No,0.09686624258756638
4226,No,0.13756294548511505
4227,No,0.09956907480955124
4228,No,0.05133853107690811
4229,No,0.09101340174674988
4230,No,0.1720200777053833
4231,No,0.033747121691703796
4232,No,0.05930905044078827
4233,No,0.15101417899131775
4234,No,0.1823095828294754
4235,No,0.1593240648508072
4236,No,0.18728789687156677
4237,No,0.2144499570131302
4238,No,0.13612736761569977
4239,No,0.066975899040699
4240,No,0.06268935650587082
4241,No,0.04780660197138786
4242,No,0.10533016175031662
4243,No,0.06795625388622284
4244,No,0.03569505363702774
4245,No,0.06146983429789543
4246,No,0.021323518827557564
4247,No,0.056670308113098145
4248,No,0.01661808043718338
4249,No,0.12350081652402878
4250,No,0.1575421392917633
4251,No,0.2672538459300995
4252,No,0.41564705967903137
4253,No,0.05169007182121277
4254,No,0.016758406534790993
4255,No,0.08567456156015396
4256,No,0.020003637298941612
4257,No,0.06937335431575775
4258,No,0.06046697124838829
4259,No,0.05337649583816528
4260,No,0.0316038504242897
4261,No,0.07438014447689056
4262,No,0.03969068080186844
4263,No,0.02165939286351204
4264,No,0.01598506234586239
4265,No,0.03311638906598091
4266,No,0.022997189313173294
4267,No,0.009151110425591469
4268,No,0.012824269942939281
4269,No,0.2070624977350235
4270,No,0.20037998259067535
4271,No,0.05259532853960991
4272,No,0.028749123215675354
4273,No,0.05222155526280403
4274,No,0.1021244004368782
4275,No,0.04160654917359352
4276,No,0.09971348196268082
4277,No,0.01098734699189663
4278,No,0.01599634811282158
4279,No,0.008885660208761692
4280,No,0.010053588077425957
4281,No,0.0317482054233551
4282,No,0.02060282602906227
4283,No,0.044302020221948624
4284,No,0.02740713395178318
4285,No,0.04229208827018738
4286,No,0.04751764237880707
4287,No,0.018191535025835037
4288,No,0.02836572378873825
4289,No,0.1624908745288849
4290,No,0.21616284549236298
4291,No,0.03561466187238693
4292,No,0.023912698030471802
4293,No,0.0889115184545517
4294,No,0.02331407368183136
4295,No,0.0483965128660202
4296,No,0.013044295832514763
4297,No,0.05729127302765846
4298,No,0.037904687225818634
4299,No,0.021692192181944847
4300,No,0.015710072591900826
4301,No,0.012406858615577221
4302,No,0.007033482659608126
4303,No,0.004406722728163004
4304,No,0.003382238559424877
4305,No,0.0228401068598032
4306,No,0.021177584305405617
4307,No,0.012147175148129463
4308,No,0.007075541187077761
4309,No,0.11465039104223251
4310,No,0.06863334029912949
4311,No,0.04774945601820946
4312,No,0.028267577290534973
4313,No,0.0407770611345768
4314,No,0.06447868794202805
4315,No,0.016586555168032646
4316,No,0.018791355192661285
4317,No,0.011172807775437832
4318,No,0.020763259381055832
4319,No,0.012776329182088375
4320,No,0.008073522709310055
4321,No,0.02166714146733284
4322,No,0.03982258960604668
4323,No,0.014627343975007534
4324,No,0.013924740254878998
4325,No,0.008099078200757504
4326,No,0.006064208690077066
4327,No,0.005961054004728794
4328,No,0.004078058525919914
4329,No,0.005281991790980101
4330,No,0.007387612480670214
4331,No,0.004789094440639019
4332,No,0.005164166446775198
4333,No,0.027552124112844467
4334,No,0.01428217999637127
4335,No,0.012206700630486012
4336,No,0.009106573648750782
4337,No,0.03257330507040024
4338,No,0.0237593837082386
4339,No,0.01006468664854765
4340,No,0.008994519710540771
4341,No,0.04315740242600441
4342,No,0.15440909564495087
4343,No,0.02948135882616043
4344,No,0.010856014676392078
4345,No,0.16742107272148132
4346,No,0.11734449863433838
4347,No,0.01783524453639984
4348,No,0.01473047211766243
4349,No,0.027393724769353867
4350,No,0.017429575324058533
4351,No,0.03498518466949463
4352,No,0.016205886378884315
4353,No,0.04722629860043526
4354,No,0.02444739080965519
4355,No,0.012912968173623085
4356,No,0.008582739159464836
4357,No,0.014014214277267456
4358,No,0.0064917695708572865
4359,No,0.0050614578649401665
4360,No,0.003771614283323288
4361,No,0.11729737371206284
4362,No,0.14209385216236115
4363,No,0.03826695308089256
4364,No,0.02712559513747692
4365,No,0.00994520541280508
4366,No,0.006827936973422766
4367,No,0.006416059099137783
4368,No,0.003636747132986784
4369,No,0.23565751314163208
4370,No,0.20378051698207855
4371,No,0.1892806589603424
4372,No,0.2184436172246933
4373,No,0.0605277381837368
4374,No,0.2298280894756317
4375,No,0.21169167757034302
4376,No,0.27834030985832214
4377,No,0.04594181850552559
4378,No,0.05528756231069565
4379,No,0.01857282966375351
4380,No,0.03278719633817673
4381,No,0.03701062127947807
4382,No,0.070299431681633
4383,No,0.02614085003733635
4384,No,0.04350191727280617
4385,No,0.34166648983955383
4386,No,0.4843687415122986
4387,Yes,0.7786739468574524
4388,Yes,0.7362186312675476
4389,No,0.03317154198884964
4390,No,0.05016617104411125
4391,No,0.014143550768494606
4392,No,0.022230073809623718
4393,No,0.04286082461476326
4394,No,0.15490134060382843
4395,No,0.0267662201076746
4396,No,0.04293161630630493
4397,No,0.048340052366256714
4398,No,0.12895803153514862
4399,No,0.05141720920801163
4400,No,0.09578920155763626
4401,No,0.019826214760541916
4402,No,0.009905941784381866
4403,No,0.010871738195419312
4404,No,0.006959442514926195
4405,No,0.027888178825378418
4406,No,0.01520893070846796
4407,No,0.010810530744493008
4408,No,0.007026610430330038
4409,No,0.034364186227321625
4410,No,0.019790465012192726
4411,No,0.039728231728076935
4412,No,0.05414504557847977
4413,No,0.07274012267589569
4414,No,0.0494295172393322
4415,No,0.01826578751206398
4416,No,0.008024219423532486
