item,label,p_yes
1,No,0.2087152749300003
2,No,0.14911812543869019
3,No,0.17731066048145294
4,No,0.2285047173500061
5,No,0.19048051536083221
6,No,0.20835717022418976
7,No,0.11629658937454224
8,No,0.1353873610496521
9,No,0.047008004039525986
10,No,0.05940152704715729
11,No,0.043187763541936874
12,No,0.05619237199425697
13,No,0.03766506910324097
14,No,0.06083633750677109
15,No,0.0420047864317894
16,No,0.04982508346438408
17,No,0.05356151610612869
18,No,0.10147817432880402
19,No,0.08984120190143585
20,No,0.10384631156921387
21,No,0.11650431156158447
22,No,0.1524105966091156
23,No,0.1276181936264038
24,No,0.12818442285060883
25,No,0.35439184308052063
26,No,0.41260334849357605
27,No,0.4094715416431427
28,No,0.42801299691200256
29,No,0.07683180272579193
30,No,0.10610074549913406
31,No,0.06875845789909363
32,No,0.08178988099098206
33,No,0.16315191984176636
34,No,0.18046067655086517
35,No,0.1392275094985962
36,No,0.16479180753231049
37,No,0.08340161293745041
38,No,0.15505243837833405
39,No,0.054412998259067535
40,No,0.07654630392789841
41,No,0.0631621703505516
42,No,0.10504187643527985
43,No,0.0618763342499733
44,No,0.08091740310192108
45,No,0.09118039906024933
46,No,0.1362013965845108
47,No,0.12396997213363647
48,No,0.14823216199874878
49,No,0.11248082667589188
50,No,0.19732579588890076
51,No,0.08795764297246933
52,No,0.10352347791194916
53,No,0.06111562252044678
54,No,0.08326837420463562
55,No,0.08561145514249802
56,No,0.07749351114034653
57,No,0.19661682844161987
58,No,0.20273874700069427
59,No,0.12108457088470459
60,No,0.09870202839374542
61,No,0.2606056332588196
62,No,0.20342068374156952
63,No,0.25985077023506165
64,No,0.19190849363803864
65,No,0.1422194093465805
66,No,0.26759305596351624
67,No,0.18262900412082672
68,No,0.2657495439052582
69,No,0.08914107829332352
70,No,0.08576261252164841
71,No,0.11019305884838104
72,No,0.10488869249820709
73,No,0.1575593650341034
74,No,0.22071628272533417
75,No,0.18981146812438965
76,No,0.26560157537460327
77,No,0.08432981371879578
78,No,0.12100601196289062
79,No,0.12883658707141876
80,No,0.14568033814430237
81,No,0.0389307402074337
82,No,0.08890637010335922
83,No,0.07883404195308685
84,No,0.10636916011571884
85,No,0.06595917791128159
86,No,0.11356709897518158
87,No,0.1256026029586792
88,No,0.12191649526357651
89,No,0.26637470722198486
90,No,0.2674013674259186
91,No,0.21355971693992615
92,No,0.17694596946239471
93,No,0.32507842779159546
94,No,0.29259374737739563
95,No,0.45441555976867676
96,No,0.3418099284172058
97,No,0.12340310215950012
98,No,0.19549760222434998
99,No,0.13536132872104645
100,No,0.1473701149225235
101,No,0.12614797055721283
102,No,0.15294981002807617
103,No,0.160624697804451
104,No,0.13916288316249847
105,No,0.05688922852277756
106,No,0.10970248281955719
107,No,0.07985405623912811
108,No,0.07861065119504929
109,No,0.05093463510274887
110,No,0.10607047379016876
111,No,0.08831869065761566
112,No,0.11916616559028625
113,No,0.033016037195920944
114,No,0.08047398179769516
115,No,0.04900972172617912
116,No,0.0569922998547554
117,No,0.05531276762485504
118,No,0.10717068612575531
119,No,0.060199834406375885
120,No,0.10633805394172668
121,No,0.06473830342292786
122,No,0.1144091933965683
123,No,0.1325625777244568
124,No,0.11073732376098633
125,No,0.15660031139850616
126,No,0.21384578943252563
127,No,0.21174758672714233
128,No,0.18103669583797455
129,No,0.09977186471223831
130,No,0.26765066385269165
131,No,0.26722776889801025
132,No,0.3033269941806793
133,No,0.1718839555978775
134,No,0.23156876862049103
135,No,0.22534000873565674
136,No,0.24706372618675232
137,No,0.14284324645996094
138,No,0.20445498824119568
139,No,0.18052734434604645
140,No,0.1975429207086563
141,No,0.05836467444896698
142,No,0.15059064328670502
143,No,0.08584564924240112
144,No,0.10696673393249512
145,No,0.09669090807437897
146,No,0.14985163509845734
147,No,0.09432941675186157
148,No,0.12434610724449158
149,No,0.14284324645996094
150,No,0.20445498824119568
151,No,0.18052734434604645
152,No,0.1975429207086563
153,No,0.36106595396995544
154,No,0.38634076714515686
155,No,0.3823936879634857
156,No,0.3979731798171997
157,No,0.06945337355136871
158,No,0.15553025901317596
159,No,0.09202843904495239
160,No,0.12393078953027725
161,No,0.0828036367893219
162,No,0.17463386058807373
163,No,0.11480946838855743
164,No,0.1361817717552185
165,No,0.19456690549850464
166,No,0.19324350357055664
167,No,0.16726048290729523
168,No,0.17450538277626038
169,No,0.15552173554897308
170,No,0.09039205312728882
171,No,0.08755049109458923
172,No,0.09508166462182999
173,No,0.0731072798371315
174,No,0.10993651300668716
175,No,0.12680618464946747
176,No,0.1208132728934288
177,No,0.27449512481689453
178,No,0.2544602155685425
179,No,0.3406219780445099
180,No,0.27473849058151245
181,No,0.06917630881071091
182,No,0.09387677907943726
183,No,0.0728992223739624
184,No,0.08160147815942764
185,No,0.19604608416557312
186,No,0.23327387869358063
187,No,0.2223558872938156
188,No,0.2123885601758957
189,No,0.18219463527202606
190,No,0.26591017842292786
191,No,0.2621827721595764
192,No,0.2763633131980896
193,No,0.07524848729372025
194,No,0.1454060822725296
195,No,0.12390083819627762
196,No,0.13004320859909058
197,No,0.3723541796207428
198,No,0.44397038221359253
199,Yes,0.6264600157737732
200,Yes,0.5104301571846008
201,No,0.08417162299156189
202,No,0.1097051277756691
203,No,0.20149970054626465
204,No,0.11919718235731125
205,No,0.12601490318775177
206,No,0.13516339659690857
207,No,0.1408030092716217
208,No,0.17040415108203888
209,No,0.10148598998785019
210,No,0.10906174033880234
211,No,0.08024159073829651
212,No,0.09538775682449341
213,No,0.06577492505311966
214,No,0.08298017084598541
215,No,0.08401349931955338
216,No,0.07742989808320999
217,No,0.24878528714179993
218,No,0.16813518106937408
219,No,0.2533308267593384
220,No,0.19852393865585327
221,No,0.04804098233580589
222,No,0.08358127623796463
223,No,0.07629690319299698
224,No,0.07776402682065964
225,No,0.056712571531534195
226,No,0.0784313753247261
227,No,0.09062112867832184
228,No,0.05308465659618378
229,No,0.09446943551301956
230,No,0.06772491335868835
231,No,0.11681586503982544
232,No,0.08510757982730865
233,No,0.062504842877388
234,No,0.05382305011153221
235,No,0.09652043133974075
236,No,0.04326729476451874
237,No,0.04293132573366165
238,No,0.03764713928103447
239,No,0.10686413198709488
240,No,0.04114365950226784
241,No,0.06700093299150467
242,No,0.049451228231191635
243,No,0.0808861032128334
244,No,0.0423433855175972
245,No,0.06584110110998154
246,No,0.06023670732975006
247,No,0.09280864894390106
248,No,0.050184089690446854
249,No,0.1253610998392105
250,No,0.10291503369808197
251,No,0.17856907844543457
252,No,0.06721002608537674
253,No,0.06476207077503204
254,No,0.06553048640489578
255,No,0.08499206602573395
256,No,0.05675072222948074
257,No,0.13124053180217743
258,No,0.14815127849578857
259,No,0.24750886857509613
260,No,0.2205919623374939
261,No,0.038878899067640305
262,No,0.02774302288889885
263,No,0.048087768256664276
264,No,0.020652592182159424
265,No,0.12073356658220291
266,No,0.08965826779603958
267,No,0.1660846471786499
268,No,0.09803281724452972
269,No,0.0328119732439518
270,No,0.02858879417181015
271,No,0.0457238107919693
272,No,0.023129479959607124
273,No,0.22011522948741913
274,No,0.16358765959739685
275,No,0.15505217015743256
276,No,0.18197375535964966
277,No,0.12059728056192398
278,No,0.10214105993509293
279,No,0.13641561567783356
280,No,0.10267320275306702
281,No,0.2131560742855072
282,No,0.17033548653125763
283,No,0.20330774784088135
284,No,0.17355652153491974
285,No,0.05703459680080414
286,No,0.05262799933552742
287,No,0.07130783796310425
288,No,0.056028470396995544
289,No,0.043414272367954254
290,No,0.05503543093800545
291,No,0.05839777737855911
292,No,0.07102584838867188
293,No,0.19101089239120483
294,No,0.19492149353027344
295,No,0.1961495280265808
296,No,0.20105615258216858
297,No,0.22114312648773193
298,No,0.23025642335414886
299,No,0.21567970514297485
300,No,0.2563665807247162
301,No,0.18882089853286743
302,No,0.17073392868041992
303,No,0.16103173792362213
304,No,0.1942853033542633
305,No,0.29065215587615967
306,No,0.275898277759552
307,No,0.3016582727432251
308,No,0.34445133805274963
309,No,0.05291176959872246
310,No,0.06646814197301865
311,No,0.06360835582017899
312,No,0.07235527783632278
313,No,0.11311249434947968
314,No,0.1265707015991211
315,No,0.12965169548988342
316,No,0.12721887230873108
317,No,0.05250440910458565
318,No,0.0760011076927185
319,No,0.06882006675004959
320,No,0.07156461477279663
321,No,0.14498090744018555
322,No,0.2141173630952835
323,No,0.24020551145076752
324,No,0.21675454080104828
325,No,0.15025795996189117
326,No,0.22757788002490997
327,No,0.18952827155590057
328,No,0.22907432913780212
329,No,0.09719190746545792
330,No,0.14999312162399292
331,No,0.10389500111341476
332,No,0.11363591998815536
333,No,0.2973308861255646
334,Yes,0.588711142539978
335,Yes,0.6531072854995728
336,Yes,0.5949209332466125
337,No,0.12140011787414551
338,No,0.15088900923728943
339,No,0.1540675312280655
340,No,0.1333404928445816
341,No,0.05893964692950249
342,No,0.0900435522198677
343,No,0.06094140186905861
344,No,0.07780157774686813
345,No,0.09384731948375702
346,No,0.09978879988193512
347,No,0.07120587676763535
348,No,0.0854739099740982
349,No,0.047419849783182144
350,No,0.07517749816179276
351,No,0.04429524391889572
352,No,0.061590734869241714
353,No,0.1074613630771637
354,No,0.14571473002433777
355,No,0.16034600138664246
356,No,0.19984591007232666
357,No,0.0572492815554142
358,No,0.05809556692838669
359,No,0.05794871225953102
360,No,0.06671120971441269
361,No,0.06079937890172005
362,No,0.06328511238098145
363,No,0.06109142303466797
364,No,0.07211101800203323
365,No,0.08066055178642273
366,No,0.10316479951143265
367,No,0.09185459464788437
368,No,0.10209396481513977
369,No,0.10085515677928925
370,No,0.18143680691719055
371,No,0.23065370321273804
372,No,0.2283342182636261
373,No,0.056779395788908005
374,No,0.09350357204675674
375,No,0.07877711206674576
376,No,0.08621790260076523
377,No,0.056446321308612823
378,No,0.09974402189254761
379,No,0.04959210008382797
380,No,0.062367819249629974
381,No,0.2311694175004959
382,No,0.25198793411254883
383,No,0.26651838421821594
384,No,0.2696295380592346
385,No,0.058062490075826645
386,No,0.05343269184231758
387,No,0.07709170132875443
388,No,0.10124018788337708
389,No,0.12120888382196426
390,No,0.14841827750205994
391,No,0.15443801879882812
392,No,0.1798134744167328
393,No,0.1727982610464096
394,No,0.25889623165130615
395,No,0.18147915601730347
396,No,0.2542071044445038
397,No,0.04146552085876465
398,No,0.060085419565439224
399,No,0.04523726925253868
400,No,0.0518760047852993
401,No,0.046049170196056366
402,No,0.06754302233457565
403,No,0.061220020055770874
404,No,0.06545078009366989
405,No,0.06257729977369308
406,No,0.15986445546150208
407,No,0.17365342378616333
408,No,0.17632083594799042
409,No,0.20559464395046234
410,No,0.2156088799238205
411,No,0.29456907510757446
412,No,0.2652837634086609
413,No,0.18759982287883759
414,No,0.1929863691329956
415,No,0.17645925283432007
416,No,0.17877182364463806
417,No,0.03431057184934616
418,No,0.06542007625102997
419,No,0.035889528691768646
420,No,0.042064011096954346
421,No,0.14387059211730957
422,No,0.12922567129135132
423,No,0.11305199563503265
424,No,0.0941786989569664
425,No,0.12379824370145798
426,No,0.1719251126050949
427,No,0.13238461315631866
428,No,0.161462664604187
429,No,0.19736959040164948
430,No,0.1361175775527954
431,No,0.13693363964557648
432,No,0.1204027608036995
433,No,0.04441869631409645
434,No,0.058158230036497116
435,No,0.049857474863529205
436,No,0.054557979106903076
437,No,0.05588804557919502
438,No,0.11981187760829926
439,No,0.08475721627473831
440,No,0.10210157185792923
441,No,0.05156084522604942
442,No,0.09694236516952515
443,No,0.07844866067171097
444,No,0.09885642677545547
445,No,0.10061667859554291
446,No,0.12160485237836838
447,No,0.12596012651920319
448,No,0.12205656617879868
449,No,0.0896545946598053
450,No,0.1542099416255951
451,No,0.07491987943649292
452,No,0.11026660352945328
453,No,0.047337256371974945
454,No,0.10830522328615189
455,No,0.052449170500040054
456,No,0.05632873997092247
457,No,0.10057170689105988
458,No,0.1495228260755539
459,No,0.08449719101190567
460,No,0.11019838601350784
461,No,0.03788232430815697
462,No,0.11547641456127167
463,No,0.08850672841072083
464,No,0.11820890009403229
465,No,0.0333046056330204
466,No,0.06695134937763214
467,No,0.07496737688779831
468,No,0.06833421438932419
469,No,0.07914549112319946
470,No,0.11892499774694443
471,No,0.09896833449602127
472,No,0.08630504459142685
473,No,0.07233678549528122
474,No,0.13938720524311066
475,No,0.06819707900285721
476,No,0.0896821990609169
477,No,0.07043041288852692
478,No,0.1361217051744461
479,No,0.08661269396543503
480,No,0.09051269292831421
481,No,0.09300888329744339
482,No,0.08547668159008026
483,No,0.1076076477766037
484,No,0.09075867384672165
485,No,0.11460895091295242
486,No,0.1399943232536316
487,No,0.15449321269989014
488,No,0.11677155643701553
489,No,0.05907389149069786
490,No,0.0441947802901268
491,No,0.04807731509208679
492,No,0.03745163604617119
493,No,0.07040125876665115
494,No,0.038980040699243546
495,No,0.06301417946815491
496,No,0.04810119792819023
497,No,0.16965335607528687
498,No,0.17985416948795319
499,No,0.34527167677879333
500,No,0.2424325793981552
501,No,0.15403296053409576
502,No,0.12787003815174103
503,No,0.20039138197898865
504,No,0.13634735345840454
505,No,0.1260606050491333
506,No,0.11243953555822372
507,No,0.11486499756574631
508,No,0.09863739460706711
509,No,0.0356767475605011
510,No,0.033366184681653976
511,No,0.030506404116749763
512,No,0.023798897862434387
513,No,0.09546628594398499
514,No,0.1905936747789383
515,No,0.202875018119812
516,No,0.24855440855026245
517,No,0.24566881358623505
518,No,0.443215936422348
519,No,0.4395609498023987
520,No,0.48960426449775696
521,No,0.12650947272777557
522,No,0.20476558804512024
523,No,0.11185210198163986
524,No,0.20050619542598724
525,No,0.13239823281764984
526,No,0.21316348016262054
527,No,0.2578216791152954
528,No,0.3140512704849243
529,No,0.038891129195690155
530,No,0.09073206037282944
531,No,0.05259811505675316
532,No,0.07133802026510239
533,No,0.03817049041390419
534,No,0.096829354763031
535,No,0.08477778732776642
536,No,0.13288135826587677
537,No,0.11350423842668533
538,No,0.24550080299377441
539,No,0.15794064104557037
540,No,0.2575533092021942
541,No,0.0670454353094101
542,No,0.1650858372449875
543,No,0.1229788064956665
544,No,0.1709359884262085
545,No,0.0602877140045166
546,No,0.1216713935136795
547,No,0.0517251081764698
548,No,0.09869542717933655
549,No,0.07716299593448639
550,No,0.16342447698116302
551,No,0.14215929806232452
552,No,0.21400611102581024
553,No,0.05298252031207085
554,No,0.08134348690509796
555,No,0.042107220739126205
556,No,0.0796823501586914
557,No,0.04789240285754204
558,No,0.11988920718431473
559,No,0.05915740504860878
560,No,0.1008087769150734
561,No,0.04897892475128174
562,No,0.08377042412757874
563,No,0.0592774823307991
564,No,0.0705191045999527
565,No,0.10910594463348389
566,No,0.2034750133752823
567,No,0.15334704518318176
568,No,0.16968578100204468
569,No,0.04783153533935547
570,No,0.08824554830789566
571,No,0.04439730569720268
572,No,0.07345964014530182
573,No,0.03816833347082138
574,No,0.11822149902582169
575,No,0.03858166188001633
576,No,0.06330504268407822
577,No,0.08128882199525833
578,No,0.12227322161197662
579,No,0.08496516197919846
580,No,0.1308426856994629
581,No,0.05633816495537758
582,No,0.10080364346504211
583,No,0.036366235464811325
584,No,0.07191884517669678
585,No,0.11900913715362549
586,No,0.16286468505859375
587,No,0.08009039610624313
588,No,0.19997310638427734
589,No,0.05421455577015877
590,No,0.14416053891181946
591,No,0.08072610944509506
592,No,0.12939003109931946
593,No,0.14551086723804474
594,No,0.18624089658260345
595,No,0.18731793761253357
596,No,0.19785012304782867
597,No,0.163736030459404
598,No,0.253275990486145
599,No,0.2436058074235916
600,No,0.3106745183467865
601,No,0.2749934792518616
602,No,0.22186000645160675
603,No,0.19879662990570068
604,No,0.2687869668006897
605,No,0.1493845283985138
606,No,0.17278791964054108
607,No,0.1537373960018158
608,No,0.18718287348747253
609,No,0.08452285826206207
610,No,0.11883518844842911
611,No,0.06670477241277695
612,No,0.13213719427585602
613,No,0.10003941506147385
614,No,0.21316583454608917
615,No,0.11308754235506058
616,No,0.25617870688438416
617,No,0.12992587685585022
618,No,0.235307514667511
619,No,0.20913511514663696
620,No,0.33893099427223206
621,No,0.07937691360712051
622,No,0.13693548738956451
623,No,0.044729966670274734
624,No,0.10475267469882965
625,No,0.09312901645898819
626,No,0.08854927867650986
627,No,0.03537534922361374
628,No,0.10300005972385406
629,No,0.05130909010767937
630,No,0.1411953866481781
631,No,0.0632820874452591
632,No,0.15115581452846527
633,No,0.07228829711675644
634,No,0.15135157108306885
635,No,0.06656674295663834
636,No,0.16525745391845703
637,No,0.2116858959197998
638,No,0.11079014092683792
639,No,0.08815491944551468
640,No,0.10674691200256348
641,No,0.06394199281930923
642,No,0.13030704855918884
643,No,0.06511428952217102
644,No,0.14527028799057007
645,No,0.05264558643102646
646,No,0.061517830938100815
647,No,0.02531779184937477
648,No,0.04705505073070526
649,No,0.09306566417217255
650,No,0.13605338335037231
651,No,0.07994191348552704
652,No,0.1655055731534958
653,No,0.08400837332010269
654,No,0.10520601272583008
655,No,0.06198311224579811
656,No,0.11624599248170853
657,No,0.08198448270559311
658,No,0.11292128264904022
659,No,0.06066302955150604
660,No,0.08399102836847305
661,No,0.08090066909790039
662,No,0.11991847306489944
663,No,0.06481827050447464
664,No,0.0951356589794159
665,No,0.06096779182553291
666,No,0.09666525572538376
667,No,0.06724642962217331
668,No,0.08731109648942947
669,No,0.05529921129345894
670,No,0.11158794164657593
671,No,0.07064846158027649
672,No,0.09936269372701645
673,No,0.06686995923519135
674,No,0.11506500840187073
675,No,0.08223230391740799
676,No,0.10098046064376831
677,No,0.11535479128360748
678,No,0.13531385362148285
679,No,0.1073811873793602
680,No,0.13569402694702148
681,No,0.10702401399612427
682,No,0.19095700979232788
683,No,0.1400989294052124
684,No,0.2152067869901657
685,No,0.08108306676149368
686,No,0.17267553508281708
687,No,0.11568757146596909
688,No,0.16647520661354065
689,No,0.06504957377910614
690,No,0.10690541565418243
691,No,0.06077004224061966
692,No,0.08547590672969818
693,No,0.14807642996311188
694,No,0.29576367139816284
695,No,0.16099832952022552
696,No,0.23413769900798798
697,No,0.05882038548588753
698,No,0.06177749112248421
699,No,0.03087899461388588
700,No,0.0479239858686924
701,No,0.09879756718873978
702,No,0.20532554388046265
703,No,0.1421724259853363
704,No,0.19374173879623413
705,No,0.08198448270559311
706,No,0.11292128264904022
707,No,0.06066302955150604
708,No,0.08399102836847305
709,No,0.05529921129345894
710,No,0.11158794164657593
711,No,0.07064846158027649
712,No,0.09936269372701645
713,No,0.0968315452337265
714,No,0.11720704287290573
715,No,0.07415774464607239
716,No,0.10870455205440521
717,No,0.0545920804142952
718,No,0.0859992504119873
719,No,0.06582487374544144
720,No,0.07402795553207397
721,No,0.07681199908256531
722,No,0.10104306042194366
723,No,0.051858361810445786
724,No,0.0662987157702446
725,No,0.07764910161495209
726,No,0.1050480455160141
727,No,0.06952294707298279
728,No,0.07496760040521622
729,No,0.08655200153589249
730,No,0.12133081257343292
731,No,0.10644891113042831
732,No,0.1101711094379425
733,No,0.04457397386431694
734,No,0.056974150240421295
735,No,0.0620553120970726
736,No,0.04458016902208328
737,No,0.0683528259396553
738,No,0.06461678445339203
739,No,0.041692499071359634
740,No,0.044591668993234634
741,No,0.09122259169816971
742,No,0.11618672311306
743,No,0.0764591172337532
744,No,0.08903709799051285
745,No,0.09411147236824036
746,No,0.094745934009552
747,No,0.10290119796991348
748,No,0.10757404565811157
749,No,0.06765622645616531
750,No,0.1026192232966423
751,No,0.056117527186870575
752,No,0.07847550511360168
753,No,0.045580778270959854
754,No,0.07537262886762619
755,No,0.04914906993508339
756,No,0.06632743030786514
757,No,0.034083690494298935
758,No,0.05234850198030472
759,No,0.07082956284284592
760,No,0.05795058608055115
761,No,0.1834792196750641
762,No,0.24871644377708435
763,No,0.22334903478622437
764,No,0.21675562858581543
765,No,0.11673475801944733
766,No,0.13033537566661835
767,No,0.08379515260457993
768,No,0.09416806697845459
769,No,0.06867054104804993
770,No,0.08159559965133667
771,No,0.07887068390846252
772,No,0.09157420694828033
773,No,0.0416317842900753
774,No,0.07086609303951263
775,No,0.07834992557764053
776,No,0.08129731565713882
777,No,0.09406101703643799
778,No,0.09809872508049011
779,No,0.09120967239141464
780,No,0.10508119314908981
781,No,0.057100098580121994
782,No,0.1275242418050766
783,No,0.10207963734865189
784,No,0.12757939100265503
785,No,0.12413836270570755
786,No,0.20421481132507324
787,No,0.1673116385936737
788,No,0.20935232937335968
789,No,0.14521124958992004
790,No,0.2723662257194519
791,No,0.2223605513572693
792,No,0.2548716068267822
793,No,0.030723894014954567
794,No,0.05239737778902054
795,No,0.029260089620947838
796,No,0.04021550342440605
797,No,0.09404062479734421
798,No,0.11718039959669113
799,No,0.11529169231653214
800,No,0.11424950510263443
801,No,0.061552368104457855
802,No,0.10072522610425949
803,No,0.073580801486969
804,No,0.0855974480509758
805,No,0.08782301843166351
806,No,0.1370437741279602
807,No,0.09223979711532593
808,No,0.10500214248895645
809,No,0.15586721897125244
810,No,0.29082050919532776
811,No,0.22181785106658936
812,No,0.24614866077899933
813,No,0.07662342488765717
814,No,0.18921324610710144
815,No,0.11367494612932205
816,No,0.1483614444732666
817,No,0.22623781859874725
818,No,0.19401495158672333
819,No,0.1995301991701126
820,No,0.2530997395515442
821,No,0.07250672578811646
822,No,0.1335751712322235
823,No,0.10566043853759766
824,No,0.15036053955554962
825,No,0.17465178668498993
826,No,0.17548257112503052
827,No,0.13299322128295898
828,No,0.1536569446325302
829,No,0.14459002017974854
830,No,0.1762823462486267
831,No,0.15994730591773987
832,No,0.20529386401176453
833,No,0.0708359032869339
834,No,0.136367067694664
835,No,0.10021552443504333
836,No,0.15895237028598785
837,No,0.08664298802614212
838,No,0.11918305605649948
839,No,0.12020263820886612
840,No,0.13260318338871002
841,No,0.22623781859874725
842,No,0.19401495158672333
843,No,0.1995301991701126
844,No,0.2530997395515442
845,No,0.19496417045593262
846,No,0.249118372797966
847,No,0.1345507800579071
848,No,0.22192370891571045
849,No,0.11915963888168335
850,No,0.2199234664440155
851,No,0.23925213515758514
852,No,0.32782647013664246
853,No,0.14837244153022766
854,No,0.27105003595352173
855,No,0.2021295726299286
856,No,0.32135966420173645
857,No,0.10427980870008469
858,No,0.2291802614927292
859,No,0.19674457609653473
860,No,0.2474534809589386
861,No,0.12068072706460953
862,No,0.18473127484321594
863,No,0.2102769911289215
864,No,0.2633938193321228
865,No,0.3380197286605835
866,No,0.3064846396446228
867,Yes,0.5398518443107605
868,No,0.47020554542541504
869,No,0.15533171594142914
870,No,0.19329914450645447
871,No,0.17311766743659973
872,No,0.20037314295768738
873,No,0.1837548315525055
874,No,0.14405472576618195
875,No,0.15928299725055695
876,No,0.1360449492931366
877,No,0.2565902769565582
878,No,0.15322056412696838
879,No,0.1668078750371933
880,No,0.14420603215694427
881,No,0.2197675257921219
882,No,0.368466317653656
883,No,0.479724258184433
884,No,0.4115014970302582
885,No,0.09872671216726303
886,No,0.09694799780845642
887,No,0.13421443104743958
888,No,0.09230594336986542
889,No,0.08912193775177002
890,No,0.09591662883758545
891,No,0.10904498398303986
892,No,0.1030319333076477
893,No,0.14860132336616516
894,No,0.14311860501766205
895,No,0.18051564693450928
896,No,0.17108625173568726
897,No,0.3117538392543793
898,No,0.35239163041114807
899,No,0.4155585467815399
900,No,0.4038851857185364
901,No,0.4147495925426483
902,No,0.4924808442592621
903,Yes,0.5728325247764587
904,Yes,0.5727365612983704
905,No,0.1757717877626419
906,No,0.19281233847141266
907,No,0.19073377549648285
908,No,0.18245398998260498
909,No,0.13055506348609924
910,No,0.12014240026473999
911,No,0.15631476044654846
912,No,0.14540107548236847
913,No,0.12897799909114838
914,No,0.10281427204608917
915,No,0.09763883799314499
916,No,0.10421891510486603
917,No,0.11617311835289001
918,No,0.1511256992816925
919,No,0.2186441570520401
920,No,0.2033281773328781
921,No,0.2659592926502228
922,No,0.3389943540096283
923,No,0.3384091556072235
924,No,0.3564203083515167
925,No,0.29509297013282776
926,No,0.32123181223869324
927,No,0.3528291881084442
928,No,0.2996896505355835
929,No,0.06919225305318832
930,No,0.08735864609479904
931,No,0.07393181324005127
932,No,0.08413024246692657
933,No,0.1972779631614685
934,No,0.1497696042060852
935,No,0.21397578716278076
936,No,0.21331971883773804
937,No,0.1364908367395401
938,No,0.14578881859779358
939,No,0.19333580136299133
940,No,0.18797741830348969
941,No,0.060118142515420914
942,No,0.09643419086933136
943,No,0.0774514302611351
944,No,0.10305391252040863
945,No,0.08217480033636093
946,No,0.16841858625411987
947,No,0.11759738624095917
948,No,0.17851503193378448
949,No,0.16095224022865295
950,No,0.25912925601005554
951,No,0.38181817531585693
952,No,0.3263896405696869
953,No,0.056013867259025574
954,No,0.08429628610610962
955,No,0.057055454701185226
956,No,0.08323702216148376
957,No,0.24089254438877106
958,No,0.20935942232608795
959,No,0.15105746686458588
960,No,0.14909040927886963
961,No,0.05567871034145355
962,No,0.07254514843225479
963,No,0.08413416892290115
964,No,0.07010547816753387
965,No,0.08517182618379593
966,No,0.11839231848716736
967,No,0.11018579453229904
968,No,0.11233888566493988
969,No,0.11002539098262787
970,No,0.15167701244354248
971,No,0.10317397117614746
972,No,0.1360834389925003
973,No,0.14574521780014038
974,No,0.17239655554294586
975,No,0.16214095056056976
976,No,0.1948741376399994
977,No,0.18303050100803375
978,No,0.21495698392391205
979,No,0.16563072800636292
980,No,0.15845701098442078
981,No,0.030861908569931984
982,No,0.06279538571834564
983,No,0.03934703394770622
984,No,0.05226725712418556
985,No,0.1335545927286148
986,No,0.1693423092365265
987,No,0.18989123404026031
988,No,0.178463414311409
989,No,0.03133975341916084
990,No,0.06963423639535904
991,No,0.07787960022687912
992,No,0.08104300498962402
993,No,0.02617967128753662
994,No,0.06714344024658203
995,No,0.03465995937585831
996,No,0.045417897403240204
997,No,0.1310703158378601
998,No,0.1661847084760666
999,No,0.14430606365203857
1000,No,0.1414812058210373
1001,No,0.02803407609462738
1002,No,0.06171521544456482
1003,No,0.042931124567985535
1004,No,0.05779681354761124
1005,No,0.03014153055846691
1006,No,0.07439703494310379
1007,No,0.09478799998760223
1008,No,0.08771941810846329
1009,No,0.19507063925266266
1010,No,0.12925943732261658
1011,No,0.18023863434791565
1012,No,0.11675797402858734
1013,No,0.13923703134059906
1014,No,0.15727069973945618
1015,No,0.22433242201805115
1016,No,0.1898728907108307
1017,No,0.0648060068488121
1018,No,0.08116014301776886
1019,No,0.1024588942527771
1020,No,0.06716234982013702
1021,No,0.11058846116065979
1022,No,0.12265146523714066
1023,No,0.09014476090669632
1024,No,0.09517831355333328
1025,No,0.15041415393352509
1026,No,0.08087285608053207
1027,No,0.11291535198688507
1028,No,0.07944624871015549
1029,No,0.3318333923816681
1030,No,0.2233133465051651
1031,No,0.2471715658903122
1032,No,0.1936901956796646
1033,No,0.10446225851774216
1034,No,0.1324886679649353
1035,No,0.12434841692447662
1036,No,0.10023194551467896
1037,No,0.18289898335933685
1038,No,0.19112756848335266
1039,No,0.27782732248306274
1040,No,0.20431791245937347
1041,No,0.0718129575252533
1042,No,0.09329244494438171
1043,No,0.13923609256744385
1044,No,0.10026784241199493
1045,No,0.06811763346195221
1046,No,0.07958829402923584
1047,No,0.07912076264619827
1048,No,0.05417774245142937
1049,No,0.049777861684560776
1050,No,0.05023318529129028
1051,No,0.07924056053161621
1052,No,0.056633368134498596
1053,No,0.13521750271320343
1054,No,0.12946559488773346
1055,No,0.2751915156841278
1056,No,0.19609478116035461
1057,No,0.1843021959066391
1058,No,0.21354889869689941
1059,No,0.30404388904571533
1060,No,0.22686676681041718
1061,No,0.10414017736911774
1062,No,0.08833776414394379
1063,No,0.169052854180336
1064,No,0.10395342111587524
1065,No,0.3318333923816681
1066,No,0.2233133465051651
1067,No,0.2471715658903122
1068,No,0.1936901956796646
1069,No,0.09679467976093292
1070,No,0.11343861371278763
1071,No,0.19972825050354004
1072,No,0.09490358829498291
1073,No,0.08125326782464981
1074,No,0.08626743406057358
1075,No,0.12302000820636749
1076,No,0.1106889396905899
1077,No,0.1049790158867836
1078,No,0.10754307359457016
1079,No,0.12926797568798065
1080,No,0.10960879176855087
1081,No,0.054486487060785294
1082,No,0.06918631494045258
1083,No,0.08915622532367706
1084,No,0.09066322445869446
1085,No,0.267345666885376
1086,No,0.16471900045871735
1087,No,0.29624471068382263
1088,No,0.2086033672094345
1089,No,0.15748094022274017
1090,No,0.24464601278305054
1091,No,0.3582251965999603
1092,No,0.33231669664382935
1093,No,0.04067683219909668
1094,No,0.06298931688070297
1095,No,0.06011738255620003
1096,No,0.042486753314733505
1097,No,0.0686400756239891
1098,No,0.06161797046661377
1099,No,0.07166743278503418
1100,No,0.06336762011051178
1101,No,0.30065226554870605
1102,No,0.2663888931274414
1103,No,0.2825146019458771
1104,No,0.23125062882900238
1105,No,0.06224523112177849
1106,No,0.08701777458190918
1107,No,0.05171416327357292
1108,No,0.06658238917589188
1109,No,0.038807447999715805
1110,No,0.09628623723983765
1111,No,0.04240184649825096
1112,No,0.055939700454473495
1113,No,0.07477826625108719
1114,No,0.1043204516172409
1115,No,0.1399843543767929
1116,No,0.11921919137239456
1117,No,0.10968208312988281
1118,No,0.11919044703245163
1119,No,0.12242370843887329
1120,No,0.13231350481510162
1121,No,0.04824705049395561
1122,No,0.0901847630739212
1123,No,0.08642517030239105
1124,No,0.07894567400217056
1125,No,0.18800432980060577
1126,No,0.29465505480766296
1127,No,0.3151874244213104
1128,No,0.31228235363960266
1129,No,0.10115506500005722
1130,No,0.08935301750898361
1131,No,0.07259700447320938
1132,No,0.0652192011475563
1133,No,0.16812703013420105
1134,No,0.23801767826080322
1135,No,0.26139649748802185
1136,No,0.24999269843101501
1137,No,0.14838148653507233
1138,No,0.15211695432662964
1139,No,0.0846051499247551
1140,No,0.11540793627500534
1141,No,0.1394858956336975
1142,No,0.16724835336208344
1143,No,0.10782887041568756
1144,No,0.13586299121379852
1145,No,0.09259936213493347
1146,No,0.10932406038045883
1147,No,0.07961539924144745
1148,No,0.11695612967014313
1149,No,0.12152015417814255
1150,No,0.17066211998462677
1151,No,0.09929758310317993
1152,No,0.1514870822429657
1153,No,0.07919181138277054
1154,No,0.08426562696695328
1155,No,0.11683685332536697
1156,No,0.0727711021900177
1157,No,0.2419433891773224
1158,No,0.17710743844509125
1159,No,0.39960116147994995
1160,No,0.23372530937194824
1161,No,0.08194765448570251
1162,No,0.15462762117385864
1163,No,0.22116529941558838
1164,No,0.1679171621799469
1165,No,0.1042042002081871
1166,No,0.12274859845638275
1167,No,0.24549691379070282
1168,No,0.11421320587396622
1169,No,0.06701982766389847
1170,No,0.1311417818069458
1171,No,0.0840730220079422
1172,No,0.0838424563407898
1173,No,0.12072128802537918
1174,No,0.18964414298534393
1175,No,0.1514819860458374
1176,No,0.1823842078447342
1177,No,0.04897294566035271
1178,No,0.0882301777601242
1179,No,0.04431522265076637
1180,No,0.05947041139006615
1181,No,0.10520117729902267
1182,No,0.22438906133174896
1183,No,0.16540272533893585
1184,No,0.23868824541568756
1185,No,0.19459761679172516
1186,No,0.2354038953781128
1187,No,0.4674450159072876
1188,No,0.3970666229724884
1189,No,0.045156389474868774
1190,No,0.07120750099420547
1191,No,0.06320347636938095
1192,No,0.0546981543302536
1193,No,0.09514619410037994
1194,No,0.10583171993494034
1195,No,0.16398833692073822
1196,No,0.14351876080036163
1197,No,0.05468445643782616
1198,No,0.07762591540813446
1199,No,0.08171632140874863
1200,No,0.08004262298345566
1201,No,0.18206949532032013
1202,No,0.3787115514278412
1203,No,0.39313217997550964
1204,No,0.3753388226032257
1205,No,0.08119558542966843
1206,No,0.10736250877380371
1207,No,0.1297481507062912
1208,No,0.1090201660990715
1209,No,0.09333121031522751
1210,No,0.07381594926118851
1211,No,0.056294575333595276
1212,No,0.06434208899736404
1213,No,0.12599611282348633
1214,No,0.10300377011299133
1215,No,0.20355261862277985
1216,No,0.15477684140205383
1217,No,0.18065765500068665
1218,No,0.275892436504364
1219,No,0.41447678208351135
1220,No,0.3658697009086609
1221,No,0.10089735686779022
1222,No,0.09987383335828781
1223,No,0.10434215515851974
1224,No,0.08693841844797134
1225,No,0.10656921565532684
1226,No,0.1440073847770691
1227,No,0.09887963533401489
1228,No,0.12128334492444992
1229,No,0.09633547067642212
1230,No,0.1335131973028183
1231,No,0.17184413969516754
1232,No,0.14252100884914398
1233,No,0.06630152463912964
1234,No,0.10605266690254211
1235,No,0.0734541118144989
1236,No,0.07898843288421631
1237,No,0.16004061698913574
1238,No,0.14842961728572845
1239,No,0.14191891252994537
1240,No,0.12908467650413513
1241,No,0.10089735686779022
1242,No,0.09987383335828781
1243,No,0.10434215515851974
1244,No,0.08693841844797134
1245,No,0.1298253983259201
1246,No,0.16365085542201996
1247,No,0.1960148811340332
1248,No,0.22455459833145142
1249,No,0.11477690190076828
1250,No,0.24576427042484283
1251,No,0.120891273021698
1252,No,0.24049587547779083
1253,No,0.1330869197845459
1254,No,0.194132000207901
1255,No,0.08637815713882446
1256,No,0.16542930901050568
1257,No,0.0666741281747818
1258,No,0.16349650919437408
1259,No,0.04993687942624092
1260,No,0.1100812703371048
1261,No,0.15118031203746796
1262,No,0.1586456596851349
1263,No,0.14863069355487823
1264,No,0.18495236337184906
1265,No,0.10954929143190384
1266,No,0.13132309913635254
1267,No,0.12890437245368958
1268,No,0.1704099029302597
1269,No,0.23053914308547974
1270,No,0.27776989340782166
1271,No,0.2779899835586548
1272,No,0.2695997655391693
1273,No,0.08710392564535141
1274,No,0.15548768639564514
1275,No,0.23244422674179077
1276,No,0.24754828214645386
1277,No,0.3464467227458954
1278,No,0.36281558871269226
1279,No,0.3073205053806305
1280,No,0.36212387681007385
1281,No,0.09225733578205109
1282,No,0.14245536923408508
1283,No,0.06958362460136414
1284,No,0.12335215508937836
1285,No,0.08145194500684738
1286,No,0.14546220004558563
1287,No,0.08814265578985214
1288,No,0.14173565804958344
1289,No,0.07404329627752304
1290,No,0.13258080184459686
1291,No,0.11952357739210129
1292,No,0.13572783768177032
1293,No,0.04226214438676834
1294,No,0.1269015669822693
1295,No,0.05249616131186485
1296,No,0.12774787843227386
1297,No,0.13408860564231873
1298,No,0.24948753416538239
1299,No,0.1860417276620865
1300,No,0.25390374660491943
1301,No,0.1257898360490799
1302,No,0.2505311369895935
1303,No,0.19501595199108124
1304,No,0.28984174132347107
1305,No,0.08610548824071884
1306,No,0.1492096185684204
1307,No,0.055951446294784546
1308,No,0.1184849962592125
1309,No,0.11185207962989807
1310,No,0.1781800538301468
1311,No,0.11645461618900299
1312,No,0.16123905777931213
1313,No,0.0689602941274643
1314,No,0.17394620180130005
1315,No,0.10538407415151596
1316,No,0.1159195825457573
1317,No,0.0822732001543045
1318,No,0.07960453629493713
1319,No,0.04863930493593216
1320,No,0.06227743625640869
1321,No,0.12150207161903381
1322,No,0.15030843019485474
1323,No,0.1273219883441925
1324,No,0.13103093206882477
1325,No,0.04911571741104126
1326,No,0.10660608112812042
1327,No,0.10408477485179901
1328,No,0.10347969830036163
1329,No,0.07488727569580078
1330,No,0.13296298682689667
1331,No,0.141945943236351
1332,No,0.136452779173851
1333,No,0.18547451496124268
1334,No,0.20694254338741302
1335,No,0.3635299801826477
1336,No,0.2300523817539215
1337,No,0.07156870514154434
1338,No,0.13311852514743805
1339,No,0.13192443549633026
1340,No,0.1281394362449646
1341,No,0.09759509563446045
1342,No,0.15770919620990753
1343,No,0.14292794466018677
1344,No,0.12263727933168411
1345,No,0.3042103946208954
1346,No,0.13430795073509216
1347,No,0.31029805541038513
1348,No,0.2151905745267868
1349,No,0.11715107411146164
1350,No,0.17114990949630737
1351,No,0.13758377730846405
1352,No,0.1567700356245041
1353,No,0.10148002952337265
1354,No,0.13176794350147247
1355,No,0.10600095987319946
1356,No,0.09852433949708939
1357,No,0.11498009413480759
1358,No,0.14929695427417755
1359,No,0.1247614324092865
1360,No,0.11259206384420395
1361,No,0.05967561528086662
1362,No,0.14658479392528534
1363,No,0.10748107731342316
1364,No,0.10389088839292526
1365,No,0.08883419632911682
1366,No,0.07324834913015366
1367,No,0.050905708223581314
1368,No,0.05873935669660568
1369,No,0.07155683636665344
1370,No,0.0914423018693924
1371,No,0.08160418272018433
1372,No,0.09105370193719864
1373,No,0.0905027836561203
1374,No,0.06381101161241531
1375,No,0.06331976503133774
1376,No,0.061080459505319595
1377,No,0.06690806150436401
1378,No,0.0937264934182167
1379,No,0.0601874478161335
1380,No,0.08821602165699005
1381,No,0.33816686272621155
1382,No,0.35341590642929077
1383,Yes,0.6023531556129456
1384,No,0.40031248331069946
1385,No,0.1182129755616188
1386,No,0.15102645754814148
1387,No,0.12842585146427155
1388,No,0.13147611916065216
1389,No,0.19888705015182495
1390,No,0.24955937266349792
1391,No,0.2947966158390045
1392,No,0.23733186721801758
1393,No,0.06553032994270325
1394,No,0.12790349125862122
1395,No,0.08235618472099304
1396,No,0.11311573535203934
1397,No,0.0681586042046547
1398,No,0.12134119123220444
1399,No,0.07717633992433548
1400,No,0.10368679463863373
1401,No,0.047568242996931076
1402,No,0.05365631356835365
1403,No,0.04628290608525276
1404,No,0.050957970321178436
1405,No,0.1694875955581665
1406,No,0.15487459301948547
1407,No,0.11167050153017044
1408,No,0.1209772601723671
1409,No,0.11128976196050644
1410,No,0.10453581064939499
1411,No,0.09415356814861298
1412,No,0.1109580546617508
1413,No,0.07148554176092148
1414,No,0.12698230147361755
1415,No,0.0698675885796547
1416,No,0.10210391134023666
1417,No,0.18174056708812714
1418,No,0.21389614045619965
1419,No,0.38032206892967224
1420,No,0.265776127576828
1421,No,0.10729998350143433
1422,No,0.1027025654911995
1423,No,0.11515139788389206
1424,No,0.1477205604314804
1425,No,0.09708469361066818
1426,No,0.09025827795267105
1427,No,0.07499755918979645
1428,No,0.08635842800140381
1429,No,0.11093015968799591
1430,No,0.14597643911838531
1431,No,0.0963117778301239
1432,No,0.10991847515106201
1433,No,0.14692208170890808
1434,No,0.18725425004959106
1435,No,0.14865615963935852
1436,No,0.18024837970733643
1437,No,0.15010619163513184
1438,No,0.17923986911773682
1439,No,0.16716262698173523
1440,No,0.18570482730865479
1441,No,0.07618799805641174
1442,No,0.10327988862991333
1443,No,0.06680145859718323
1444,No,0.11369692534208298
1445,No,0.12153082340955734
1446,No,0.2618151605129242
1447,No,0.16312095522880554
1448,No,0.2630571126937866
1449,No,0.18405473232269287
1450,No,0.10297679156064987
1451,No,0.22999988496303558
1452,No,0.33080726861953735
1453,No,0.22662034630775452
1454,No,0.30738386511802673
1455,No,0.3978881537914276
1456,No,0.44445690512657166
1457,No,0.09479432553052902
1458,No,0.18304665386676788
1459,No,0.1392316371202469
1460,No,0.24292244017124176
1461,No,0.07310375571250916
1462,No,0.13213811814785004
1463,No,0.09983646869659424
1464,No,0.1322569102048874
1465,No,0.04899061098694801
1466,No,0.06529472768306732
1467,No,0.04833844304084778
1468,No,0.07420039921998978
1469,No,0.07341452687978745
1470,No,0.09552907943725586
1471,No,0.09665555506944656
1472,No,0.11793805658817291
1473,No,0.2275955080986023
1474,No,0.3593922257423401
1475,No,0.3770507276058197
1476,No,0.4213978946208954
1477,No,0.18190856277942657
1478,No,0.3132755756378174
1479,No,0.26519617438316345
1480,No,0.30150431394577026
1481,No,0.06667114049196243
1482,No,0.1055334284901619
1483,No,0.14014245569705963
1484,No,0.169112890958786
1485,No,0.05325767770409584
1486,No,0.1264668107032776
1487,No,0.10349195450544357
1488,No,0.13312049210071564
1489,No,0.03508823737502098
1490,No,0.07004246115684509
1491,No,0.0500195175409317
1492,No,0.06555167585611343
1493,No,0.07954210788011551
1494,No,0.12120220810174942
1495,No,0.13412973284721375
1496,No,0.18711847066879272
1497,No,0.06667114049196243
1498,No,0.1055334284901619
1499,No,0.14014245569705963
1500,No,0.169112890958786
1501,No,0.17638835310935974
1502,No,0.10645777732133865
1503,No,0.07629182934761047
1504,No,0.1125563532114029
1505,No,0.04719526320695877
1506,No,0.0874655470252037
1507,No,0.11244900524616241
1508,No,0.08538314700126648
1509,No,0.0736076831817627
1510,No,0.07797129452228546
1511,No,0.07106710970401764
1512,No,0.06540703773498535
1513,No,0.11497161537408829
1514,No,0.10910093039274216
1515,No,0.1347270905971527
1516,No,0.1279492974281311
1517,No,0.17180119454860687
1518,No,0.18596114218235016
1519,No,0.44862133264541626
1520,No,0.45646733045578003
1521,No,0.04511161521077156
1522,No,0.060176070779561996
1523,No,0.0509096160531044
1524,No,0.05588775500655174
1525,No,0.04278077185153961
1526,No,0.058194033801555634
1527,No,0.0452970452606678
1528,No,0.06431572884321213
1529,No,0.08319398015737534
1530,No,0.070432148873806
1531,No,0.05159538984298706
1532,No,0.050310779362916946
1533,No,0.08127664774656296
1534,No,0.11995737999677658
1535,No,0.07415556907653809
1536,No,0.09340202808380127
1537,No,0.09752485156059265
1538,No,0.1545965075492859
1539,No,0.10888964682817459
1540,No,0.12741534411907196
1541,No,0.07222730666399002
1542,No,0.13063032925128937
1543,No,0.16544392704963684
1544,No,0.1566333770751953
1545,No,0.14417362213134766
1546,No,0.15097512304782867
1547,No,0.14528249204158783
1548,No,0.16105353832244873
1549,No,0.07631125301122665
1550,No,0.08954199403524399
1551,No,0.05534958466887474
1552,No,0.0689288079738617
1553,No,0.1351865828037262
1554,No,0.20091481506824493
1555,No,0.14308607578277588
1556,No,0.15545079112052917
1557,No,0.2475886046886444
1558,No,0.3033534288406372
1559,No,0.33895593881607056
1560,No,0.29008448123931885
1561,No,0.12905263900756836
1562,No,0.20625858008861542
1563,No,0.19725172221660614
1564,No,0.19913996756076813
1565,No,0.13059011101722717
1566,No,0.16501349210739136
1567,No,0.15567341446876526
1568,No,0.16547124087810516
1569,No,0.04912811890244484
1570,No,0.06335894018411636
1571,No,0.07607954740524292
1572,No,0.0626649409532547
1573,No,0.10264978557825089
1574,No,0.16741734743118286
1575,No,0.1381927728652954
1576,No,0.11258874833583832
1577,No,0.14911814033985138
1578,No,0.10938777774572372
1579,No,0.09960724413394928
1580,No,0.088137187063694
1581,No,0.09928972274065018
1582,No,0.13135160505771637
1583,No,0.15686792135238647
1584,No,0.13114114105701447
1585,No,0.0606030635535717
1586,No,0.09749674797058105
1587,No,0.07886329293251038
1588,No,0.0801360234618187
1589,No,0.1803772896528244
1590,No,0.23134048283100128
1591,No,0.17683163285255432
1592,No,0.17500580847263336
1593,No,0.16909393668174744
1594,No,0.17524348199367523
1595,No,0.1737561821937561
1596,No,0.1907375454902649
1597,No,0.20785532891750336
1598,No,0.14682696759700775
1599,No,0.1293138861656189
1600,No,0.13686950504779816
1601,No,0.2453356236219406
1602,No,0.30453380942344666
1603,No,0.217616468667984
1604,No,0.24632050096988678
1605,No,0.12273723632097244
1606,No,0.13237662613391876
1607,No,0.1302412450313568
1608,No,0.13091452419757843
1609,No,0.17907734215259552
1610,No,0.17056904733181
1611,No,0.22498923540115356
1612,No,0.2279268503189087
1613,No,0.2583158314228058
1614,No,0.31126248836517334
1615,No,0.3735925257205963
1616,No,0.3361624479293823
1617,No,0.11244482547044754
1618,No,0.1664452701807022
1619,No,0.14080630242824554
1620,No,0.19017215073108673
1621,No,0.07788508385419846
1622,No,0.1590769737958908
1623,No,0.10099005699157715
1624,No,0.16065603494644165
1625,No,0.11101669818162918
1626,No,0.1868070811033249
1627,No,0.11972685158252716
1628,No,0.16755659878253937
1629,No,0.32947492599487305
1630,No,0.3617161810398102
1631,Yes,0.5457842350006104
1632,No,0.4779397249221802
1633,No,0.11320233345031738
1634,No,0.13393519818782806
1635,No,0.10216623544692993
1636,No,0.18312297761440277
1637,No,0.11432503163814545
1638,No,0.16788332164287567
1639,No,0.12548331916332245
1640,No,0.15823835134506226
1641,No,0.08663804829120636
1642,No,0.1486922800540924
1643,No,0.08912007510662079
1644,No,0.12645937502384186
1645,No,0.07356762140989304
1646,No,0.14106830954551697
1647,No,0.07314945757389069
1648,No,0.12175043672323227
1649,No,0.07356762140989304
1650,No,0.14106830954551697
1651,No,0.07314945757389069
1652,No,0.12175043672323227
1653,No,0.08647604286670685
1654,No,0.11102931946516037
1655,No,0.08378448337316513
1656,No,0.13001427054405212
1657,No,0.060821883380413055
1658,No,0.13004463911056519
1659,No,0.10768911242485046
1660,No,0.16717509925365448
1661,No,0.08534052968025208
1662,No,0.1618344485759735
1663,No,0.10229761898517609
1664,No,0.1415267288684845
1665,No,0.12027014046907425
1666,No,0.13270485401153564
1667,No,0.11939485371112823
1668,No,0.09704652428627014
1669,No,0.061356570571660995
1670,No,0.09398625046014786
1671,No,0.07312378287315369
1672,No,0.07871636748313904
1673,No,0.12867775559425354
1674,No,0.16407638788223267
1675,No,0.17224736511707306
1676,No,0.1525886058807373
1677,No,0.033461764454841614
1678,No,0.05515948310494423
1679,No,0.05720733478665352
1680,No,0.05442478135228157
1681,No,0.05839840695261955
1682,No,0.08438355475664139
1683,No,0.05467793345451355
1684,No,0.07220609486103058
1685,No,0.19856326282024384
1686,No,0.24556326866149902
1687,No,0.19553227722644806
1688,No,0.20593684911727905
1689,No,0.07794208079576492
1690,No,0.09338454902172089
1691,No,0.07725633680820465
1692,No,0.08678610622882843
1693,No,0.18596483767032623
1694,No,0.2896229028701782
1695,No,0.30183979868888855
1696,No,0.2984146773815155
1697,No,0.10338039696216583
1698,No,0.12018045783042908
1699,No,0.12001647800207138
1700,No,0.13267208635807037
1701,No,0.11879853904247284
1702,No,0.14150752127170563
1703,No,0.13083429634571075
1704,No,0.13508662581443787
1705,No,0.058073267340660095
1706,No,0.09707845747470856
1707,No,0.06251811236143112
1708,No,0.07051942497491837
1709,No,0.12562644481658936
1710,No,0.13723227381706238
1711,No,0.1054687350988388
1712,No,0.13161271810531616
1713,No,0.05859338492155075
1714,No,0.075844407081604
1715,No,0.05541778728365898
1716,No,0.0728609561920166
1717,No,0.09738843142986298
1718,No,0.08747413754463196
1719,No,0.03893781080842018
1720,No,0.060758646577596664
1721,No,0.028869522735476494
1722,No,0.05383838340640068
1723,No,0.03670678287744522
1724,No,0.0506313219666481
1725,No,0.06716857105493546
1726,No,0.12491682916879654
1727,No,0.06704599410295486
1728,No,0.10087690502405167
1729,No,0.08435673266649246
1730,No,0.1151842549443245
1731,No,0.14074335992336273
1732,No,0.11317799240350723
1733,No,0.09356330335140228
1734,No,0.13471338152885437
1735,No,0.1088937297463417
1736,No,0.12497951090335846
1737,No,0.034160614013671875
1738,No,0.04857327789068222
1739,No,0.060536839067935944
1740,No,0.05381133407354355
1741,No,0.03632453829050064
1742,No,0.08414618670940399
1743,No,0.049247805029153824
1744,No,0.06738626956939697
1745,No,0.27155861258506775
1746,Yes,0.5544094443321228
1747,Yes,0.6363187432289124
1748,Yes,0.5138958096504211
1749,No,0.09616143256425858
1750,No,0.13485652208328247
1751,No,0.1281869113445282
1752,No,0.12508782744407654
1753,No,0.06503856927156448
1754,No,0.06209466978907585
1755,No,0.08506809920072556
1756,No,0.07195242494344711
1757,No,0.23439404368400574
1758,No,0.18280889093875885
1759,No,0.3328288197517395
1760,No,0.22941327095031738
1761,No,0.0789758712053299
1762,No,0.16376705467700958
1763,No,0.10434073209762573
1764,No,0.1545257270336151
1765,No,0.05517486482858658
1766,No,0.11264649778604507
1767,No,0.05178431048989296
1768,No,0.08444081246852875
1769,No,0.02417939342558384
1770,No,0.061919622123241425
1771,No,0.033520057797431946
1772,No,0.05743343383073807
1773,No,0.053397879004478455
1774,No,0.08437361568212509
1775,No,0.04264931380748749
1776,No,0.0480906218290329
1777,No,0.02339828945696354
1778,No,0.05797119066119194
1779,No,0.023026911541819572
1780,No,0.039657969027757645
1781,No,0.0284527949988842
1782,No,0.06794338673353195
1783,No,0.06118100881576538
1784,No,0.07413496822118759
1785,No,0.0879095122218132
1786,No,0.15730135142803192
1787,No,0.07485353946685791
1788,No,0.09858464449644089
1789,No,0.056677401065826416
1790,No,0.11356806755065918
1791,No,0.06389685720205307
1792,No,0.08691869676113129
1793,No,0.17303495109081268
1794,No,0.18183675408363342
1795,No,0.16641387343406677
1796,No,0.2001640498638153
1797,No,0.05605538934469223
1798,No,0.08357688784599304
1799,No,0.07611796259880066
1800,No,0.09939426183700562
1801,No,0.11381040513515472
1802,No,0.15315908193588257
1803,No,0.20054782927036285
1804,No,0.21307620406150818
1805,No,0.09161102771759033
1806,No,0.10908514261245728
1807,No,0.08547863364219666
1808,No,0.11320077627897263
1809,No,0.17201486229896545
1810,No,0.23521828651428223
1811,No,0.22551189363002777
1812,No,0.2739095389842987
1813,No,0.10799925774335861
1814,No,0.07000542432069778
1815,No,0.07479162514209747
1816,No,0.10432792454957962
1817,No,0.24700286984443665
1818,No,0.2539689242839813
1819,No,0.4390728771686554
1820,No,0.32035112380981445
1821,No,0.15063844621181488
1822,No,0.0924258753657341
1823,No,0.07507181912660599
1824,No,0.08674953877925873
1825,No,0.10191355645656586
1826,No,0.13264963030815125
1827,No,0.15115846693515778
1828,No,0.14094969630241394
1829,No,0.11172083020210266
1830,No,0.06679341942071915
1831,No,0.10360018163919449
1832,No,0.07393348962068558
1833,No,0.22673830389976501
1834,No,0.27150049805641174
1835,No,0.391818106174469
1836,No,0.3453591465950012
1837,No,0.09693189710378647
1838,No,0.13065846264362335
1839,No,0.16942405700683594
1840,No,0.1530887484550476
1841,No,0.045390669256448746
1842,No,0.059329599142074585
1843,No,0.08789697289466858
1844,No,0.09623505175113678
1845,No,0.13680092990398407
1846,No,0.2089780867099762
1847,No,0.1765836477279663
1848,No,0.20291274785995483
1849,No,0.15257902443408966
1850,No,0.19404442608356476
1851,No,0.21054913103580475
1852,No,0.19744780659675598
1853,No,0.10706081241369247
1854,No,0.2058277726173401
1855,No,0.2214391529560089
1856,No,0.2141377180814743
1857,No,0.1410098671913147
1858,No,0.20193630456924438
1859,No,0.19568949937820435
1860,No,0.23807841539382935
1861,No,0.10402534157037735
1862,No,0.16290384531021118
1863,No,0.25118380784988403
1864,No,0.2683393359184265
1865,No,0.06447573751211166
1866,No,0.056547828018665314
1867,No,0.07020322978496552
1868,No,0.05888962373137474
1869,No,0.13211707770824432
1870,No,0.20635630190372467
1871,No,0.17962917685508728
1872,No,0.1898721605539322
1873,No,0.043356362730264664
1874,No,0.08800940215587616
1875,No,0.046616919338703156
1876,No,0.062326639890670776
1877,No,0.1448562890291214
1878,No,0.10947993397712708
1879,No,0.11290007084608078
1880,No,0.09257841855287552
1881,No,0.12739752233028412
1882,No,0.15664036571979523
1883,No,0.12382931262254715
1884,No,0.1425403356552124
1885,No,0.07495198398828506
1886,No,0.09654384851455688
1887,No,0.10823903977870941
1888,No,0.09111253917217255
1889,No,0.1495060920715332
1890,No,0.16500088572502136
1891,No,0.17718695104122162
1892,No,0.20423509180545807
1893,No,0.09914480149745941
1894,No,0.11458148807287216
1895,No,0.15995660424232483
1896,No,0.13672947883605957
1897,No,0.12584835290908813
1898,No,0.09132502973079681
1899,No,0.09320275485515594
1900,No,0.09689205884933472
1901,No,0.05407146364450455
1902,No,0.07003985345363617
1903,No,0.05089002475142479
1904,No,0.05287567526102066
1905,No,0.08026662468910217
1906,No,0.08723027259111404
1907,No,0.04981552064418793
1908,No,0.05285336449742317
1909,No,0.10401155799627304
1910,No,0.12024815380573273
1911,No,0.08041349798440933
1912,No,0.10324090719223022
1913,No,0.19572807848453522
1914,No,0.14613394439220428
1915,No,0.13442498445510864
1916,No,0.13196909427642822
1917,No,0.22880305349826813
1918,No,0.26511308550834656
1919,No,0.2056875377893448
1920,No,0.22672976553440094
1921,No,0.126326784491539
1922,No,0.1854631006717682
1923,No,0.15023091435432434
1924,No,0.18160893023014069
1925,No,0.16785286366939545
1926,No,0.17730727791786194
1927,No,0.12565255165100098
1928,No,0.17368030548095703
1929,No,0.09068744629621506
1930,No,0.12671974301338196
1931,No,0.11660314351320267
1932,No,0.14152957499027252
1933,No,0.07266093790531158
1934,No,0.10209139436483383
1935,No,0.07350357621908188
1936,No,0.08408315479755402
1937,No,0.04855182021856308
1938,No,0.12179169058799744
1939,No,0.032476749271154404
1940,No,0.08683042228221893
1941,No,0.04489021748304367
1942,No,0.07601877301931381
1943,No,0.08288130909204483
1944,No,0.10865762829780579
1945,No,0.03782528638839722
1946,No,0.05814504995942116
1947,No,0.05007576569914818
1948,No,0.06914784759283066
1949,No,0.04975229501724243
1950,No,0.09056148678064346
1951,No,0.04149044677615166
1952,No,0.07289670407772064
1953,No,0.03933795914053917
1954,No,0.05027627572417259
1955,No,0.054817602038383484
1956,No,0.058112964034080505
1957,No,0.1715744137763977
1958,No,0.20826318860054016
1959,No,0.21564489603042603
1960,No,0.20158174633979797
1961,No,0.17805658280849457
1962,No,0.17304199934005737
1963,No,0.10078731924295425
1964,No,0.14768634736537933
1965,No,0.1799311637878418
1966,No,0.22500497102737427
1967,No,0.15910346806049347
1968,No,0.25510311126708984
1969,No,0.10675936937332153
1970,No,0.1345929652452469
1971,No,0.11218714714050293
1972,No,0.10920330882072449
1973,No,0.13691218197345734
1974,No,0.1060885563492775
1975,No,0.1697433739900589
1976,No,0.1273500919342041
1977,No,0.11254096776247025
1978,No,0.1440134048461914
1979,No,0.19878999888896942
1980,No,0.13320685923099518
1981,No,0.09063936024904251
1982,No,0.13484926521778107
1983,No,0.16640809178352356
1984,No,0.12969009578227997
1985,No,0.13403718173503876
1986,No,0.20590202510356903
1987,No,0.2501562535762787
1988,No,0.2700303792953491
1989,No,0.2112659066915512
1990,No,0.13622592389583588
1991,No,0.15710335969924927
1992,No,0.12325163185596466
1993,No,0.1511276364326477
1994,No,0.18905700743198395
1995,No,0.25469493865966797
1996,No,0.17830008268356323
1997,No,0.136563241481781
1998,No,0.10572167485952377
1999,No,0.1998935043811798
2000,No,0.14262358844280243
2001,No,0.08667800575494766
2002,No,0.11252004653215408
2003,No,0.17408592998981476
2004,No,0.13954250514507294
2005,No,0.12233439832925797
2006,No,0.15908783674240112
2007,No,0.09354518353939056
2008,No,0.07990413904190063
2009,No,0.21171705424785614
2010,No,0.19905929267406464
2011,No,0.294376939535141
2012,No,0.26113972067832947
2013,No,0.4450782835483551
2014,No,0.46396711468696594
2015,Yes,0.6056441068649292
2016,No,0.44699230790138245
2017,No,0.16011080145835876
2018,No,0.1048484668135643
2019,No,0.1910889744758606
2020,No,0.06712934374809265
2021,No,0.0880926102399826
2022,No,0.08384747058153152
2023,No,0.1957501620054245
2024,No,0.04798097908496857
2025,No,0.30707448720932007
2026,No,0.1456202268600464
2027,No,0.4897056519985199
2028,No,0.18174666166305542
2029,No,0.24119512736797333
2030,No,0.13084374368190765
2031,No,0.2757652699947357
2032,No,0.09994691610336304
2033,No,0.33414700627326965
2034,No,0.16672447323799133
2035,Yes,0.6208010315895081
2036,No,0.2767983078956604
2037,No,0.07711076736450195
2038,No,0.0722772628068924
2039,No,0.20162101089954376
2040,No,0.08738239854574203
2041,No,0.1686716377735138
2042,No,0.10055147856473923
2043,No,0.29569414258003235
2044,No,0.09517279267311096
2045,No,0.08728756755590439
2046,No,0.06174541264772415
2047,No,0.07806985080242157
2048,No,0.040628936141729355
2049,No,0.17848128080368042
2050,No,0.10805954784154892
2051,No,0.4296564757823944
2052,No,0.08838173002004623
2053,No,0.18249322474002838
2054,No,0.07564284652471542
2055,No,0.1173495203256607
2056,No,0.05332787334918976
2057,No,0.46068432927131653
2058,No,0.216988205909729
2059,No,0.4014669954776764
2060,No,0.16194094717502594
2061,No,0.2668629288673401
2062,No,0.06072884798049927
2063,No,0.19553259015083313
2064,No,0.06777739524841309
2065,No,0.1364089995622635
2066,No,0.1341724544763565
2067,No,0.2152649313211441
2068,No,0.10552608221769333
2069,No,0.15456746518611908
2070,No,0.10640089213848114
2071,No,0.19966715574264526
2072,No,0.09453266113996506
2073,No,0.26216307282447815
2074,No,0.2041257917881012
2075,No,0.4189808666706085
2076,No,0.23620887100696564
2077,No,0.1686716377735138
2078,No,0.10055147856473923
2079,No,0.29569414258003235
2080,No,0.09517279267311096
2081,No,0.055991314351558685
2082,No,0.07997222989797592
2083,No,0.09912721067667007
2084,No,0.094753697514534
2085,No,0.1899058222770691
2086,No,0.2839087247848511
2087,No,0.44275274872779846
2088,No,0.36274096369743347
2089,No,0.34145763516426086
2090,No,0.33166077733039856
2091,No,0.4600331783294678
2092,No,0.3424723148345947
2093,No,0.15960776805877686
2094,No,0.16097593307495117
2095,No,0.13498426973819733
2096,No,0.14147700369358063
2097,No,0.031213726848363876
2098,No,0.06408970803022385
2099,No,0.033719271421432495
2100,No,0.045779719948768616
2101,No,0.048606254160404205
2102,No,0.033403430134058
2103,No,0.035188447684049606
2104,No,0.04456170275807381
2105,No,0.040828388184309006
2106,No,0.04329897090792656
2107,No,0.03997281566262245
2108,No,0.04698796197772026
2109,No,0.018042095005512238
2110,No,0.02455228753387928
2111,No,0.015372928231954575
2112,No,0.02057177945971489
2113,No,0.0946333259344101
2114,No,0.07477696239948273
2115,No,0.03962482884526253
2116,No,0.04769349470734596
2117,No,0.07148294150829315
2118,No,0.052590418606996536
2119,No,0.10186275839805603
2120,No,0.0985562801361084
2121,No,0.07281830906867981
2122,No,0.07899578660726547
2123,No,0.04785231873393059
2124,No,0.05019303411245346
2125,No,0.016128458082675934
2126,No,0.0433184877038002
2127,No,0.017374325543642044
2128,No,0.029950089752674103
2129,No,0.07215651869773865
2130,No,0.10671283304691315
2131,No,0.05567099526524544
2132,No,0.06536491215229034
2133,No,0.10238343477249146
2134,No,0.07350492477416992
2135,No,0.07852200418710709
2136,No,0.07541438937187195
2137,No,0.05451185628771782
2138,No,0.10050630569458008
2139,No,0.049829576164484024
2140,No,0.06131139025092125
2141,No,0.07151543349027634
2142,No,0.09885959327220917
2143,No,0.0704096257686615
2144,No,0.08934026211500168
2145,No,0.07351996749639511
2146,No,0.06582604348659515
2147,No,0.08590257167816162
2148,No,0.07532818615436554
2149,No,0.15820501744747162
2150,No,0.19019515812397003
2151,No,0.14508692920207977
2152,No,0.15824653208255768
2153,No,0.16795827448368073
2154,No,0.22030775249004364
2155,No,0.14840014278888702
2156,No,0.14440517127513885
2157,No,0.0431927926838398
2158,No,0.1121087595820427
2159,No,0.08639734238386154
2160,No,0.09429081529378891
2161,No,0.2386695295572281
2162,No,0.21438248455524445
2163,No,0.18936333060264587
2164,No,0.18056729435920715
2165,No,0.32790449261665344
2166,No,0.37724414467811584
2167,No,0.37367385625839233
2168,No,0.39665356278419495
2169,No,0.18825939297676086
2170,No,0.21954777836799622
2171,No,0.23585905134677887
2172,No,0.1946021020412445
2173,No,0.10510322451591492
2174,No,0.14183342456817627
2175,No,0.15259547531604767
2176,No,0.17465385794639587
2177,No,0.11136996746063232
2178,No,0.09770343452692032
2179,No,0.07972836494445801
2180,No,0.11086449772119522
2181,No,0.08720984309911728
2182,No,0.15180528163909912
2183,No,0.1702895611524582
2184,No,0.20060782134532928
2185,No,0.24691800773143768
2186,No,0.2746092975139618
2187,No,0.1601555347442627
2188,No,0.19415375590324402
2189,No,0.06337755173444748
2190,No,0.1488112509250641
2191,No,0.09319876879453659
2192,No,0.1174146831035614
2193,No,0.07507029920816422
2194,No,0.06931553035974503
2195,No,0.21083033084869385
2196,No,0.08945608884096146
2197,No,0.3333473801612854
2198,No,0.2507304847240448
2199,Yes,0.6068401336669922
2200,No,0.39882123470306396
2201,No,0.12849119305610657
2202,No,0.10740336030721664
2203,No,0.1205025389790535
2204,No,0.10122396796941757
2205,No,0.13655562698841095
2206,No,0.12318706512451172
2207,No,0.13374263048171997
2208,No,0.13226240873336792
2209,No,0.07866920530796051
2210,No,0.2878343164920807
2211,No,0.22942279279232025
2212,No,0.3716804087162018
2213,No,0.03991977125406265
2214,No,0.0844830721616745
2215,No,0.050244949758052826
2216,No,0.10173319280147552
2217,No,0.08267917484045029
2218,No,0.0990789532661438
2219,No,0.05643647536635399
2220,No,0.09708568453788757
2221,No,0.08186209201812744
2222,No,0.10565297305583954
2223,No,0.06194695085287094
2224,No,0.09710916876792908
2225,No,0.07204820960760117
2226,No,0.06506751477718353
2227,No,0.07608430087566376
2228,No,0.049686409533023834
2229,No,0.32029908895492554
2230,No,0.13184356689453125
2231,No,0.2514570355415344
2232,No,0.12219566106796265
2233,No,0.30386337637901306
2234,No,0.19409748911857605
2235,No,0.23299133777618408
2236,No,0.16038575768470764
2237,No,0.10436062514781952
2238,No,0.05795794725418091
2239,No,0.10145404934883118
2240,No,0.07533962279558182
2241,No,0.1401989459991455
2242,No,0.24218164384365082
2243,No,0.20365718007087708
2244,No,0.2615503668785095
2245,No,0.16779273748397827
2246,No,0.29303666949272156
2247,No,0.16438552737236023
2248,No,0.287396639585495
2249,No,0.03856070339679718
2250,No,0.10586854070425034
2251,No,0.0854017585515976
2252,No,0.11861009895801544
2253,No,0.027169808745384216
2254,No,0.06852035969495773
2255,No,0.05501944199204445
2256,No,0.05170569196343422
2257,No,0.05556127801537514
2258,No,0.06730715185403824
2259,No,0.10135237872600555
2260,No,0.08304208517074585
2261,No,0.10538194328546524
2262,No,0.18623074889183044
2263,No,0.10575387626886368
2264,No,0.14951594173908234
2265,No,0.06180611625313759
2266,No,0.16132256388664246
2267,No,0.0726248174905777
2268,No,0.11062469333410263
2269,No,0.026242217049002647
2270,No,0.1482929140329361
2271,No,0.09232936054468155
2272,No,0.12146598845720291
2273,No,0.11696313321590424
2274,No,0.08681310713291168
2275,No,0.12394508719444275
2276,No,0.08144347369670868
2277,No,0.10735765844583511
2278,No,0.11168870329856873
2279,No,0.1232437863945961
2280,No,0.125937357544899
2281,No,0.13327597081661224
2282,No,0.05962737277150154
2283,No,0.08269397914409637
2284,No,0.07887747883796692
2285,No,0.15484213829040527
2286,No,0.10859609395265579
2287,No,0.13306957483291626
2288,No,0.10874383896589279
2289,No,0.051917944103479385
2290,No,0.07935822755098343
2291,No,0.07508837431669235
2292,No,0.08480872958898544
2293,No,0.08599592745304108
2294,No,0.11465402692556381
2295,No,0.09607481211423874
2296,No,0.10037541389465332
2297,No,0.01695888303220272
2298,No,0.03545118123292923
2299,No,0.023515168577432632
2300,No,0.03227148950099945
2301,No,0.06452338397502899
2302,No,0.09907349199056625
2303,No,0.1200755387544632
2304,No,0.1173926368355751
2305,No,0.12643925845623016
2306,No,0.1275659054517746
2307,No,0.08452960103750229
2308,No,0.11804968118667603
2309,No,0.20556840300559998
2310,No,0.13478247821331024
2311,No,0.09853342175483704
2312,No,0.11790085583925247
2313,No,0.04161686450242996
2314,No,0.06812487542629242
2315,No,0.0445881113409996
2316,No,0.06625089049339294
2317,No,0.09182970225811005
2318,No,0.058131616562604904
2319,No,0.03326058015227318
2320,No,0.047736648470163345
2321,No,0.06574437022209167
2322,No,0.12260908633470535
2323,No,0.050199855118989944
2324,No,0.08849906921386719
2325,No,0.021806254982948303
2326,No,0.052529606968164444
2327,No,0.03298874944448471
2328,No,0.06040986254811287
2329,No,0.0931263193488121
2330,No,0.13484759628772736
2331,No,0.08842668682336807
2332,No,0.10796988755464554
2333,No,0.03429260849952698
2334,No,0.07115716487169266
2335,No,0.04241282120347023
2336,No,0.07874470204114914
2337,No,0.019437666982412338
2338,No,0.043771203607320786
2339,No,0.03372883424162865
2340,No,0.04188161715865135
2341,No,0.051763374358415604
2342,No,0.12405049055814743
2343,No,0.06322140246629715
2344,No,0.10316775739192963
2345,No,0.1972653567790985
2346,No,0.24144776165485382
2347,No,0.1455094963312149
2348,No,0.1721850335597992
2349,No,0.11373037844896317
2350,No,0.2328033596277237
2351,No,0.15154647827148438
2352,No,0.19285884499549866
2353,No,0.04648888111114502
2354,No,0.08157698065042496
2355,No,0.063962921500206
2356,No,0.05575644224882126
2357,No,0.06609994173049927
2358,No,0.0846240371465683
2359,No,0.07379955053329468
2360,No,0.0737321749329567
2361,No,0.07856430858373642
2362,No,0.14309081435203552
2363,No,0.10720734298229218
2364,No,0.13590897619724274
2365,No,0.028958475217223167
2366,No,0.06355533748865128
2367,No,0.04913102835416794
2368,No,0.05855650454759598
2369,No,0.06548554450273514
2370,No,0.09156286716461182
2371,No,0.09942401945590973
2372,No,0.09224026650190353
2373,No,0.0737379938364029
2374,No,0.1569567769765854
2375,No,0.06506824493408203
2376,No,0.07081607729196548
2377,No,0.08134167641401291
2378,No,0.11460424214601517
2379,No,0.07109696418046951
2380,No,0.08204871416091919
2381,No,0.09673153609037399
2382,No,0.06918705999851227
2383,No,0.06401430070400238
2384,No,0.05112761631608009
2385,No,0.06827213615179062
2386,No,0.08166463673114777
2387,No,0.08912329375743866
2388,No,0.07857560366392136
2389,No,0.21057461202144623
2390,No,0.321880042552948
2391,No,0.27760928869247437
2392,No,0.2747292220592499
2393,No,0.09460411220788956
2394,No,0.153090700507164
2395,No,0.1393219530582428
2396,No,0.1252947300672531
2397,No,0.1491290032863617
2398,No,0.16148386895656586
2399,No,0.14332887530326843
2400,No,0.14814230799674988
2401,No,0.10376528650522232
2402,No,0.12942570447921753
2403,No,0.08628979325294495
2404,No,0.09894164651632309
2405,No,0.0663156658411026
2406,No,0.1278805285692215
2407,No,0.117273710668087
2408,No,0.126638263463974
2409,No,0.11660002171993256
2410,No,0.15695582330226898
2411,No,0.1493176817893982
2412,No,0.18786785006523132
2413,No,0.14875918626785278
2414,No,0.16736216843128204
2415,No,0.13414828479290009
2416,No,0.1479550004005432
2417,No,0.07859643548727036
2418,No,0.10570912063121796
2419,No,0.061853405088186264
2420,No,0.07839228957891464
2421,No,0.05928630381822586
2422,No,0.09503995627164841
2423,No,0.06797432899475098
2424,No,0.07658599317073822
2425,No,0.019568055868148804
2426,No,0.04955291748046875
2427,No,0.023556144908070564
2428,No,0.031117714941501617
2429,No,0.06469894200563431
2430,No,0.09062669426202774
2431,No,0.09354836493730545
2432,No,0.1174534261226654
2433,No,0.07017728686332703
2434,No,0.11354555934667587
2435,No,0.1129559800028801
2436,No,0.10554342716932297
2437,No,0.05734894424676895
2438,No,0.09340593963861465
2439,No,0.08653107285499573
2440,No,0.09668821096420288
2441,No,0.05555940419435501
2442,No,0.06802971661090851
2443,No,0.08507044613361359
2444,No,0.08513375371694565
2445,No,0.07523699104785919
2446,No,0.10117185860872269
2447,No,0.05731988698244095
2448,No,0.07710397988557816
2449,No,0.13744564354419708
2450,No,0.14926250278949738
2451,No,0.14252373576164246
2452,No,0.09803597629070282
2453,No,0.1950455754995346
2454,No,0.0947464108467102
2455,No,0.08325695246458054
2456,No,0.07778555899858475
2457,No,0.03990696370601654
2458,No,0.042101942002773285
2459,No,0.04941670969128609
2460,No,0.042180657386779785
2461,No,0.13873419165611267
2462,No,0.1331014633178711
2463,No,0.1527867168188095
2464,No,0.12090794742107391
2465,No,0.06848408281803131
2466,No,0.11322322487831116
2467,No,0.06459281593561172
2468,No,0.06966683268547058
2469,No,0.0765659362077713
2470,No,0.1390608251094818
2471,No,0.06693122535943985
2472,No,0.11136791855096817
2473,No,0.06776006519794464
2474,No,0.08627291023731232
2475,No,0.06272730976343155
2476,No,0.07127587497234344
2477,No,0.06894020736217499
2478,No,0.0779685452580452
2479,No,0.06852295994758606
2480,No,0.10344947129487991
2481,No,0.06046871095895767
2482,No,0.07673253118991852
2483,No,0.061461348086595535
2484,No,0.06884153932332993
2485,No,0.09645907580852509
2486,No,0.14391426742076874
2487,No,0.09910798072814941
2488,No,0.10032351315021515
2489,No,0.07088574767112732
2490,No,0.14400239288806915
2491,No,0.11343111842870712
2492,No,0.14280986785888672
2493,No,0.1429830640554428
2494,No,0.1832578331232071
2495,No,0.13379468023777008
2496,No,0.17900963127613068
2497,No,0.06015681102871895
2498,No,0.09449243545532227
2499,No,0.06780727952718735
2500,No,0.07966893166303635
2501,No,0.0916726216673851
2502,No,0.1565934419631958
2503,No,0.10389168560504913
2504,No,0.12082473188638687
2505,No,0.047970935702323914
2506,No,0.05610483139753342
2507,No,0.03130331262946129
2508,No,0.05005485564470291
2509,No,0.10007814317941666
2510,No,0.09037697315216064
2511,No,0.07601141929626465
2512,No,0.08573330193758011
2513,No,0.03704096004366875
2514,No,0.053729183971881866
2515,No,0.03982202336192131
2516,No,0.052188269793987274
2517,No,0.036952726542949677
2518,No,0.09332570433616638
2519,No,0.04497956484556198
2520,No,0.05243423953652382
2521,No,0.07158570736646652
2522,No,0.16251899302005768
2523,No,0.26832348108291626
2524,No,0.22496111690998077
2525,No,0.09301808476448059
2526,No,0.10632151365280151
2527,No,0.07704845070838928
2528,No,0.07411843538284302
2529,No,0.022573456168174744
2530,No,0.054910819977521896
2531,No,0.03169723600149155
2532,No,0.04155798256397247
2533,No,0.16543768346309662
2534,No,0.19009773433208466
2535,No,0.22123737633228302
2536,No,0.21304990351200104
2537,No,0.05718429014086723
2538,No,0.09272842854261398
2539,No,0.09694132953882217
2540,No,0.10675271600484848
2541,No,0.040876809507608414
2542,No,0.05083243548870087
2543,No,0.05216527730226517
2544,No,0.05202000215649605
2545,No,0.07401681691408157
2546,No,0.09460052847862244
2547,No,0.06711284071207047
2548,No,0.06891011446714401
2549,No,0.255270391702652
2550,No,0.26256683468818665
2551,No,0.2413085252046585
2552,No,0.21013881266117096
2553,No,0.08161063492298126
2554,No,0.08641534298658371
2555,No,0.09287755191326141
2556,No,0.07767155766487122
2557,No,0.1687287837266922
2558,No,0.20842255651950836
2559,No,0.2057884931564331
2560,No,0.25344783067703247
2561,No,0.2060895562171936
2562,No,0.24688756465911865
2563,No,0.20627126097679138
2564,No,0.20743392407894135
2565,No,0.3450179398059845
2566,No,0.32723885774612427
2567,No,0.4179360568523407
2568,No,0.35384321212768555
2569,No,0.06584703177213669
2570,No,0.09382147341966629
2571,No,0.08805457502603531
2572,No,0.09696182608604431
2573,No,0.12056466192007065
2574,No,0.11827979981899261
2575,No,0.08649373054504395
2576,No,0.07842838019132614
2577,No,0.21444880962371826
2578,No,0.1980232447385788
2579,No,0.1735619604587555
2580,No,0.20948877930641174
2581,No,0.17083896696567535
2582,No,0.17871201038360596
2583,No,0.14080719649791718
2584,No,0.1740957498550415
2585,No,0.2813169062137604
2586,No,0.23087097704410553
2587,No,0.2863985598087311
2588,No,0.28315576910972595
2589,No,0.14351539313793182
2590,No,0.10220533609390259
2591,No,0.09154808521270752
2592,No,0.10364498943090439
2593,No,0.07512401789426804
2594,No,0.13447517156600952
2595,No,0.12161782383918762
2596,No,0.12984980642795563
2597,No,0.046772975474596024
2598,No,0.07766741514205933
2599,No,0.07699831575155258
2600,No,0.09000352025032043
2601,No,0.07537350058555603
2602,No,0.1636238843202591
2603,No,0.10380927473306656
2604,No,0.13898122310638428
2605,No,0.0992874950170517
2606,No,0.1588316559791565
2607,No,0.07672405242919922
2608,No,0.10922850668430328
2609,No,0.1287902593612671
2610,No,0.12966269254684448
2611,No,0.09472986310720444
2612,No,0.12728367745876312
2613,No,0.10688035935163498
2614,No,0.10553357750177383
2615,No,0.09326206892728806
2616,No,0.07911261171102524
2617,No,0.21588855981826782
2618,No,0.21690157055854797
2619,No,0.2553272247314453
2620,No,0.26161158084869385
2621,No,0.030747655779123306
2622,No,0.0878799557685852
2623,No,0.05732395127415657
2624,No,0.08848229050636292
2625,No,0.09819112718105316
2626,No,0.11871032416820526
2627,No,0.13160446286201477
2628,No,0.13751894235610962
2629,No,0.17973516881465912
2630,No,0.16023336350917816
2631,No,0.13250850141048431
2632,No,0.1460195928812027
2633,No,0.1795249581336975
2634,No,0.13498876988887787
2635,No,0.13299015164375305
2636,No,0.14349038898944855
2637,No,0.20883271098136902
2638,No,0.21531862020492554
2639,No,0.2044048309326172
2640,No,0.253226637840271
2641,No,0.07278274744749069
2642,No,0.09779053926467896
2643,No,0.15763495862483978
2644,No,0.17734600603580475
2645,No,0.43621987104415894
2646,No,0.44276171922683716
2647,No,0.4203261435031891
2648,No,0.48653241991996765
2649,No,0.17394280433654785
2650,No,0.23352573812007904
2651,No,0.21516969799995422
2652,No,0.22711993753910065
2653,No,0.2471756786108017
2654,No,0.20764590799808502
2655,No,0.18906168639659882
2656,No,0.22047218680381775
2657,No,0.07130654901266098
2658,No,0.1268881857395172
2659,No,0.14354082942008972
2660,No,0.1558481603860855
2661,No,0.11061179637908936
2662,No,0.11667003482580185
2663,No,0.07656271010637283
2664,No,0.10466428846120834
2665,No,0.09278440475463867
2666,No,0.16711369156837463
2667,No,0.11281873285770416
2668,No,0.14077000319957733
2669,No,0.19736263155937195
2670,No,0.21825915575027466
2671,No,0.1735668182373047
2672,No,0.1935245394706726
2673,No,0.11061179637908936
2674,No,0.11667003482580185
2675,No,0.07656271010637283
2676,No,0.10466428846120834
2677,No,0.06978356093168259
2678,No,0.08963052183389664
2679,No,0.05982694774866104
2680,No,0.08640030771493912
2681,No,0.046002838760614395
2682,No,0.12577511370182037
2683,No,0.06398320943117142
2684,No,0.0868607610464096
2685,No,0.08025529235601425
2686,No,0.08998304605484009
2687,No,0.10752345621585846
2688,No,0.13228286802768707
2689,No,0.04551118239760399
2690,No,0.09567028284072876
2691,No,0.049776941537857056
2692,No,0.06669747829437256
2693,No,0.08625004440546036
2694,No,0.11182022094726562
2695,No,0.07342462986707687
2696,No,0.09671825915575027
2697,No,0.07990868389606476
2698,No,0.16703791916370392
2699,No,0.11455031484365463
2700,No,0.1460137814283371
2701,No,0.15059518814086914
2702,No,0.21133072674274445
2703,No,0.2383701056241989
2704,No,0.23022912442684174
2705,No,0.07729610055685043
2706,No,0.140726700425148
2707,No,0.12004036456346512
2708,No,0.1289752870798111
2709,No,0.07344433665275574
2710,No,0.08784705400466919
2711,No,0.07202659547328949
2712,No,0.1113850325345993
2713,No,0.030244039371609688
2714,No,0.07381407171487808
2715,No,0.028273504227399826
2716,No,0.05850297585129738
2717,No,0.12909120321273804
2718,No,0.18820302188396454
2719,No,0.19140934944152832
2720,No,0.22095617651939392
2721,No,0.04574206471443176
2722,No,0.12602166831493378
2723,No,0.0537094809114933
2724,No,0.09448423981666565
2725,No,0.04253675043582916
2726,No,0.06908854097127914
2727,No,0.05328632891178131
2728,No,0.07552820444107056
2729,No,0.039867766201496124
2730,No,0.06029645726084709
2731,No,0.029367715120315552
2732,No,0.04059195518493652
2733,No,0.02359267696738243
2734,No,0.0639873668551445
2735,No,0.036517538130283356
2736,No,0.058752819895744324
2737,No,0.026410270482301712
2738,No,0.039392340928316116
2739,No,0.03418483957648277
2740,No,0.05687050148844719
2741,No,0.027053574100136757
2742,No,0.06999137997627258
2743,No,0.022854618728160858
2744,No,0.04311184957623482
2745,No,0.01913568750023842
2746,No,0.06836561858654022
2747,No,0.011406296864151955
2748,No,0.025381825864315033
2749,No,0.07582168281078339
2750,No,0.09991682320833206
2751,No,0.04383217170834541
2752,No,0.08656139671802521
2753,No,0.014430001378059387
2754,No,0.04310473054647446
2755,No,0.012891641817986965
2756,No,0.027800604701042175
2757,No,0.031344689428806305
2758,No,0.059825558215379715
2759,No,0.023621726781129837
2760,No,0.03926809877157211
2761,No,0.04574206471443176
2762,No,0.12602166831493378
2763,No,0.0537094809114933
2764,No,0.09448423981666565
2765,No,0.05705907940864563
2766,No,0.06811375916004181
2767,No,0.04132255166769028
2768,No,0.06852663308382034
2769,No,0.03797977790236473
2770,No,0.08931319415569305
2771,No,0.02822982333600521
2772,No,0.06566808372735977
2773,No,0.01684136874973774
2774,No,0.05235510319471359
2775,No,0.018299423158168793
2776,No,0.0401836596429348
2777,No,0.0693117082118988
2778,No,0.1082490012049675
2779,No,0.046466365456581116
2780,No,0.06703018397092819
2781,No,0.022829588502645493
2782,No,0.04423720762133598
2783,No,0.017503250390291214
2784,No,0.02913309447467327
2785,No,0.10278119891881943
2786,No,0.14770759642124176
2787,No,0.19329719245433807
2788,No,0.18895223736763
2789,No,0.06755875051021576
2790,No,0.07639087736606598
2791,No,0.06636454164981842
2792,No,0.07033964991569519
2793,No,0.09382364153862
2794,No,0.09859105944633484
2795,No,0.08070231974124908
2796,No,0.08411496877670288
2797,No,0.12321675568819046
2798,No,0.1565549224615097
2799,No,0.13335774838924408
2800,No,0.15921364724636078
2801,No,0.17380572855472565
2802,No,0.10144030302762985
2803,No,0.11098022013902664
2804,No,0.1447543501853943
2805,No,0.1263027787208557
2806,No,0.3433744013309479
2807,No,0.3453862965106964
2808,No,0.41909363865852356
2809,No,0.098265141248703
2810,No,0.18651634454727173
2811,No,0.2077014297246933
2812,No,0.25412222743034363
2813,No,0.09370831400156021
2814,No,0.1604919731616974
2815,No,0.1230463981628418
2816,No,0.17870855331420898
2817,No,0.13255591690540314
2818,No,0.21329812705516815
2819,No,0.17124050855636597
2820,No,0.22186915576457977
2821,No,0.13162246346473694
2822,No,0.1845303773880005
2823,No,0.24328956007957458
2824,No,0.29651400446891785
2825,No,0.1677432358264923
2826,No,0.2919619381427765
2827,No,0.21590130031108856
2828,No,0.25161993503570557
2829,No,0.20137707889080048
2830,No,0.251112699508667
2831,No,0.2462778240442276
2832,No,0.307333767414093
2833,No,0.09881838411092758
2834,No,0.12100961804389954
2835,No,0.13090752065181732
2836,No,0.11604535579681396
2837,No,0.16549532115459442
2838,No,0.15293942391872406
2839,No,0.1305556744337082
2840,No,0.13107268512248993
2841,No,0.050302643328905106
2842,No,0.08624516427516937
2843,No,0.0740647092461586
2844,No,0.07637984305620193
2845,No,0.22302807867527008
2846,No,0.29826831817626953
2847,No,0.3001261055469513
2848,No,0.2773265838623047
2849,No,0.2590221166610718
2850,No,0.3022954761981964
2851,No,0.3998558819293976
2852,No,0.3211597502231598
2853,No,0.12953995168209076
2854,No,0.17371122539043427
2855,No,0.2070658653974533
2856,No,0.16748227179050446
2857,No,0.05418311432003975
2858,No,0.0807555690407753
2859,No,0.07138898968696594
2860,No,0.07776307314634323
2861,No,0.09838642179965973
2862,No,0.13450287282466888
2863,No,0.08015865087509155
2864,No,0.09461727738380432
2865,No,0.0827949270606041
2866,No,0.12175800651311874
2867,No,0.10249922424554825
2868,No,0.11267627030611038
2869,No,0.10541456937789917
2870,No,0.14557836949825287
2871,No,0.10974720865488052
2872,No,0.09753803163766861
2873,No,0.11001235991716385
2874,No,0.15324725210666656
2875,No,0.13776381313800812
2876,No,0.13651612401008606
2877,No,0.053920015692710876
2878,No,0.08773837238550186
2879,No,0.05551547184586525
2880,No,0.07435868680477142
2881,No,0.05100366473197937
2882,No,0.15568910539150238
2883,No,0.08627413958311081
2884,No,0.16531018912792206
2885,No,0.06716195493936539
2886,No,0.2181326001882553
2887,No,0.20341560244560242
2888,No,0.29527273774147034
2889,No,0.12357620894908905
2890,No,0.21647408604621887
2891,No,0.23529399931430817
2892,No,0.2984223961830139
2893,No,0.09667515009641647
2894,No,0.16795076429843903
2895,No,0.10303173959255219
2896,No,0.12067217379808426
2897,No,0.07938780635595322
2898,No,0.21095341444015503
2899,No,0.10023198276758194
2900,No,0.18791276216506958
2901,No,0.049035195261240005
2902,No,0.07303210347890854
2903,No,0.05978536605834961
2904,No,0.07410485297441483
2905,No,0.034562356770038605
2906,No,0.11455744504928589
2907,No,0.07135281711816788
2908,No,0.12618489563465118
2909,No,0.05473707616329193
2910,No,0.14006313681602478
2911,No,0.09166521579027176
2912,No,0.1213681548833847
2913,No,0.03661766275763512
2914,No,0.06415266543626785
2915,No,0.09876056015491486
2916,No,0.08375457674264908
2917,No,0.09146373718976974
2918,No,0.11206091940402985
2919,No,0.06826768070459366
2920,No,0.0860721617937088
2921,No,0.029328538104891777
2922,No,0.042152971029281616
2923,No,0.05716473609209061
2924,No,0.06572508066892624
2925,No,0.1037251353263855
2926,No,0.11468648910522461
2927,No,0.11533844470977783
2928,No,0.10148221254348755
2929,No,0.08799149841070175
2930,No,0.12219870835542679
2931,No,0.09507471323013306
2932,No,0.12090412527322769
2933,No,0.07222215831279755
2934,No,0.07189656049013138
2935,No,0.08099523186683655
2936,No,0.07528574019670486
2937,No,0.02998754009604454
2938,No,0.059638287872076035
2939,No,0.044901881366968155
2940,No,0.05335032194852829
2941,No,0.06850370019674301
2942,No,0.0516747310757637
2943,No,0.05594087392091751
2944,No,0.05520746484398842
2945,No,0.10767540335655212
2946,No,0.16928471624851227
2947,No,0.1227007806301117
2948,No,0.14649084210395813
2949,No,0.08436425775289536
2950,No,0.14091914892196655
2951,No,0.1486029177904129
2952,No,0.13440895080566406
2953,No,0.10959258675575256
2954,No,0.16317491233348846
2955,No,0.1719474196434021
2956,No,0.16258637607097626
2957,No,0.10731097310781479
2958,No,0.14236672222614288
2959,No,0.11893642693758011
2960,No,0.12340759485960007
2961,No,0.05409843847155571
2962,No,0.10601655393838882
2963,No,0.10197886824607849
2964,No,0.10342168062925339
2965,No,0.1694599837064743
2966,No,0.1537788361310959
2967,No,0.2371971756219864
2968,No,0.2082338035106659
2969,No,0.09904803335666656
2970,No,0.1549191027879715
2971,No,0.13644611835479736
2972,No,0.14198754727840424
2973,No,0.060425642877817154
2974,No,0.0973009467124939
2975,No,0.076189324259758
2976,No,0.09348896890878677
2977,No,0.049017924815416336
2978,No,0.09673081338405609
2979,No,0.03311578556895256
2980,No,0.05877823382616043
2981,No,0.04477508366107941
2982,No,0.07338424026966095
2983,No,0.02816397324204445
2984,No,0.04592801257967949
2985,No,0.06391066312789917
2986,No,0.08313904702663422
2987,No,0.07077057659626007
2988,No,0.11071326583623886
2989,No,0.03096243366599083
2990,No,0.07269807904958725
2991,No,0.03246801719069481
2992,No,0.05930815264582634
2993,No,0.06406714022159576
2994,No,0.10821832716464996
2995,No,0.07690026611089706
2996,No,0.12574388086795807
2997,No,0.021749360486865044
2998,No,0.05945742502808571
2999,No,0.025092363357543945
3000,No,0.04254039004445076
3001,No,0.0434025339782238
3002,No,0.11753619462251663
3003,No,0.07080063968896866
3004,No,0.10045861452817917
3005,No,0.03651798516511917
3006,No,0.0800861045718193
3007,No,0.025442510843276978
3008,No,0.03738449141383171
3009,No,0.03754354268312454
3010,No,0.07865600287914276
3011,No,0.026320328935980797
3012,No,0.054818544536828995
3013,No,0.05098704621195793
3014,No,0.07859660685062408
3015,No,0.0470610186457634
3016,No,0.07954706996679306
3017,No,0.028252674266695976
3018,No,0.08564528077840805
3019,No,0.050960030406713486
3020,No,0.08837474137544632
3021,No,0.043740224093198776
3022,No,0.0855594128370285
3023,No,0.054776690900325775
3024,No,0.07029514014720917
3025,No,0.0533476285636425
3026,No,0.10928864777088165
3027,No,0.07602660357952118
3028,No,0.10911496728658676
3029,No,0.05066366866230965
3030,No,0.11253819614648819
3031,No,0.0728430449962616
3032,No,0.10541652888059616
3033,No,0.043693434447050095
3034,No,0.06206760182976723
3035,No,0.036926768720149994
3036,No,0.05805666372179985
3037,No,0.170089989900589
3038,No,0.2191506326198578
3039,No,0.21332073211669922
3040,No,0.2151368111371994
3041,No,0.07490503042936325
3042,No,0.08837459236383438
3043,No,0.0490720309317112
3044,No,0.057712383568286896
3045,No,0.03494420647621155
3046,No,0.0929127112030983
3047,No,0.04961978644132614
3048,No,0.08081524819135666
3049,No,0.10805033892393112
3050,No,0.12799853086471558
3051,No,0.07274933159351349
3052,No,0.14562726020812988
3053,No,0.0936150774359703
3054,No,0.16955944895744324
3055,No,0.17445164918899536
3056,No,0.18295195698738098
3057,No,0.04615113511681557
3058,No,0.052394356578588486
3059,No,0.025858599692583084
3060,No,0.03831113874912262
3061,No,0.03877752274274826
3062,No,0.10018867999315262
3063,No,0.03790200501680374
3064,No,0.05861726403236389
3065,No,0.032512906938791275
3066,No,0.08035709708929062
3067,No,0.03819269314408302
3068,No,0.054543133825063705
3069,No,0.07345261424779892
3070,No,0.12030339986085892
3071,No,0.05035630986094475
3072,No,0.07023843377828598
3073,No,0.05676684156060219
3074,No,0.08442164957523346
3075,No,0.030570082366466522
3076,No,0.04706880450248718
3077,No,0.07946642488241196
3078,No,0.14149996638298035
3079,No,0.10210602730512619
3080,No,0.1375724822282791
3081,No,0.04436015710234642
3082,No,0.125241219997406
3083,No,0.05709110572934151
3084,No,0.08874079585075378
3085,No,0.06298254430294037
3086,No,0.17297084629535675
3087,No,0.08911950141191483
3088,No,0.1345847100019455
3089,No,0.040800485759973526
3090,No,0.09109141677618027
3091,No,0.06353218853473663
3092,No,0.07710582762956619
3093,No,0.04199546203017235
3094,No,0.07132741808891296
3095,No,0.059097666293382645
3096,No,0.08176575601100922
3097,No,0.20280170440673828
3098,No,0.21686489880084991
3099,No,0.14664755761623383
3100,No,0.18488532304763794
3101,No,0.1682923138141632
3102,No,0.19800010323524475
3103,No,0.20468252897262573
3104,No,0.20629723370075226
3105,No,0.22970668971538544
3106,No,0.224078968167305
3107,No,0.18595674633979797
3108,No,0.20386621356010437
3109,No,0.23942744731903076
3110,No,0.23182734847068787
3111,No,0.2614735960960388
3112,No,0.2757522165775299
3113,No,0.14016218483448029
3114,No,0.2153971791267395
3115,No,0.28246811032295227
3116,No,0.2906484305858612
3117,No,0.048363588750362396
3118,No,0.12918314337730408
3119,No,0.08069763332605362
3120,No,0.131559818983078
3121,No,0.05468704178929329
3122,No,0.15089881420135498
3123,No,0.11775147169828415
3124,No,0.13493715226650238
3125,No,0.20280170440673828
3126,No,0.21686489880084991
3127,No,0.14664755761623383
3128,No,0.18488532304763794
3129,No,0.04199546203017235
3130,No,0.07132741808891296
3131,No,0.059097666293382645
3132,No,0.08176575601100922
3133,No,0.07178480923175812
3134,No,0.14942455291748047
3135,No,0.1014934629201889
3136,No,0.12301383167505264
3137,No,0.035484153777360916
3138,No,0.0400419645011425
3139,No,0.029660871252417564
3140,No,0.027665460482239723
3141,No,0.07423535734415054
3142,No,0.0775756984949112
3143,No,0.05419902876019478
3144,No,0.058663420379161835
3145,No,0.09656298905611038
3146,No,0.10528302937746048
3147,No,0.120743528008461
3148,No,0.09958095848560333
3149,No,0.027792958542704582
3150,No,0.042099494487047195
3151,No,0.05174189805984497
3152,No,0.0426795594394207
3153,No,0.06291104108095169
3154,No,0.06377425789833069
3155,No,0.04975251108407974
3156,No,0.03989382088184357
3157,No,0.11398493498563766
3158,No,0.09498324990272522
3159,No,0.07138437777757645
3160,No,0.07332035154104233
3161,No,0.11410146951675415
3162,No,0.09203360229730606
3163,No,0.1075119599699974
3164,No,0.077958844602108
3165,No,0.050959814339876175
3166,No,0.07661160081624985
3167,No,0.04652607440948486
3168,No,0.04733337461948395
3169,No,0.06637929379940033
3170,No,0.1335274875164032
3171,No,0.10556375235319138
3172,No,0.10972915589809418
3173,No,0.1458180844783783
3174,No,0.24161486327648163
3175,No,0.280848890542984
3176,No,0.33810025453567505
3177,No,0.24178849160671234
3178,No,0.3311910927295685
3179,No,0.32468774914741516
3180,No,0.2903136909008026
3181,No,0.11840959638357162
3182,No,0.14111849665641785
3183,No,0.07953687012195587
3184,No,0.12815678119659424
3185,No,0.17914530634880066
3186,No,0.1693708896636963
3187,No,0.12733708322048187
3188,No,0.1318781077861786
3189,No,0.13379521667957306
3190,No,0.17556992173194885
3191,No,0.19177848100662231
3192,No,0.18893174827098846
3193,No,0.06919838488101959
3194,No,0.14541089534759521
3195,No,0.08668122440576553
3196,No,0.1173534020781517
3197,No,0.07633572816848755
3198,No,0.13513372838497162
3199,No,0.12244214862585068
3200,No,0.1382920891046524
3201,No,0.04629950597882271
3202,No,0.0892026498913765
3203,No,0.03657066076993942
3204,No,0.05910196155309677
3205,No,0.07203388214111328
3206,No,0.08291909843683243
3207,No,0.04886084049940109
3208,No,0.08539039641618729
3209,No,0.05679013580083847
3210,No,0.11838842928409576
3211,No,0.052457258105278015
3212,No,0.05340958386659622
3213,No,0.03541269898414612
3214,No,0.09801705181598663
3215,No,0.04850216954946518
3216,No,0.07129786908626556
3217,No,0.020745951682329178
3218,No,0.047363489866256714
3219,No,0.024362878873944283
3220,No,0.03212495148181915
3221,No,0.08464907109737396
3222,No,0.07280711829662323
3223,No,0.06818649172782898
3224,No,0.06106427684426308
3225,No,0.14406313002109528
3226,No,0.1327580213546753
3227,No,0.14357729256153107
3228,No,0.14523060619831085
3229,No,0.011716552078723907
3230,No,0.021800238639116287
3231,No,0.01285628229379654
3232,No,0.017875734716653824
3233,No,0.04978179559111595
3234,No,0.14079315960407257
3235,No,0.0565413162112236
3236,No,0.08694229274988174
3237,No,0.09459781646728516
3238,No,0.12011990696191788
3239,No,0.08230557292699814
3240,No,0.0894707441329956
3241,No,0.07190696895122528
3242,No,0.10723258554935455
3243,No,0.06197892874479294
3244,No,0.06659621745347977
3245,No,0.29659005999565125
3246,Yes,0.5214901566505432
3247,No,0.3425352871417999
3248,No,0.4445752203464508
3249,No,0.16369159519672394
3250,No,0.2946417033672333
3251,No,0.2360042929649353
3252,No,0.3176373243331909
3253,No,0.11817110329866409
3254,No,0.19174209237098694
3255,No,0.12520292401313782
3256,No,0.1820887327194214
3257,No,0.13149715960025787
3258,No,0.2665966749191284
3259,No,0.13562680780887604
3260,No,0.26848936080932617
3261,No,0.07174567133188248
3262,No,0.10490450263023376
3263,No,0.05001871660351753
3264,No,0.09937945008277893
3265,No,0.09287972003221512
3266,No,0.12567715346813202
3267,No,0.09113774448633194
3268,No,0.12022916227579117
3269,No,0.13707701861858368
3270,No,0.2382456213235855
3271,No,0.12057455629110336
3272,No,0.16530293226242065
3273,No,0.11445902287960052
3274,No,0.19725747406482697
3275,No,0.08963752537965775
3276,No,0.18570202589035034
3277,No,0.16369159519672394
3278,No,0.2946417033672333
3279,No,0.2360042929649353
3280,No,0.3176373243331909
3281,No,0.049707941710948944
3282,No,0.17415130138397217
3283,No,0.05479585379362106
3284,No,0.08879444748163223
3285,No,0.098899707198143
3286,No,0.15293516218662262
3287,No,0.08765682578086853
3288,No,0.11834222823381424
3289,No,0.19592325389385223
3290,No,0.32057085633277893
3291,No,0.21454520523548126
3292,No,0.3235968053340912
3293,No,0.07991348206996918
3294,No,0.25826355814933777
3295,No,0.10718964785337448
3296,No,0.16376090049743652
3297,No,0.13637509942054749
3298,No,0.2131216824054718
3299,No,0.1639641523361206
3300,No,0.19775547087192535
3301,No,0.1014547273516655
3302,No,0.1447688341140747
3303,No,0.11670524626970291
3304,No,0.14419394731521606
3305,No,0.11973673105239868
3306,No,0.10874848812818527
3307,No,0.11933176219463348
3308,No,0.16782225668430328
3309,No,0.1607046127319336
3310,No,0.2580791711807251
3311,No,0.3410303592681885
3312,No,0.3471342921257019
3313,No,0.1015748679637909
3314,No,0.14081749320030212
3315,No,0.09387686103582382
3316,No,0.1123642772436142
3317,No,0.12352387607097626
3318,No,0.14207857847213745
3319,No,0.14022937417030334
3320,No,0.15930044651031494
3321,No,0.14534686505794525
3322,No,0.18941465020179749
3323,No,0.14056695997714996
3324,No,0.2734977900981903
3325,No,0.15261520445346832
3326,No,0.1814149022102356
3327,No,0.1179165169596672
3328,No,0.19477589428424835
3329,No,0.07059364020824432
3330,No,0.2170010358095169
3331,No,0.23704618215560913
3332,No,0.36968275904655457
3333,No,0.0383710153400898
3334,No,0.11166255921125412
3335,No,0.06572065502405167
3336,No,0.13076485693454742
3337,No,0.13526374101638794
3338,No,0.2904241681098938
3339,No,0.27478712797164917
3340,No,0.33067846298217773
3341,No,0.089196115732193
3342,No,0.137518048286438
3343,No,0.12430905550718307
3344,No,0.14831560850143433
3345,No,0.12656041979789734
3346,No,0.12724247574806213
3347,No,0.10835622251033783
3348,No,0.13168227672576904
3349,No,0.07732290774583817
3350,No,0.18547315895557404
3351,No,0.1458982676267624
3352,No,0.25679516792297363
3353,No,0.08904589712619781
3354,No,0.12121239304542542
3355,No,0.08680637925863266
3356,No,0.11402052640914917
3357,No,0.06542675197124481
3358,No,0.14125899970531464
3359,No,0.10305346548557281
3360,No,0.15016986429691315
3361,No,0.20581813156604767
3362,No,0.39453810453414917
3363,No,0.3151780664920807
3364,No,0.4550491273403168
3365,No,0.04380534589290619
3366,No,0.09061431139707565
3367,No,0.05368420109152794
3368,No,0.08002956956624985
3369,No,0.06479384005069733
3370,No,0.1415795087814331
3371,No,0.09321994334459305
3372,No,0.16011539101600647
3373,No,0.016936177387833595
3374,No,0.04409394413232803
3375,No,0.023093992844223976
3376,No,0.04067348688840866
3377,No,0.06673258543014526
3378,No,0.09110511094331741
3379,No,0.05348043143749237
3380,No,0.07412735372781754
3381,No,0.03836200386285782
3382,No,0.09488184750080109
3383,No,0.05033678188920021
3384,No,0.08552893251180649
3385,No,0.11942539364099503
3386,No,0.31070297956466675
3387,No,0.12843316793441772
3388,No,0.22605860233306885
3389,No,0.06558100879192352
3390,No,0.14238256216049194
3391,No,0.10172021389007568
3392,No,0.120447538793087
3393,No,0.13887344300746918
3394,No,0.20745690166950226
3395,No,0.14211416244506836
3396,No,0.21082685887813568
3397,No,0.049328576773405075
3398,No,0.08151613175868988
3399,No,0.07688082754611969
3400,No,0.10888541489839554
3401,No,0.09070440381765366
3402,No,0.13727609813213348
3403,No,0.08330954611301422
3404,No,0.1353488564491272
3405,No,0.1522848904132843
3406,No,0.26045969128608704
3407,No,0.17515289783477783
3408,No,0.25757965445518494
3409,No,0.20496712625026703
3410,No,0.31636273860931396
3411,No,0.2954433262348175
3412,No,0.33317482471466064
3413,No,0.22324076294898987
3414,No,0.2556101083755493
3415,No,0.13274042308330536
3416,No,0.142549067735672
3417,No,0.05766597390174866
3418,No,0.12405499070882797
3419,No,0.06187202408909798
3420,No,0.10237414389848709
3421,No,0.2783563435077667
3422,No,0.3180835247039795
3423,No,0.23885299265384674
3424,No,0.27617570757865906
3425,No,0.14337638020515442
3426,No,0.18635140359401703
3427,No,0.10018584877252579
3428,No,0.23855148255825043
3429,No,0.07527287304401398
3430,No,0.13260924816131592
3431,No,0.07360369712114334
3432,No,0.10906939953565598
3433,No,0.0749894231557846
3434,No,0.11941811442375183
3435,No,0.10011027008295059
3436,No,0.1166679859161377
3437,No,0.10436693578958511
3438,No,0.11071596294641495
3439,No,0.09174023568630219
3440,No,0.10463247448205948
3441,No,0.05239102616906166
3442,No,0.07829681038856506
3443,No,0.08345195651054382
3444,No,0.07441387325525284
3445,No,0.0418948195874691
3446,No,0.05303214117884636
3447,No,0.05343247950077057
3448,No,0.05144938454031944
3449,No,0.049457281827926636
3450,No,0.045665763318538666
3451,No,0.04405148699879646
3452,No,0.04342370107769966
3453,No,0.10971110314130783
3454,No,0.0962425023317337
3455,No,0.0842801183462143
3456,No,0.0731521025300026
3457,No,0.12335547059774399
3458,No,0.1127319484949112
3459,No,0.15651093423366547
3460,No,0.15368036925792694
3461,No,0.02729218639433384
3462,No,0.03925187140703201
3463,No,0.02776956371963024
3464,No,0.02842549979686737
3465,No,0.06842774152755737
3466,No,0.05583614483475685
3467,No,0.09696691483259201
3468,No,0.09322832524776459
3469,No,0.07730051875114441
3470,No,0.07533194124698639
3471,No,0.14253246784210205
3472,No,0.12071800231933594
3473,No,0.13663382828235626
3474,No,0.1419772058725357
3475,No,0.15954726934432983
3476,No,0.1528167575597763
3477,No,0.12807296216487885
3478,No,0.19377635419368744
3479,No,0.2820318341255188
3480,No,0.2814978361129761
3481,No,0.05529477819800377
3482,No,0.16444069147109985
3483,No,0.23118498921394348
3484,No,0.23144036531448364
3485,No,0.029782358556985855
3486,No,0.06105595454573631
3487,No,0.06688868254423141
3488,No,0.06449653208255768
3489,No,0.0942787453532219
3490,No,0.1775171011686325
3491,No,0.20762203633785248
3492,No,0.21471303701400757
3493,No,0.06927426904439926
3494,No,0.13076917827129364
3495,No,0.10393399000167847
3496,No,0.09721571952104568
3497,No,0.13275665044784546
3498,No,0.15783540904521942
3499,No,0.33000168204307556
3500,No,0.343009889125824
3501,No,0.0741165429353714
3502,No,0.10689227283000946
3503,No,0.14746910333633423
3504,No,0.1568560153245926
3505,No,0.09984304755926132
3506,No,0.12100876122713089
3507,No,0.08359377086162567
3508,No,0.1073804497718811
3509,No,0.04447271674871445
3510,No,0.06609827280044556
3511,No,0.04317883402109146
3512,No,0.0639248713850975
3513,No,0.056158971041440964
3514,No,0.05233263224363327
3515,No,0.04605549946427345
3516,No,0.056422337889671326
3517,No,0.11810660362243652
3518,No,0.22621400654315948
3519,No,0.15764930844306946
3520,No,0.25176143646240234
3521,No,0.1320156753063202
3522,No,0.14305783808231354
3523,No,0.2272225171327591
3524,No,0.18566995859146118
3525,No,0.15032047033309937
3526,No,0.11580011248588562
3527,No,0.12454398721456528
3528,No,0.09946782141923904
3529,No,0.20855431258678436
3530,No,0.2858750522136688
3531,No,0.27310284972190857
3532,No,0.27692076563835144
3533,No,0.14995643496513367
3534,No,0.16178208589553833
3535,No,0.1578349620103836
3536,No,0.15225273370742798
3537,No,0.06628422439098358
3538,No,0.07028643041849136
3539,No,0.08653438091278076
3540,No,0.07491423934698105
3541,No,0.08356665819883347
3542,No,0.1215997263789177
3543,No,0.17876951396465302
3544,No,0.16609470546245575
3545,No,0.18168465793132782
3546,No,0.17807257175445557
3547,No,0.13943059742450714
3548,No,0.14576919376850128
3549,No,0.2518961727619171
3550,No,0.27847006916999817
3551,No,0.46820926666259766
3552,No,0.341877281665802
3553,No,0.31010758876800537
3554,No,0.3239087462425232
3555,No,0.30213692784309387
3556,No,0.29740381240844727
3557,No,0.06351377815008163
3558,No,0.070583276450634
3559,No,0.05366171523928642
3560,No,0.0664096400141716
3561,No,0.3225848078727722
3562,No,0.25564461946487427
3563,No,0.22171342372894287
3564,No,0.2054957002401352
3565,No,0.05305230990052223
3566,No,0.08114755898714066
3567,No,0.05431981012225151
3568,No,0.06573376059532166
3569,No,0.06105266883969307
3570,No,0.0842691957950592
3571,No,0.07721693068742752
3572,No,0.07658453285694122
3573,No,0.06169307231903076
3574,No,0.08071304857730865
3575,No,0.06995157897472382
3576,No,0.06915254890918732
3577,No,0.08807802945375443
3578,No,0.08137121796607971
3579,No,0.05785162374377251
3580,No,0.058612845838069916
3581,No,0.1724199801683426
3582,No,0.15508632361888885
3583,No,0.17738616466522217
3584,No,0.13923558592796326
3585,No,0.12961895763874054
3586,No,0.1787344515323639
3587,No,0.20777593553066254
3588,No,0.1981765776872635
3589,No,0.06306522339582443
3590,No,0.16711106896400452
3591,No,0.13361309468746185
3592,No,0.13085220754146576
3593,No,0.10306648164987564
3594,No,0.10303429514169693
3595,No,0.1581273078918457
3596,No,0.16129012405872345
3597,No,0.08229778707027435
3598,No,0.170924574136734
3599,No,0.08021719753742218
3600,No,0.08667729794979095
3601,No,0.14200936257839203
3602,No,0.22701424360275269
3603,No,0.15579283237457275
3604,No,0.2101222723722458
3605,No,0.12885713577270508
3606,No,0.20066362619400024
3607,No,0.2842917740345001
3608,No,0.2765443027019501
3609,No,0.09011170268058777
3610,No,0.1461242288351059
3611,No,0.15576580166816711
3612,No,0.1688552051782608
3613,No,0.07092626392841339
3614,No,0.11960968375205994
3615,No,0.12371952831745148
3616,No,0.15340197086334229
3617,No,0.2822458744049072
3618,No,0.2347717583179474
3619,No,0.348690927028656
3620,No,0.3062675893306732
3621,No,0.12885713577270508
3622,No,0.20066362619400024
3623,No,0.2842917740345001
3624,No,0.2765443027019501
3625,No,0.08994973450899124
3626,No,0.11691959202289581
3627,No,0.08532564342021942
3628,No,0.09245096892118454
3629,No,0.10615146160125732
3630,No,0.09691164642572403
3631,No,0.08531166613101959
3632,No,0.10663802176713943
3633,No,0.08532827347517014
3634,No,0.1292504519224167
3635,No,0.13260048627853394
3636,No,0.1563822478055954
3637,No,0.04811778664588928
3638,No,0.08031132072210312
3639,No,0.051816605031490326
3640,No,0.07890904694795609
3641,No,0.08826427906751633
3642,No,0.07817745208740234
3643,No,0.08240612596273422
3644,No,0.09041942656040192
3645,No,0.059972796589136124
3646,No,0.1254679560661316
3647,No,0.07524425536394119
3648,No,0.1123720332980156
3649,No,0.07413938641548157
3650,No,0.1047552078962326
3651,No,0.07039343565702438
3652,No,0.08730179071426392
3653,No,0.16300994157791138
3654,No,0.3238614499568939
3655,No,0.2841421961784363
3656,No,0.298647940158844
3657,No,0.12605610489845276
3658,No,0.13039039075374603
3659,No,0.10204364359378815
3660,No,0.10495177656412125
3661,No,0.08999326825141907
3662,No,0.17407728731632233
3663,No,0.1265527456998825
3664,No,0.1466725915670395
3665,No,0.2353835552930832
3666,No,0.1960083246231079
3667,No,0.1896980255842209
3668,No,0.1877787858247757
3669,No,0.33198922872543335
3670,No,0.2938125729560852
3671,Yes,0.5858899354934692
3672,No,0.38532909750938416
3673,No,0.060129206627607346
3674,No,0.09234458953142166
3675,No,0.09708303958177567
3676,No,0.08611204475164413
3677,No,0.28668683767318726
3678,No,0.323893666267395
3679,No,0.33064180612564087
3680,No,0.2935613989830017
3681,No,0.08185609430074692
3682,No,0.10497274994850159
3683,No,0.08413540571928024
3684,No,0.10195548832416534
3685,No,0.05182155594229698
3686,No,0.0809757336974144
3687,No,0.06904996186494827
3688,No,0.0872231274843216
3689,No,0.23130950331687927
3690,No,0.2962246835231781
3691,No,0.39646288752555847
3692,No,0.3163100779056549
3693,No,0.11210159212350845
3694,No,0.12322618067264557
3695,No,0.13053463399410248
3696,No,0.12591756880283356
3697,No,0.21055327355861664
3698,No,0.19329790771007538
3699,No,0.20831046998500824
3700,No,0.19082500040531158
3701,No,0.12705019116401672
3702,No,0.140275776386261
3703,No,0.13006332516670227
3704,No,0.12493671476840973
3705,No,0.23578974604606628
3706,No,0.259613573551178
3707,No,0.2836608290672302
3708,No,0.24959470331668854
3709,No,0.06299162656068802
3710,No,0.10875287652015686
3711,No,0.08868023753166199
3712,No,0.09087441116571426
3713,No,0.09982743114233017
3714,No,0.21481896936893463
3715,No,0.13602076470851898
3716,No,0.2010539323091507
3717,No,0.3576508164405823
3718,Yes,0.5336048603057861
3719,No,0.4923718273639679
3720,Yes,0.5225566625595093
3721,No,0.03494022786617279
3722,No,0.07132978737354279
3723,No,0.04957731068134308
3724,No,0.0572701096534729
3725,No,0.044421449303627014
3726,No,0.14071433246135712
3727,No,0.07284703850746155
3728,No,0.11192965507507324
3729,No,0.33698585629463196
3730,No,0.47954148054122925
3731,No,0.42266517877578735
3732,No,0.4434737265110016
3733,No,0.18471598625183105
3734,No,0.23456895351409912
3735,No,0.3222857713699341
3736,No,0.3054233193397522
3737,No,0.11179205775260925
3738,No,0.25534066557884216
3739,No,0.28816452622413635
3740,No,0.27220258116722107
3741,No,0.04142696410417557
3742,No,0.11229012906551361
3743,No,0.03965836763381958
3744,No,0.058387476950883865
3745,No,0.08047685772180557
3746,No,0.0902620479464531
3747,No,0.0727476105093956
3748,No,0.10331728309392929
3749,No,0.08512184023857117
3750,No,0.10874344408512115
3751,No,0.07972582429647446
3752,No,0.10600380599498749
3753,No,0.07707109302282333
3754,No,0.11830491572618484
3755,No,0.08965814113616943
3756,No,0.1319960057735443
3757,No,0.041820649057626724
3758,No,0.06943764537572861
3759,No,0.046598128974437714
3760,No,0.07032480090856552
3761,No,0.0980612114071846
3762,No,0.1281028538942337
3763,No,0.1043596938252449
3764,No,0.12697985768318176
3765,No,0.08508611470460892
3766,No,0.1467878222465515
3767,No,0.07838885486125946
3768,No,0.13288255035877228
3769,No,0.11777866631746292
3770,No,0.1629275232553482
3771,No,0.11714624613523483
3772,No,0.14007532596588135
3773,No,0.14442630112171173
3774,No,0.2051415592432022
3775,No,0.14564695954322815
3776,No,0.16126444935798645
3777,No,0.08424974977970123
3778,No,0.10433732718229294
3779,No,0.1100272387266159
3780,No,0.10120928287506104
3781,No,0.06518000364303589
3782,No,0.10685651004314423
3783,No,0.06977029144763947
3784,No,0.08316589146852493
3785,No,0.06941945105791092
3786,No,0.10878445208072662
3787,No,0.06399518251419067
3788,No,0.0951075553894043
3789,No,0.04847655072808266
3790,No,0.0872083529829979
3791,No,0.06127222627401352
3792,No,0.07150502502918243
3793,No,0.12549349665641785
3794,No,0.1650741696357727
3795,No,0.185653954744339
3796,No,0.18888579308986664
3797,No,0.12020116299390793
3798,No,0.1331966519355774
3799,No,0.10962080210447311
3800,No,0.1160745918750763
3801,No,0.14923134446144104
3802,No,0.22393713891506195
3803,No,0.15353113412857056
3804,No,0.16264985501766205
3805,No,0.037748128175735474
3806,No,0.08461122959852219
3807,No,0.0648120567202568
3808,No,0.07969886064529419
3809,No,0.3812297582626343
3810,No,0.31201666593551636
3811,No,0.22165364027023315
3812,No,0.23567846417427063
3813,No,0.0904640257358551
3814,No,0.12875843048095703
3815,No,0.08786363899707794
3816,No,0.12902392446994781
3817,No,0.0505632646381855
3818,No,0.08346498012542725
3819,No,0.12082765996456146
3820,No,0.11127408593893051
3821,No,0.04213521257042885
3822,No,0.11272332072257996
3823,No,0.07042517513036728
3824,No,0.11694309860467911
3825,No,0.04852249100804329
3826,No,0.08144128322601318
3827,No,0.07159361988306046
3828,No,0.08746819198131561
3829,No,0.2079140841960907
3830,No,0.23930303752422333
3831,No,0.21361853182315826
3832,No,0.2067352682352066
3833,No,0.17908619344234467
3834,No,0.22783464193344116
3835,No,0.2575322389602661
3836,No,0.24616318941116333
3837,No,0.3647891581058502
3838,No,0.3741990029811859
3839,No,0.40495622158050537
3840,No,0.3672415018081665
3841,No,0.07884353399276733
3842,No,0.12473352253437042
3843,No,0.06525455415248871
3844,No,0.08262303471565247
3845,No,0.049895498901605606
3846,No,0.08334849774837494
3847,No,0.04421590268611908
3848,No,0.05620279908180237
3849,No,0.11324119567871094
3850,No,0.12584304809570312
3851,No,0.07782908529043198
3852,No,0.09763153642416
3853,No,0.14774292707443237
3854,No,0.1343296617269516
3855,No,0.15793755650520325
3856,No,0.13221129775047302
3857,No,0.04866749048233032
3858,No,0.08101564645767212
3859,No,0.06661106646060944
3860,No,0.0746382400393486
3861,No,0.07505453377962112
3862,No,0.1008676216006279
3863,No,0.145334854722023
3864,No,0.11227168887853622
3865,No,0.32799404859542847
3866,No,0.28803977370262146
3867,No,0.26903536915779114
3868,No,0.2624245285987854
3869,No,0.19854824244976044
3870,No,0.21264168620109558
3871,No,0.22410857677459717
3872,No,0.22518029808998108
3873,No,0.03353778272867203
3874,No,0.05378447473049164
3875,No,0.03839033842086792
3876,No,0.05336650833487511
3877,No,0.07884353399276733
3878,No,0.12473352253437042
3879,No,0.06525455415248871
3880,No,0.08262303471565247
3881,No,0.10155206173658371
3882,No,0.12238435447216034
3883,No,0.10249924659729004
3884,No,0.10604583472013474
3885,No,0.05406484007835388
3886,No,0.07521487027406693
3887,No,0.05137822777032852
3888,No,0.05825921520590782
3889,No,0.08188284933567047
3890,No,0.10635972768068314
3891,No,0.20022475719451904
3892,No,0.1457144021987915
3893,No,0.10322241485118866
3894,No,0.12107931077480316
3895,No,0.09036364406347275
3896,No,0.1069125384092331
3897,No,0.08228598535060883
3898,No,0.09797517955303192
3899,No,0.05467353016138077
3900,No,0.056365981698036194
3901,No,0.13538827002048492
3902,No,0.17201215028762817
3903,No,0.2154766321182251
3904,No,0.21369655430316925
3905,No,0.15833981335163116
3906,No,0.12279264628887177
3907,No,0.17761141061782837
3908,No,0.15431688725948334
3909,No,0.05455968528985977
3910,No,0.06271755695343018
3911,No,0.08149152994155884
3912,No,0.08017445355653763
3913,No,0.10611917823553085
3914,No,0.1162852942943573
3915,No,0.15228122472763062
3916,No,0.12979798018932343
3917,No,0.07668320089578629
3918,No,0.11160290241241455
3919,No,0.06211341544985771
3920,No,0.0825939029455185
3921,No,0.11965541541576385
3922,No,0.1521526277065277
3923,No,0.1441621631383896
3924,No,0.16052745282649994
3925,No,0.12112714350223541
3926,No,0.09677063673734665
3927,No,0.11557663232088089
3928,No,0.10286515951156616
3929,No,0.11895449459552765
3930,No,0.18272511661052704
3931,No,0.1348613053560257
3932,No,0.1808290183544159
3933,No,0.0538904182612896
3934,No,0.09225339442491531
3935,No,0.05915369838476181
3936,No,0.08372466266155243
3937,No,0.11725056916475296
3938,No,0.14142607152462006
3939,No,0.10099224001169205
3940,No,0.14045006036758423
3941,No,0.07491500675678253
3942,No,0.11812704801559448
3943,No,0.08024068921804428
3944,No,0.08887586742639542
3945,No,0.04264480620622635
3946,No,0.07124059647321701
3947,No,0.06755252927541733
3948,No,0.06656758487224579
3949,No,0.10548706352710724
3950,No,0.14086604118347168
3951,No,0.09275022149085999
3952,No,0.13558287918567657
3953,No,0.12125605344772339
3954,No,0.12037423998117447
3955,No,0.06488407403230667
3956,No,0.09298998862504959
3957,No,0.3666953444480896
3958,No,0.3975704312324524
3959,No,0.33605343103408813
3960,No,0.3403715193271637
3961,No,0.033401008695364
3962,No,0.05911077558994293
3963,No,0.06036718934774399
3964,No,0.08119917660951614
3965,No,0.055932071059942245
3966,No,0.08359567821025848
3967,No,0.05459728091955185
3968,No,0.0704290047287941
3969,No,0.09116926044225693
3970,No,0.14003774523735046
3971,No,0.1030985414981842
3972,No,0.10736508667469025
3973,No,0.0986279845237732
3974,No,0.17463800311088562
3975,No,0.1378110647201538
3976,No,0.17362873256206512
3977,No,0.15772154927253723
3978,No,0.16396263241767883
3979,No,0.1672554463148117
3980,No,0.1669774055480957
3981,No,0.13272961974143982
3982,No,0.1767527461051941
3983,No,0.21640083193778992
3984,No,0.22888830304145813
3985,No,0.054960619658231735
3986,No,0.12337252497673035
3987,No,0.07416143268346786
3988,No,0.1318664252758026
3989,No,0.13931123912334442
3990,No,0.19372445344924927
3991,No,0.13069099187850952
3992,No,0.19325220584869385
3993,No,0.06677675992250443
3994,No,0.11984997987747192
3995,No,0.1501348614692688
3996,No,0.2025652825832367
3997,No,0.049226634204387665
3998,No,0.1456298679113388
3999,No,0.10270976275205612
4000,No,0.1789284199476242
4001,No,0.031818512827157974
4002,No,0.0481032058596611
4003,No,0.07862076163291931
4004,No,0.05124903470277786
4005,No,0.10759486258029938
4006,No,0.06037790700793266
4007,No,0.07508010417222977
4008,No,0.049617499113082886
4009,No,0.03259839490056038
4010,No,0.033328644931316376
4011,No,0.04345618188381195
4012,No,0.029672442004084587
4013,No,0.03435639664530754
4014,No,0.030516283586621284
4015,No,0.02525598742067814
4016,No,0.022236119955778122
4017,No,0.06850801408290863
4018,No,0.07343637943267822
4019,No,0.08246908336877823
4020,No,0.05661406368017197
4021,No,0.03259839490056038
4022,No,0.033328644931316376
4023,No,0.04345618188381195
4024,No,0.029672442004084587
4025,No,0.11091785132884979
4026,No,0.07664602249860764
4027,No,0.09114126116037369
4028,No,0.06614293158054352
4029,No,0.1292930394411087
4030,No,0.22533534467220306
4031,No,0.3740924894809723
4032,No,0.2852892279624939
4033,No,0.0686877965927124
4034,No,0.14723894000053406
4035,No,0.10271171480417252
4036,No,0.1976887434720993
4037,No,0.08637875318527222
4038,No,0.13397002220153809
4039,No,0.09364110231399536
4040,No,0.13664020597934723
4041,No,0.11407475173473358
4042,No,0.15355916321277618
4043,No,0.1396268755197525
4044,No,0.212522491812706
4045,No,0.05059234797954559
4046,No,0.07604154944419861
4047,No,0.05339204892516136
4048,No,0.06712064892053604
4049,No,0.09347045421600342
4050,No,0.20196615159511566
4051,No,0.13113468885421753
4052,No,0.20898619294166565
4053,No,0.1082514226436615
4054,No,0.1126747727394104
4055,No,0.07505819946527481
4056,No,0.10140945017337799
4057,No,0.1489681899547577
4058,No,0.18964442610740662
4059,No,0.08075924962759018
4060,No,0.13372032344341278
4061,No,0.06381238251924515
4062,No,0.08021402359008789
4063,No,0.040992848575115204
4064,No,0.06439252197742462
4065,No,0.06199478358030319
4066,No,0.07399916648864746
4067,No,0.03737563267350197
4068,No,0.06186890974640846
4069,No,0.25175267457962036
4070,No,0.2973712980747223
4071,No,0.1323738843202591
4072,No,0.18190719187259674
4073,No,0.10440646857023239
4074,No,0.13125558197498322
4075,No,0.08762504160404205
4076,No,0.12511171400547028
4077,No,0.0704294815659523
4078,No,0.09277881681919098
4079,No,0.03692247346043587
4080,No,0.05731729418039322
4081,No,0.0832553580403328
4082,No,0.15984980762004852
4083,No,0.06505822390317917
4084,No,0.1290099024772644
4085,No,0.0625012218952179
4086,No,0.07832847535610199
4087,No,0.03944385424256325
4088,No,0.05428441986441612
4089,No,0.09845007210969925
4090,No,0.16214190423488617
4091,No,0.08242262154817581
4092,No,0.15465566515922546
4093,No,0.07314733415842056
4094,No,0.0702642947435379
4095,No,0.0411016047000885
4096,No,0.05800914764404297
4097,No,0.12362078577280045
4098,No,0.10777229070663452
4099,No,0.10486344993114471
4100,No,0.08602219074964523
4101,No,0.027060510590672493
4102,No,0.02988140657544136
4103,No,0.029370497912168503
4104,No,0.023776300251483917
4105,No,0.35595396161079407
4106,No,0.3492690920829773
4107,Yes,0.5425556898117065
4108,Yes,0.5010160803794861
4109,No,0.07196514308452606
4110,No,0.09860071539878845
4111,No,0.1222628802061081
4112,No,0.1277695596218109
4113,No,0.11997726559638977
4114,No,0.14761516451835632
4115,No,0.15343859791755676
4116,No,0.12028462439775467
4117,No,0.0326092429459095
4118,No,0.04110708460211754
4119,No,0.04467865452170372
4120,No,0.03633697330951691
4121,No,0.06692072749137878
4122,No,0.15121537446975708
4123,No,0.12259311228990555
4124,No,0.12721537053585052
4125,No,0.1352861374616623
4126,No,0.18238629400730133
4127,No,0.16461874544620514
4128,No,0.14055874943733215
4129,No,0.10007573664188385
4130,No,0.1697092354297638
4131,No,0.14521989226341248
4132,No,0.2059037983417511
4133,No,0.10886500775814056
4134,No,0.20471246540546417
4135,No,0.16174772381782532
4136,No,0.2386811226606369
4137,No,0.0889359787106514
4138,No,0.14450684189796448
4139,No,0.11018969863653183
4140,No,0.15807323157787323
4141,No,0.11471667140722275
4142,No,0.22354133427143097
4143,No,0.17292727530002594
4144,No,0.24982976913452148
4145,No,0.0650494322180748
4146,No,0.17879891395568848
4147,No,0.16132096946239471
4148,No,0.25815549492836
4149,No,0.12642209231853485
4150,No,0.3583534061908722
4151,No,0.30682268738746643
4152,No,0.3868587613105774
4153,No,0.09467601031064987
4154,No,0.16148744523525238
4155,No,0.10915124416351318
4156,No,0.15502218902111053
4157,No,0.08774705976247787
4158,No,0.15820607542991638
4159,No,0.1325870305299759
4160,No,0.16103902459144592
4161,No,0.08790189027786255
4162,No,0.20454062521457672
4163,No,0.2263106256723404
4164,No,0.3215406835079193
4165,No,0.08463767915964127
4166,No,0.15728914737701416
4167,No,0.08364430069923401
4168,No,0.14268043637275696
4169,No,0.06040053442120552
4170,No,0.1938745677471161
4171,No,0.1729220449924469
4172,No,0.254944771528244
4173,No,0.03967013210058212
4174,No,0.06324201822280884
4175,No,0.057485952973365784
4176,No,0.07809842377901077
4177,No,0.06451825052499771
4178,No,0.13273461163043976
4179,No,0.05923556163907051
4180,No,0.1288597285747528
4181,No,0.05322667583823204
4182,No,0.07768505811691284
4183,No,0.031362082809209824
4184,No,0.06261245906352997
4185,No,0.12614837288856506
4186,No,0.15548497438430786
4187,No,0.09780817478895187
4188,No,0.15442703664302826
4189,No,0.03823203966021538
4190,No,0.09748806804418564
4191,No,0.044365137815475464
4192,No,0.07272426784038544
4193,No,0.04800446704030037
4194,No,0.07161522656679153
4195,No,0.03416838124394417
4196,No,0.0551840215921402
4197,No,0.07241059094667435
4198,No,0.14571094512939453
4199,No,0.08033042401075363
4200,No,0.1458100825548172
4201,No,0.04545897990465164
4202,No,0.07571446150541306
4203,No,0.033910952508449554
4204,No,0.06407591700553894
4205,No,0.10694406926631927
4206,No,0.18713539838790894
4207,No,0.10871270298957825
4208,No,0.1698645055294037
4209,No,0.06910252571105957
4210,No,0.06523550301790237
4211,No,0.026758434250950813
4212,No,0.04914780706167221
4213,No,0.03737453371286392
4214,No,0.07067929953336716
4215,No,0.028802871704101562
4216,No,0.03973088786005974
4217,No,0.22325456142425537
4218,No,0.29805588722229004
4219,No,0.08685809373855591
4220,No,0.1490498036146164
4221,No,0.09108763188123703
4222,No,0.10678564757108688
4223,No,0.05138477310538292
4224,No,0.07677975296974182
4225,No,0.08363164216279984
4226,No,0.1674707978963852
4227,No,0.09278621524572372
4228,No,0.21845968067646027
4229,No,0.1002851203083992
4230,No,0.2254364788532257
4231,No,0.09614546597003937
4232,No,0.18099823594093323
4233,No,0.06439327448606491
4234,No,0.13136164844036102
4235,No,0.07855641841888428
4236,No,0.1310710906982422
4237,No,0.03830735385417938
4238,No,0.09701063483953476
4239,No,0.056128811091184616
4240,No,0.11137139052152634
4241,No,0.07901127636432648
4242,No,0.16268371045589447
4243,No,0.09225201606750488
4244,No,0.16960979998111725
4245,No,0.07795721292495728
4246,No,0.19611407816410065
4247,No,0.1142997220158577
4248,No,0.19605642557144165
4249,No,0.10489197075366974
4250,No,0.3134797513484955
4251,No,0.13692452013492584
4252,No,0.2821272611618042
4253,No,0.1279386281967163
4254,No,0.1765250563621521
4255,No,0.13462814688682556
4256,No,0.22387060523033142
4257,No,0.05816619098186493
4258,No,0.08108694106340408
4259,No,0.0761205181479454
4260,No,0.10256452858448029
4261,No,0.08210273087024689
4262,No,0.11879193782806396
4263,No,0.09538906067609787
4264,No,0.12171395123004913
4265,No,0.06078536808490753
4266,No,0.15098679065704346
4267,No,0.09679660201072693
4268,No,0.12297510355710983
4269,No,0.07171065360307693
4270,No,0.08500154316425323
4271,No,0.08483055233955383
4272,No,0.10855716466903687
4273,No,0.12041123956441879
4274,No,0.17868727445602417
4275,No,0.18085618317127228
4276,No,0.2155875712633133
4277,No,0.09859738498926163
4278,No,0.23447880148887634
4279,No,0.1575874537229538
4280,No,0.20422028005123138
4281,No,0.11850783228874207
4282,No,0.21929217875003815
4283,No,0.1635131984949112
4284,No,0.22346943616867065
4285,No,0.12226132303476334
4286,No,0.13081230223178864
4287,No,0.11682931333780289
4288,No,0.13627512753009796
4289,No,0.1172126829624176
4290,No,0.2072180062532425
4291,No,0.16303610801696777
4292,No,0.18451455235481262
4293,No,0.05802153795957565
4294,No,0.1425437331199646
4295,No,0.11096549779176712
4296,No,0.1625731736421585
4297,No,0.08399298787117004
4298,No,0.12256765365600586
4299,No,0.07320661097764969
4300,No,0.12996752560138702
4301,No,0.0698312446475029
4302,No,0.10841404646635056
4303,No,0.06400101631879807
4304,No,0.09194909036159515
4305,No,0.06031263992190361
4306,No,0.09118229150772095
4307,No,0.037876442074775696
4308,No,0.07091012597084045
4309,No,0.1330857276916504
4310,No,0.12633763253688812
4311,No,0.071043960750103
4312,No,0.10263001918792725
4313,No,0.04913238435983658
4314,No,0.09147736430168152
4315,No,0.0567363016307354
4316,No,0.07914227247238159
4317,No,0.041255831718444824
4318,No,0.06461963802576065
4319,No,0.03229423984885216
4320,No,0.061016377061605453
4321,No,0.0913165807723999
4322,No,0.11805472522974014
4323,No,0.06622688472270966
4324,No,0.1122046485543251
4325,No,0.031329602003097534
4326,No,0.07020601630210876
4327,No,0.03315453231334686
4328,No,0.06098980829119682
4329,No,0.10245151072740555
4330,No,0.2150898575782776
4331,No,0.1377977877855301
4332,No,0.21290570497512817
4333,No,0.02686491422355175
4334,No,0.06670054793357849
4335,No,0.027992043644189835
4336,No,0.06808389723300934
4337,No,0.054283257573843
4338,No,0.17365732789039612
4339,No,0.0959194153547287
4340,No,0.17903609573841095
4341,No,0.08322547376155853
4342,No,0.1737309694290161
4343,No,0.0867144912481308
4344,No,0.17151451110839844
4345,No,0.09080461412668228
4346,No,0.1259409338235855
4347,No,0.07323425263166428
4348,No,0.10580816119909286
4349,No,0.06778565794229507
4350,No,0.1303166151046753
4351,No,0.05658544972538948
4352,No,0.10144393891096115
4353,No,0.0397847518324852
4354,No,0.07411333918571472
4355,No,0.042437441647052765
4356,No,0.07971268147230148
4357,No,0.07394050061702728
4358,No,0.09084276109933853
4359,No,0.06769894808530807
4360,No,0.0978083610534668
4361,No,0.14283135533332825
4362,No,0.2651897370815277
4363,No,0.15250271558761597
4364,No,0.20953717827796936
4365,No,0.032380834221839905
4366,No,0.06851387023925781
4367,No,0.04217112809419632
4368,No,0.06268812716007233
4369,No,0.05095309764146805
4370,No,0.0792819932103157
4371,No,0.08125844597816467
4372,No,0.0965307354927063
4373,No,0.14222602546215057
4374,No,0.19939514994621277
4375,No,0.19863465428352356
4376,No,0.2298780232667923
4377,No,0.07034284621477127
4378,No,0.12686771154403687
4379,No,0.13372811675071716
4380,No,0.15660010278224945
4381,No,0.03686133399605751
4382,No,0.059035103768110275
4383,No,0.052519287914037704
4384,No,0.058403123170137405
4385,No,0.10805493593215942
4386,No,0.26211047172546387
4387,No,0.2853010594844818
4388,No,0.31491371989250183
4389,No,0.03736428543925285
4390,No,0.05979427695274353
4391,No,0.039215415716171265
4392,No,0.050098568201065063
4393,No,0.08062105625867844
4394,No,0.09138961881399155
4395,No,0.07671628892421722
4396,No,0.0774334967136383
4397,No,0.07964864373207092
4398,No,0.10063622146844864
4399,No,0.1179409995675087
4400,No,0.13511648774147034
4401,No,0.05716203525662422
4402,No,0.10337892919778824
4403,No,0.06773445755243301
4404,No,0.10933816432952881
4405,No,0.042468611150979996
4406,No,0.07710994780063629
4407,No,0.06420126557350159
4408,No,0.08814213424921036
4409,No,0.11120978742837906
4410,No,0.17224113643169403
4411,No,0.2196989357471466
4412,No,0.201019749045372
4413,No,0.030095765367150307
4414,No,0.06527186930179596
4415,No,0.04358602687716484
4416,No,0.07006634771823883
